solid OpenSCAD_Model
  facet normal -0.728948 0.682747 -0.0499108
    outer loop
      vertex -7.89432 6.92313 0
      vertex -8.34542 7.31874 12
      vertex -7.84888 7.84888 12
    endloop
  endfacet
  facet normal -0.934737 0.351818 -0.0499142
    outer loop
      vertex -9.94277 3.37511 0
      vertex -10.2551 4.24779 12
      vertex -9.70073 4.01818 0
    endloop
  endfacet
  facet normal -0.998217 0.0327251 -0.0499109
    outer loop
      vertex -10.5 0 0
      vertex -11.1 0 12
      vertex -11.0762 0.725974 12
    endloop
  endfacet
  facet normal 0.998217 0.0327251 -0.0499109
    outer loop
      vertex 11.1 0 12
      vertex 10.5 0 0
      vertex 11.0762 0.725974 12
    endloop
  endfacet
  facet normal 0.998218 0.0327055 -0.0499097
    outer loop
      vertex 10.5 0 0
      vertex 10.4775 0.686732 0
      vertex 11.0762 0.725974 12
    endloop
  endfacet
  facet normal 0.880827 0.4708 -0.0499113
    outer loop
      vertex 9.41716 4.64403 0
      vertex 9.09327 5.25 0
      vertex 9.95529 4.9094 12
    endloop
  endfacet
  facet normal 0.909728 -0.412194 -0.0499113
    outer loop
      vertex 9.95529 -4.9094 12
      vertex 9.41716 -4.64403 0
      vertex 9.70073 -4.01818 0
    endloop
  endfacet
  facet normal 0.52741 -0.848144 -0.0499106
    outer loop
      vertex 5.55 -9.61288 12
      vertex 5.25 -9.09327 0
      vertex 6.16683 -9.22931 12
    endloop
  endfacet
  facet normal -0.880821 0.470812 -0.0499106
    outer loop
      vertex -9.09327 5.25 0
      vertex -9.95529 4.9094 12
      vertex -9.61288 5.55 12
    endloop
  endfacet
  facet normal -0.097827 -0.993951 -0.0499098
    outer loop
      vertex -0.725974 -11.0762 12
      vertex -1.37052 -10.4102 0
      vertex -0.686732 -10.4775 0
    endloop
  endfacet
  facet normal -0.95573 -0.289982 -0.0499143
    outer loop
      vertex -10.5109 -3.56798 12
      vertex -10.7218 -2.87289 12
      vertex -10.1422 -2.7176 0
    endloop
  endfacet
  facet normal 0.581756 -0.81183 -0.049911
    outer loop
      vertex 6.75725 -8.80622 12
      vertex 5.83349 -8.73043 0
      vertex 6.39199 -8.33021 0
    endloop
  endfacet
  facet normal -0.097827 0.993951 -0.0499098
    outer loop
      vertex -0.686732 10.4775 0
      vertex -1.37052 10.4102 0
      vertex -0.725974 11.0762 12
    endloop
  endfacet
  facet normal 0.993944 -0.0979003 -0.0499055
    outer loop
      vertex 11.005 -1.44884 12
      vertex 10.4102 -1.37052 0
      vertex 11.0762 -0.725974 12
    endloop
  endfacet
  facet normal 0.226741 -0.972675 -0.0499133
    outer loop
      vertex 2.1655 -10.8867 12
      vertex 2.04845 -10.2982 0
      vertex 2.87289 -10.7218 12
    endloop
  endfacet
  facet normal 0.6336 -0.772049 -0.0499108
    outer loop
      vertex 7.31874 -8.34542 12
      vertex 6.75725 -8.80622 12
      vertex 6.92313 -7.89432 0
    endloop
  endfacet
  facet normal 0.934768 -0.351736 -0.0499091
    outer loop
      vertex 10.2551 -4.24779 12
      vertex 9.94277 -3.37511 0
      vertex 10.5109 -3.56798 12
    endloop
  endfacet
  facet normal 0.985418 -0.162664 -0.0499132
    outer loop
      vertex 10.8867 -2.1655 12
      vertex 10.2982 -2.04845 0
      vertex 11.005 -1.44884 12
    endloop
  endfacet
  facet normal 0.934737 -0.351818 -0.0499142
    outer loop
      vertex 10.2551 -4.24779 12
      vertex 9.70073 -4.01818 0
      vertex 9.94277 -3.37511 0
    endloop
  endfacet
  facet normal -0.993944 0.0979003 -0.0499055
    outer loop
      vertex -10.4102 1.37052 0
      vertex -11.0762 0.725974 12
      vertex -11.005 1.44884 12
    endloop
  endfacet
  facet normal -0.6336 -0.772049 -0.0499108
    outer loop
      vertex -6.75725 -8.80622 12
      vertex -7.31874 -8.34542 12
      vertex -6.92313 -7.89432 0
    endloop
  endfacet
  facet normal 0.909709 -0.412236 -0.0499141
    outer loop
      vertex 9.95529 -4.9094 12
      vertex 9.70073 -4.01818 0
      vertex 10.2551 -4.24779 12
    endloop
  endfacet
  facet normal 0.998218 -0.0327055 -0.0499097
    outer loop
      vertex 11.0762 -0.725974 12
      vertex 10.4775 -0.686732 0
      vertex 10.5 0 0
    endloop
  endfacet
  facet normal -0.162796 -0.985397 -0.0499054
    outer loop
      vertex -1.44884 -11.005 12
      vertex -2.04845 -10.2982 0
      vertex -1.37052 -10.4102 0
    endloop
  endfacet
  facet normal -0.351818 0.934737 -0.0499142
    outer loop
      vertex -4.01818 9.70073 0
      vertex -4.24779 10.2551 12
      vertex -3.37511 9.94277 0
    endloop
  endfacet
  facet normal -0.972675 0.226741 -0.0499133
    outer loop
      vertex -10.2982 2.04845 0
      vertex -10.8867 2.1655 12
      vertex -10.7218 2.87289 12
    endloop
  endfacet
  facet normal -0.581756 -0.81183 -0.049911
    outer loop
      vertex -5.83349 -8.73043 0
      vertex -6.75725 -8.80622 12
      vertex -6.39199 -8.33021 0
    endloop
  endfacet
  facet normal 0.998217 -0.0327251 -0.0499109
    outer loop
      vertex 11.0762 -0.725974 12
      vertex 10.5 0 0
      vertex 11.1 0 12
    endloop
  endfacet
  facet normal 0.728948 -0.682747 -0.0499108
    outer loop
      vertex 8.34542 -7.31874 12
      vertex 7.84888 -7.84888 12
      vertex 7.89432 -6.92313 0
    endloop
  endfacet
  facet normal 0.633598 -0.772051 -0.049911
    outer loop
      vertex 6.75725 -8.80622 12
      vertex 6.39199 -8.33021 0
      vertex 6.92313 -7.89432 0
    endloop
  endfacet
  facet normal 0.0327251 0.998217 -0.0499109
    outer loop
      vertex 0.725974 11.0762 12
      vertex 0 10.5 0
      vertex 0 11.1 12
    endloop
  endfacet
  facet normal -0.81183 -0.581756 -0.049911
    outer loop
      vertex -8.33021 -6.39199 0
      vertex -8.80622 -6.75725 12
      vertex -8.73043 -5.83349 0
    endloop
  endfacet
  facet normal 0.993951 -0.097827 -0.0499098
    outer loop
      vertex 11.0762 -0.725974 12
      vertex 10.4102 -1.37052 0
      vertex 10.4775 -0.686732 0
    endloop
  endfacet
  facet normal -0.0327055 0.998218 -0.0499097
    outer loop
      vertex -0.686732 10.4775 0
      vertex -0.725974 11.0762 12
      vertex 0 10.5 0
    endloop
  endfacet
  facet normal -0.682747 0.728948 -0.0499108
    outer loop
      vertex -6.92313 7.89432 0
      vertex -7.84888 7.84888 12
      vertex -7.31874 8.34542 12
    endloop
  endfacet
  facet normal 0.682747 0.728948 -0.0499108
    outer loop
      vertex 7.84888 7.84888 12
      vertex 6.92313 7.89432 0
      vertex 7.31874 8.34542 12
    endloop
  endfacet
  facet normal -0.985397 0.162796 -0.0499054
    outer loop
      vertex -10.4102 1.37052 0
      vertex -11.005 1.44884 12
      vertex -10.2982 2.04845 0
    endloop
  endfacet
  facet normal 0.985397 -0.162796 -0.0499054
    outer loop
      vertex 11.005 -1.44884 12
      vertex 10.2982 -2.04845 0
      vertex 10.4102 -1.37052 0
    endloop
  endfacet
  facet normal 0.289982 -0.95573 -0.0499143
    outer loop
      vertex 2.87289 -10.7218 12
      vertex 2.7176 -10.1422 0
      vertex 3.56798 -10.5109 12
    endloop
  endfacet
  facet normal -0.998217 -0.0327251 -0.0499109
    outer loop
      vertex -11.0762 -0.725974 12
      vertex -11.1 0 12
      vertex -10.5 0 0
    endloop
  endfacet
  facet normal -0.6336 0.772049 -0.0499108
    outer loop
      vertex -6.92313 7.89432 0
      vertex -7.31874 8.34542 12
      vertex -6.75725 8.80622 12
    endloop
  endfacet
  facet normal -0.4708 0.880827 -0.0499113
    outer loop
      vertex -4.64403 9.41716 0
      vertex -5.25 9.09327 0
      vertex -4.9094 9.95529 12
    endloop
  endfacet
  facet normal 0.972675 -0.226741 -0.0499133
    outer loop
      vertex 10.7218 -2.87289 12
      vertex 10.2982 -2.04845 0
      vertex 10.8867 -2.1655 12
    endloop
  endfacet
  facet normal 0.162796 -0.985397 -0.0499054
    outer loop
      vertex 1.44884 -11.005 12
      vertex 1.37052 -10.4102 0
      vertex 2.04845 -10.2982 0
    endloop
  endfacet
  facet normal -0.909709 0.412236 -0.0499141
    outer loop
      vertex -9.70073 4.01818 0
      vertex -10.2551 4.24779 12
      vertex -9.95529 4.9094 12
    endloop
  endfacet
  facet normal 0.880821 -0.470812 -0.0499106
    outer loop
      vertex 9.61288 -5.55 12
      vertex 9.09327 -5.25 0
      vertex 9.95529 -4.9094 12
    endloop
  endfacet
  facet normal 0.934768 0.351736 -0.0499091
    outer loop
      vertex 10.5109 3.56798 12
      vertex 9.94277 3.37511 0
      vertex 10.2551 4.24779 12
    endloop
  endfacet
  facet normal 0.0327055 -0.998218 -0.0499097
    outer loop
      vertex 0.725974 -11.0762 12
      vertex 0 -10.5 0
      vertex 0.686732 -10.4775 0
    endloop
  endfacet
  facet normal -0.52741 -0.848144 -0.0499106
    outer loop
      vertex -5.55 -9.61288 12
      vertex -6.16683 -9.22931 12
      vertex -5.25 -9.09327 0
    endloop
  endfacet
  facet normal -0.581753 0.811833 -0.0499107
    outer loop
      vertex -5.83349 8.73043 0
      vertex -6.75725 8.80622 12
      vertex -6.16683 9.22931 12
    endloop
  endfacet
  facet normal -0.0327251 0.998217 -0.0499109
    outer loop
      vertex 0 10.5 0
      vertex -0.725974 11.0762 12
      vertex 0 11.1 12
    endloop
  endfacet
  facet normal -0.934768 0.351736 -0.0499091
    outer loop
      vertex -9.94277 3.37511 0
      vertex -10.5109 3.56798 12
      vertex -10.2551 4.24779 12
    endloop
  endfacet
  facet normal 0.0327055 0.998218 -0.0499097
    outer loop
      vertex 0.686732 10.4775 0
      vertex 0 10.5 0
      vertex 0.725974 11.0762 12
    endloop
  endfacet
  facet normal 0.955757 -0.289892 -0.0499088
    outer loop
      vertex 10.5109 -3.56798 12
      vertex 9.94277 -3.37511 0
      vertex 10.1422 -2.7176 0
    endloop
  endfacet
  facet normal -0.0327055 -0.998218 -0.0499097
    outer loop
      vertex 0 -10.5 0
      vertex -0.725974 -11.0762 12
      vertex -0.686732 -10.4775 0
    endloop
  endfacet
  facet normal -0.934768 -0.351736 -0.0499091
    outer loop
      vertex -10.2551 -4.24779 12
      vertex -10.5109 -3.56798 12
      vertex -9.94277 -3.37511 0
    endloop
  endfacet
  facet normal -0.22676 0.972671 -0.0499145
    outer loop
      vertex -2.7176 10.1422 0
      vertex -2.87289 10.7218 12
      vertex -2.04845 10.2982 0
    endloop
  endfacet
  facet normal -0.682743 0.728952 -0.0499105
    outer loop
      vertex -7.42462 7.42462 0
      vertex -7.84888 7.84888 12
      vertex -6.92313 7.89432 0
    endloop
  endfacet
  facet normal -0.848144 -0.52741 -0.0499106
    outer loop
      vertex -9.22931 -6.16683 12
      vertex -9.61288 -5.55 12
      vertex -9.09327 -5.25 0
    endloop
  endfacet
  facet normal 0.848142 -0.527412 -0.0499107
    outer loop
      vertex 9.22931 -6.16683 12
      vertex 8.73043 -5.83349 0
      vertex 9.09327 -5.25 0
    endloop
  endfacet
  facet normal 0.097827 -0.993951 -0.0499098
    outer loop
      vertex 0.725974 -11.0762 12
      vertex 0.686732 -10.4775 0
      vertex 1.37052 -10.4102 0
    endloop
  endfacet
  facet normal 0.682747 -0.728948 -0.0499108
    outer loop
      vertex 7.31874 -8.34542 12
      vertex 6.92313 -7.89432 0
      vertex 7.84888 -7.84888 12
    endloop
  endfacet
  facet normal 0.682743 -0.728952 -0.0499105
    outer loop
      vertex 7.84888 -7.84888 12
      vertex 6.92313 -7.89432 0
      vertex 7.42462 -7.42462 0
    endloop
  endfacet
  facet normal -0.972671 0.22676 -0.0499145
    outer loop
      vertex -10.2982 2.04845 0
      vertex -10.7218 2.87289 12
      vertex -10.1422 2.7176 0
    endloop
  endfacet
  facet normal 0.470812 -0.880821 -0.0499106
    outer loop
      vertex 5.55 -9.61288 12
      vertex 4.9094 -9.95529 12
      vertex 5.25 -9.09327 0
    endloop
  endfacet
  facet normal -0.909709 -0.412236 -0.0499141
    outer loop
      vertex -9.95529 -4.9094 12
      vertex -10.2551 -4.24779 12
      vertex -9.70073 -4.01818 0
    endloop
  endfacet
  facet normal -0.52741 0.848144 -0.0499106
    outer loop
      vertex -5.25 9.09327 0
      vertex -6.16683 9.22931 12
      vertex -5.55 9.61288 12
    endloop
  endfacet
  facet normal -0.226741 0.972675 -0.0499133
    outer loop
      vertex -2.04845 10.2982 0
      vertex -2.87289 10.7218 12
      vertex -2.1655 10.8867 12
    endloop
  endfacet
  facet normal 0.772051 -0.633598 -0.049911
    outer loop
      vertex 8.80622 -6.75725 12
      vertex 7.89432 -6.92313 0
      vertex 8.33021 -6.39199 0
    endloop
  endfacet
  facet normal 0.772049 -0.6336 -0.0499108
    outer loop
      vertex 8.34542 -7.31874 12
      vertex 7.89432 -6.92313 0
      vertex 8.80622 -6.75725 12
    endloop
  endfacet
  facet normal 0.6336 0.772049 -0.0499108
    outer loop
      vertex 6.92313 7.89432 0
      vertex 6.75725 8.80622 12
      vertex 7.31874 8.34542 12
    endloop
  endfacet
  facet normal 0.728952 -0.682743 -0.0499105
    outer loop
      vertex 7.84888 -7.84888 12
      vertex 7.42462 -7.42462 0
      vertex 7.89432 -6.92313 0
    endloop
  endfacet
  facet normal 0.4708 0.880827 -0.0499113
    outer loop
      vertex 5.25 9.09327 0
      vertex 4.64403 9.41716 0
      vertex 4.9094 9.95529 12
    endloop
  endfacet
  facet normal -0.972671 -0.22676 -0.0499145
    outer loop
      vertex -10.1422 -2.7176 0
      vertex -10.7218 -2.87289 12
      vertex -10.2982 -2.04845 0
    endloop
  endfacet
  facet normal -0.633598 -0.772051 -0.049911
    outer loop
      vertex -6.75725 -8.80622 12
      vertex -6.92313 -7.89432 0
      vertex -6.39199 -8.33021 0
    endloop
  endfacet
  facet normal -0.848142 0.527412 -0.0499107
    outer loop
      vertex -9.09327 5.25 0
      vertex -9.22931 6.16683 12
      vertex -8.73043 5.83349 0
    endloop
  endfacet
  facet normal 0.470812 0.880821 -0.0499106
    outer loop
      vertex 5.25 9.09327 0
      vertex 4.9094 9.95529 12
      vertex 5.55 9.61288 12
    endloop
  endfacet
  facet normal 0.22676 -0.972671 -0.0499145
    outer loop
      vertex 2.87289 -10.7218 12
      vertex 2.04845 -10.2982 0
      vertex 2.7176 -10.1422 0
    endloop
  endfacet
  facet normal 0.412236 -0.909709 -0.0499141
    outer loop
      vertex 4.24779 -10.2551 12
      vertex 4.01818 -9.70073 0
      vertex 4.9094 -9.95529 12
    endloop
  endfacet
  facet normal -0.811833 0.581753 -0.0499107
    outer loop
      vertex -8.73043 5.83349 0
      vertex -9.22931 6.16683 12
      vertex -8.80622 6.75725 12
    endloop
  endfacet
  facet normal -0.993951 -0.097827 -0.0499098
    outer loop
      vertex -10.4102 -1.37052 0
      vertex -11.0762 -0.725974 12
      vertex -10.4775 -0.686732 0
    endloop
  endfacet
  facet normal -0.998218 -0.0327055 -0.0499097
    outer loop
      vertex -10.4775 -0.686732 0
      vertex -11.0762 -0.725974 12
      vertex -10.5 0 0
    endloop
  endfacet
  facet normal 0.811833 0.581753 -0.0499107
    outer loop
      vertex 9.22931 6.16683 12
      vertex 8.73043 5.83349 0
      vertex 8.80622 6.75725 12
    endloop
  endfacet
  facet normal 0.52741 0.848144 -0.0499106
    outer loop
      vertex 6.16683 9.22931 12
      vertex 5.25 9.09327 0
      vertex 5.55 9.61288 12
    endloop
  endfacet
  facet normal -0.470812 -0.880821 -0.0499106
    outer loop
      vertex -4.9094 -9.95529 12
      vertex -5.55 -9.61288 12
      vertex -5.25 -9.09327 0
    endloop
  endfacet
  facet normal -0.22676 -0.972671 -0.0499145
    outer loop
      vertex -2.04845 -10.2982 0
      vertex -2.87289 -10.7218 12
      vertex -2.7176 -10.1422 0
    endloop
  endfacet
  facet normal -0.0979003 -0.993944 -0.0499055
    outer loop
      vertex -0.725974 -11.0762 12
      vertex -1.44884 -11.005 12
      vertex -1.37052 -10.4102 0
    endloop
  endfacet
  facet normal -0.682743 -0.728952 -0.0499105
    outer loop
      vertex -6.92313 -7.89432 0
      vertex -7.84888 -7.84888 12
      vertex -7.42462 -7.42462 0
    endloop
  endfacet
  facet normal -0.581753 -0.811833 -0.0499107
    outer loop
      vertex -6.16683 -9.22931 12
      vertex -6.75725 -8.80622 12
      vertex -5.83349 -8.73043 0
    endloop
  endfacet
  facet normal -0.972675 -0.226741 -0.0499133
    outer loop
      vertex -10.7218 -2.87289 12
      vertex -10.8867 -2.1655 12
      vertex -10.2982 -2.04845 0
    endloop
  endfacet
  facet normal -0.848144 0.52741 -0.0499106
    outer loop
      vertex -9.09327 5.25 0
      vertex -9.61288 5.55 12
      vertex -9.22931 6.16683 12
    endloop
  endfacet
  facet normal 0.81183 -0.581756 -0.049911
    outer loop
      vertex 8.80622 -6.75725 12
      vertex 8.33021 -6.39199 0
      vertex 8.73043 -5.83349 0
    endloop
  endfacet
  facet normal -0.0327251 -0.998217 -0.0499109
    outer loop
      vertex 0 -11.1 12
      vertex -0.725974 -11.0762 12
      vertex 0 -10.5 0
    endloop
  endfacet
  facet normal 0.0327251 -0.998217 -0.0499109
    outer loop
      vertex 0.725974 -11.0762 12
      vertex 0 -11.1 12
      vertex 0 -10.5 0
    endloop
  endfacet
  facet normal 0.097827 0.993951 -0.0499098
    outer loop
      vertex 1.37052 10.4102 0
      vertex 0.686732 10.4775 0
      vertex 0.725974 11.0762 12
    endloop
  endfacet
  facet normal 0.972671 -0.22676 -0.0499145
    outer loop
      vertex 10.7218 -2.87289 12
      vertex 10.1422 -2.7176 0
      vertex 10.2982 -2.04845 0
    endloop
  endfacet
  facet normal 0.162664 -0.985418 -0.0499132
    outer loop
      vertex 2.1655 -10.8867 12
      vertex 1.44884 -11.005 12
      vertex 2.04845 -10.2982 0
    endloop
  endfacet
  facet normal -0.289982 -0.95573 -0.0499143
    outer loop
      vertex -2.87289 -10.7218 12
      vertex -3.56798 -10.5109 12
      vertex -2.7176 -10.1422 0
    endloop
  endfacet
  facet normal -0.351818 -0.934737 -0.0499142
    outer loop
      vertex -3.37511 -9.94277 0
      vertex -4.24779 -10.2551 12
      vertex -4.01818 -9.70073 0
    endloop
  endfacet
  facet normal -0.289892 -0.955757 -0.0499088
    outer loop
      vertex -2.7176 -10.1422 0
      vertex -3.56798 -10.5109 12
      vertex -3.37511 -9.94277 0
    endloop
  endfacet
  facet normal -0.880827 0.4708 -0.0499113
    outer loop
      vertex -9.41716 4.64403 0
      vertex -9.95529 4.9094 12
      vertex -9.09327 5.25 0
    endloop
  endfacet
  facet normal 0.848142 0.527412 -0.0499107
    outer loop
      vertex 9.09327 5.25 0
      vertex 8.73043 5.83349 0
      vertex 9.22931 6.16683 12
    endloop
  endfacet
  facet normal 0.581756 0.81183 -0.049911
    outer loop
      vertex 6.39199 8.33021 0
      vertex 5.83349 8.73043 0
      vertex 6.75725 8.80622 12
    endloop
  endfacet
  facet normal -0.811833 -0.581753 -0.0499107
    outer loop
      vertex -8.80622 -6.75725 12
      vertex -9.22931 -6.16683 12
      vertex -8.73043 -5.83349 0
    endloop
  endfacet
  facet normal 0.0979003 -0.993944 -0.0499055
    outer loop
      vertex 1.44884 -11.005 12
      vertex 0.725974 -11.0762 12
      vertex 1.37052 -10.4102 0
    endloop
  endfacet
  facet normal 0.811833 -0.581753 -0.0499107
    outer loop
      vertex 8.80622 -6.75725 12
      vertex 8.73043 -5.83349 0
      vertex 9.22931 -6.16683 12
    endloop
  endfacet
  facet normal 0.880821 0.470812 -0.0499106
    outer loop
      vertex 9.95529 4.9094 12
      vertex 9.09327 5.25 0
      vertex 9.61288 5.55 12
    endloop
  endfacet
  facet normal -0.934737 -0.351818 -0.0499142
    outer loop
      vertex -9.70073 -4.01818 0
      vertex -10.2551 -4.24779 12
      vertex -9.94277 -3.37511 0
    endloop
  endfacet
  facet normal -0.4708 -0.880827 -0.0499113
    outer loop
      vertex -4.9094 -9.95529 12
      vertex -5.25 -9.09327 0
      vertex -4.64403 -9.41716 0
    endloop
  endfacet
  facet normal 0.848144 -0.52741 -0.0499106
    outer loop
      vertex 9.22931 -6.16683 12
      vertex 9.09327 -5.25 0
      vertex 9.61288 -5.55 12
    endloop
  endfacet
  facet normal 0.289892 0.955757 -0.0499088
    outer loop
      vertex 3.37511 9.94277 0
      vertex 2.7176 10.1422 0
      vertex 3.56798 10.5109 12
    endloop
  endfacet
  facet normal 0.95573 -0.289982 -0.0499143
    outer loop
      vertex 10.5109 -3.56798 12
      vertex 10.1422 -2.7176 0
      vertex 10.7218 -2.87289 12
    endloop
  endfacet
  facet normal 0.880827 -0.4708 -0.0499113
    outer loop
      vertex 9.95529 -4.9094 12
      vertex 9.09327 -5.25 0
      vertex 9.41716 -4.64403 0
    endloop
  endfacet
  facet normal -0.880821 -0.470812 -0.0499106
    outer loop
      vertex -9.61288 -5.55 12
      vertex -9.95529 -4.9094 12
      vertex -9.09327 -5.25 0
    endloop
  endfacet
  facet normal -0.909728 -0.412194 -0.0499113
    outer loop
      vertex -9.41716 -4.64403 0
      vertex -9.95529 -4.9094 12
      vertex -9.70073 -4.01818 0
    endloop
  endfacet
  facet normal 0.289892 -0.955757 -0.0499088
    outer loop
      vertex 3.56798 -10.5109 12
      vertex 2.7176 -10.1422 0
      vertex 3.37511 -9.94277 0
    endloop
  endfacet
  facet normal 0.633598 0.772051 -0.049911
    outer loop
      vertex 6.92313 7.89432 0
      vertex 6.39199 8.33021 0
      vertex 6.75725 8.80622 12
    endloop
  endfacet
  facet normal -0.682747 -0.728948 -0.0499108
    outer loop
      vertex -7.31874 -8.34542 12
      vertex -7.84888 -7.84888 12
      vertex -6.92313 -7.89432 0
    endloop
  endfacet
  facet normal 0.4708 -0.880827 -0.0499113
    outer loop
      vertex 4.9094 -9.95529 12
      vertex 4.64403 -9.41716 0
      vertex 5.25 -9.09327 0
    endloop
  endfacet
  facet normal 0.412194 -0.909728 -0.0499113
    outer loop
      vertex 4.9094 -9.95529 12
      vertex 4.01818 -9.70073 0
      vertex 4.64403 -9.41716 0
    endloop
  endfacet
  facet normal -0.728952 -0.682743 -0.0499105
    outer loop
      vertex -7.84888 -7.84888 12
      vertex -7.89432 -6.92313 0
      vertex -7.42462 -7.42462 0
    endloop
  endfacet
  facet normal -0.880827 -0.4708 -0.0499113
    outer loop
      vertex -9.09327 -5.25 0
      vertex -9.95529 -4.9094 12
      vertex -9.41716 -4.64403 0
    endloop
  endfacet
  facet normal -0.955757 0.289892 -0.0499088
    outer loop
      vertex -10.1422 2.7176 0
      vertex -10.5109 3.56798 12
      vertex -9.94277 3.37511 0
    endloop
  endfacet
  facet normal 0 0 -1
    outer loop
      vertex 11.1 0 12
      vertex 13 0 12
      vertex 12.9722 -0.85024 12
    endloop
  endfacet
  facet normal 0 0 -1
    outer loop
      vertex 11.0762 -0.725974 12
      vertex 12.9722 -0.85024 12
      vertex 12.8888 -1.69684 12
    endloop
  endfacet
  facet normal 0 0 -1
    outer loop
      vertex 13 0 12
      vertex 11.1 0 12
      vertex 12.9722 0.85024 12
    endloop
  endfacet
  facet normal 0 0 -1
    outer loop
      vertex 11.005 -1.44884 12
      vertex 12.8888 -1.69684 12
      vertex 12.7502 -2.53617 12
    endloop
  endfacet
  facet normal 0 0 -1
    outer loop
      vertex 11.0762 0.725974 12
      vertex 12.9722 0.85024 12
      vertex 11.1 0 12
    endloop
  endfacet
  facet normal 0 0 -1
    outer loop
      vertex 10.8867 -2.1655 12
      vertex 12.7502 -2.53617 12
      vertex 12.557 -3.36465 12
    endloop
  endfacet
  facet normal -0 0 -1
    outer loop
      vertex 12.9722 0.85024 12
      vertex 11.0762 0.725974 12
      vertex 12.8888 1.69684 12
    endloop
  endfacet
  facet normal 0 0 -1
    outer loop
      vertex 10.7218 -2.87289 12
      vertex 12.557 -3.36465 12
      vertex 12.3101 -4.17871 12
    endloop
  endfacet
  facet normal 0 0 -1
    outer loop
      vertex 11.005 1.44884 12
      vertex 12.8888 1.69684 12
      vertex 11.0762 0.725974 12
    endloop
  endfacet
  facet normal 0 0 -1
    outer loop
      vertex 10.5109 -3.56798 12
      vertex 12.3101 -4.17871 12
      vertex 12.0104 -4.97488 12
    endloop
  endfacet
  facet normal -0 0 -1
    outer loop
      vertex 12.8888 1.69684 12
      vertex 11.005 1.44884 12
      vertex 12.7502 2.53617 12
    endloop
  endfacet
  facet normal 0 0 -1
    outer loop
      vertex 10.2551 -4.24779 12
      vertex 12.0104 -4.97488 12
      vertex 11.6593 -5.74975 12
    endloop
  endfacet
  facet normal 0 0 -1
    outer loop
      vertex 10.8867 2.1655 12
      vertex 12.7502 2.53617 12
      vertex 11.005 1.44884 12
    endloop
  endfacet
  facet normal 0 0 -1
    outer loop
      vertex 9.95529 -4.9094 12
      vertex 11.6593 -5.74975 12
      vertex 11.2583 -6.5 12
    endloop
  endfacet
  facet normal -0 0 -1
    outer loop
      vertex 12.7502 2.53617 12
      vertex 10.8867 2.1655 12
      vertex 12.557 3.36465 12
    endloop
  endfacet
  facet normal 0 0 -1
    outer loop
      vertex 10.7218 2.87289 12
      vertex 12.557 3.36465 12
      vertex 10.8867 2.1655 12
    endloop
  endfacet
  facet normal 0 0 -1
    outer loop
      vertex 12.9722 -0.85024 12
      vertex 11.0762 -0.725974 12
      vertex 11.1 0 12
    endloop
  endfacet
  facet normal 0 0 -1
    outer loop
      vertex 12.8888 -1.69684 12
      vertex 11.005 -1.44884 12
      vertex 11.0762 -0.725974 12
    endloop
  endfacet
  facet normal 0 0 -1
    outer loop
      vertex 12.7502 -2.53617 12
      vertex 10.8867 -2.1655 12
      vertex 11.005 -1.44884 12
    endloop
  endfacet
  facet normal 0 0 -1
    outer loop
      vertex 9.61288 -5.55 12
      vertex 11.2583 -6.5 12
      vertex 10.8091 -7.22241 12
    endloop
  endfacet
  facet normal 0 0 -1
    outer loop
      vertex 12.557 -3.36465 12
      vertex 10.7218 -2.87289 12
      vertex 10.8867 -2.1655 12
    endloop
  endfacet
  facet normal 0 0 -1
    outer loop
      vertex 12.3101 -4.17871 12
      vertex 10.5109 -3.56798 12
      vertex 10.7218 -2.87289 12
    endloop
  endfacet
  facet normal 0 0 -1
    outer loop
      vertex 9.22931 -6.16683 12
      vertex 10.8091 -7.22241 12
      vertex 10.3136 -7.9139 12
    endloop
  endfacet
  facet normal 0 0 -1
    outer loop
      vertex 12.0104 -4.97488 12
      vertex 10.2551 -4.24779 12
      vertex 10.5109 -3.56798 12
    endloop
  endfacet
  facet normal 0 0 -1
    outer loop
      vertex 11.6593 -5.74975 12
      vertex 9.95529 -4.9094 12
      vertex 10.2551 -4.24779 12
    endloop
  endfacet
  facet normal 0 0 -1
    outer loop
      vertex 8.80622 -6.75725 12
      vertex 10.3136 -7.9139 12
      vertex 9.77392 -8.5715 12
    endloop
  endfacet
  facet normal 0 0 -1
    outer loop
      vertex 11.2583 -6.5 12
      vertex 9.61288 -5.55 12
      vertex 9.95529 -4.9094 12
    endloop
  endfacet
  facet normal 0 0 -1
    outer loop
      vertex 10.8091 -7.22241 12
      vertex 9.22931 -6.16683 12
      vertex 9.61288 -5.55 12
    endloop
  endfacet
  facet normal 0 0 -1
    outer loop
      vertex 8.34542 -7.31874 12
      vertex 9.77392 -8.5715 12
      vertex 9.19239 -9.19239 12
    endloop
  endfacet
  facet normal 0 0 -1
    outer loop
      vertex 10.3136 -7.9139 12
      vertex 8.80622 -6.75725 12
      vertex 9.22931 -6.16683 12
    endloop
  endfacet
  facet normal 0 0 -1
    outer loop
      vertex 7.84888 -7.84888 12
      vertex 9.19239 -9.19239 12
      vertex 8.5715 -9.77392 12
    endloop
  endfacet
  facet normal 0 0 -1
    outer loop
      vertex 9.77392 -8.5715 12
      vertex 8.34542 -7.31874 12
      vertex 8.80622 -6.75725 12
    endloop
  endfacet
  facet normal 0 0 -1
    outer loop
      vertex 7.31874 -8.34542 12
      vertex 8.5715 -9.77392 12
      vertex 7.9139 -10.3136 12
    endloop
  endfacet
  facet normal 0 0 -1
    outer loop
      vertex 9.19239 -9.19239 12
      vertex 7.84888 -7.84888 12
      vertex 8.34542 -7.31874 12
    endloop
  endfacet
  facet normal 0 0 -1
    outer loop
      vertex 8.5715 -9.77392 12
      vertex 7.31874 -8.34542 12
      vertex 7.84888 -7.84888 12
    endloop
  endfacet
  facet normal 0 0 -1
    outer loop
      vertex 6.75725 -8.80622 12
      vertex 7.9139 -10.3136 12
      vertex 7.22241 -10.8091 12
    endloop
  endfacet
  facet normal 0 0 -1
    outer loop
      vertex 7.9139 -10.3136 12
      vertex 6.75725 -8.80622 12
      vertex 7.31874 -8.34542 12
    endloop
  endfacet
  facet normal 0 0 -1
    outer loop
      vertex 6.16683 -9.22931 12
      vertex 7.22241 -10.8091 12
      vertex 6.5 -11.2583 12
    endloop
  endfacet
  facet normal 0 0 -1
    outer loop
      vertex 7.22241 -10.8091 12
      vertex 6.16683 -9.22931 12
      vertex 6.75725 -8.80622 12
    endloop
  endfacet
  facet normal 0 0 -1
    outer loop
      vertex 5.55 -9.61288 12
      vertex 6.5 -11.2583 12
      vertex 5.74975 -11.6593 12
    endloop
  endfacet
  facet normal 0 0 -1
    outer loop
      vertex 6.5 -11.2583 12
      vertex 5.55 -9.61288 12
      vertex 6.16683 -9.22931 12
    endloop
  endfacet
  facet normal 0 0 -1
    outer loop
      vertex 4.9094 -9.95529 12
      vertex 5.74975 -11.6593 12
      vertex 4.97488 -12.0104 12
    endloop
  endfacet
  facet normal 0 0 -1
    outer loop
      vertex 5.74975 -11.6593 12
      vertex 4.9094 -9.95529 12
      vertex 5.55 -9.61288 12
    endloop
  endfacet
  facet normal 0 0 -1
    outer loop
      vertex 4.97488 -12.0104 12
      vertex 4.24779 -10.2551 12
      vertex 4.9094 -9.95529 12
    endloop
  endfacet
  facet normal 0 0 -1
    outer loop
      vertex 4.17871 -12.3101 12
      vertex 4.24779 -10.2551 12
      vertex 4.97488 -12.0104 12
    endloop
  endfacet
  facet normal 0 0 -1
    outer loop
      vertex 4.17871 -12.3101 12
      vertex 3.56798 -10.5109 12
      vertex 4.24779 -10.2551 12
    endloop
  endfacet
  facet normal 0 0 -1
    outer loop
      vertex 3.36465 -12.557 12
      vertex 3.56798 -10.5109 12
      vertex 4.17871 -12.3101 12
    endloop
  endfacet
  facet normal 0 0 -1
    outer loop
      vertex 3.36465 -12.557 12
      vertex 2.87289 -10.7218 12
      vertex 3.56798 -10.5109 12
    endloop
  endfacet
  facet normal 0 0 -1
    outer loop
      vertex 2.53617 -12.7502 12
      vertex 2.87289 -10.7218 12
      vertex 3.36465 -12.557 12
    endloop
  endfacet
  facet normal 0 0 -1
    outer loop
      vertex 2.53617 -12.7502 12
      vertex 2.1655 -10.8867 12
      vertex 2.87289 -10.7218 12
    endloop
  endfacet
  facet normal 0 0 -1
    outer loop
      vertex 1.69684 -12.8888 12
      vertex 2.1655 -10.8867 12
      vertex 2.53617 -12.7502 12
    endloop
  endfacet
  facet normal 0 0 -1
    outer loop
      vertex 1.69684 -12.8888 12
      vertex 1.44884 -11.005 12
      vertex 2.1655 -10.8867 12
    endloop
  endfacet
  facet normal 0 0 -1
    outer loop
      vertex 0.85024 -12.9722 12
      vertex 1.44884 -11.005 12
      vertex 1.69684 -12.8888 12
    endloop
  endfacet
  facet normal 0 0 -1
    outer loop
      vertex 0.85024 -12.9722 12
      vertex 0.725974 -11.0762 12
      vertex 1.44884 -11.005 12
    endloop
  endfacet
  facet normal 0 0 -1
    outer loop
      vertex 0 -13 12
      vertex 0.725974 -11.0762 12
      vertex 0.85024 -12.9722 12
    endloop
  endfacet
  facet normal 0 0 -1
    outer loop
      vertex 0 -13 12
      vertex 0 -11.1 12
      vertex 0.725974 -11.0762 12
    endloop
  endfacet
  facet normal 0 0 -1
    outer loop
      vertex 0 -13 12
      vertex -0.725974 -11.0762 12
      vertex 0 -11.1 12
    endloop
  endfacet
  facet normal 0 0 -1
    outer loop
      vertex -0.85024 -12.9722 12
      vertex -0.725974 -11.0762 12
      vertex 0 -13 12
    endloop
  endfacet
  facet normal 0 0 -1
    outer loop
      vertex -0.85024 -12.9722 12
      vertex -1.44884 -11.005 12
      vertex -0.725974 -11.0762 12
    endloop
  endfacet
  facet normal 0 0 -1
    outer loop
      vertex -1.69684 -12.8888 12
      vertex -1.44884 -11.005 12
      vertex -0.85024 -12.9722 12
    endloop
  endfacet
  facet normal 0 0 -1
    outer loop
      vertex -1.69684 -12.8888 12
      vertex -2.1655 -10.8867 12
      vertex -1.44884 -11.005 12
    endloop
  endfacet
  facet normal 0 0 -1
    outer loop
      vertex -2.53617 -12.7502 12
      vertex -2.1655 -10.8867 12
      vertex -1.69684 -12.8888 12
    endloop
  endfacet
  facet normal 0 0 -1
    outer loop
      vertex -2.53617 -12.7502 12
      vertex -2.87289 -10.7218 12
      vertex -2.1655 -10.8867 12
    endloop
  endfacet
  facet normal 0 0 -1
    outer loop
      vertex -3.36465 -12.557 12
      vertex -2.87289 -10.7218 12
      vertex -2.53617 -12.7502 12
    endloop
  endfacet
  facet normal 0 0 -1
    outer loop
      vertex -3.36465 -12.557 12
      vertex -3.56798 -10.5109 12
      vertex -2.87289 -10.7218 12
    endloop
  endfacet
  facet normal 0 0 -1
    outer loop
      vertex -4.17871 -12.3101 12
      vertex -3.56798 -10.5109 12
      vertex -3.36465 -12.557 12
    endloop
  endfacet
  facet normal 0 0 -1
    outer loop
      vertex -4.17871 -12.3101 12
      vertex -4.24779 -10.2551 12
      vertex -3.56798 -10.5109 12
    endloop
  endfacet
  facet normal 0 0 -1
    outer loop
      vertex -4.97488 -12.0104 12
      vertex -4.24779 -10.2551 12
      vertex -4.17871 -12.3101 12
    endloop
  endfacet
  facet normal -0 0 -1
    outer loop
      vertex -4.24779 -10.2551 12
      vertex -4.97488 -12.0104 12
      vertex -4.9094 -9.95529 12
    endloop
  endfacet
  facet normal 0 0 -1
    outer loop
      vertex -5.74975 -11.6593 12
      vertex -4.9094 -9.95529 12
      vertex -4.97488 -12.0104 12
    endloop
  endfacet
  facet normal -0 0 -1
    outer loop
      vertex -4.9094 -9.95529 12
      vertex -5.74975 -11.6593 12
      vertex -5.55 -9.61288 12
    endloop
  endfacet
  facet normal 0 0 -1
    outer loop
      vertex -6.5 -11.2583 12
      vertex -5.55 -9.61288 12
      vertex -5.74975 -11.6593 12
    endloop
  endfacet
  facet normal -0 0 -1
    outer loop
      vertex -5.55 -9.61288 12
      vertex -6.5 -11.2583 12
      vertex -6.16683 -9.22931 12
    endloop
  endfacet
  facet normal 0 0 -1
    outer loop
      vertex -7.22241 -10.8091 12
      vertex -6.16683 -9.22931 12
      vertex -6.5 -11.2583 12
    endloop
  endfacet
  facet normal -0 0 -1
    outer loop
      vertex -6.16683 -9.22931 12
      vertex -7.22241 -10.8091 12
      vertex -6.75725 -8.80622 12
    endloop
  endfacet
  facet normal 0 0 -1
    outer loop
      vertex -7.9139 -10.3136 12
      vertex -6.75725 -8.80622 12
      vertex -7.22241 -10.8091 12
    endloop
  endfacet
  facet normal -0 0 -1
    outer loop
      vertex -6.75725 -8.80622 12
      vertex -7.9139 -10.3136 12
      vertex -7.31874 -8.34542 12
    endloop
  endfacet
  facet normal 0 0 -1
    outer loop
      vertex -8.5715 -9.77392 12
      vertex -7.31874 -8.34542 12
      vertex -7.9139 -10.3136 12
    endloop
  endfacet
  facet normal -0 0 -1
    outer loop
      vertex -7.31874 -8.34542 12
      vertex -8.5715 -9.77392 12
      vertex -7.84888 -7.84888 12
    endloop
  endfacet
  facet normal 0 0 -1
    outer loop
      vertex -9.19239 -9.19239 12
      vertex -7.84888 -7.84888 12
      vertex -8.5715 -9.77392 12
    endloop
  endfacet
  facet normal -0 0 -1
    outer loop
      vertex -7.84888 -7.84888 12
      vertex -9.19239 -9.19239 12
      vertex -8.34542 -7.31874 12
    endloop
  endfacet
  facet normal 0 0 -1
    outer loop
      vertex -9.77392 -8.5715 12
      vertex -8.34542 -7.31874 12
      vertex -9.19239 -9.19239 12
    endloop
  endfacet
  facet normal -0 0 -1
    outer loop
      vertex -8.34542 -7.31874 12
      vertex -9.77392 -8.5715 12
      vertex -8.80622 -6.75725 12
    endloop
  endfacet
  facet normal 0 0 -1
    outer loop
      vertex -10.3136 -7.9139 12
      vertex -8.80622 -6.75725 12
      vertex -9.77392 -8.5715 12
    endloop
  endfacet
  facet normal -0 0 -1
    outer loop
      vertex -8.80622 -6.75725 12
      vertex -10.3136 -7.9139 12
      vertex -9.22931 -6.16683 12
    endloop
  endfacet
  facet normal 0 0 -1
    outer loop
      vertex -10.8091 -7.22241 12
      vertex -9.22931 -6.16683 12
      vertex -10.3136 -7.9139 12
    endloop
  endfacet
  facet normal -0 0 -1
    outer loop
      vertex -9.22931 -6.16683 12
      vertex -10.8091 -7.22241 12
      vertex -9.61288 -5.55 12
    endloop
  endfacet
  facet normal 0 0 -1
    outer loop
      vertex -11.2583 -6.5 12
      vertex -9.61288 -5.55 12
      vertex -10.8091 -7.22241 12
    endloop
  endfacet
  facet normal -0 0 -1
    outer loop
      vertex -9.61288 -5.55 12
      vertex -11.2583 -6.5 12
      vertex -9.95529 -4.9094 12
    endloop
  endfacet
  facet normal 0 0 -1
    outer loop
      vertex -11.6593 -5.74975 12
      vertex -9.95529 -4.9094 12
      vertex -11.2583 -6.5 12
    endloop
  endfacet
  facet normal -0 0 -1
    outer loop
      vertex -9.95529 -4.9094 12
      vertex -11.6593 -5.74975 12
      vertex -10.2551 -4.24779 12
    endloop
  endfacet
  facet normal 0 0 -1
    outer loop
      vertex -12.0104 -4.97488 12
      vertex -10.2551 -4.24779 12
      vertex -11.6593 -5.74975 12
    endloop
  endfacet
  facet normal -0 0 -1
    outer loop
      vertex -10.2551 -4.24779 12
      vertex -12.0104 -4.97488 12
      vertex -10.5109 -3.56798 12
    endloop
  endfacet
  facet normal 0 0 -1
    outer loop
      vertex -12.3101 -4.17871 12
      vertex -10.5109 -3.56798 12
      vertex -12.0104 -4.97488 12
    endloop
  endfacet
  facet normal 0 0 -1
    outer loop
      vertex -12.557 -3.36465 12
      vertex -10.7218 -2.87289 12
      vertex -12.3101 -4.17871 12
    endloop
  endfacet
  facet normal -0 0 -1
    outer loop
      vertex -10.5109 -3.56798 12
      vertex -12.3101 -4.17871 12
      vertex -10.7218 -2.87289 12
    endloop
  endfacet
  facet normal -0 0 -1
    outer loop
      vertex 12.557 3.36465 12
      vertex 10.7218 2.87289 12
      vertex 12.3101 4.17871 12
    endloop
  endfacet
  facet normal 0 0 -1
    outer loop
      vertex 10.5109 3.56798 12
      vertex 12.3101 4.17871 12
      vertex 10.7218 2.87289 12
    endloop
  endfacet
  facet normal -0 0 -1
    outer loop
      vertex 12.3101 4.17871 12
      vertex 10.5109 3.56798 12
      vertex 12.0104 4.97488 12
    endloop
  endfacet
  facet normal 0 0 -1
    outer loop
      vertex 10.2551 4.24779 12
      vertex 12.0104 4.97488 12
      vertex 10.5109 3.56798 12
    endloop
  endfacet
  facet normal -0 0 -1
    outer loop
      vertex 12.0104 4.97488 12
      vertex 10.2551 4.24779 12
      vertex 11.6593 5.74975 12
    endloop
  endfacet
  facet normal 0 0 -1
    outer loop
      vertex 9.95529 4.9094 12
      vertex 11.6593 5.74975 12
      vertex 10.2551 4.24779 12
    endloop
  endfacet
  facet normal -0 0 -1
    outer loop
      vertex 11.6593 5.74975 12
      vertex 9.95529 4.9094 12
      vertex 11.2583 6.5 12
    endloop
  endfacet
  facet normal 0 0 -1
    outer loop
      vertex 9.61288 5.55 12
      vertex 11.2583 6.5 12
      vertex 9.95529 4.9094 12
    endloop
  endfacet
  facet normal -0 0 -1
    outer loop
      vertex 11.2583 6.5 12
      vertex 9.61288 5.55 12
      vertex 10.8091 7.22241 12
    endloop
  endfacet
  facet normal 0 0 -1
    outer loop
      vertex 9.22931 6.16683 12
      vertex 10.8091 7.22241 12
      vertex 9.61288 5.55 12
    endloop
  endfacet
  facet normal -0 0 -1
    outer loop
      vertex 10.8091 7.22241 12
      vertex 9.22931 6.16683 12
      vertex 10.3136 7.9139 12
    endloop
  endfacet
  facet normal 0 0 -1
    outer loop
      vertex 8.80622 6.75725 12
      vertex 10.3136 7.9139 12
      vertex 9.22931 6.16683 12
    endloop
  endfacet
  facet normal -0 0 -1
    outer loop
      vertex 10.3136 7.9139 12
      vertex 8.80622 6.75725 12
      vertex 9.77392 8.5715 12
    endloop
  endfacet
  facet normal 0 0 -1
    outer loop
      vertex 8.34542 7.31874 12
      vertex 9.77392 8.5715 12
      vertex 8.80622 6.75725 12
    endloop
  endfacet
  facet normal -0 0 -1
    outer loop
      vertex 9.77392 8.5715 12
      vertex 8.34542 7.31874 12
      vertex 9.19239 9.19239 12
    endloop
  endfacet
  facet normal 0 0 -1
    outer loop
      vertex 7.84888 7.84888 12
      vertex 9.19239 9.19239 12
      vertex 8.34542 7.31874 12
    endloop
  endfacet
  facet normal -0 0 -1
    outer loop
      vertex 9.19239 9.19239 12
      vertex 7.84888 7.84888 12
      vertex 8.5715 9.77392 12
    endloop
  endfacet
  facet normal 0 0 -1
    outer loop
      vertex 7.31874 8.34542 12
      vertex 8.5715 9.77392 12
      vertex 7.84888 7.84888 12
    endloop
  endfacet
  facet normal -0 0 -1
    outer loop
      vertex 8.5715 9.77392 12
      vertex 7.31874 8.34542 12
      vertex 7.9139 10.3136 12
    endloop
  endfacet
  facet normal 0 0 -1
    outer loop
      vertex 6.75725 8.80622 12
      vertex 7.9139 10.3136 12
      vertex 7.31874 8.34542 12
    endloop
  endfacet
  facet normal -0 0 -1
    outer loop
      vertex 7.9139 10.3136 12
      vertex 6.75725 8.80622 12
      vertex 7.22241 10.8091 12
    endloop
  endfacet
  facet normal 0 0 -1
    outer loop
      vertex 6.16683 9.22931 12
      vertex 7.22241 10.8091 12
      vertex 6.75725 8.80622 12
    endloop
  endfacet
  facet normal -0 0 -1
    outer loop
      vertex 7.22241 10.8091 12
      vertex 6.16683 9.22931 12
      vertex 6.5 11.2583 12
    endloop
  endfacet
  facet normal 0 0 -1
    outer loop
      vertex 5.55 9.61288 12
      vertex 6.5 11.2583 12
      vertex 6.16683 9.22931 12
    endloop
  endfacet
  facet normal -0 0 -1
    outer loop
      vertex 6.5 11.2583 12
      vertex 5.55 9.61288 12
      vertex 5.74975 11.6593 12
    endloop
  endfacet
  facet normal 0 0 -1
    outer loop
      vertex 4.9094 9.95529 12
      vertex 5.74975 11.6593 12
      vertex 5.55 9.61288 12
    endloop
  endfacet
  facet normal -0 0 -1
    outer loop
      vertex 5.74975 11.6593 12
      vertex 4.9094 9.95529 12
      vertex 4.97488 12.0104 12
    endloop
  endfacet
  facet normal 0 0 -1
    outer loop
      vertex 4.24779 10.2551 12
      vertex 4.97488 12.0104 12
      vertex 4.9094 9.95529 12
    endloop
  endfacet
  facet normal 0 0 -1
    outer loop
      vertex 4.24779 10.2551 12
      vertex 4.17871 12.3101 12
      vertex 4.97488 12.0104 12
    endloop
  endfacet
  facet normal 0 0 -1
    outer loop
      vertex 3.56798 10.5109 12
      vertex 4.17871 12.3101 12
      vertex 4.24779 10.2551 12
    endloop
  endfacet
  facet normal 0 0 -1
    outer loop
      vertex 3.56798 10.5109 12
      vertex 3.36465 12.557 12
      vertex 4.17871 12.3101 12
    endloop
  endfacet
  facet normal 0 0 -1
    outer loop
      vertex 2.87289 10.7218 12
      vertex 3.36465 12.557 12
      vertex 3.56798 10.5109 12
    endloop
  endfacet
  facet normal 0 0 -1
    outer loop
      vertex 2.87289 10.7218 12
      vertex 2.53617 12.7502 12
      vertex 3.36465 12.557 12
    endloop
  endfacet
  facet normal 0 0 -1
    outer loop
      vertex 2.1655 10.8867 12
      vertex 2.53617 12.7502 12
      vertex 2.87289 10.7218 12
    endloop
  endfacet
  facet normal 0 0 -1
    outer loop
      vertex 2.1655 10.8867 12
      vertex 1.69684 12.8888 12
      vertex 2.53617 12.7502 12
    endloop
  endfacet
  facet normal 0 0 -1
    outer loop
      vertex 1.44884 11.005 12
      vertex 1.69684 12.8888 12
      vertex 2.1655 10.8867 12
    endloop
  endfacet
  facet normal 0 0 -1
    outer loop
      vertex 1.44884 11.005 12
      vertex 0.85024 12.9722 12
      vertex 1.69684 12.8888 12
    endloop
  endfacet
  facet normal 0 0 -1
    outer loop
      vertex 0.725974 11.0762 12
      vertex 0.85024 12.9722 12
      vertex 1.44884 11.005 12
    endloop
  endfacet
  facet normal 0 0 -1
    outer loop
      vertex 0 11.1 12
      vertex 0.85024 12.9722 12
      vertex 0.725974 11.0762 12
    endloop
  endfacet
  facet normal 0 0 -1
    outer loop
      vertex 0 11.1 12
      vertex 0 13 12
      vertex 0.85024 12.9722 12
    endloop
  endfacet
  facet normal 0 0 -1
    outer loop
      vertex -0.725974 11.0762 12
      vertex 0 13 12
      vertex 0 11.1 12
    endloop
  endfacet
  facet normal 0 0 -1
    outer loop
      vertex -0.725974 11.0762 12
      vertex -0.85024 12.9722 12
      vertex 0 13 12
    endloop
  endfacet
  facet normal 0 0 -1
    outer loop
      vertex -1.44884 11.005 12
      vertex -0.85024 12.9722 12
      vertex -0.725974 11.0762 12
    endloop
  endfacet
  facet normal 0 0 -1
    outer loop
      vertex -1.44884 11.005 12
      vertex -1.69684 12.8888 12
      vertex -0.85024 12.9722 12
    endloop
  endfacet
  facet normal 0 0 -1
    outer loop
      vertex -2.1655 10.8867 12
      vertex -1.69684 12.8888 12
      vertex -1.44884 11.005 12
    endloop
  endfacet
  facet normal 0 0 -1
    outer loop
      vertex -2.1655 10.8867 12
      vertex -2.53617 12.7502 12
      vertex -1.69684 12.8888 12
    endloop
  endfacet
  facet normal 0 0 -1
    outer loop
      vertex -2.87289 10.7218 12
      vertex -2.53617 12.7502 12
      vertex -2.1655 10.8867 12
    endloop
  endfacet
  facet normal 0 0 -1
    outer loop
      vertex -2.87289 10.7218 12
      vertex -3.36465 12.557 12
      vertex -2.53617 12.7502 12
    endloop
  endfacet
  facet normal 0 0 -1
    outer loop
      vertex -3.56798 10.5109 12
      vertex -3.36465 12.557 12
      vertex -2.87289 10.7218 12
    endloop
  endfacet
  facet normal 0 0 -1
    outer loop
      vertex -3.56798 10.5109 12
      vertex -4.17871 12.3101 12
      vertex -3.36465 12.557 12
    endloop
  endfacet
  facet normal 0 0 -1
    outer loop
      vertex -4.24779 10.2551 12
      vertex -4.17871 12.3101 12
      vertex -3.56798 10.5109 12
    endloop
  endfacet
  facet normal 0 0 -1
    outer loop
      vertex -4.97488 12.0104 12
      vertex -4.24779 10.2551 12
      vertex -4.9094 9.95529 12
    endloop
  endfacet
  facet normal 0 0 -1
    outer loop
      vertex -4.24779 10.2551 12
      vertex -4.97488 12.0104 12
      vertex -4.17871 12.3101 12
    endloop
  endfacet
  facet normal 0 0 -1
    outer loop
      vertex -5.74975 11.6593 12
      vertex -4.9094 9.95529 12
      vertex -5.55 9.61288 12
    endloop
  endfacet
  facet normal 0 0 -1
    outer loop
      vertex -4.9094 9.95529 12
      vertex -5.74975 11.6593 12
      vertex -4.97488 12.0104 12
    endloop
  endfacet
  facet normal 0 0 -1
    outer loop
      vertex -6.5 11.2583 12
      vertex -5.55 9.61288 12
      vertex -6.16683 9.22931 12
    endloop
  endfacet
  facet normal 0 0 -1
    outer loop
      vertex -5.55 9.61288 12
      vertex -6.5 11.2583 12
      vertex -5.74975 11.6593 12
    endloop
  endfacet
  facet normal 0 0 -1
    outer loop
      vertex -7.22241 10.8091 12
      vertex -6.16683 9.22931 12
      vertex -6.75725 8.80622 12
    endloop
  endfacet
  facet normal 0 0 -1
    outer loop
      vertex -6.16683 9.22931 12
      vertex -7.22241 10.8091 12
      vertex -6.5 11.2583 12
    endloop
  endfacet
  facet normal 0 0 -1
    outer loop
      vertex -7.9139 10.3136 12
      vertex -6.75725 8.80622 12
      vertex -7.31874 8.34542 12
    endloop
  endfacet
  facet normal 0 0 -1
    outer loop
      vertex -8.5715 9.77392 12
      vertex -7.31874 8.34542 12
      vertex -7.84888 7.84888 12
    endloop
  endfacet
  facet normal 0 0 -1
    outer loop
      vertex -6.75725 8.80622 12
      vertex -7.9139 10.3136 12
      vertex -7.22241 10.8091 12
    endloop
  endfacet
  facet normal 0 0 -1
    outer loop
      vertex -9.19239 9.19239 12
      vertex -7.84888 7.84888 12
      vertex -8.34542 7.31874 12
    endloop
  endfacet
  facet normal 0 0 -1
    outer loop
      vertex -7.31874 8.34542 12
      vertex -8.5715 9.77392 12
      vertex -7.9139 10.3136 12
    endloop
  endfacet
  facet normal 0 0 -1
    outer loop
      vertex -9.77392 8.5715 12
      vertex -8.34542 7.31874 12
      vertex -8.80622 6.75725 12
    endloop
  endfacet
  facet normal 0 0 -1
    outer loop
      vertex -7.84888 7.84888 12
      vertex -9.19239 9.19239 12
      vertex -8.5715 9.77392 12
    endloop
  endfacet
  facet normal 0 0 -1
    outer loop
      vertex -10.3136 7.9139 12
      vertex -8.80622 6.75725 12
      vertex -9.22931 6.16683 12
    endloop
  endfacet
  facet normal 0 0 -1
    outer loop
      vertex -10.8091 7.22241 12
      vertex -9.22931 6.16683 12
      vertex -9.61288 5.55 12
    endloop
  endfacet
  facet normal 0 0 -1
    outer loop
      vertex -8.34542 7.31874 12
      vertex -9.77392 8.5715 12
      vertex -9.19239 9.19239 12
    endloop
  endfacet
  facet normal 0 0 -1
    outer loop
      vertex -11.2583 6.5 12
      vertex -9.61288 5.55 12
      vertex -9.95529 4.9094 12
    endloop
  endfacet
  facet normal 0 0 -1
    outer loop
      vertex -11.6593 5.74975 12
      vertex -9.95529 4.9094 12
      vertex -10.2551 4.24779 12
    endloop
  endfacet
  facet normal 0 0 -1
    outer loop
      vertex -8.80622 6.75725 12
      vertex -10.3136 7.9139 12
      vertex -9.77392 8.5715 12
    endloop
  endfacet
  facet normal 0 0 -1
    outer loop
      vertex -12.0104 4.97488 12
      vertex -10.2551 4.24779 12
      vertex -10.5109 3.56798 12
    endloop
  endfacet
  facet normal 0 0 -1
    outer loop
      vertex -12.3101 4.17871 12
      vertex -10.5109 3.56798 12
      vertex -10.7218 2.87289 12
    endloop
  endfacet
  facet normal 0 0 -1
    outer loop
      vertex -9.22931 6.16683 12
      vertex -10.8091 7.22241 12
      vertex -10.3136 7.9139 12
    endloop
  endfacet
  facet normal 0 0 -1
    outer loop
      vertex -12.557 3.36465 12
      vertex -10.7218 2.87289 12
      vertex -10.8867 2.1655 12
    endloop
  endfacet
  facet normal 0 0 -1
    outer loop
      vertex -12.7502 2.53617 12
      vertex -10.8867 2.1655 12
      vertex -11.005 1.44884 12
    endloop
  endfacet
  facet normal 0 0 -1
    outer loop
      vertex -12.8888 1.69684 12
      vertex -11.005 1.44884 12
      vertex -11.0762 0.725974 12
    endloop
  endfacet
  facet normal 0 0 -1
    outer loop
      vertex -9.61288 5.55 12
      vertex -11.2583 6.5 12
      vertex -10.8091 7.22241 12
    endloop
  endfacet
  facet normal 0 0 -1
    outer loop
      vertex -12.9722 0.85024 12
      vertex -11.0762 0.725974 12
      vertex -11.1 0 12
    endloop
  endfacet
  facet normal -0 0 -1
    outer loop
      vertex -10.7218 -2.87289 12
      vertex -12.557 -3.36465 12
      vertex -10.8867 -2.1655 12
    endloop
  endfacet
  facet normal 0 0 -1
    outer loop
      vertex -12.7502 -2.53617 12
      vertex -10.8867 -2.1655 12
      vertex -12.557 -3.36465 12
    endloop
  endfacet
  facet normal 0 0 -1
    outer loop
      vertex -9.95529 4.9094 12
      vertex -11.6593 5.74975 12
      vertex -11.2583 6.5 12
    endloop
  endfacet
  facet normal -0 0 -1
    outer loop
      vertex -10.8867 -2.1655 12
      vertex -12.7502 -2.53617 12
      vertex -11.005 -1.44884 12
    endloop
  endfacet
  facet normal 0 0 -1
    outer loop
      vertex -10.2551 4.24779 12
      vertex -12.0104 4.97488 12
      vertex -11.6593 5.74975 12
    endloop
  endfacet
  facet normal 0 0 -1
    outer loop
      vertex -12.8888 -1.69684 12
      vertex -11.005 -1.44884 12
      vertex -12.7502 -2.53617 12
    endloop
  endfacet
  facet normal 0 0 -1
    outer loop
      vertex -10.5109 3.56798 12
      vertex -12.3101 4.17871 12
      vertex -12.0104 4.97488 12
    endloop
  endfacet
  facet normal -0 0 -1
    outer loop
      vertex -11.005 -1.44884 12
      vertex -12.8888 -1.69684 12
      vertex -11.0762 -0.725974 12
    endloop
  endfacet
  facet normal 0 0 -1
    outer loop
      vertex -10.7218 2.87289 12
      vertex -12.557 3.36465 12
      vertex -12.3101 4.17871 12
    endloop
  endfacet
  facet normal 0 0 -1
    outer loop
      vertex -12.9722 -0.85024 12
      vertex -11.0762 -0.725974 12
      vertex -12.8888 -1.69684 12
    endloop
  endfacet
  facet normal 0 0 -1
    outer loop
      vertex -10.8867 2.1655 12
      vertex -12.7502 2.53617 12
      vertex -12.557 3.36465 12
    endloop
  endfacet
  facet normal -0 0 -1
    outer loop
      vertex -11.0762 -0.725974 12
      vertex -12.9722 -0.85024 12
      vertex -11.1 0 12
    endloop
  endfacet
  facet normal 0 0 -1
    outer loop
      vertex -11.005 1.44884 12
      vertex -12.8888 1.69684 12
      vertex -12.7502 2.53617 12
    endloop
  endfacet
  facet normal 0 0 -1
    outer loop
      vertex -13 0 12
      vertex -11.1 0 12
      vertex -12.9722 -0.85024 12
    endloop
  endfacet
  facet normal 0 0 -1
    outer loop
      vertex -11.0762 0.725974 12
      vertex -12.9722 0.85024 12
      vertex -12.8888 1.69684 12
    endloop
  endfacet
  facet normal 0 0 -1
    outer loop
      vertex -11.1 0 12
      vertex -13 0 12
      vertex -12.9722 0.85024 12
    endloop
  endfacet
  facet normal 0.527412 -0.848142 -0.0499107
    outer loop
      vertex 6.16683 -9.22931 12
      vertex 5.25 -9.09327 0
      vertex 5.83349 -8.73043 0
    endloop
  endfacet
  facet normal -0.993951 0.097827 -0.0499098
    outer loop
      vertex -10.4775 0.686732 0
      vertex -11.0762 0.725974 12
      vertex -10.4102 1.37052 0
    endloop
  endfacet
  facet normal -0.289982 0.95573 -0.0499143
    outer loop
      vertex -2.7176 10.1422 0
      vertex -3.56798 10.5109 12
      vertex -2.87289 10.7218 12
    endloop
  endfacet
  facet normal -0.162664 -0.985418 -0.0499132
    outer loop
      vertex -1.44884 -11.005 12
      vertex -2.1655 -10.8867 12
      vertex -2.04845 -10.2982 0
    endloop
  endfacet
  facet normal -0.226741 -0.972675 -0.0499133
    outer loop
      vertex -2.1655 -10.8867 12
      vertex -2.87289 -10.7218 12
      vertex -2.04845 -10.2982 0
    endloop
  endfacet
  facet normal -0.993944 -0.0979003 -0.0499055
    outer loop
      vertex -11.005 -1.44884 12
      vertex -11.0762 -0.725974 12
      vertex -10.4102 -1.37052 0
    endloop
  endfacet
  facet normal -0.998218 0.0327055 -0.0499097
    outer loop
      vertex -10.5 0 0
      vertex -11.0762 0.725974 12
      vertex -10.4775 0.686732 0
    endloop
  endfacet
  facet normal 0.527412 0.848142 -0.0499107
    outer loop
      vertex 5.83349 8.73043 0
      vertex 5.25 9.09327 0
      vertex 6.16683 9.22931 12
    endloop
  endfacet
  facet normal 0.0979003 0.993944 -0.0499055
    outer loop
      vertex 1.37052 10.4102 0
      vertex 0.725974 11.0762 12
      vertex 1.44884 11.005 12
    endloop
  endfacet
  facet normal -0.985418 0.162664 -0.0499132
    outer loop
      vertex -10.2982 2.04845 0
      vertex -11.005 1.44884 12
      vertex -10.8867 2.1655 12
    endloop
  endfacet
  facet normal -0.772049 -0.6336 -0.0499108
    outer loop
      vertex -8.34542 -7.31874 12
      vertex -8.80622 -6.75725 12
      vertex -7.89432 -6.92313 0
    endloop
  endfacet
  facet normal 0.728948 0.682747 -0.0499108
    outer loop
      vertex 7.89432 6.92313 0
      vertex 7.84888 7.84888 12
      vertex 8.34542 7.31874 12
    endloop
  endfacet
  facet normal -0.772049 0.6336 -0.0499108
    outer loop
      vertex -7.89432 6.92313 0
      vertex -8.80622 6.75725 12
      vertex -8.34542 7.31874 12
    endloop
  endfacet
  facet normal -0.985397 -0.162796 -0.0499054
    outer loop
      vertex -10.2982 -2.04845 0
      vertex -11.005 -1.44884 12
      vertex -10.4102 -1.37052 0
    endloop
  endfacet
  facet normal -0.985418 -0.162664 -0.0499132
    outer loop
      vertex -10.8867 -2.1655 12
      vertex -11.005 -1.44884 12
      vertex -10.2982 -2.04845 0
    endloop
  endfacet
  facet normal -0.581756 0.81183 -0.049911
    outer loop
      vertex -6.39199 8.33021 0
      vertex -6.75725 8.80622 12
      vertex -5.83349 8.73043 0
    endloop
  endfacet
  facet normal 0.934737 0.351818 -0.0499142
    outer loop
      vertex 9.94277 3.37511 0
      vertex 9.70073 4.01818 0
      vertex 10.2551 4.24779 12
    endloop
  endfacet
  facet normal 0.351736 0.934768 -0.0499091
    outer loop
      vertex 4.24779 10.2551 12
      vertex 3.37511 9.94277 0
      vertex 3.56798 10.5109 12
    endloop
  endfacet
  facet normal -0.412236 0.909709 -0.0499141
    outer loop
      vertex -4.01818 9.70073 0
      vertex -4.9094 9.95529 12
      vertex -4.24779 10.2551 12
    endloop
  endfacet
  facet normal -0.351736 0.934768 -0.0499091
    outer loop
      vertex -3.37511 9.94277 0
      vertex -4.24779 10.2551 12
      vertex -3.56798 10.5109 12
    endloop
  endfacet
  facet normal 0.581753 -0.811833 -0.0499107
    outer loop
      vertex 6.16683 -9.22931 12
      vertex 5.83349 -8.73043 0
      vertex 6.75725 -8.80622 12
    endloop
  endfacet
  facet normal -0.95573 0.289982 -0.0499143
    outer loop
      vertex -10.1422 2.7176 0
      vertex -10.7218 2.87289 12
      vertex -10.5109 3.56798 12
    endloop
  endfacet
  facet normal -0.412194 0.909728 -0.0499113
    outer loop
      vertex -4.64403 9.41716 0
      vertex -4.9094 9.95529 12
      vertex -4.01818 9.70073 0
    endloop
  endfacet
  facet normal -0.955757 -0.289892 -0.0499088
    outer loop
      vertex -9.94277 -3.37511 0
      vertex -10.5109 -3.56798 12
      vertex -10.1422 -2.7176 0
    endloop
  endfacet
  facet normal 0.682743 0.728952 -0.0499105
    outer loop
      vertex 7.42462 7.42462 0
      vertex 6.92313 7.89432 0
      vertex 7.84888 7.84888 12
    endloop
  endfacet
  facet normal -0.470812 0.880821 -0.0499106
    outer loop
      vertex -5.25 9.09327 0
      vertex -5.55 9.61288 12
      vertex -4.9094 9.95529 12
    endloop
  endfacet
  facet normal -0.0979003 0.993944 -0.0499055
    outer loop
      vertex -1.37052 10.4102 0
      vertex -1.44884 11.005 12
      vertex -0.725974 11.0762 12
    endloop
  endfacet
  facet normal -0.772051 -0.633598 -0.049911
    outer loop
      vertex -7.89432 -6.92313 0
      vertex -8.80622 -6.75725 12
      vertex -8.33021 -6.39199 0
    endloop
  endfacet
  facet normal 0.95573 0.289982 -0.0499143
    outer loop
      vertex 10.7218 2.87289 12
      vertex 10.1422 2.7176 0
      vertex 10.5109 3.56798 12
    endloop
  endfacet
  facet normal -0.728952 0.682743 -0.0499105
    outer loop
      vertex -7.42462 7.42462 0
      vertex -7.89432 6.92313 0
      vertex -7.84888 7.84888 12
    endloop
  endfacet
  facet normal -0.909728 0.412194 -0.0499113
    outer loop
      vertex -9.70073 4.01818 0
      vertex -9.95529 4.9094 12
      vertex -9.41716 4.64403 0
    endloop
  endfacet
  facet normal -0.162796 0.985397 -0.0499054
    outer loop
      vertex -1.37052 10.4102 0
      vertex -2.04845 10.2982 0
      vertex -1.44884 11.005 12
    endloop
  endfacet
  facet normal -0.162664 0.985418 -0.0499132
    outer loop
      vertex -2.04845 10.2982 0
      vertex -2.1655 10.8867 12
      vertex -1.44884 11.005 12
    endloop
  endfacet
  facet normal 0.351736 -0.934768 -0.0499091
    outer loop
      vertex 3.56798 -10.5109 12
      vertex 3.37511 -9.94277 0
      vertex 4.24779 -10.2551 12
    endloop
  endfacet
  facet normal 0.351818 -0.934737 -0.0499142
    outer loop
      vertex 4.24779 -10.2551 12
      vertex 3.37511 -9.94277 0
      vertex 4.01818 -9.70073 0
    endloop
  endfacet
  facet normal -0.351736 -0.934768 -0.0499091
    outer loop
      vertex -3.56798 -10.5109 12
      vertex -4.24779 -10.2551 12
      vertex -3.37511 -9.94277 0
    endloop
  endfacet
  facet normal -0.412236 -0.909709 -0.0499141
    outer loop
      vertex -4.24779 -10.2551 12
      vertex -4.9094 -9.95529 12
      vertex -4.01818 -9.70073 0
    endloop
  endfacet
  facet normal -0.728948 -0.682747 -0.0499108
    outer loop
      vertex -7.84888 -7.84888 12
      vertex -8.34542 -7.31874 12
      vertex -7.89432 -6.92313 0
    endloop
  endfacet
  facet normal -0.412194 -0.909728 -0.0499113
    outer loop
      vertex -4.01818 -9.70073 0
      vertex -4.9094 -9.95529 12
      vertex -4.64403 -9.41716 0
    endloop
  endfacet
  facet normal 0.728952 0.682743 -0.0499105
    outer loop
      vertex 7.89432 6.92313 0
      vertex 7.42462 7.42462 0
      vertex 7.84888 7.84888 12
    endloop
  endfacet
  facet normal 0 0 -1
    outer loop
      vertex 7.5 0 0
      vertex 10.5 0 0
      vertex 10.4775 -0.686732 0
    endloop
  endfacet
  facet normal 0 0 -1
    outer loop
      vertex 7.48394 -0.490523 0
      vertex 10.4775 -0.686732 0
      vertex 10.4102 -1.37052 0
    endloop
  endfacet
  facet normal 0 0 -1
    outer loop
      vertex 10.5 0 0
      vertex 7.5 0 0
      vertex 10.4775 0.686732 0
    endloop
  endfacet
  facet normal 0 0 -1
    outer loop
      vertex 7.43584 -0.978946 0
      vertex 10.4102 -1.37052 0
      vertex 10.2982 -2.04845 0
    endloop
  endfacet
  facet normal 0 0 -1
    outer loop
      vertex 7.48394 0.490523 0
      vertex 10.4775 0.686732 0
      vertex 7.5 0 0
    endloop
  endfacet
  facet normal 0 0 -1
    outer loop
      vertex 7.35589 -1.46318 0
      vertex 10.2982 -2.04845 0
      vertex 10.1422 -2.7176 0
    endloop
  endfacet
  facet normal -0 0 -1
    outer loop
      vertex 10.4775 0.686732 0
      vertex 7.48394 0.490523 0
      vertex 10.4102 1.37052 0
    endloop
  endfacet
  facet normal 0 0 -1
    outer loop
      vertex 7.24444 -1.94114 0
      vertex 10.1422 -2.7176 0
      vertex 9.94277 -3.37511 0
    endloop
  endfacet
  facet normal 0 0 -1
    outer loop
      vertex 7.43584 0.978946 0
      vertex 10.4102 1.37052 0
      vertex 7.48394 0.490523 0
    endloop
  endfacet
  facet normal 0 0 -1
    outer loop
      vertex 7.10198 -2.4108 0
      vertex 9.94277 -3.37511 0
      vertex 9.70073 -4.01818 0
    endloop
  endfacet
  facet normal -0 0 -1
    outer loop
      vertex 10.4102 1.37052 0
      vertex 7.43584 0.978946 0
      vertex 10.2982 2.04845 0
    endloop
  endfacet
  facet normal 0 0 -1
    outer loop
      vertex 6.9291 -2.87012 0
      vertex 9.70073 -4.01818 0
      vertex 9.41716 -4.64403 0
    endloop
  endfacet
  facet normal 0 0 -1
    outer loop
      vertex 7.35589 1.46318 0
      vertex 10.2982 2.04845 0
      vertex 7.43584 0.978946 0
    endloop
  endfacet
  facet normal 0 0 -1
    outer loop
      vertex 6.72655 -3.31716 0
      vertex 9.41716 -4.64403 0
      vertex 9.09327 -5.25 0
    endloop
  endfacet
  facet normal -0 0 -1
    outer loop
      vertex 10.2982 2.04845 0
      vertex 7.35589 1.46318 0
      vertex 10.1422 2.7176 0
    endloop
  endfacet
  facet normal 0 0 -1
    outer loop
      vertex 6.49519 -3.75 0
      vertex 9.09327 -5.25 0
      vertex 8.73043 -5.83349 0
    endloop
  endfacet
  facet normal 0 0 -1
    outer loop
      vertex 7.24444 1.94114 0
      vertex 10.1422 2.7176 0
      vertex 7.35589 1.46318 0
    endloop
  endfacet
  facet normal 0 0 -1
    outer loop
      vertex 6.23602 -4.16678 0
      vertex 8.73043 -5.83349 0
      vertex 8.33021 -6.39199 0
    endloop
  endfacet
  facet normal -0 0 -1
    outer loop
      vertex 10.1422 2.7176 0
      vertex 7.24444 1.94114 0
      vertex 9.94277 3.37511 0
    endloop
  endfacet
  facet normal 0 0 -1
    outer loop
      vertex 5.95015 -4.56571 0
      vertex 8.33021 -6.39199 0
      vertex 7.89432 -6.92313 0
    endloop
  endfacet
  facet normal 0 0 -1
    outer loop
      vertex 7.10198 2.4108 0
      vertex 9.94277 3.37511 0
      vertex 7.24444 1.94114 0
    endloop
  endfacet
  facet normal -0 0 -1
    outer loop
      vertex 9.94277 3.37511 0
      vertex 7.10198 2.4108 0
      vertex 9.70073 4.01818 0
    endloop
  endfacet
  facet normal 0 0 -1
    outer loop
      vertex 10.4775 -0.686732 0
      vertex 7.48394 -0.490523 0
      vertex 7.5 0 0
    endloop
  endfacet
  facet normal 0 0 -1
    outer loop
      vertex 10.4102 -1.37052 0
      vertex 7.43584 -0.978946 0
      vertex 7.48394 -0.490523 0
    endloop
  endfacet
  facet normal 0 0 -1
    outer loop
      vertex 5.6388 -4.94509 0
      vertex 7.89432 -6.92313 0
      vertex 7.42462 -7.42462 0
    endloop
  endfacet
  facet normal 0 0 -1
    outer loop
      vertex 10.2982 -2.04845 0
      vertex 7.35589 -1.46318 0
      vertex 7.43584 -0.978946 0
    endloop
  endfacet
  facet normal 0 0 -1
    outer loop
      vertex 10.1422 -2.7176 0
      vertex 7.24444 -1.94114 0
      vertex 7.35589 -1.46318 0
    endloop
  endfacet
  facet normal 0 0 -1
    outer loop
      vertex 9.94277 -3.37511 0
      vertex 7.10198 -2.4108 0
      vertex 7.24444 -1.94114 0
    endloop
  endfacet
  facet normal 0 0 -1
    outer loop
      vertex 9.70073 -4.01818 0
      vertex 6.9291 -2.87012 0
      vertex 7.10198 -2.4108 0
    endloop
  endfacet
  facet normal 0 0 -1
    outer loop
      vertex 5.3033 -5.3033 0
      vertex 7.42462 -7.42462 0
      vertex 6.92313 -7.89432 0
    endloop
  endfacet
  facet normal 0 0 -1
    outer loop
      vertex 9.41716 -4.64403 0
      vertex 6.72655 -3.31716 0
      vertex 6.9291 -2.87012 0
    endloop
  endfacet
  facet normal 0 0 -1
    outer loop
      vertex 9.09327 -5.25 0
      vertex 6.49519 -3.75 0
      vertex 6.72655 -3.31716 0
    endloop
  endfacet
  facet normal 0 0 -1
    outer loop
      vertex 4.94509 -5.6388 0
      vertex 6.92313 -7.89432 0
      vertex 6.39199 -8.33021 0
    endloop
  endfacet
  facet normal 0 0 -1
    outer loop
      vertex 8.73043 -5.83349 0
      vertex 6.23602 -4.16678 0
      vertex 6.49519 -3.75 0
    endloop
  endfacet
  facet normal 0 0 -1
    outer loop
      vertex 8.33021 -6.39199 0
      vertex 5.95015 -4.56571 0
      vertex 6.23602 -4.16678 0
    endloop
  endfacet
  facet normal 0 0 -1
    outer loop
      vertex 4.56571 -5.95015 0
      vertex 6.39199 -8.33021 0
      vertex 5.83349 -8.73043 0
    endloop
  endfacet
  facet normal 0 0 -1
    outer loop
      vertex 7.89432 -6.92313 0
      vertex 5.6388 -4.94509 0
      vertex 5.95015 -4.56571 0
    endloop
  endfacet
  facet normal 0 0 -1
    outer loop
      vertex 7.42462 -7.42462 0
      vertex 5.3033 -5.3033 0
      vertex 5.6388 -4.94509 0
    endloop
  endfacet
  facet normal 0 0 -1
    outer loop
      vertex 4.16678 -6.23602 0
      vertex 5.83349 -8.73043 0
      vertex 5.25 -9.09327 0
    endloop
  endfacet
  facet normal 0 0 -1
    outer loop
      vertex 6.92313 -7.89432 0
      vertex 4.94509 -5.6388 0
      vertex 5.3033 -5.3033 0
    endloop
  endfacet
  facet normal 0 0 -1
    outer loop
      vertex 3.75 -6.49519 0
      vertex 5.25 -9.09327 0
      vertex 4.64403 -9.41716 0
    endloop
  endfacet
  facet normal 0 0 -1
    outer loop
      vertex 6.39199 -8.33021 0
      vertex 4.56571 -5.95015 0
      vertex 4.94509 -5.6388 0
    endloop
  endfacet
  facet normal 0 0 -1
    outer loop
      vertex 5.83349 -8.73043 0
      vertex 4.16678 -6.23602 0
      vertex 4.56571 -5.95015 0
    endloop
  endfacet
  facet normal 0 0 -1
    outer loop
      vertex 3.31716 -6.72655 0
      vertex 4.64403 -9.41716 0
      vertex 4.01818 -9.70073 0
    endloop
  endfacet
  facet normal 0 0 -1
    outer loop
      vertex 5.25 -9.09327 0
      vertex 3.75 -6.49519 0
      vertex 4.16678 -6.23602 0
    endloop
  endfacet
  facet normal 0 0 -1
    outer loop
      vertex 2.87012 -6.9291 0
      vertex 4.01818 -9.70073 0
      vertex 3.37511 -9.94277 0
    endloop
  endfacet
  facet normal 0 0 -1
    outer loop
      vertex 4.64403 -9.41716 0
      vertex 3.31716 -6.72655 0
      vertex 3.75 -6.49519 0
    endloop
  endfacet
  facet normal 0 0 -1
    outer loop
      vertex 4.01818 -9.70073 0
      vertex 2.87012 -6.9291 0
      vertex 3.31716 -6.72655 0
    endloop
  endfacet
  facet normal 0 0 -1
    outer loop
      vertex 2.4108 -7.10198 0
      vertex 3.37511 -9.94277 0
      vertex 2.7176 -10.1422 0
    endloop
  endfacet
  facet normal 0 0 -1
    outer loop
      vertex 3.37511 -9.94277 0
      vertex 2.4108 -7.10198 0
      vertex 2.87012 -6.9291 0
    endloop
  endfacet
  facet normal 0 0 -1
    outer loop
      vertex 1.94114 -7.24444 0
      vertex 2.7176 -10.1422 0
      vertex 2.04845 -10.2982 0
    endloop
  endfacet
  facet normal 0 0 -1
    outer loop
      vertex 2.7176 -10.1422 0
      vertex 1.94114 -7.24444 0
      vertex 2.4108 -7.10198 0
    endloop
  endfacet
  facet normal 0 0 -1
    outer loop
      vertex 2.04845 -10.2982 0
      vertex 1.46318 -7.35589 0
      vertex 1.94114 -7.24444 0
    endloop
  endfacet
  facet normal 0 0 -1
    outer loop
      vertex 1.37052 -10.4102 0
      vertex 1.46318 -7.35589 0
      vertex 2.04845 -10.2982 0
    endloop
  endfacet
  facet normal 0 0 -1
    outer loop
      vertex 1.37052 -10.4102 0
      vertex 0.978946 -7.43584 0
      vertex 1.46318 -7.35589 0
    endloop
  endfacet
  facet normal 0 0 -1
    outer loop
      vertex 0.686732 -10.4775 0
      vertex 0.978946 -7.43584 0
      vertex 1.37052 -10.4102 0
    endloop
  endfacet
  facet normal 0 0 -1
    outer loop
      vertex 0.686732 -10.4775 0
      vertex 0.490523 -7.48394 0
      vertex 0.978946 -7.43584 0
    endloop
  endfacet
  facet normal 0 0 -1
    outer loop
      vertex 0 -10.5 0
      vertex 0.490523 -7.48394 0
      vertex 0.686732 -10.4775 0
    endloop
  endfacet
  facet normal 0 0 -1
    outer loop
      vertex 0 -10.5 0
      vertex 0 -7.5 0
      vertex 0.490523 -7.48394 0
    endloop
  endfacet
  facet normal 0 0 -1
    outer loop
      vertex 0 -10.5 0
      vertex -0.490523 -7.48394 0
      vertex 0 -7.5 0
    endloop
  endfacet
  facet normal 0 0 -1
    outer loop
      vertex -0.686732 -10.4775 0
      vertex -0.490523 -7.48394 0
      vertex 0 -10.5 0
    endloop
  endfacet
  facet normal 0 0 -1
    outer loop
      vertex -0.686732 -10.4775 0
      vertex -0.978946 -7.43584 0
      vertex -0.490523 -7.48394 0
    endloop
  endfacet
  facet normal 0 0 -1
    outer loop
      vertex -1.37052 -10.4102 0
      vertex -0.978946 -7.43584 0
      vertex -0.686732 -10.4775 0
    endloop
  endfacet
  facet normal 0 0 -1
    outer loop
      vertex -1.37052 -10.4102 0
      vertex -1.46318 -7.35589 0
      vertex -0.978946 -7.43584 0
    endloop
  endfacet
  facet normal 0 0 -1
    outer loop
      vertex -2.04845 -10.2982 0
      vertex -1.46318 -7.35589 0
      vertex -1.37052 -10.4102 0
    endloop
  endfacet
  facet normal -0 0 -1
    outer loop
      vertex -1.46318 -7.35589 0
      vertex -2.04845 -10.2982 0
      vertex -1.94114 -7.24444 0
    endloop
  endfacet
  facet normal 0 0 -1
    outer loop
      vertex -2.7176 -10.1422 0
      vertex -1.94114 -7.24444 0
      vertex -2.04845 -10.2982 0
    endloop
  endfacet
  facet normal -0 0 -1
    outer loop
      vertex -1.94114 -7.24444 0
      vertex -2.7176 -10.1422 0
      vertex -2.4108 -7.10198 0
    endloop
  endfacet
  facet normal 0 0 -1
    outer loop
      vertex -3.37511 -9.94277 0
      vertex -2.4108 -7.10198 0
      vertex -2.7176 -10.1422 0
    endloop
  endfacet
  facet normal -0 0 -1
    outer loop
      vertex -2.4108 -7.10198 0
      vertex -3.37511 -9.94277 0
      vertex -2.87012 -6.9291 0
    endloop
  endfacet
  facet normal 0 0 -1
    outer loop
      vertex -4.01818 -9.70073 0
      vertex -2.87012 -6.9291 0
      vertex -3.37511 -9.94277 0
    endloop
  endfacet
  facet normal -0 0 -1
    outer loop
      vertex -2.87012 -6.9291 0
      vertex -4.01818 -9.70073 0
      vertex -3.31716 -6.72655 0
    endloop
  endfacet
  facet normal 0 0 -1
    outer loop
      vertex -4.64403 -9.41716 0
      vertex -3.31716 -6.72655 0
      vertex -4.01818 -9.70073 0
    endloop
  endfacet
  facet normal -0 0 -1
    outer loop
      vertex -3.31716 -6.72655 0
      vertex -4.64403 -9.41716 0
      vertex -3.75 -6.49519 0
    endloop
  endfacet
  facet normal 0 0 -1
    outer loop
      vertex -5.25 -9.09327 0
      vertex -3.75 -6.49519 0
      vertex -4.64403 -9.41716 0
    endloop
  endfacet
  facet normal -0 0 -1
    outer loop
      vertex -3.75 -6.49519 0
      vertex -5.25 -9.09327 0
      vertex -4.16678 -6.23602 0
    endloop
  endfacet
  facet normal 0 0 -1
    outer loop
      vertex -5.83349 -8.73043 0
      vertex -4.16678 -6.23602 0
      vertex -5.25 -9.09327 0
    endloop
  endfacet
  facet normal -0 0 -1
    outer loop
      vertex -4.16678 -6.23602 0
      vertex -5.83349 -8.73043 0
      vertex -4.56571 -5.95015 0
    endloop
  endfacet
  facet normal 0 0 -1
    outer loop
      vertex -6.39199 -8.33021 0
      vertex -4.56571 -5.95015 0
      vertex -5.83349 -8.73043 0
    endloop
  endfacet
  facet normal -0 0 -1
    outer loop
      vertex -4.56571 -5.95015 0
      vertex -6.39199 -8.33021 0
      vertex -4.94509 -5.6388 0
    endloop
  endfacet
  facet normal 0 0 -1
    outer loop
      vertex -6.92313 -7.89432 0
      vertex -4.94509 -5.6388 0
      vertex -6.39199 -8.33021 0
    endloop
  endfacet
  facet normal -0 0 -1
    outer loop
      vertex -4.94509 -5.6388 0
      vertex -6.92313 -7.89432 0
      vertex -5.3033 -5.3033 0
    endloop
  endfacet
  facet normal 0 0 -1
    outer loop
      vertex -7.42462 -7.42462 0
      vertex -5.3033 -5.3033 0
      vertex -6.92313 -7.89432 0
    endloop
  endfacet
  facet normal -0 0 -1
    outer loop
      vertex -5.3033 -5.3033 0
      vertex -7.42462 -7.42462 0
      vertex -5.6388 -4.94509 0
    endloop
  endfacet
  facet normal 0 0 -1
    outer loop
      vertex -7.89432 -6.92313 0
      vertex -5.6388 -4.94509 0
      vertex -7.42462 -7.42462 0
    endloop
  endfacet
  facet normal -0 0 -1
    outer loop
      vertex -5.6388 -4.94509 0
      vertex -7.89432 -6.92313 0
      vertex -5.95015 -4.56571 0
    endloop
  endfacet
  facet normal 0 0 -1
    outer loop
      vertex -8.33021 -6.39199 0
      vertex -5.95015 -4.56571 0
      vertex -7.89432 -6.92313 0
    endloop
  endfacet
  facet normal -0 0 -1
    outer loop
      vertex -5.95015 -4.56571 0
      vertex -8.33021 -6.39199 0
      vertex -6.23602 -4.16678 0
    endloop
  endfacet
  facet normal 0 0 -1
    outer loop
      vertex -8.73043 -5.83349 0
      vertex -6.23602 -4.16678 0
      vertex -8.33021 -6.39199 0
    endloop
  endfacet
  facet normal -0 0 -1
    outer loop
      vertex -6.23602 -4.16678 0
      vertex -8.73043 -5.83349 0
      vertex -6.49519 -3.75 0
    endloop
  endfacet
  facet normal 0 0 -1
    outer loop
      vertex -9.09327 -5.25 0
      vertex -6.49519 -3.75 0
      vertex -8.73043 -5.83349 0
    endloop
  endfacet
  facet normal -0 0 -1
    outer loop
      vertex -6.49519 -3.75 0
      vertex -9.09327 -5.25 0
      vertex -6.72655 -3.31716 0
    endloop
  endfacet
  facet normal 0 0 -1
    outer loop
      vertex -9.41716 -4.64403 0
      vertex -6.72655 -3.31716 0
      vertex -9.09327 -5.25 0
    endloop
  endfacet
  facet normal -0 0 -1
    outer loop
      vertex -6.72655 -3.31716 0
      vertex -9.41716 -4.64403 0
      vertex -6.9291 -2.87012 0
    endloop
  endfacet
  facet normal 0 0 -1
    outer loop
      vertex -9.70073 -4.01818 0
      vertex -6.9291 -2.87012 0
      vertex -9.41716 -4.64403 0
    endloop
  endfacet
  facet normal -0 0 -1
    outer loop
      vertex -6.9291 -2.87012 0
      vertex -9.70073 -4.01818 0
      vertex -7.10198 -2.4108 0
    endloop
  endfacet
  facet normal 0 0 -1
    outer loop
      vertex 6.9291 2.87012 0
      vertex 9.70073 4.01818 0
      vertex 7.10198 2.4108 0
    endloop
  endfacet
  facet normal -0 0 -1
    outer loop
      vertex 9.70073 4.01818 0
      vertex 6.9291 2.87012 0
      vertex 9.41716 4.64403 0
    endloop
  endfacet
  facet normal 0 0 -1
    outer loop
      vertex 6.72655 3.31716 0
      vertex 9.41716 4.64403 0
      vertex 6.9291 2.87012 0
    endloop
  endfacet
  facet normal -0 0 -1
    outer loop
      vertex 9.41716 4.64403 0
      vertex 6.72655 3.31716 0
      vertex 9.09327 5.25 0
    endloop
  endfacet
  facet normal 0 0 -1
    outer loop
      vertex 6.49519 3.75 0
      vertex 9.09327 5.25 0
      vertex 6.72655 3.31716 0
    endloop
  endfacet
  facet normal -0 0 -1
    outer loop
      vertex 9.09327 5.25 0
      vertex 6.49519 3.75 0
      vertex 8.73043 5.83349 0
    endloop
  endfacet
  facet normal 0 0 -1
    outer loop
      vertex 6.23602 4.16678 0
      vertex 8.73043 5.83349 0
      vertex 6.49519 3.75 0
    endloop
  endfacet
  facet normal -0 0 -1
    outer loop
      vertex 8.73043 5.83349 0
      vertex 6.23602 4.16678 0
      vertex 8.33021 6.39199 0
    endloop
  endfacet
  facet normal 0 0 -1
    outer loop
      vertex 5.95015 4.56571 0
      vertex 8.33021 6.39199 0
      vertex 6.23602 4.16678 0
    endloop
  endfacet
  facet normal -0 0 -1
    outer loop
      vertex 8.33021 6.39199 0
      vertex 5.95015 4.56571 0
      vertex 7.89432 6.92313 0
    endloop
  endfacet
  facet normal 0 0 -1
    outer loop
      vertex 5.6388 4.94509 0
      vertex 7.89432 6.92313 0
      vertex 5.95015 4.56571 0
    endloop
  endfacet
  facet normal -0 0 -1
    outer loop
      vertex 7.89432 6.92313 0
      vertex 5.6388 4.94509 0
      vertex 7.42462 7.42462 0
    endloop
  endfacet
  facet normal 0 0 -1
    outer loop
      vertex 5.3033 5.3033 0
      vertex 7.42462 7.42462 0
      vertex 5.6388 4.94509 0
    endloop
  endfacet
  facet normal -0 0 -1
    outer loop
      vertex 7.42462 7.42462 0
      vertex 5.3033 5.3033 0
      vertex 6.92313 7.89432 0
    endloop
  endfacet
  facet normal 0 0 -1
    outer loop
      vertex 4.94509 5.6388 0
      vertex 6.92313 7.89432 0
      vertex 5.3033 5.3033 0
    endloop
  endfacet
  facet normal -0 0 -1
    outer loop
      vertex 6.92313 7.89432 0
      vertex 4.94509 5.6388 0
      vertex 6.39199 8.33021 0
    endloop
  endfacet
  facet normal 0 0 -1
    outer loop
      vertex 4.56571 5.95015 0
      vertex 6.39199 8.33021 0
      vertex 4.94509 5.6388 0
    endloop
  endfacet
  facet normal -0 0 -1
    outer loop
      vertex 6.39199 8.33021 0
      vertex 4.56571 5.95015 0
      vertex 5.83349 8.73043 0
    endloop
  endfacet
  facet normal 0 0 -1
    outer loop
      vertex 4.16678 6.23602 0
      vertex 5.83349 8.73043 0
      vertex 4.56571 5.95015 0
    endloop
  endfacet
  facet normal -0 0 -1
    outer loop
      vertex 5.83349 8.73043 0
      vertex 4.16678 6.23602 0
      vertex 5.25 9.09327 0
    endloop
  endfacet
  facet normal 0 0 -1
    outer loop
      vertex 3.75 6.49519 0
      vertex 5.25 9.09327 0
      vertex 4.16678 6.23602 0
    endloop
  endfacet
  facet normal -0 0 -1
    outer loop
      vertex 5.25 9.09327 0
      vertex 3.75 6.49519 0
      vertex 4.64403 9.41716 0
    endloop
  endfacet
  facet normal 0 0 -1
    outer loop
      vertex 3.31716 6.72655 0
      vertex 4.64403 9.41716 0
      vertex 3.75 6.49519 0
    endloop
  endfacet
  facet normal -0 0 -1
    outer loop
      vertex 4.64403 9.41716 0
      vertex 3.31716 6.72655 0
      vertex 4.01818 9.70073 0
    endloop
  endfacet
  facet normal 0 0 -1
    outer loop
      vertex 2.87012 6.9291 0
      vertex 4.01818 9.70073 0
      vertex 3.31716 6.72655 0
    endloop
  endfacet
  facet normal -0 0 -1
    outer loop
      vertex 4.01818 9.70073 0
      vertex 2.87012 6.9291 0
      vertex 3.37511 9.94277 0
    endloop
  endfacet
  facet normal 0 0 -1
    outer loop
      vertex 2.4108 7.10198 0
      vertex 3.37511 9.94277 0
      vertex 2.87012 6.9291 0
    endloop
  endfacet
  facet normal -0 0 -1
    outer loop
      vertex 3.37511 9.94277 0
      vertex 2.4108 7.10198 0
      vertex 2.7176 10.1422 0
    endloop
  endfacet
  facet normal 0 0 -1
    outer loop
      vertex 1.94114 7.24444 0
      vertex 2.7176 10.1422 0
      vertex 2.4108 7.10198 0
    endloop
  endfacet
  facet normal -0 0 -1
    outer loop
      vertex 2.7176 10.1422 0
      vertex 1.94114 7.24444 0
      vertex 2.04845 10.2982 0
    endloop
  endfacet
  facet normal 0 0 -1
    outer loop
      vertex 1.46318 7.35589 0
      vertex 2.04845 10.2982 0
      vertex 1.94114 7.24444 0
    endloop
  endfacet
  facet normal 0 0 -1
    outer loop
      vertex 1.46318 7.35589 0
      vertex 1.37052 10.4102 0
      vertex 2.04845 10.2982 0
    endloop
  endfacet
  facet normal 0 0 -1
    outer loop
      vertex 0.978946 7.43584 0
      vertex 1.37052 10.4102 0
      vertex 1.46318 7.35589 0
    endloop
  endfacet
  facet normal 0 0 -1
    outer loop
      vertex 0.978946 7.43584 0
      vertex 0.686732 10.4775 0
      vertex 1.37052 10.4102 0
    endloop
  endfacet
  facet normal 0 0 -1
    outer loop
      vertex 0.490523 7.48394 0
      vertex 0.686732 10.4775 0
      vertex 0.978946 7.43584 0
    endloop
  endfacet
  facet normal 0 0 -1
    outer loop
      vertex 0 7.5 0
      vertex 0.686732 10.4775 0
      vertex 0.490523 7.48394 0
    endloop
  endfacet
  facet normal 0 0 -1
    outer loop
      vertex 0 7.5 0
      vertex 0 10.5 0
      vertex 0.686732 10.4775 0
    endloop
  endfacet
  facet normal 0 0 -1
    outer loop
      vertex -0.490523 7.48394 0
      vertex 0 10.5 0
      vertex 0 7.5 0
    endloop
  endfacet
  facet normal 0 0 -1
    outer loop
      vertex -0.490523 7.48394 0
      vertex -0.686732 10.4775 0
      vertex 0 10.5 0
    endloop
  endfacet
  facet normal 0 0 -1
    outer loop
      vertex -0.978946 7.43584 0
      vertex -0.686732 10.4775 0
      vertex -0.490523 7.48394 0
    endloop
  endfacet
  facet normal 0 0 -1
    outer loop
      vertex -0.978946 7.43584 0
      vertex -1.37052 10.4102 0
      vertex -0.686732 10.4775 0
    endloop
  endfacet
  facet normal 0 0 -1
    outer loop
      vertex -1.46318 7.35589 0
      vertex -1.37052 10.4102 0
      vertex -0.978946 7.43584 0
    endloop
  endfacet
  facet normal 0 0 -1
    outer loop
      vertex -2.04845 10.2982 0
      vertex -1.46318 7.35589 0
      vertex -1.94114 7.24444 0
    endloop
  endfacet
  facet normal 0 0 -1
    outer loop
      vertex -1.46318 7.35589 0
      vertex -2.04845 10.2982 0
      vertex -1.37052 10.4102 0
    endloop
  endfacet
  facet normal 0 0 -1
    outer loop
      vertex -2.7176 10.1422 0
      vertex -1.94114 7.24444 0
      vertex -2.4108 7.10198 0
    endloop
  endfacet
  facet normal 0 0 -1
    outer loop
      vertex -1.94114 7.24444 0
      vertex -2.7176 10.1422 0
      vertex -2.04845 10.2982 0
    endloop
  endfacet
  facet normal 0 0 -1
    outer loop
      vertex -3.37511 9.94277 0
      vertex -2.4108 7.10198 0
      vertex -2.87012 6.9291 0
    endloop
  endfacet
  facet normal 0 0 -1
    outer loop
      vertex -4.01818 9.70073 0
      vertex -2.87012 6.9291 0
      vertex -3.31716 6.72655 0
    endloop
  endfacet
  facet normal 0 0 -1
    outer loop
      vertex -2.4108 7.10198 0
      vertex -3.37511 9.94277 0
      vertex -2.7176 10.1422 0
    endloop
  endfacet
  facet normal 0 0 -1
    outer loop
      vertex -4.64403 9.41716 0
      vertex -3.31716 6.72655 0
      vertex -3.75 6.49519 0
    endloop
  endfacet
  facet normal 0 0 -1
    outer loop
      vertex -2.87012 6.9291 0
      vertex -4.01818 9.70073 0
      vertex -3.37511 9.94277 0
    endloop
  endfacet
  facet normal 0 0 -1
    outer loop
      vertex -5.25 9.09327 0
      vertex -3.75 6.49519 0
      vertex -4.16678 6.23602 0
    endloop
  endfacet
  facet normal 0 0 -1
    outer loop
      vertex -5.83349 8.73043 0
      vertex -4.16678 6.23602 0
      vertex -4.56571 5.95015 0
    endloop
  endfacet
  facet normal 0 0 -1
    outer loop
      vertex -3.31716 6.72655 0
      vertex -4.64403 9.41716 0
      vertex -4.01818 9.70073 0
    endloop
  endfacet
  facet normal 0 0 -1
    outer loop
      vertex -6.39199 8.33021 0
      vertex -4.56571 5.95015 0
      vertex -4.94509 5.6388 0
    endloop
  endfacet
  facet normal 0 0 -1
    outer loop
      vertex -3.75 6.49519 0
      vertex -5.25 9.09327 0
      vertex -4.64403 9.41716 0
    endloop
  endfacet
  facet normal 0 0 -1
    outer loop
      vertex -6.92313 7.89432 0
      vertex -4.94509 5.6388 0
      vertex -5.3033 5.3033 0
    endloop
  endfacet
  facet normal 0 0 -1
    outer loop
      vertex -7.42462 7.42462 0
      vertex -5.3033 5.3033 0
      vertex -5.6388 4.94509 0
    endloop
  endfacet
  facet normal 0 0 -1
    outer loop
      vertex -4.16678 6.23602 0
      vertex -5.83349 8.73043 0
      vertex -5.25 9.09327 0
    endloop
  endfacet
  facet normal 0 0 -1
    outer loop
      vertex -7.89432 6.92313 0
      vertex -5.6388 4.94509 0
      vertex -5.95015 4.56571 0
    endloop
  endfacet
  facet normal 0 0 -1
    outer loop
      vertex -8.33021 6.39199 0
      vertex -5.95015 4.56571 0
      vertex -6.23602 4.16678 0
    endloop
  endfacet
  facet normal 0 0 -1
    outer loop
      vertex -4.56571 5.95015 0
      vertex -6.39199 8.33021 0
      vertex -5.83349 8.73043 0
    endloop
  endfacet
  facet normal 0 0 -1
    outer loop
      vertex -8.73043 5.83349 0
      vertex -6.23602 4.16678 0
      vertex -6.49519 3.75 0
    endloop
  endfacet
  facet normal 0 0 -1
    outer loop
      vertex -9.09327 5.25 0
      vertex -6.49519 3.75 0
      vertex -6.72655 3.31716 0
    endloop
  endfacet
  facet normal 0 0 -1
    outer loop
      vertex -4.94509 5.6388 0
      vertex -6.92313 7.89432 0
      vertex -6.39199 8.33021 0
    endloop
  endfacet
  facet normal 0 0 -1
    outer loop
      vertex -9.41716 4.64403 0
      vertex -6.72655 3.31716 0
      vertex -6.9291 2.87012 0
    endloop
  endfacet
  facet normal 0 0 -1
    outer loop
      vertex -9.70073 4.01818 0
      vertex -6.9291 2.87012 0
      vertex -7.10198 2.4108 0
    endloop
  endfacet
  facet normal 0 0 -1
    outer loop
      vertex -9.94277 3.37511 0
      vertex -7.10198 2.4108 0
      vertex -7.24444 1.94114 0
    endloop
  endfacet
  facet normal 0 0 -1
    outer loop
      vertex -10.1422 2.7176 0
      vertex -7.24444 1.94114 0
      vertex -7.35589 1.46318 0
    endloop
  endfacet
  facet normal 0 0 -1
    outer loop
      vertex -5.3033 5.3033 0
      vertex -7.42462 7.42462 0
      vertex -6.92313 7.89432 0
    endloop
  endfacet
  facet normal 0 0 -1
    outer loop
      vertex -10.2982 2.04845 0
      vertex -7.35589 1.46318 0
      vertex -7.43584 0.978946 0
    endloop
  endfacet
  facet normal 0 0 -1
    outer loop
      vertex -10.4102 1.37052 0
      vertex -7.43584 0.978946 0
      vertex -7.48394 0.490523 0
    endloop
  endfacet
  facet normal 0 0 -1
    outer loop
      vertex -10.4775 0.686732 0
      vertex -7.48394 0.490523 0
      vertex -7.5 0 0
    endloop
  endfacet
  facet normal 0 0 -1
    outer loop
      vertex -9.94277 -3.37511 0
      vertex -7.10198 -2.4108 0
      vertex -9.70073 -4.01818 0
    endloop
  endfacet
  facet normal 0 0 -1
    outer loop
      vertex -5.6388 4.94509 0
      vertex -7.89432 6.92313 0
      vertex -7.42462 7.42462 0
    endloop
  endfacet
  facet normal -0 0 -1
    outer loop
      vertex -7.10198 -2.4108 0
      vertex -9.94277 -3.37511 0
      vertex -7.24444 -1.94114 0
    endloop
  endfacet
  facet normal 0 0 -1
    outer loop
      vertex -5.95015 4.56571 0
      vertex -8.33021 6.39199 0
      vertex -7.89432 6.92313 0
    endloop
  endfacet
  facet normal 0 0 -1
    outer loop
      vertex -10.1422 -2.7176 0
      vertex -7.24444 -1.94114 0
      vertex -9.94277 -3.37511 0
    endloop
  endfacet
  facet normal 0 0 -1
    outer loop
      vertex -6.23602 4.16678 0
      vertex -8.73043 5.83349 0
      vertex -8.33021 6.39199 0
    endloop
  endfacet
  facet normal -0 0 -1
    outer loop
      vertex -7.24444 -1.94114 0
      vertex -10.1422 -2.7176 0
      vertex -7.35589 -1.46318 0
    endloop
  endfacet
  facet normal 0 0 -1
    outer loop
      vertex -6.49519 3.75 0
      vertex -9.09327 5.25 0
      vertex -8.73043 5.83349 0
    endloop
  endfacet
  facet normal 0 0 -1
    outer loop
      vertex -10.2982 -2.04845 0
      vertex -7.35589 -1.46318 0
      vertex -10.1422 -2.7176 0
    endloop
  endfacet
  facet normal 0 0 -1
    outer loop
      vertex -6.72655 3.31716 0
      vertex -9.41716 4.64403 0
      vertex -9.09327 5.25 0
    endloop
  endfacet
  facet normal -0 0 -1
    outer loop
      vertex -7.35589 -1.46318 0
      vertex -10.2982 -2.04845 0
      vertex -7.43584 -0.978946 0
    endloop
  endfacet
  facet normal 0 0 -1
    outer loop
      vertex -6.9291 2.87012 0
      vertex -9.70073 4.01818 0
      vertex -9.41716 4.64403 0
    endloop
  endfacet
  facet normal 0 0 -1
    outer loop
      vertex -10.4102 -1.37052 0
      vertex -7.43584 -0.978946 0
      vertex -10.2982 -2.04845 0
    endloop
  endfacet
  facet normal 0 0 -1
    outer loop
      vertex -7.10198 2.4108 0
      vertex -9.94277 3.37511 0
      vertex -9.70073 4.01818 0
    endloop
  endfacet
  facet normal -0 0 -1
    outer loop
      vertex -7.43584 -0.978946 0
      vertex -10.4102 -1.37052 0
      vertex -7.48394 -0.490523 0
    endloop
  endfacet
  facet normal 0 0 -1
    outer loop
      vertex -7.24444 1.94114 0
      vertex -10.1422 2.7176 0
      vertex -9.94277 3.37511 0
    endloop
  endfacet
  facet normal 0 0 -1
    outer loop
      vertex -10.4775 -0.686732 0
      vertex -7.48394 -0.490523 0
      vertex -10.4102 -1.37052 0
    endloop
  endfacet
  facet normal 0 0 -1
    outer loop
      vertex -7.35589 1.46318 0
      vertex -10.2982 2.04845 0
      vertex -10.1422 2.7176 0
    endloop
  endfacet
  facet normal -0 0 -1
    outer loop
      vertex -7.48394 -0.490523 0
      vertex -10.4775 -0.686732 0
      vertex -7.5 0 0
    endloop
  endfacet
  facet normal 0 0 -1
    outer loop
      vertex -7.43584 0.978946 0
      vertex -10.4102 1.37052 0
      vertex -10.2982 2.04845 0
    endloop
  endfacet
  facet normal 0 0 -1
    outer loop
      vertex -10.5 0 0
      vertex -7.5 0 0
      vertex -10.4775 -0.686732 0
    endloop
  endfacet
  facet normal 0 0 -1
    outer loop
      vertex -7.48394 0.490523 0
      vertex -10.4775 0.686732 0
      vertex -10.4102 1.37052 0
    endloop
  endfacet
  facet normal 0 0 -1
    outer loop
      vertex -7.5 0 0
      vertex -10.5 0 0
      vertex -10.4775 0.686732 0
    endloop
  endfacet
  facet normal 0.909709 0.412236 -0.0499141
    outer loop
      vertex 10.2551 4.24779 12
      vertex 9.70073 4.01818 0
      vertex 9.95529 4.9094 12
    endloop
  endfacet
  facet normal -0.772051 0.633598 -0.049911
    outer loop
      vertex -8.33021 6.39199 0
      vertex -8.80622 6.75725 12
      vertex -7.89432 6.92313 0
    endloop
  endfacet
  facet normal -0.527412 -0.848142 -0.0499107
    outer loop
      vertex -5.25 -9.09327 0
      vertex -6.16683 -9.22931 12
      vertex -5.83349 -8.73043 0
    endloop
  endfacet
  facet normal 0.412236 0.909709 -0.0499141
    outer loop
      vertex 4.9094 9.95529 12
      vertex 4.01818 9.70073 0
      vertex 4.24779 10.2551 12
    endloop
  endfacet
  facet normal 0.581753 0.811833 -0.0499107
    outer loop
      vertex 6.75725 8.80622 12
      vertex 5.83349 8.73043 0
      vertex 6.16683 9.22931 12
    endloop
  endfacet
  facet normal 0.909728 0.412194 -0.0499113
    outer loop
      vertex 9.70073 4.01818 0
      vertex 9.41716 4.64403 0
      vertex 9.95529 4.9094 12
    endloop
  endfacet
  facet normal -0.848142 -0.527412 -0.0499107
    outer loop
      vertex -8.73043 -5.83349 0
      vertex -9.22931 -6.16683 12
      vertex -9.09327 -5.25 0
    endloop
  endfacet
  facet normal -0.289892 0.955757 -0.0499088
    outer loop
      vertex -3.37511 9.94277 0
      vertex -3.56798 10.5109 12
      vertex -2.7176 10.1422 0
    endloop
  endfacet
  facet normal 0.289982 0.95573 -0.0499143
    outer loop
      vertex 3.56798 10.5109 12
      vertex 2.7176 10.1422 0
      vertex 2.87289 10.7218 12
    endloop
  endfacet
  facet normal 0.22676 0.972671 -0.0499145
    outer loop
      vertex 2.7176 10.1422 0
      vertex 2.04845 10.2982 0
      vertex 2.87289 10.7218 12
    endloop
  endfacet
  facet normal 0.848144 0.52741 -0.0499106
    outer loop
      vertex 9.61288 5.55 12
      vertex 9.09327 5.25 0
      vertex 9.22931 6.16683 12
    endloop
  endfacet
  facet normal -0.81183 0.581756 -0.049911
    outer loop
      vertex -8.73043 5.83349 0
      vertex -8.80622 6.75725 12
      vertex -8.33021 6.39199 0
    endloop
  endfacet
  facet normal -0.527412 0.848142 -0.0499107
    outer loop
      vertex -5.83349 8.73043 0
      vertex -6.16683 9.22931 12
      vertex -5.25 9.09327 0
    endloop
  endfacet
  facet normal -0.633598 0.772051 -0.049911
    outer loop
      vertex -6.39199 8.33021 0
      vertex -6.92313 7.89432 0
      vertex -6.75725 8.80622 12
    endloop
  endfacet
  facet normal 0.985397 0.162796 -0.0499054
    outer loop
      vertex 10.4102 1.37052 0
      vertex 10.2982 2.04845 0
      vertex 11.005 1.44884 12
    endloop
  endfacet
  facet normal 0.972671 0.22676 -0.0499145
    outer loop
      vertex 10.2982 2.04845 0
      vertex 10.1422 2.7176 0
      vertex 10.7218 2.87289 12
    endloop
  endfacet
  facet normal 0.772051 0.633598 -0.049911
    outer loop
      vertex 8.33021 6.39199 0
      vertex 7.89432 6.92313 0
      vertex 8.80622 6.75725 12
    endloop
  endfacet
  facet normal 0.226741 0.972675 -0.0499133
    outer loop
      vertex 2.87289 10.7218 12
      vertex 2.04845 10.2982 0
      vertex 2.1655 10.8867 12
    endloop
  endfacet
  facet normal 0.772049 0.6336 -0.0499108
    outer loop
      vertex 8.80622 6.75725 12
      vertex 7.89432 6.92313 0
      vertex 8.34542 7.31874 12
    endloop
  endfacet
  facet normal 0.972675 0.226741 -0.0499133
    outer loop
      vertex 10.8867 2.1655 12
      vertex 10.2982 2.04845 0
      vertex 10.7218 2.87289 12
    endloop
  endfacet
  facet normal 0.412194 0.909728 -0.0499113
    outer loop
      vertex 4.64403 9.41716 0
      vertex 4.01818 9.70073 0
      vertex 4.9094 9.95529 12
    endloop
  endfacet
  facet normal 0.351818 0.934737 -0.0499142
    outer loop
      vertex 4.01818 9.70073 0
      vertex 3.37511 9.94277 0
      vertex 4.24779 10.2551 12
    endloop
  endfacet
  facet normal 0.162796 0.985397 -0.0499054
    outer loop
      vertex 2.04845 10.2982 0
      vertex 1.37052 10.4102 0
      vertex 1.44884 11.005 12
    endloop
  endfacet
  facet normal 0.162664 0.985418 -0.0499132
    outer loop
      vertex 2.04845 10.2982 0
      vertex 1.44884 11.005 12
      vertex 2.1655 10.8867 12
    endloop
  endfacet
  facet normal 0.955757 0.289892 -0.0499088
    outer loop
      vertex 10.1422 2.7176 0
      vertex 9.94277 3.37511 0
      vertex 10.5109 3.56798 12
    endloop
  endfacet
  facet normal 0.985418 0.162664 -0.0499132
    outer loop
      vertex 11.005 1.44884 12
      vertex 10.2982 2.04845 0
      vertex 10.8867 2.1655 12
    endloop
  endfacet
  facet normal 0.81183 0.581756 -0.049911
    outer loop
      vertex 8.73043 5.83349 0
      vertex 8.33021 6.39199 0
      vertex 8.80622 6.75725 12
    endloop
  endfacet
  facet normal 0.993944 0.0979003 -0.0499055
    outer loop
      vertex 11.0762 0.725974 12
      vertex 10.4102 1.37052 0
      vertex 11.005 1.44884 12
    endloop
  endfacet
  facet normal 0.993951 0.097827 -0.0499098
    outer loop
      vertex 10.4775 0.686732 0
      vertex 10.4102 1.37052 0
      vertex 11.0762 0.725974 12
    endloop
  endfacet
  facet normal 0.995183 0.0980371 0
    outer loop
      vertex 12.9722 0.85024 15
      vertex 12.8888 1.69684 12
      vertex 12.8888 1.69684 15
    endloop
  endfacet
  facet normal 0.995183 0.0980371 0
    outer loop
      vertex 12.8888 1.69684 12
      vertex 12.9722 0.85024 15
      vertex 12.9722 0.85024 12
    endloop
  endfacet
  facet normal 0.999466 0.0326792 0
    outer loop
      vertex 13 0 15
      vertex 12.9722 0.85024 12
      vertex 12.9722 0.85024 15
    endloop
  endfacet
  facet normal 0.999466 0.0326792 0
    outer loop
      vertex 12.9722 0.85024 12
      vertex 13 0 15
      vertex 13 0 12
    endloop
  endfacet
  facet normal 0.935889 -0.352294 0
    outer loop
      vertex 12.0104 -4.97488 15
      vertex 12.3101 -4.17871 12
      vertex 12.3101 -4.17871 15
    endloop
  endfacet
  facet normal 0.935889 -0.352294 0
    outer loop
      vertex 12.3101 -4.17871 12
      vertex 12.0104 -4.97488 15
      vertex 12.0104 -4.97488 12
    endloop
  endfacet
  facet normal -0.290239 0.956954 0
    outer loop
      vertex -3.36465 12.557 12
      vertex -4.17871 12.3101 15
      vertex -3.36465 12.557 15
    endloop
  endfacet
  facet normal -0.290239 0.956954 0
    outer loop
      vertex -4.17871 12.3101 15
      vertex -3.36465 12.557 12
      vertex -4.17871 12.3101 12
    endloop
  endfacet
  facet normal 0.162925 0.986638 -0
    outer loop
      vertex 2.53617 12.7502 12
      vertex 1.69684 12.8888 15
      vertex 2.53617 12.7502 15
    endloop
  endfacet
  facet normal 0.162925 0.986638 0
    outer loop
      vertex 1.69684 12.8888 15
      vertex 2.53617 12.7502 12
      vertex 1.69684 12.8888 12
    endloop
  endfacet
  facet normal 0.412718 0.910859 -0
    outer loop
      vertex 5.74975 11.6593 12
      vertex 4.97488 12.0104 15
      vertex 5.74975 11.6593 15
    endloop
  endfacet
  facet normal 0.412718 0.910859 0
    outer loop
      vertex 4.97488 12.0104 15
      vertex 5.74975 11.6593 12
      vertex 4.97488 12.0104 12
    endloop
  endfacet
  facet normal -0.528048 0.849215 0
    outer loop
      vertex -6.5 11.2583 12
      vertex -7.22241 10.8091 15
      vertex -6.5 11.2583 15
    endloop
  endfacet
  facet normal -0.528048 0.849215 0
    outer loop
      vertex -7.22241 10.8091 15
      vertex -6.5 11.2583 12
      vertex -7.22241 10.8091 12
    endloop
  endfacet
  facet normal 0.528048 0.849215 -0
    outer loop
      vertex 7.22241 10.8091 12
      vertex 6.5 11.2583 15
      vertex 7.22241 10.8091 15
    endloop
  endfacet
  facet normal 0.528048 0.849215 0
    outer loop
      vertex 6.5 11.2583 15
      vertex 7.22241 10.8091 12
      vertex 6.5 11.2583 12
    endloop
  endfacet
  facet normal -0.97387 0.227105 0
    outer loop
      vertex -12.7502 2.53617 12
      vertex -12.557 3.36465 15
      vertex -12.557 3.36465 12
    endloop
  endfacet
  facet normal -0.97387 0.227105 0
    outer loop
      vertex -12.557 3.36465 15
      vertex -12.7502 2.53617 12
      vertex -12.7502 2.53617 15
    endloop
  endfacet
  facet normal -0.77301 0.634394 0
    outer loop
      vertex -10.3136 7.9139 12
      vertex -9.77392 8.5715 15
      vertex -9.77392 8.5715 12
    endloop
  endfacet
  facet normal -0.77301 0.634394 0
    outer loop
      vertex -9.77392 8.5715 15
      vertex -10.3136 7.9139 12
      vertex -10.3136 7.9139 15
    endloop
  endfacet
  facet normal 0.582466 -0.812855 0
    outer loop
      vertex 7.22241 -10.8091 12
      vertex 7.9139 -10.3136 15
      vertex 7.22241 -10.8091 15
    endloop
  endfacet
  facet normal 0.582466 -0.812855 0
    outer loop
      vertex 7.9139 -10.3136 15
      vertex 7.22241 -10.8091 12
      vertex 7.9139 -10.3136 12
    endloop
  endfacet
  facet normal -0.634394 -0.77301 0
    outer loop
      vertex -8.5715 -9.77392 12
      vertex -7.9139 -10.3136 15
      vertex -8.5715 -9.77392 15
    endloop
  endfacet
  facet normal -0.634394 -0.77301 -0
    outer loop
      vertex -7.9139 -10.3136 15
      vertex -8.5715 -9.77392 12
      vertex -7.9139 -10.3136 12
    endloop
  endfacet
  facet normal 0.352294 -0.935889 0
    outer loop
      vertex 4.17871 -12.3101 12
      vertex 4.97488 -12.0104 15
      vertex 4.17871 -12.3101 15
    endloop
  endfacet
  facet normal 0.352294 -0.935889 0
    outer loop
      vertex 4.97488 -12.0104 15
      vertex 4.17871 -12.3101 12
      vertex 4.97488 -12.0104 12
    endloop
  endfacet
  facet normal -0.227105 0.97387 0
    outer loop
      vertex -2.53617 12.7502 12
      vertex -3.36465 12.557 15
      vertex -2.53617 12.7502 15
    endloop
  endfacet
  facet normal -0.227105 0.97387 0
    outer loop
      vertex -3.36465 12.557 15
      vertex -2.53617 12.7502 12
      vertex -3.36465 12.557 12
    endloop
  endfacet
  facet normal -0.910859 0.412718 0
    outer loop
      vertex -12.0104 4.97488 12
      vertex -11.6593 5.74975 15
      vertex -11.6593 5.74975 12
    endloop
  endfacet
  facet normal -0.910859 0.412718 0
    outer loop
      vertex -11.6593 5.74975 15
      vertex -12.0104 4.97488 12
      vertex -12.0104 4.97488 15
    endloop
  endfacet
  facet normal -0.956954 -0.290239 0
    outer loop
      vertex -12.3101 -4.17871 12
      vertex -12.557 -3.36465 15
      vertex -12.557 -3.36465 12
    endloop
  endfacet
  facet normal -0.956954 -0.290239 0
    outer loop
      vertex -12.557 -3.36465 15
      vertex -12.3101 -4.17871 12
      vertex -12.3101 -4.17871 15
    endloop
  endfacet
  facet normal 0.0980371 -0.995183 0
    outer loop
      vertex 0.85024 -12.9722 12
      vertex 1.69684 -12.8888 15
      vertex 0.85024 -12.9722 15
    endloop
  endfacet
  facet normal 0.0980371 -0.995183 0
    outer loop
      vertex 1.69684 -12.8888 15
      vertex 0.85024 -12.9722 12
      vertex 1.69684 -12.8888 12
    endloop
  endfacet
  facet normal 0.995183 -0.0980371 0
    outer loop
      vertex 12.8888 -1.69684 15
      vertex 12.9722 -0.85024 12
      vertex 12.9722 -0.85024 15
    endloop
  endfacet
  facet normal 0.995183 -0.0980371 0
    outer loop
      vertex 12.9722 -0.85024 12
      vertex 12.8888 -1.69684 15
      vertex 12.8888 -1.69684 12
    endloop
  endfacet
  facet normal 0.97387 0.227105 0
    outer loop
      vertex 12.7502 2.53617 15
      vertex 12.557 3.36465 12
      vertex 12.557 3.36465 15
    endloop
  endfacet
  facet normal 0.97387 0.227105 0
    outer loop
      vertex 12.557 3.36465 12
      vertex 12.7502 2.53617 15
      vertex 12.7502 2.53617 12
    endloop
  endfacet
  facet normal 0.77301 -0.634394 0
    outer loop
      vertex 9.77392 -8.5715 15
      vertex 10.3136 -7.9139 12
      vertex 10.3136 -7.9139 15
    endloop
  endfacet
  facet normal 0.77301 -0.634394 0
    outer loop
      vertex 10.3136 -7.9139 12
      vertex 9.77392 -8.5715 15
      vertex 9.77392 -8.5715 12
    endloop
  endfacet
  facet normal 0.956954 -0.290239 0
    outer loop
      vertex 12.3101 -4.17871 15
      vertex 12.557 -3.36465 12
      vertex 12.557 -3.36465 15
    endloop
  endfacet
  facet normal 0.956954 -0.290239 0
    outer loop
      vertex 12.557 -3.36465 12
      vertex 12.3101 -4.17871 15
      vertex 12.3101 -4.17871 12
    endloop
  endfacet
  facet normal 0.849215 0.528048 0
    outer loop
      vertex 11.2583 6.5 15
      vertex 10.8091 7.22241 12
      vertex 10.8091 7.22241 15
    endloop
  endfacet
  facet normal 0.849215 0.528048 0
    outer loop
      vertex 10.8091 7.22241 12
      vertex 11.2583 6.5 15
      vertex 11.2583 6.5 12
    endloop
  endfacet
  facet normal -0.582466 -0.812855 0
    outer loop
      vertex -7.9139 -10.3136 12
      vertex -7.22241 -10.8091 15
      vertex -7.9139 -10.3136 15
    endloop
  endfacet
  facet normal -0.582466 -0.812855 -0
    outer loop
      vertex -7.22241 -10.8091 15
      vertex -7.9139 -10.3136 12
      vertex -7.22241 -10.8091 12
    endloop
  endfacet
  facet normal -0.97387 -0.227105 0
    outer loop
      vertex -12.557 -3.36465 12
      vertex -12.7502 -2.53617 15
      vertex -12.7502 -2.53617 12
    endloop
  endfacet
  facet normal -0.97387 -0.227105 0
    outer loop
      vertex -12.7502 -2.53617 15
      vertex -12.557 -3.36465 12
      vertex -12.557 -3.36465 15
    endloop
  endfacet
  facet normal 0.935889 0.352294 0
    outer loop
      vertex 12.3101 4.17871 15
      vertex 12.0104 4.97488 12
      vertex 12.0104 4.97488 15
    endloop
  endfacet
  facet normal 0.935889 0.352294 0
    outer loop
      vertex 12.0104 4.97488 12
      vertex 12.3101 4.17871 15
      vertex 12.3101 4.17871 12
    endloop
  endfacet
  facet normal -0.986638 -0.162925 0
    outer loop
      vertex -12.7502 -2.53617 12
      vertex -12.8888 -1.69684 15
      vertex -12.8888 -1.69684 12
    endloop
  endfacet
  facet normal -0.986638 -0.162925 0
    outer loop
      vertex -12.8888 -1.69684 15
      vertex -12.7502 -2.53617 12
      vertex -12.7502 -2.53617 15
    endloop
  endfacet
  facet normal -0.995183 -0.0980371 0
    outer loop
      vertex -12.8888 -1.69684 12
      vertex -12.9722 -0.85024 15
      vertex -12.9722 -0.85024 12
    endloop
  endfacet
  facet normal -0.995183 -0.0980371 0
    outer loop
      vertex -12.9722 -0.85024 15
      vertex -12.8888 -1.69684 12
      vertex -12.8888 -1.69684 15
    endloop
  endfacet
  facet normal 0.956954 0.290239 0
    outer loop
      vertex 12.557 3.36465 15
      vertex 12.3101 4.17871 12
      vertex 12.3101 4.17871 15
    endloop
  endfacet
  facet normal 0.956954 0.290239 0
    outer loop
      vertex 12.3101 4.17871 12
      vertex 12.557 3.36465 15
      vertex 12.557 3.36465 12
    endloop
  endfacet
  facet normal 0.634394 0.77301 -0
    outer loop
      vertex 8.5715 9.77392 12
      vertex 7.9139 10.3136 15
      vertex 8.5715 9.77392 15
    endloop
  endfacet
  facet normal 0.634394 0.77301 0
    outer loop
      vertex 7.9139 10.3136 15
      vertex 8.5715 9.77392 12
      vertex 7.9139 10.3136 12
    endloop
  endfacet
  facet normal -0.634394 0.77301 0
    outer loop
      vertex -7.9139 10.3136 12
      vertex -8.5715 9.77392 15
      vertex -7.9139 10.3136 15
    endloop
  endfacet
  facet normal -0.634394 0.77301 0
    outer loop
      vertex -8.5715 9.77392 15
      vertex -7.9139 10.3136 12
      vertex -8.5715 9.77392 12
    endloop
  endfacet
  facet normal 0.227105 -0.97387 0
    outer loop
      vertex 2.53617 -12.7502 12
      vertex 3.36465 -12.557 15
      vertex 2.53617 -12.7502 15
    endloop
  endfacet
  facet normal 0.227105 -0.97387 0
    outer loop
      vertex 3.36465 -12.557 15
      vertex 2.53617 -12.7502 12
      vertex 3.36465 -12.557 12
    endloop
  endfacet
  facet normal 0.0326792 -0.999466 0
    outer loop
      vertex 0 -13 12
      vertex 0.85024 -12.9722 15
      vertex 0 -13 15
    endloop
  endfacet
  facet normal 0.0326792 -0.999466 0
    outer loop
      vertex 0.85024 -12.9722 15
      vertex 0 -13 12
      vertex 0.85024 -12.9722 12
    endloop
  endfacet
  facet normal -0.729862 -0.683594 0
    outer loop
      vertex -9.19239 -9.19239 12
      vertex -9.77392 -8.5715 15
      vertex -9.77392 -8.5715 12
    endloop
  endfacet
  facet normal -0.729862 -0.683594 0
    outer loop
      vertex -9.77392 -8.5715 15
      vertex -9.19239 -9.19239 12
      vertex -9.19239 -9.19239 15
    endloop
  endfacet
  facet normal 0.729862 -0.683594 0
    outer loop
      vertex 9.19239 -9.19239 15
      vertex 9.77392 -8.5715 12
      vertex 9.77392 -8.5715 15
    endloop
  endfacet
  facet normal 0.729862 -0.683594 0
    outer loop
      vertex 9.77392 -8.5715 12
      vertex 9.19239 -9.19239 15
      vertex 9.19239 -9.19239 12
    endloop
  endfacet
  facet normal -0.352294 0.935889 0
    outer loop
      vertex -4.17871 12.3101 12
      vertex -4.97488 12.0104 15
      vertex -4.17871 12.3101 15
    endloop
  endfacet
  facet normal -0.352294 0.935889 0
    outer loop
      vertex -4.97488 12.0104 15
      vertex -4.17871 12.3101 12
      vertex -4.97488 12.0104 12
    endloop
  endfacet
  facet normal 0.77301 0.634394 0
    outer loop
      vertex 10.3136 7.9139 15
      vertex 9.77392 8.5715 12
      vertex 9.77392 8.5715 15
    endloop
  endfacet
  facet normal 0.77301 0.634394 0
    outer loop
      vertex 9.77392 8.5715 12
      vertex 10.3136 7.9139 15
      vertex 10.3136 7.9139 12
    endloop
  endfacet
  facet normal 0.683594 -0.729862 0
    outer loop
      vertex 8.5715 -9.77392 12
      vertex 9.19239 -9.19239 15
      vertex 8.5715 -9.77392 15
    endloop
  endfacet
  facet normal 0.683594 -0.729862 0
    outer loop
      vertex 9.19239 -9.19239 15
      vertex 8.5715 -9.77392 12
      vertex 9.19239 -9.19239 12
    endloop
  endfacet
  facet normal -0.986638 0.162925 0
    outer loop
      vertex -12.8888 1.69684 12
      vertex -12.7502 2.53617 15
      vertex -12.7502 2.53617 12
    endloop
  endfacet
  facet normal -0.986638 0.162925 0
    outer loop
      vertex -12.7502 2.53617 15
      vertex -12.8888 1.69684 12
      vertex -12.8888 1.69684 15
    endloop
  endfacet
  facet normal -0.227105 -0.97387 0
    outer loop
      vertex -3.36465 -12.557 12
      vertex -2.53617 -12.7502 15
      vertex -3.36465 -12.557 15
    endloop
  endfacet
  facet normal -0.227105 -0.97387 -0
    outer loop
      vertex -2.53617 -12.7502 15
      vertex -3.36465 -12.557 12
      vertex -2.53617 -12.7502 12
    endloop
  endfacet
  facet normal 0.352294 0.935889 -0
    outer loop
      vertex 4.97488 12.0104 12
      vertex 4.17871 12.3101 15
      vertex 4.97488 12.0104 15
    endloop
  endfacet
  facet normal 0.352294 0.935889 0
    outer loop
      vertex 4.17871 12.3101 15
      vertex 4.97488 12.0104 12
      vertex 4.17871 12.3101 12
    endloop
  endfacet
  facet normal 0.471381 0.88193 -0
    outer loop
      vertex 6.5 11.2583 12
      vertex 5.74975 11.6593 15
      vertex 6.5 11.2583 15
    endloop
  endfacet
  facet normal 0.471381 0.88193 0
    outer loop
      vertex 5.74975 11.6593 15
      vertex 6.5 11.2583 12
      vertex 5.74975 11.6593 12
    endloop
  endfacet
  facet normal -0.412718 -0.910859 0
    outer loop
      vertex -5.74975 -11.6593 12
      vertex -4.97488 -12.0104 15
      vertex -5.74975 -11.6593 15
    endloop
  endfacet
  facet normal -0.412718 -0.910859 -0
    outer loop
      vertex -4.97488 -12.0104 15
      vertex -5.74975 -11.6593 12
      vertex -4.97488 -12.0104 12
    endloop
  endfacet
  facet normal 0.849215 -0.528048 0
    outer loop
      vertex 10.8091 -7.22241 15
      vertex 11.2583 -6.5 12
      vertex 11.2583 -6.5 15
    endloop
  endfacet
  facet normal 0.849215 -0.528048 0
    outer loop
      vertex 11.2583 -6.5 12
      vertex 10.8091 -7.22241 15
      vertex 10.8091 -7.22241 12
    endloop
  endfacet
  facet normal 0.582466 0.812855 -0
    outer loop
      vertex 7.9139 10.3136 12
      vertex 7.22241 10.8091 15
      vertex 7.9139 10.3136 15
    endloop
  endfacet
  facet normal 0.582466 0.812855 0
    outer loop
      vertex 7.22241 10.8091 15
      vertex 7.9139 10.3136 12
      vertex 7.22241 10.8091 12
    endloop
  endfacet
  facet normal -0.162925 -0.986638 0
    outer loop
      vertex -2.53617 -12.7502 12
      vertex -1.69684 -12.8888 15
      vertex -2.53617 -12.7502 15
    endloop
  endfacet
  facet normal -0.162925 -0.986638 -0
    outer loop
      vertex -1.69684 -12.8888 15
      vertex -2.53617 -12.7502 12
      vertex -1.69684 -12.8888 12
    endloop
  endfacet
  facet normal 0.986638 -0.162925 0
    outer loop
      vertex 12.7502 -2.53617 15
      vertex 12.8888 -1.69684 12
      vertex 12.8888 -1.69684 15
    endloop
  endfacet
  facet normal 0.986638 -0.162925 0
    outer loop
      vertex 12.8888 -1.69684 12
      vertex 12.7502 -2.53617 15
      vertex 12.7502 -2.53617 12
    endloop
  endfacet
  facet normal 0.812855 0.582466 0
    outer loop
      vertex 10.8091 7.22241 15
      vertex 10.3136 7.9139 12
      vertex 10.3136 7.9139 15
    endloop
  endfacet
  facet normal 0.812855 0.582466 0
    outer loop
      vertex 10.3136 7.9139 12
      vertex 10.8091 7.22241 15
      vertex 10.8091 7.22241 12
    endloop
  endfacet
  facet normal -0.935889 0.352294 0
    outer loop
      vertex -12.3101 4.17871 12
      vertex -12.0104 4.97488 15
      vertex -12.0104 4.97488 12
    endloop
  endfacet
  facet normal -0.935889 0.352294 0
    outer loop
      vertex -12.0104 4.97488 15
      vertex -12.3101 4.17871 12
      vertex -12.3101 4.17871 15
    endloop
  endfacet
  facet normal -0.582466 0.812855 0
    outer loop
      vertex -7.22241 10.8091 12
      vertex -7.9139 10.3136 15
      vertex -7.22241 10.8091 15
    endloop
  endfacet
  facet normal -0.582466 0.812855 0
    outer loop
      vertex -7.9139 10.3136 15
      vertex -7.22241 10.8091 12
      vertex -7.9139 10.3136 12
    endloop
  endfacet
  facet normal 0.528048 -0.849215 0
    outer loop
      vertex 6.5 -11.2583 12
      vertex 7.22241 -10.8091 15
      vertex 6.5 -11.2583 15
    endloop
  endfacet
  facet normal 0.528048 -0.849215 0
    outer loop
      vertex 7.22241 -10.8091 15
      vertex 6.5 -11.2583 12
      vertex 7.22241 -10.8091 12
    endloop
  endfacet
  facet normal -0.0326792 0.999466 0
    outer loop
      vertex 0 13 12
      vertex -0.85024 12.9722 15
      vertex 0 13 15
    endloop
  endfacet
  facet normal -0.0326792 0.999466 0
    outer loop
      vertex -0.85024 12.9722 15
      vertex 0 13 12
      vertex -0.85024 12.9722 12
    endloop
  endfacet
  facet normal -0.0980371 0.995183 0
    outer loop
      vertex -0.85024 12.9722 12
      vertex -1.69684 12.8888 15
      vertex -0.85024 12.9722 15
    endloop
  endfacet
  facet normal -0.0980371 0.995183 0
    outer loop
      vertex -1.69684 12.8888 15
      vertex -0.85024 12.9722 12
      vertex -1.69684 12.8888 12
    endloop
  endfacet
  facet normal 0.999466 -0.0326792 0
    outer loop
      vertex 12.9722 -0.85024 15
      vertex 13 0 12
      vertex 13 0 15
    endloop
  endfacet
  facet normal 0.999466 -0.0326792 0
    outer loop
      vertex 13 0 12
      vertex 12.9722 -0.85024 15
      vertex 12.9722 -0.85024 12
    endloop
  endfacet
  facet normal 0.290239 -0.956954 0
    outer loop
      vertex 3.36465 -12.557 12
      vertex 4.17871 -12.3101 15
      vertex 3.36465 -12.557 15
    endloop
  endfacet
  facet normal 0.290239 -0.956954 0
    outer loop
      vertex 4.17871 -12.3101 15
      vertex 3.36465 -12.557 12
      vertex 4.17871 -12.3101 12
    endloop
  endfacet
  facet normal -0.812855 -0.582466 0
    outer loop
      vertex -10.3136 -7.9139 12
      vertex -10.8091 -7.22241 15
      vertex -10.8091 -7.22241 12
    endloop
  endfacet
  facet normal -0.812855 -0.582466 0
    outer loop
      vertex -10.8091 -7.22241 15
      vertex -10.3136 -7.9139 12
      vertex -10.3136 -7.9139 15
    endloop
  endfacet
  facet normal -0.910859 -0.412718 0
    outer loop
      vertex -11.6593 -5.74975 12
      vertex -12.0104 -4.97488 15
      vertex -12.0104 -4.97488 12
    endloop
  endfacet
  facet normal -0.910859 -0.412718 0
    outer loop
      vertex -12.0104 -4.97488 15
      vertex -11.6593 -5.74975 12
      vertex -11.6593 -5.74975 15
    endloop
  endfacet
  facet normal 0.910859 0.412718 0
    outer loop
      vertex 12.0104 4.97488 15
      vertex 11.6593 5.74975 12
      vertex 11.6593 5.74975 15
    endloop
  endfacet
  facet normal 0.910859 0.412718 0
    outer loop
      vertex 11.6593 5.74975 12
      vertex 12.0104 4.97488 15
      vertex 12.0104 4.97488 12
    endloop
  endfacet
  facet normal -0.0980371 -0.995183 0
    outer loop
      vertex -1.69684 -12.8888 12
      vertex -0.85024 -12.9722 15
      vertex -1.69684 -12.8888 15
    endloop
  endfacet
  facet normal -0.0980371 -0.995183 -0
    outer loop
      vertex -0.85024 -12.9722 15
      vertex -1.69684 -12.8888 12
      vertex -0.85024 -12.9722 12
    endloop
  endfacet
  facet normal 0.290239 0.956954 -0
    outer loop
      vertex 4.17871 12.3101 12
      vertex 3.36465 12.557 15
      vertex 4.17871 12.3101 15
    endloop
  endfacet
  facet normal 0.290239 0.956954 0
    outer loop
      vertex 3.36465 12.557 15
      vertex 4.17871 12.3101 12
      vertex 3.36465 12.557 12
    endloop
  endfacet
  facet normal 0 0 1
    outer loop
      vertex 11.1 0 15
      vertex 13 0 15
      vertex 12.9722 0.85024 15
    endloop
  endfacet
  facet normal 0 0 1
    outer loop
      vertex 11.0762 0.725974 15
      vertex 12.9722 0.85024 15
      vertex 12.8888 1.69684 15
    endloop
  endfacet
  facet normal 0 0 1
    outer loop
      vertex 13 0 15
      vertex 11.1 0 15
      vertex 12.9722 -0.85024 15
    endloop
  endfacet
  facet normal 0 0 1
    outer loop
      vertex 11.005 1.44884 15
      vertex 12.8888 1.69684 15
      vertex 12.7502 2.53617 15
    endloop
  endfacet
  facet normal -0 0 1
    outer loop
      vertex 11.0762 -0.725974 15
      vertex 12.9722 -0.85024 15
      vertex 11.1 0 15
    endloop
  endfacet
  facet normal 0 0 1
    outer loop
      vertex 10.8867 2.1655 15
      vertex 12.7502 2.53617 15
      vertex 12.557 3.36465 15
    endloop
  endfacet
  facet normal 0 0 1
    outer loop
      vertex 12.9722 -0.85024 15
      vertex 11.0762 -0.725974 15
      vertex 12.8888 -1.69684 15
    endloop
  endfacet
  facet normal 0 0 1
    outer loop
      vertex 10.7218 2.87289 15
      vertex 12.557 3.36465 15
      vertex 12.3101 4.17871 15
    endloop
  endfacet
  facet normal -0 0 1
    outer loop
      vertex 11.005 -1.44884 15
      vertex 12.8888 -1.69684 15
      vertex 11.0762 -0.725974 15
    endloop
  endfacet
  facet normal 0 0 1
    outer loop
      vertex 10.5109 3.56798 15
      vertex 12.3101 4.17871 15
      vertex 12.0104 4.97488 15
    endloop
  endfacet
  facet normal 0 0 1
    outer loop
      vertex 12.8888 -1.69684 15
      vertex 11.005 -1.44884 15
      vertex 12.7502 -2.53617 15
    endloop
  endfacet
  facet normal 0 0 1
    outer loop
      vertex 10.2551 4.24779 15
      vertex 12.0104 4.97488 15
      vertex 11.6593 5.74975 15
    endloop
  endfacet
  facet normal -0 0 1
    outer loop
      vertex 10.8867 -2.1655 15
      vertex 12.7502 -2.53617 15
      vertex 11.005 -1.44884 15
    endloop
  endfacet
  facet normal 0 0 1
    outer loop
      vertex 9.95529 4.9094 15
      vertex 11.6593 5.74975 15
      vertex 11.2583 6.5 15
    endloop
  endfacet
  facet normal 0 0 1
    outer loop
      vertex 12.7502 -2.53617 15
      vertex 10.8867 -2.1655 15
      vertex 12.557 -3.36465 15
    endloop
  endfacet
  facet normal -0 0 1
    outer loop
      vertex 10.7218 -2.87289 15
      vertex 12.557 -3.36465 15
      vertex 10.8867 -2.1655 15
    endloop
  endfacet
  facet normal 0 0 1
    outer loop
      vertex 12.9722 0.85024 15
      vertex 11.0762 0.725974 15
      vertex 11.1 0 15
    endloop
  endfacet
  facet normal 0 0 1
    outer loop
      vertex 12.8888 1.69684 15
      vertex 11.005 1.44884 15
      vertex 11.0762 0.725974 15
    endloop
  endfacet
  facet normal 0 0 1
    outer loop
      vertex 12.7502 2.53617 15
      vertex 10.8867 2.1655 15
      vertex 11.005 1.44884 15
    endloop
  endfacet
  facet normal 0 0 1
    outer loop
      vertex 9.61288 5.55 15
      vertex 11.2583 6.5 15
      vertex 10.8091 7.22241 15
    endloop
  endfacet
  facet normal 0 0 1
    outer loop
      vertex 12.557 3.36465 15
      vertex 10.7218 2.87289 15
      vertex 10.8867 2.1655 15
    endloop
  endfacet
  facet normal 0 0 1
    outer loop
      vertex 12.3101 4.17871 15
      vertex 10.5109 3.56798 15
      vertex 10.7218 2.87289 15
    endloop
  endfacet
  facet normal 0 0 1
    outer loop
      vertex 9.22931 6.16683 15
      vertex 10.8091 7.22241 15
      vertex 10.3136 7.9139 15
    endloop
  endfacet
  facet normal 0 0 1
    outer loop
      vertex 12.0104 4.97488 15
      vertex 10.2551 4.24779 15
      vertex 10.5109 3.56798 15
    endloop
  endfacet
  facet normal 0 0 1
    outer loop
      vertex 11.6593 5.74975 15
      vertex 9.95529 4.9094 15
      vertex 10.2551 4.24779 15
    endloop
  endfacet
  facet normal 0 0 1
    outer loop
      vertex 8.80622 6.75725 15
      vertex 10.3136 7.9139 15
      vertex 9.77392 8.5715 15
    endloop
  endfacet
  facet normal 0 0 1
    outer loop
      vertex 11.2583 6.5 15
      vertex 9.61288 5.55 15
      vertex 9.95529 4.9094 15
    endloop
  endfacet
  facet normal 0 0 1
    outer loop
      vertex 10.8091 7.22241 15
      vertex 9.22931 6.16683 15
      vertex 9.61288 5.55 15
    endloop
  endfacet
  facet normal 0 0 1
    outer loop
      vertex 8.34542 7.31874 15
      vertex 9.77392 8.5715 15
      vertex 9.19239 9.19239 15
    endloop
  endfacet
  facet normal 0 0 1
    outer loop
      vertex 10.3136 7.9139 15
      vertex 8.80622 6.75725 15
      vertex 9.22931 6.16683 15
    endloop
  endfacet
  facet normal 0 0 1
    outer loop
      vertex 7.84888 7.84888 15
      vertex 9.19239 9.19239 15
      vertex 8.5715 9.77392 15
    endloop
  endfacet
  facet normal 0 0 1
    outer loop
      vertex 9.77392 8.5715 15
      vertex 8.34542 7.31874 15
      vertex 8.80622 6.75725 15
    endloop
  endfacet
  facet normal 0 0 1
    outer loop
      vertex 7.31874 8.34542 15
      vertex 8.5715 9.77392 15
      vertex 7.9139 10.3136 15
    endloop
  endfacet
  facet normal 0 0 1
    outer loop
      vertex 9.19239 9.19239 15
      vertex 7.84888 7.84888 15
      vertex 8.34542 7.31874 15
    endloop
  endfacet
  facet normal 0 0 1
    outer loop
      vertex 8.5715 9.77392 15
      vertex 7.31874 8.34542 15
      vertex 7.84888 7.84888 15
    endloop
  endfacet
  facet normal 0 0 1
    outer loop
      vertex 6.75725 8.80622 15
      vertex 7.9139 10.3136 15
      vertex 7.22241 10.8091 15
    endloop
  endfacet
  facet normal 0 0 1
    outer loop
      vertex 7.9139 10.3136 15
      vertex 6.75725 8.80622 15
      vertex 7.31874 8.34542 15
    endloop
  endfacet
  facet normal 0 0 1
    outer loop
      vertex 6.16683 9.22931 15
      vertex 7.22241 10.8091 15
      vertex 6.5 11.2583 15
    endloop
  endfacet
  facet normal 0 0 1
    outer loop
      vertex 7.22241 10.8091 15
      vertex 6.16683 9.22931 15
      vertex 6.75725 8.80622 15
    endloop
  endfacet
  facet normal 0 0 1
    outer loop
      vertex 5.55 9.61288 15
      vertex 6.5 11.2583 15
      vertex 5.74975 11.6593 15
    endloop
  endfacet
  facet normal 0 0 1
    outer loop
      vertex 6.5 11.2583 15
      vertex 5.55 9.61288 15
      vertex 6.16683 9.22931 15
    endloop
  endfacet
  facet normal 0 0 1
    outer loop
      vertex 4.9094 9.95529 15
      vertex 5.74975 11.6593 15
      vertex 4.97488 12.0104 15
    endloop
  endfacet
  facet normal 0 0 1
    outer loop
      vertex 5.74975 11.6593 15
      vertex 4.9094 9.95529 15
      vertex 5.55 9.61288 15
    endloop
  endfacet
  facet normal 0 0 1
    outer loop
      vertex 4.97488 12.0104 15
      vertex 4.24779 10.2551 15
      vertex 4.9094 9.95529 15
    endloop
  endfacet
  facet normal 0 0 1
    outer loop
      vertex 4.17871 12.3101 15
      vertex 4.24779 10.2551 15
      vertex 4.97488 12.0104 15
    endloop
  endfacet
  facet normal 0 0 1
    outer loop
      vertex 4.17871 12.3101 15
      vertex 3.56798 10.5109 15
      vertex 4.24779 10.2551 15
    endloop
  endfacet
  facet normal 0 0 1
    outer loop
      vertex 3.36465 12.557 15
      vertex 3.56798 10.5109 15
      vertex 4.17871 12.3101 15
    endloop
  endfacet
  facet normal 0 0 1
    outer loop
      vertex 3.36465 12.557 15
      vertex 2.87289 10.7218 15
      vertex 3.56798 10.5109 15
    endloop
  endfacet
  facet normal 0 0 1
    outer loop
      vertex 2.53617 12.7502 15
      vertex 2.87289 10.7218 15
      vertex 3.36465 12.557 15
    endloop
  endfacet
  facet normal 0 0 1
    outer loop
      vertex 2.53617 12.7502 15
      vertex 2.1655 10.8867 15
      vertex 2.87289 10.7218 15
    endloop
  endfacet
  facet normal 0 0 1
    outer loop
      vertex 1.69684 12.8888 15
      vertex 2.1655 10.8867 15
      vertex 2.53617 12.7502 15
    endloop
  endfacet
  facet normal 0 0 1
    outer loop
      vertex 1.69684 12.8888 15
      vertex 1.44884 11.005 15
      vertex 2.1655 10.8867 15
    endloop
  endfacet
  facet normal 0 0 1
    outer loop
      vertex 0.85024 12.9722 15
      vertex 1.44884 11.005 15
      vertex 1.69684 12.8888 15
    endloop
  endfacet
  facet normal 0 0 1
    outer loop
      vertex 0.85024 12.9722 15
      vertex 0.725974 11.0762 15
      vertex 1.44884 11.005 15
    endloop
  endfacet
  facet normal 0 0 1
    outer loop
      vertex 0 13 15
      vertex 0.725974 11.0762 15
      vertex 0.85024 12.9722 15
    endloop
  endfacet
  facet normal 0 0 1
    outer loop
      vertex 0 13 15
      vertex 0 11.1 15
      vertex 0.725974 11.0762 15
    endloop
  endfacet
  facet normal 0 0 1
    outer loop
      vertex 0 13 15
      vertex -0.725974 11.0762 15
      vertex 0 11.1 15
    endloop
  endfacet
  facet normal -0 0 1
    outer loop
      vertex -0.85024 12.9722 15
      vertex -0.725974 11.0762 15
      vertex 0 13 15
    endloop
  endfacet
  facet normal 0 0 1
    outer loop
      vertex -0.85024 12.9722 15
      vertex -1.44884 11.005 15
      vertex -0.725974 11.0762 15
    endloop
  endfacet
  facet normal -0 0 1
    outer loop
      vertex -1.69684 12.8888 15
      vertex -1.44884 11.005 15
      vertex -0.85024 12.9722 15
    endloop
  endfacet
  facet normal 0 0 1
    outer loop
      vertex -1.69684 12.8888 15
      vertex -2.1655 10.8867 15
      vertex -1.44884 11.005 15
    endloop
  endfacet
  facet normal -0 0 1
    outer loop
      vertex -2.53617 12.7502 15
      vertex -2.1655 10.8867 15
      vertex -1.69684 12.8888 15
    endloop
  endfacet
  facet normal 0 0 1
    outer loop
      vertex -2.53617 12.7502 15
      vertex -2.87289 10.7218 15
      vertex -2.1655 10.8867 15
    endloop
  endfacet
  facet normal -0 0 1
    outer loop
      vertex -3.36465 12.557 15
      vertex -2.87289 10.7218 15
      vertex -2.53617 12.7502 15
    endloop
  endfacet
  facet normal 0 0 1
    outer loop
      vertex -3.36465 12.557 15
      vertex -3.56798 10.5109 15
      vertex -2.87289 10.7218 15
    endloop
  endfacet
  facet normal -0 0 1
    outer loop
      vertex -4.17871 12.3101 15
      vertex -3.56798 10.5109 15
      vertex -3.36465 12.557 15
    endloop
  endfacet
  facet normal 0 0 1
    outer loop
      vertex -4.17871 12.3101 15
      vertex -4.24779 10.2551 15
      vertex -3.56798 10.5109 15
    endloop
  endfacet
  facet normal -0 0 1
    outer loop
      vertex -4.97488 12.0104 15
      vertex -4.24779 10.2551 15
      vertex -4.17871 12.3101 15
    endloop
  endfacet
  facet normal 0 0 1
    outer loop
      vertex -4.24779 10.2551 15
      vertex -4.97488 12.0104 15
      vertex -4.9094 9.95529 15
    endloop
  endfacet
  facet normal -0 0 1
    outer loop
      vertex -5.74975 11.6593 15
      vertex -4.9094 9.95529 15
      vertex -4.97488 12.0104 15
    endloop
  endfacet
  facet normal 0 0 1
    outer loop
      vertex -4.9094 9.95529 15
      vertex -5.74975 11.6593 15
      vertex -5.55 9.61288 15
    endloop
  endfacet
  facet normal -0 0 1
    outer loop
      vertex -6.5 11.2583 15
      vertex -5.55 9.61288 15
      vertex -5.74975 11.6593 15
    endloop
  endfacet
  facet normal 0 0 1
    outer loop
      vertex -5.55 9.61288 15
      vertex -6.5 11.2583 15
      vertex -6.16683 9.22931 15
    endloop
  endfacet
  facet normal -0 0 1
    outer loop
      vertex -7.22241 10.8091 15
      vertex -6.16683 9.22931 15
      vertex -6.5 11.2583 15
    endloop
  endfacet
  facet normal 0 0 1
    outer loop
      vertex -6.16683 9.22931 15
      vertex -7.22241 10.8091 15
      vertex -6.75725 8.80622 15
    endloop
  endfacet
  facet normal -0 0 1
    outer loop
      vertex -7.9139 10.3136 15
      vertex -6.75725 8.80622 15
      vertex -7.22241 10.8091 15
    endloop
  endfacet
  facet normal 0 0 1
    outer loop
      vertex -6.75725 8.80622 15
      vertex -7.9139 10.3136 15
      vertex -7.31874 8.34542 15
    endloop
  endfacet
  facet normal -0 0 1
    outer loop
      vertex -8.5715 9.77392 15
      vertex -7.31874 8.34542 15
      vertex -7.9139 10.3136 15
    endloop
  endfacet
  facet normal 0 0 1
    outer loop
      vertex -7.31874 8.34542 15
      vertex -8.5715 9.77392 15
      vertex -7.84888 7.84888 15
    endloop
  endfacet
  facet normal -0 0 1
    outer loop
      vertex -9.19239 9.19239 15
      vertex -7.84888 7.84888 15
      vertex -8.5715 9.77392 15
    endloop
  endfacet
  facet normal 0 0 1
    outer loop
      vertex -7.84888 7.84888 15
      vertex -9.19239 9.19239 15
      vertex -8.34542 7.31874 15
    endloop
  endfacet
  facet normal -0 0 1
    outer loop
      vertex -9.77392 8.5715 15
      vertex -8.34542 7.31874 15
      vertex -9.19239 9.19239 15
    endloop
  endfacet
  facet normal 0 0 1
    outer loop
      vertex -8.34542 7.31874 15
      vertex -9.77392 8.5715 15
      vertex -8.80622 6.75725 15
    endloop
  endfacet
  facet normal -0 0 1
    outer loop
      vertex -10.3136 7.9139 15
      vertex -8.80622 6.75725 15
      vertex -9.77392 8.5715 15
    endloop
  endfacet
  facet normal 0 0 1
    outer loop
      vertex -8.80622 6.75725 15
      vertex -10.3136 7.9139 15
      vertex -9.22931 6.16683 15
    endloop
  endfacet
  facet normal -0 0 1
    outer loop
      vertex -10.8091 7.22241 15
      vertex -9.22931 6.16683 15
      vertex -10.3136 7.9139 15
    endloop
  endfacet
  facet normal 0 0 1
    outer loop
      vertex -9.22931 6.16683 15
      vertex -10.8091 7.22241 15
      vertex -9.61288 5.55 15
    endloop
  endfacet
  facet normal -0 0 1
    outer loop
      vertex -11.2583 6.5 15
      vertex -9.61288 5.55 15
      vertex -10.8091 7.22241 15
    endloop
  endfacet
  facet normal 0 0 1
    outer loop
      vertex -9.61288 5.55 15
      vertex -11.2583 6.5 15
      vertex -9.95529 4.9094 15
    endloop
  endfacet
  facet normal -0 0 1
    outer loop
      vertex -11.6593 5.74975 15
      vertex -9.95529 4.9094 15
      vertex -11.2583 6.5 15
    endloop
  endfacet
  facet normal 0 0 1
    outer loop
      vertex -9.95529 4.9094 15
      vertex -11.6593 5.74975 15
      vertex -10.2551 4.24779 15
    endloop
  endfacet
  facet normal -0 0 1
    outer loop
      vertex -12.0104 4.97488 15
      vertex -10.2551 4.24779 15
      vertex -11.6593 5.74975 15
    endloop
  endfacet
  facet normal 0 0 1
    outer loop
      vertex -10.2551 4.24779 15
      vertex -12.0104 4.97488 15
      vertex -10.5109 3.56798 15
    endloop
  endfacet
  facet normal -0 0 1
    outer loop
      vertex -12.3101 4.17871 15
      vertex -10.5109 3.56798 15
      vertex -12.0104 4.97488 15
    endloop
  endfacet
  facet normal -0 0 1
    outer loop
      vertex -12.557 3.36465 15
      vertex -10.7218 2.87289 15
      vertex -12.3101 4.17871 15
    endloop
  endfacet
  facet normal 0 0 1
    outer loop
      vertex -10.5109 3.56798 15
      vertex -12.3101 4.17871 15
      vertex -10.7218 2.87289 15
    endloop
  endfacet
  facet normal 0 0 1
    outer loop
      vertex 12.557 -3.36465 15
      vertex 10.7218 -2.87289 15
      vertex 12.3101 -4.17871 15
    endloop
  endfacet
  facet normal -0 0 1
    outer loop
      vertex 10.5109 -3.56798 15
      vertex 12.3101 -4.17871 15
      vertex 10.7218 -2.87289 15
    endloop
  endfacet
  facet normal 0 0 1
    outer loop
      vertex 12.3101 -4.17871 15
      vertex 10.5109 -3.56798 15
      vertex 12.0104 -4.97488 15
    endloop
  endfacet
  facet normal -0 0 1
    outer loop
      vertex 10.2551 -4.24779 15
      vertex 12.0104 -4.97488 15
      vertex 10.5109 -3.56798 15
    endloop
  endfacet
  facet normal 0 0 1
    outer loop
      vertex 12.0104 -4.97488 15
      vertex 10.2551 -4.24779 15
      vertex 11.6593 -5.74975 15
    endloop
  endfacet
  facet normal -0 0 1
    outer loop
      vertex 9.95529 -4.9094 15
      vertex 11.6593 -5.74975 15
      vertex 10.2551 -4.24779 15
    endloop
  endfacet
  facet normal 0 0 1
    outer loop
      vertex 11.6593 -5.74975 15
      vertex 9.95529 -4.9094 15
      vertex 11.2583 -6.5 15
    endloop
  endfacet
  facet normal -0 0 1
    outer loop
      vertex 9.61288 -5.55 15
      vertex 11.2583 -6.5 15
      vertex 9.95529 -4.9094 15
    endloop
  endfacet
  facet normal 0 0 1
    outer loop
      vertex 11.2583 -6.5 15
      vertex 9.61288 -5.55 15
      vertex 10.8091 -7.22241 15
    endloop
  endfacet
  facet normal -0 0 1
    outer loop
      vertex 9.22931 -6.16683 15
      vertex 10.8091 -7.22241 15
      vertex 9.61288 -5.55 15
    endloop
  endfacet
  facet normal 0 0 1
    outer loop
      vertex 10.8091 -7.22241 15
      vertex 9.22931 -6.16683 15
      vertex 10.3136 -7.9139 15
    endloop
  endfacet
  facet normal -0 0 1
    outer loop
      vertex 8.80622 -6.75725 15
      vertex 10.3136 -7.9139 15
      vertex 9.22931 -6.16683 15
    endloop
  endfacet
  facet normal 0 0 1
    outer loop
      vertex 10.3136 -7.9139 15
      vertex 8.80622 -6.75725 15
      vertex 9.77392 -8.5715 15
    endloop
  endfacet
  facet normal -0 0 1
    outer loop
      vertex 8.34542 -7.31874 15
      vertex 9.77392 -8.5715 15
      vertex 8.80622 -6.75725 15
    endloop
  endfacet
  facet normal 0 0 1
    outer loop
      vertex 9.77392 -8.5715 15
      vertex 8.34542 -7.31874 15
      vertex 9.19239 -9.19239 15
    endloop
  endfacet
  facet normal -0 0 1
    outer loop
      vertex 7.84888 -7.84888 15
      vertex 9.19239 -9.19239 15
      vertex 8.34542 -7.31874 15
    endloop
  endfacet
  facet normal 0 0 1
    outer loop
      vertex 9.19239 -9.19239 15
      vertex 7.84888 -7.84888 15
      vertex 8.5715 -9.77392 15
    endloop
  endfacet
  facet normal -0 0 1
    outer loop
      vertex 7.31874 -8.34542 15
      vertex 8.5715 -9.77392 15
      vertex 7.84888 -7.84888 15
    endloop
  endfacet
  facet normal 0 0 1
    outer loop
      vertex 8.5715 -9.77392 15
      vertex 7.31874 -8.34542 15
      vertex 7.9139 -10.3136 15
    endloop
  endfacet
  facet normal -0 0 1
    outer loop
      vertex 6.75725 -8.80622 15
      vertex 7.9139 -10.3136 15
      vertex 7.31874 -8.34542 15
    endloop
  endfacet
  facet normal 0 0 1
    outer loop
      vertex 7.9139 -10.3136 15
      vertex 6.75725 -8.80622 15
      vertex 7.22241 -10.8091 15
    endloop
  endfacet
  facet normal -0 0 1
    outer loop
      vertex 6.16683 -9.22931 15
      vertex 7.22241 -10.8091 15
      vertex 6.75725 -8.80622 15
    endloop
  endfacet
  facet normal 0 0 1
    outer loop
      vertex 7.22241 -10.8091 15
      vertex 6.16683 -9.22931 15
      vertex 6.5 -11.2583 15
    endloop
  endfacet
  facet normal -0 0 1
    outer loop
      vertex 5.55 -9.61288 15
      vertex 6.5 -11.2583 15
      vertex 6.16683 -9.22931 15
    endloop
  endfacet
  facet normal 0 0 1
    outer loop
      vertex 6.5 -11.2583 15
      vertex 5.55 -9.61288 15
      vertex 5.74975 -11.6593 15
    endloop
  endfacet
  facet normal -0 0 1
    outer loop
      vertex 4.9094 -9.95529 15
      vertex 5.74975 -11.6593 15
      vertex 5.55 -9.61288 15
    endloop
  endfacet
  facet normal 0 0 1
    outer loop
      vertex 5.74975 -11.6593 15
      vertex 4.9094 -9.95529 15
      vertex 4.97488 -12.0104 15
    endloop
  endfacet
  facet normal -0 0 1
    outer loop
      vertex 4.24779 -10.2551 15
      vertex 4.97488 -12.0104 15
      vertex 4.9094 -9.95529 15
    endloop
  endfacet
  facet normal 0 0 1
    outer loop
      vertex 4.24779 -10.2551 15
      vertex 4.17871 -12.3101 15
      vertex 4.97488 -12.0104 15
    endloop
  endfacet
  facet normal -0 0 1
    outer loop
      vertex 3.56798 -10.5109 15
      vertex 4.17871 -12.3101 15
      vertex 4.24779 -10.2551 15
    endloop
  endfacet
  facet normal 0 0 1
    outer loop
      vertex 3.56798 -10.5109 15
      vertex 3.36465 -12.557 15
      vertex 4.17871 -12.3101 15
    endloop
  endfacet
  facet normal -0 0 1
    outer loop
      vertex 2.87289 -10.7218 15
      vertex 3.36465 -12.557 15
      vertex 3.56798 -10.5109 15
    endloop
  endfacet
  facet normal 0 0 1
    outer loop
      vertex 2.87289 -10.7218 15
      vertex 2.53617 -12.7502 15
      vertex 3.36465 -12.557 15
    endloop
  endfacet
  facet normal -0 0 1
    outer loop
      vertex 2.1655 -10.8867 15
      vertex 2.53617 -12.7502 15
      vertex 2.87289 -10.7218 15
    endloop
  endfacet
  facet normal 0 0 1
    outer loop
      vertex 2.1655 -10.8867 15
      vertex 1.69684 -12.8888 15
      vertex 2.53617 -12.7502 15
    endloop
  endfacet
  facet normal -0 0 1
    outer loop
      vertex 1.44884 -11.005 15
      vertex 1.69684 -12.8888 15
      vertex 2.1655 -10.8867 15
    endloop
  endfacet
  facet normal 0 0 1
    outer loop
      vertex 1.44884 -11.005 15
      vertex 0.85024 -12.9722 15
      vertex 1.69684 -12.8888 15
    endloop
  endfacet
  facet normal -0 0 1
    outer loop
      vertex 0.725974 -11.0762 15
      vertex 0.85024 -12.9722 15
      vertex 1.44884 -11.005 15
    endloop
  endfacet
  facet normal -0 0 1
    outer loop
      vertex 0 -11.1 15
      vertex 0.85024 -12.9722 15
      vertex 0.725974 -11.0762 15
    endloop
  endfacet
  facet normal 0 0 1
    outer loop
      vertex 0 -11.1 15
      vertex 0 -13 15
      vertex 0.85024 -12.9722 15
    endloop
  endfacet
  facet normal 0 0 1
    outer loop
      vertex -0.725974 -11.0762 15
      vertex 0 -13 15
      vertex 0 -11.1 15
    endloop
  endfacet
  facet normal 0 0 1
    outer loop
      vertex -0.725974 -11.0762 15
      vertex -0.85024 -12.9722 15
      vertex 0 -13 15
    endloop
  endfacet
  facet normal 0 0 1
    outer loop
      vertex -1.44884 -11.005 15
      vertex -0.85024 -12.9722 15
      vertex -0.725974 -11.0762 15
    endloop
  endfacet
  facet normal 0 0 1
    outer loop
      vertex -1.44884 -11.005 15
      vertex -1.69684 -12.8888 15
      vertex -0.85024 -12.9722 15
    endloop
  endfacet
  facet normal 0 0 1
    outer loop
      vertex -2.1655 -10.8867 15
      vertex -1.69684 -12.8888 15
      vertex -1.44884 -11.005 15
    endloop
  endfacet
  facet normal 0 0 1
    outer loop
      vertex -2.1655 -10.8867 15
      vertex -2.53617 -12.7502 15
      vertex -1.69684 -12.8888 15
    endloop
  endfacet
  facet normal 0 0 1
    outer loop
      vertex -2.87289 -10.7218 15
      vertex -2.53617 -12.7502 15
      vertex -2.1655 -10.8867 15
    endloop
  endfacet
  facet normal 0 0 1
    outer loop
      vertex -2.87289 -10.7218 15
      vertex -3.36465 -12.557 15
      vertex -2.53617 -12.7502 15
    endloop
  endfacet
  facet normal 0 0 1
    outer loop
      vertex -3.56798 -10.5109 15
      vertex -3.36465 -12.557 15
      vertex -2.87289 -10.7218 15
    endloop
  endfacet
  facet normal 0 0 1
    outer loop
      vertex -3.56798 -10.5109 15
      vertex -4.17871 -12.3101 15
      vertex -3.36465 -12.557 15
    endloop
  endfacet
  facet normal 0 0 1
    outer loop
      vertex -4.24779 -10.2551 15
      vertex -4.17871 -12.3101 15
      vertex -3.56798 -10.5109 15
    endloop
  endfacet
  facet normal 0 0 1
    outer loop
      vertex -4.97488 -12.0104 15
      vertex -4.24779 -10.2551 15
      vertex -4.9094 -9.95529 15
    endloop
  endfacet
  facet normal 0 0 1
    outer loop
      vertex -4.24779 -10.2551 15
      vertex -4.97488 -12.0104 15
      vertex -4.17871 -12.3101 15
    endloop
  endfacet
  facet normal 0 0 1
    outer loop
      vertex -5.74975 -11.6593 15
      vertex -4.9094 -9.95529 15
      vertex -5.55 -9.61288 15
    endloop
  endfacet
  facet normal 0 0 1
    outer loop
      vertex -4.9094 -9.95529 15
      vertex -5.74975 -11.6593 15
      vertex -4.97488 -12.0104 15
    endloop
  endfacet
  facet normal 0 0 1
    outer loop
      vertex -6.5 -11.2583 15
      vertex -5.55 -9.61288 15
      vertex -6.16683 -9.22931 15
    endloop
  endfacet
  facet normal 0 0 1
    outer loop
      vertex -5.55 -9.61288 15
      vertex -6.5 -11.2583 15
      vertex -5.74975 -11.6593 15
    endloop
  endfacet
  facet normal 0 0 1
    outer loop
      vertex -7.22241 -10.8091 15
      vertex -6.16683 -9.22931 15
      vertex -6.75725 -8.80622 15
    endloop
  endfacet
  facet normal 0 0 1
    outer loop
      vertex -6.16683 -9.22931 15
      vertex -7.22241 -10.8091 15
      vertex -6.5 -11.2583 15
    endloop
  endfacet
  facet normal 0 0 1
    outer loop
      vertex -7.9139 -10.3136 15
      vertex -6.75725 -8.80622 15
      vertex -7.31874 -8.34542 15
    endloop
  endfacet
  facet normal 0 0 1
    outer loop
      vertex -8.5715 -9.77392 15
      vertex -7.31874 -8.34542 15
      vertex -7.84888 -7.84888 15
    endloop
  endfacet
  facet normal 0 0 1
    outer loop
      vertex -6.75725 -8.80622 15
      vertex -7.9139 -10.3136 15
      vertex -7.22241 -10.8091 15
    endloop
  endfacet
  facet normal 0 0 1
    outer loop
      vertex -9.19239 -9.19239 15
      vertex -7.84888 -7.84888 15
      vertex -8.34542 -7.31874 15
    endloop
  endfacet
  facet normal 0 0 1
    outer loop
      vertex -7.31874 -8.34542 15
      vertex -8.5715 -9.77392 15
      vertex -7.9139 -10.3136 15
    endloop
  endfacet
  facet normal 0 0 1
    outer loop
      vertex -9.77392 -8.5715 15
      vertex -8.34542 -7.31874 15
      vertex -8.80622 -6.75725 15
    endloop
  endfacet
  facet normal 0 0 1
    outer loop
      vertex -7.84888 -7.84888 15
      vertex -9.19239 -9.19239 15
      vertex -8.5715 -9.77392 15
    endloop
  endfacet
  facet normal 0 0 1
    outer loop
      vertex -10.3136 -7.9139 15
      vertex -8.80622 -6.75725 15
      vertex -9.22931 -6.16683 15
    endloop
  endfacet
  facet normal 0 0 1
    outer loop
      vertex -10.8091 -7.22241 15
      vertex -9.22931 -6.16683 15
      vertex -9.61288 -5.55 15
    endloop
  endfacet
  facet normal 0 0 1
    outer loop
      vertex -8.34542 -7.31874 15
      vertex -9.77392 -8.5715 15
      vertex -9.19239 -9.19239 15
    endloop
  endfacet
  facet normal 0 0 1
    outer loop
      vertex -11.2583 -6.5 15
      vertex -9.61288 -5.55 15
      vertex -9.95529 -4.9094 15
    endloop
  endfacet
  facet normal 0 0 1
    outer loop
      vertex -11.6593 -5.74975 15
      vertex -9.95529 -4.9094 15
      vertex -10.2551 -4.24779 15
    endloop
  endfacet
  facet normal 0 0 1
    outer loop
      vertex -8.80622 -6.75725 15
      vertex -10.3136 -7.9139 15
      vertex -9.77392 -8.5715 15
    endloop
  endfacet
  facet normal 0 0 1
    outer loop
      vertex -12.0104 -4.97488 15
      vertex -10.2551 -4.24779 15
      vertex -10.5109 -3.56798 15
    endloop
  endfacet
  facet normal 0 0 1
    outer loop
      vertex -12.3101 -4.17871 15
      vertex -10.5109 -3.56798 15
      vertex -10.7218 -2.87289 15
    endloop
  endfacet
  facet normal 0 0 1
    outer loop
      vertex -9.22931 -6.16683 15
      vertex -10.8091 -7.22241 15
      vertex -10.3136 -7.9139 15
    endloop
  endfacet
  facet normal 0 0 1
    outer loop
      vertex -12.557 -3.36465 15
      vertex -10.7218 -2.87289 15
      vertex -10.8867 -2.1655 15
    endloop
  endfacet
  facet normal 0 0 1
    outer loop
      vertex -12.7502 -2.53617 15
      vertex -10.8867 -2.1655 15
      vertex -11.005 -1.44884 15
    endloop
  endfacet
  facet normal 0 0 1
    outer loop
      vertex -12.8888 -1.69684 15
      vertex -11.005 -1.44884 15
      vertex -11.0762 -0.725974 15
    endloop
  endfacet
  facet normal 0 0 1
    outer loop
      vertex -9.61288 -5.55 15
      vertex -11.2583 -6.5 15
      vertex -10.8091 -7.22241 15
    endloop
  endfacet
  facet normal 0 0 1
    outer loop
      vertex -12.9722 -0.85024 15
      vertex -11.0762 -0.725974 15
      vertex -11.1 0 15
    endloop
  endfacet
  facet normal 0 0 1
    outer loop
      vertex -10.7218 2.87289 15
      vertex -12.557 3.36465 15
      vertex -10.8867 2.1655 15
    endloop
  endfacet
  facet normal -0 0 1
    outer loop
      vertex -12.7502 2.53617 15
      vertex -10.8867 2.1655 15
      vertex -12.557 3.36465 15
    endloop
  endfacet
  facet normal 0 0 1
    outer loop
      vertex -9.95529 -4.9094 15
      vertex -11.6593 -5.74975 15
      vertex -11.2583 -6.5 15
    endloop
  endfacet
  facet normal 0 0 1
    outer loop
      vertex -10.8867 2.1655 15
      vertex -12.7502 2.53617 15
      vertex -11.005 1.44884 15
    endloop
  endfacet
  facet normal 0 0 1
    outer loop
      vertex -10.2551 -4.24779 15
      vertex -12.0104 -4.97488 15
      vertex -11.6593 -5.74975 15
    endloop
  endfacet
  facet normal -0 0 1
    outer loop
      vertex -12.8888 1.69684 15
      vertex -11.005 1.44884 15
      vertex -12.7502 2.53617 15
    endloop
  endfacet
  facet normal 0 0 1
    outer loop
      vertex -10.5109 -3.56798 15
      vertex -12.3101 -4.17871 15
      vertex -12.0104 -4.97488 15
    endloop
  endfacet
  facet normal 0 0 1
    outer loop
      vertex -11.005 1.44884 15
      vertex -12.8888 1.69684 15
      vertex -11.0762 0.725974 15
    endloop
  endfacet
  facet normal 0 0 1
    outer loop
      vertex -10.7218 -2.87289 15
      vertex -12.557 -3.36465 15
      vertex -12.3101 -4.17871 15
    endloop
  endfacet
  facet normal -0 0 1
    outer loop
      vertex -12.9722 0.85024 15
      vertex -11.0762 0.725974 15
      vertex -12.8888 1.69684 15
    endloop
  endfacet
  facet normal 0 0 1
    outer loop
      vertex -10.8867 -2.1655 15
      vertex -12.7502 -2.53617 15
      vertex -12.557 -3.36465 15
    endloop
  endfacet
  facet normal 0 0 1
    outer loop
      vertex -11.0762 0.725974 15
      vertex -12.9722 0.85024 15
      vertex -11.1 0 15
    endloop
  endfacet
  facet normal 0 0 1
    outer loop
      vertex -11.005 -1.44884 15
      vertex -12.8888 -1.69684 15
      vertex -12.7502 -2.53617 15
    endloop
  endfacet
  facet normal 0 0 1
    outer loop
      vertex -13 0 15
      vertex -11.1 0 15
      vertex -12.9722 0.85024 15
    endloop
  endfacet
  facet normal 0 0 1
    outer loop
      vertex -11.0762 -0.725974 15
      vertex -12.9722 -0.85024 15
      vertex -12.8888 -1.69684 15
    endloop
  endfacet
  facet normal 0 0 1
    outer loop
      vertex -11.1 0 15
      vertex -13 0 15
      vertex -12.9722 -0.85024 15
    endloop
  endfacet
  facet normal -0.162925 0.986638 0
    outer loop
      vertex -1.69684 12.8888 12
      vertex -2.53617 12.7502 15
      vertex -1.69684 12.8888 15
    endloop
  endfacet
  facet normal -0.162925 0.986638 0
    outer loop
      vertex -2.53617 12.7502 15
      vertex -1.69684 12.8888 12
      vertex -2.53617 12.7502 12
    endloop
  endfacet
  facet normal 0.683594 0.729862 -0
    outer loop
      vertex 9.19239 9.19239 12
      vertex 8.5715 9.77392 15
      vertex 9.19239 9.19239 15
    endloop
  endfacet
  facet normal 0.683594 0.729862 0
    outer loop
      vertex 8.5715 9.77392 15
      vertex 9.19239 9.19239 12
      vertex 8.5715 9.77392 12
    endloop
  endfacet
  facet normal 0.162925 -0.986638 0
    outer loop
      vertex 1.69684 -12.8888 12
      vertex 2.53617 -12.7502 15
      vertex 1.69684 -12.8888 15
    endloop
  endfacet
  facet normal 0.162925 -0.986638 0
    outer loop
      vertex 2.53617 -12.7502 15
      vertex 1.69684 -12.8888 12
      vertex 2.53617 -12.7502 12
    endloop
  endfacet
  facet normal 0.471381 -0.88193 0
    outer loop
      vertex 5.74975 -11.6593 12
      vertex 6.5 -11.2583 15
      vertex 5.74975 -11.6593 15
    endloop
  endfacet
  facet normal 0.471381 -0.88193 0
    outer loop
      vertex 6.5 -11.2583 15
      vertex 5.74975 -11.6593 12
      vertex 6.5 -11.2583 12
    endloop
  endfacet
  facet normal -0.849215 -0.528048 0
    outer loop
      vertex -10.8091 -7.22241 12
      vertex -11.2583 -6.5 15
      vertex -11.2583 -6.5 12
    endloop
  endfacet
  facet normal -0.849215 -0.528048 0
    outer loop
      vertex -11.2583 -6.5 15
      vertex -10.8091 -7.22241 12
      vertex -10.8091 -7.22241 15
    endloop
  endfacet
  facet normal -0.999466 -0.0326792 0
    outer loop
      vertex -12.9722 -0.85024 12
      vertex -13 0 15
      vertex -13 0 12
    endloop
  endfacet
  facet normal -0.999466 -0.0326792 0
    outer loop
      vertex -13 0 15
      vertex -12.9722 -0.85024 12
      vertex -12.9722 -0.85024 15
    endloop
  endfacet
  facet normal 0.88193 0.471381 0
    outer loop
      vertex 11.6593 5.74975 15
      vertex 11.2583 6.5 12
      vertex 11.2583 6.5 15
    endloop
  endfacet
  facet normal 0.88193 0.471381 0
    outer loop
      vertex 11.2583 6.5 12
      vertex 11.6593 5.74975 15
      vertex 11.6593 5.74975 12
    endloop
  endfacet
  facet normal 0.729862 0.683594 0
    outer loop
      vertex 9.77392 8.5715 15
      vertex 9.19239 9.19239 12
      vertex 9.19239 9.19239 15
    endloop
  endfacet
  facet normal 0.729862 0.683594 0
    outer loop
      vertex 9.19239 9.19239 12
      vertex 9.77392 8.5715 15
      vertex 9.77392 8.5715 12
    endloop
  endfacet
  facet normal 0.97387 -0.227105 0
    outer loop
      vertex 12.557 -3.36465 15
      vertex 12.7502 -2.53617 12
      vertex 12.7502 -2.53617 15
    endloop
  endfacet
  facet normal 0.97387 -0.227105 0
    outer loop
      vertex 12.7502 -2.53617 12
      vertex 12.557 -3.36465 15
      vertex 12.557 -3.36465 12
    endloop
  endfacet
  facet normal 0.88193 -0.471381 0
    outer loop
      vertex 11.2583 -6.5 15
      vertex 11.6593 -5.74975 12
      vertex 11.6593 -5.74975 15
    endloop
  endfacet
  facet normal 0.88193 -0.471381 0
    outer loop
      vertex 11.6593 -5.74975 12
      vertex 11.2583 -6.5 15
      vertex 11.2583 -6.5 12
    endloop
  endfacet
  facet normal -0.412718 0.910859 0
    outer loop
      vertex -4.97488 12.0104 12
      vertex -5.74975 11.6593 15
      vertex -4.97488 12.0104 15
    endloop
  endfacet
  facet normal -0.412718 0.910859 0
    outer loop
      vertex -5.74975 11.6593 15
      vertex -4.97488 12.0104 12
      vertex -5.74975 11.6593 12
    endloop
  endfacet
  facet normal -0.849215 0.528048 0
    outer loop
      vertex -11.2583 6.5 12
      vertex -10.8091 7.22241 15
      vertex -10.8091 7.22241 12
    endloop
  endfacet
  facet normal -0.849215 0.528048 0
    outer loop
      vertex -10.8091 7.22241 15
      vertex -11.2583 6.5 12
      vertex -11.2583 6.5 15
    endloop
  endfacet
  facet normal -0.683594 0.729862 0
    outer loop
      vertex -8.5715 9.77392 12
      vertex -9.19239 9.19239 15
      vertex -8.5715 9.77392 15
    endloop
  endfacet
  facet normal -0.683594 0.729862 0
    outer loop
      vertex -9.19239 9.19239 15
      vertex -8.5715 9.77392 12
      vertex -9.19239 9.19239 12
    endloop
  endfacet
  facet normal -0.88193 0.471381 0
    outer loop
      vertex -11.6593 5.74975 12
      vertex -11.2583 6.5 15
      vertex -11.2583 6.5 12
    endloop
  endfacet
  facet normal -0.88193 0.471381 0
    outer loop
      vertex -11.2583 6.5 15
      vertex -11.6593 5.74975 12
      vertex -11.6593 5.74975 15
    endloop
  endfacet
  facet normal 0.412718 -0.910859 0
    outer loop
      vertex 4.97488 -12.0104 12
      vertex 5.74975 -11.6593 15
      vertex 4.97488 -12.0104 15
    endloop
  endfacet
  facet normal 0.412718 -0.910859 0
    outer loop
      vertex 5.74975 -11.6593 15
      vertex 4.97488 -12.0104 12
      vertex 5.74975 -11.6593 12
    endloop
  endfacet
  facet normal -0.471381 0.88193 0
    outer loop
      vertex -5.74975 11.6593 12
      vertex -6.5 11.2583 15
      vertex -5.74975 11.6593 15
    endloop
  endfacet
  facet normal -0.471381 0.88193 0
    outer loop
      vertex -6.5 11.2583 15
      vertex -5.74975 11.6593 12
      vertex -6.5 11.2583 12
    endloop
  endfacet
  facet normal 0.986638 0.162925 0
    outer loop
      vertex 12.8888 1.69684 15
      vertex 12.7502 2.53617 12
      vertex 12.7502 2.53617 15
    endloop
  endfacet
  facet normal 0.986638 0.162925 0
    outer loop
      vertex 12.7502 2.53617 12
      vertex 12.8888 1.69684 15
      vertex 12.8888 1.69684 12
    endloop
  endfacet
  facet normal -0.812855 0.582466 0
    outer loop
      vertex -10.8091 7.22241 12
      vertex -10.3136 7.9139 15
      vertex -10.3136 7.9139 12
    endloop
  endfacet
  facet normal -0.812855 0.582466 0
    outer loop
      vertex -10.3136 7.9139 15
      vertex -10.8091 7.22241 12
      vertex -10.8091 7.22241 15
    endloop
  endfacet
  facet normal -0.956954 0.290239 0
    outer loop
      vertex -12.557 3.36465 12
      vertex -12.3101 4.17871 15
      vertex -12.3101 4.17871 12
    endloop
  endfacet
  facet normal -0.956954 0.290239 0
    outer loop
      vertex -12.3101 4.17871 15
      vertex -12.557 3.36465 12
      vertex -12.557 3.36465 15
    endloop
  endfacet
  facet normal -0.0326792 -0.999466 0
    outer loop
      vertex -0.85024 -12.9722 12
      vertex 0 -13 15
      vertex -0.85024 -12.9722 15
    endloop
  endfacet
  facet normal -0.0326792 -0.999466 -0
    outer loop
      vertex 0 -13 15
      vertex -0.85024 -12.9722 12
      vertex 0 -13 12
    endloop
  endfacet
  facet normal -0.995183 0.0980371 0
    outer loop
      vertex -12.9722 0.85024 12
      vertex -12.8888 1.69684 15
      vertex -12.8888 1.69684 12
    endloop
  endfacet
  facet normal -0.995183 0.0980371 0
    outer loop
      vertex -12.8888 1.69684 15
      vertex -12.9722 0.85024 12
      vertex -12.9722 0.85024 15
    endloop
  endfacet
  facet normal -0.683594 -0.729862 0
    outer loop
      vertex -9.19239 -9.19239 12
      vertex -8.5715 -9.77392 15
      vertex -9.19239 -9.19239 15
    endloop
  endfacet
  facet normal -0.683594 -0.729862 -0
    outer loop
      vertex -8.5715 -9.77392 15
      vertex -9.19239 -9.19239 12
      vertex -8.5715 -9.77392 12
    endloop
  endfacet
  facet normal -0.471381 -0.88193 0
    outer loop
      vertex -6.5 -11.2583 12
      vertex -5.74975 -11.6593 15
      vertex -6.5 -11.2583 15
    endloop
  endfacet
  facet normal -0.471381 -0.88193 -0
    outer loop
      vertex -5.74975 -11.6593 15
      vertex -6.5 -11.2583 12
      vertex -5.74975 -11.6593 12
    endloop
  endfacet
  facet normal 0.812855 -0.582466 0
    outer loop
      vertex 10.3136 -7.9139 15
      vertex 10.8091 -7.22241 12
      vertex 10.8091 -7.22241 15
    endloop
  endfacet
  facet normal 0.812855 -0.582466 0
    outer loop
      vertex 10.8091 -7.22241 12
      vertex 10.3136 -7.9139 15
      vertex 10.3136 -7.9139 12
    endloop
  endfacet
  facet normal -0.528048 -0.849215 0
    outer loop
      vertex -7.22241 -10.8091 12
      vertex -6.5 -11.2583 15
      vertex -7.22241 -10.8091 15
    endloop
  endfacet
  facet normal -0.528048 -0.849215 -0
    outer loop
      vertex -6.5 -11.2583 15
      vertex -7.22241 -10.8091 12
      vertex -6.5 -11.2583 12
    endloop
  endfacet
  facet normal -0.352294 -0.935889 0
    outer loop
      vertex -4.97488 -12.0104 12
      vertex -4.17871 -12.3101 15
      vertex -4.97488 -12.0104 15
    endloop
  endfacet
  facet normal -0.352294 -0.935889 -0
    outer loop
      vertex -4.17871 -12.3101 15
      vertex -4.97488 -12.0104 12
      vertex -4.17871 -12.3101 12
    endloop
  endfacet
  facet normal -0.935889 -0.352294 0
    outer loop
      vertex -12.0104 -4.97488 12
      vertex -12.3101 -4.17871 15
      vertex -12.3101 -4.17871 12
    endloop
  endfacet
  facet normal -0.935889 -0.352294 0
    outer loop
      vertex -12.3101 -4.17871 15
      vertex -12.0104 -4.97488 12
      vertex -12.0104 -4.97488 15
    endloop
  endfacet
  facet normal -0.77301 -0.634394 0
    outer loop
      vertex -9.77392 -8.5715 12
      vertex -10.3136 -7.9139 15
      vertex -10.3136 -7.9139 12
    endloop
  endfacet
  facet normal -0.77301 -0.634394 0
    outer loop
      vertex -10.3136 -7.9139 15
      vertex -9.77392 -8.5715 12
      vertex -9.77392 -8.5715 15
    endloop
  endfacet
  facet normal 0.634394 -0.77301 0
    outer loop
      vertex 7.9139 -10.3136 12
      vertex 8.5715 -9.77392 15
      vertex 7.9139 -10.3136 15
    endloop
  endfacet
  facet normal 0.634394 -0.77301 0
    outer loop
      vertex 8.5715 -9.77392 15
      vertex 7.9139 -10.3136 12
      vertex 8.5715 -9.77392 12
    endloop
  endfacet
  facet normal 0.0326792 0.999466 -0
    outer loop
      vertex 0.85024 12.9722 12
      vertex 0 13 15
      vertex 0.85024 12.9722 15
    endloop
  endfacet
  facet normal 0.0326792 0.999466 0
    outer loop
      vertex 0 13 15
      vertex 0.85024 12.9722 12
      vertex 0 13 12
    endloop
  endfacet
  facet normal -0.290239 -0.956954 0
    outer loop
      vertex -4.17871 -12.3101 12
      vertex -3.36465 -12.557 15
      vertex -4.17871 -12.3101 15
    endloop
  endfacet
  facet normal -0.290239 -0.956954 -0
    outer loop
      vertex -3.36465 -12.557 15
      vertex -4.17871 -12.3101 12
      vertex -3.36465 -12.557 12
    endloop
  endfacet
  facet normal 0.0980371 0.995183 -0
    outer loop
      vertex 1.69684 12.8888 12
      vertex 0.85024 12.9722 15
      vertex 1.69684 12.8888 15
    endloop
  endfacet
  facet normal 0.0980371 0.995183 0
    outer loop
      vertex 0.85024 12.9722 15
      vertex 1.69684 12.8888 12
      vertex 0.85024 12.9722 12
    endloop
  endfacet
  facet normal 0.227105 0.97387 -0
    outer loop
      vertex 3.36465 12.557 12
      vertex 2.53617 12.7502 15
      vertex 3.36465 12.557 15
    endloop
  endfacet
  facet normal 0.227105 0.97387 0
    outer loop
      vertex 2.53617 12.7502 15
      vertex 3.36465 12.557 12
      vertex 2.53617 12.7502 12
    endloop
  endfacet
  facet normal -0.88193 -0.471381 0
    outer loop
      vertex -11.2583 -6.5 12
      vertex -11.6593 -5.74975 15
      vertex -11.6593 -5.74975 12
    endloop
  endfacet
  facet normal -0.88193 -0.471381 0
    outer loop
      vertex -11.6593 -5.74975 15
      vertex -11.2583 -6.5 12
      vertex -11.2583 -6.5 15
    endloop
  endfacet
  facet normal -0.999466 0.0326792 0
    outer loop
      vertex -13 0 12
      vertex -12.9722 0.85024 15
      vertex -12.9722 0.85024 12
    endloop
  endfacet
  facet normal -0.999466 0.0326792 0
    outer loop
      vertex -12.9722 0.85024 15
      vertex -13 0 12
      vertex -13 0 15
    endloop
  endfacet
  facet normal 0.910859 -0.412718 0
    outer loop
      vertex 11.6593 -5.74975 15
      vertex 12.0104 -4.97488 12
      vertex 12.0104 -4.97488 15
    endloop
  endfacet
  facet normal 0.910859 -0.412718 0
    outer loop
      vertex 12.0104 -4.97488 12
      vertex 11.6593 -5.74975 15
      vertex 11.6593 -5.74975 12
    endloop
  endfacet
  facet normal -0.729862 0.683594 0
    outer loop
      vertex -9.77392 8.5715 12
      vertex -9.19239 9.19239 15
      vertex -9.19239 9.19239 12
    endloop
  endfacet
  facet normal -0.729862 0.683594 0
    outer loop
      vertex -9.19239 9.19239 15
      vertex -9.77392 8.5715 12
      vertex -9.77392 8.5715 15
    endloop
  endfacet
  facet normal 0.998217 0.0327251 0.0499109
    outer loop
      vertex 11.0762 0.725974 15
      vertex 10.5 0 27
      vertex 11.1 0 15
    endloop
  endfacet
  facet normal 0.81183 0.581756 0.049911
    outer loop
      vertex 8.80622 6.75725 15
      vertex 8.33021 6.39199 27
      vertex 8.73043 5.83349 27
    endloop
  endfacet
  facet normal 0.985418 0.162664 0.0499132
    outer loop
      vertex 10.8867 2.1655 15
      vertex 10.2982 2.04845 27
      vertex 11.005 1.44884 15
    endloop
  endfacet
  facet normal 0.682743 -0.728952 0.0499105
    outer loop
      vertex 7.42462 -7.42462 27
      vertex 6.92313 -7.89432 27
      vertex 7.84888 -7.84888 15
    endloop
  endfacet
  facet normal -0.581753 0.811833 0.0499107
    outer loop
      vertex -6.16683 9.22931 15
      vertex -6.75725 8.80622 15
      vertex -5.83349 8.73043 27
    endloop
  endfacet
  facet normal 0.6336 -0.772049 0.0499108
    outer loop
      vertex 6.92313 -7.89432 27
      vertex 6.75725 -8.80622 15
      vertex 7.31874 -8.34542 15
    endloop
  endfacet
  facet normal 0.162664 0.985418 0.0499132
    outer loop
      vertex 2.1655 10.8867 15
      vertex 1.44884 11.005 15
      vertex 2.04845 10.2982 27
    endloop
  endfacet
  facet normal 0.0979003 -0.993944 0.0499055
    outer loop
      vertex 1.37052 -10.4102 27
      vertex 0.725974 -11.0762 15
      vertex 1.44884 -11.005 15
    endloop
  endfacet
  facet normal 0.985397 -0.162796 0.0499054
    outer loop
      vertex 10.4102 -1.37052 27
      vertex 10.2982 -2.04845 27
      vertex 11.005 -1.44884 15
    endloop
  endfacet
  facet normal 0.0327251 -0.998217 0.0499109
    outer loop
      vertex 0 -10.5 27
      vertex 0 -11.1 15
      vertex 0.725974 -11.0762 15
    endloop
  endfacet
  facet normal 0.934737 -0.351818 0.0499142
    outer loop
      vertex 9.94277 -3.37511 27
      vertex 9.70073 -4.01818 27
      vertex 10.2551 -4.24779 15
    endloop
  endfacet
  facet normal -0.581753 -0.811833 0.0499107
    outer loop
      vertex -5.83349 -8.73043 27
      vertex -6.75725 -8.80622 15
      vertex -6.16683 -9.22931 15
    endloop
  endfacet
  facet normal 0.772049 0.6336 0.0499108
    outer loop
      vertex 8.34542 7.31874 15
      vertex 7.89432 6.92313 27
      vertex 8.80622 6.75725 15
    endloop
  endfacet
  facet normal 0.934768 0.351736 0.0499091
    outer loop
      vertex 10.2551 4.24779 15
      vertex 9.94277 3.37511 27
      vertex 10.5109 3.56798 15
    endloop
  endfacet
  facet normal -0.998217 -0.0327251 0.0499109
    outer loop
      vertex -10.5 0 27
      vertex -11.1 0 15
      vertex -11.0762 -0.725974 15
    endloop
  endfacet
  facet normal -0.909709 0.412236 0.0499141
    outer loop
      vertex -9.95529 4.9094 15
      vertex -10.2551 4.24779 15
      vertex -9.70073 4.01818 27
    endloop
  endfacet
  facet normal 0.772051 0.633598 0.049911
    outer loop
      vertex 8.80622 6.75725 15
      vertex 7.89432 6.92313 27
      vertex 8.33021 6.39199 27
    endloop
  endfacet
  facet normal -0.289892 0.955757 0.0499088
    outer loop
      vertex -2.7176 10.1422 27
      vertex -3.56798 10.5109 15
      vertex -3.37511 9.94277 27
    endloop
  endfacet
  facet normal -0.162796 -0.985397 0.0499054
    outer loop
      vertex -1.37052 -10.4102 27
      vertex -2.04845 -10.2982 27
      vertex -1.44884 -11.005 15
    endloop
  endfacet
  facet normal -0.728952 -0.682743 0.0499105
    outer loop
      vertex -7.42462 -7.42462 27
      vertex -7.89432 -6.92313 27
      vertex -7.84888 -7.84888 15
    endloop
  endfacet
  facet normal -0.848144 -0.52741 0.0499106
    outer loop
      vertex -9.09327 -5.25 27
      vertex -9.61288 -5.55 15
      vertex -9.22931 -6.16683 15
    endloop
  endfacet
  facet normal 0.682743 0.728952 0.0499105
    outer loop
      vertex 7.84888 7.84888 15
      vertex 6.92313 7.89432 27
      vertex 7.42462 7.42462 27
    endloop
  endfacet
  facet normal 0.998217 -0.0327251 0.0499109
    outer loop
      vertex 11.1 0 15
      vertex 10.5 0 27
      vertex 11.0762 -0.725974 15
    endloop
  endfacet
  facet normal -0.972675 -0.226741 0.0499133
    outer loop
      vertex -10.2982 -2.04845 27
      vertex -10.8867 -2.1655 15
      vertex -10.7218 -2.87289 15
    endloop
  endfacet
  facet normal -0.998218 0.0327055 0.0499097
    outer loop
      vertex -10.4775 0.686732 27
      vertex -11.0762 0.725974 15
      vertex -10.5 0 27
    endloop
  endfacet
  facet normal -0.848142 -0.527412 0.0499107
    outer loop
      vertex -9.09327 -5.25 27
      vertex -9.22931 -6.16683 15
      vertex -8.73043 -5.83349 27
    endloop
  endfacet
  facet normal -0.412194 -0.909728 0.0499113
    outer loop
      vertex -4.64403 -9.41716 27
      vertex -4.9094 -9.95529 15
      vertex -4.01818 -9.70073 27
    endloop
  endfacet
  facet normal -0.0327251 0.998217 0.0499109
    outer loop
      vertex 0 11.1 15
      vertex -0.725974 11.0762 15
      vertex 0 10.5 27
    endloop
  endfacet
  facet normal 0.289982 0.95573 0.0499143
    outer loop
      vertex 2.87289 10.7218 15
      vertex 2.7176 10.1422 27
      vertex 3.56798 10.5109 15
    endloop
  endfacet
  facet normal -0.527412 -0.848142 0.0499107
    outer loop
      vertex -5.83349 -8.73043 27
      vertex -6.16683 -9.22931 15
      vertex -5.25 -9.09327 27
    endloop
  endfacet
  facet normal -0.772049 -0.6336 0.0499108
    outer loop
      vertex -7.89432 -6.92313 27
      vertex -8.80622 -6.75725 15
      vertex -8.34542 -7.31874 15
    endloop
  endfacet
  facet normal 0.4708 0.880827 0.0499113
    outer loop
      vertex 4.9094 9.95529 15
      vertex 4.64403 9.41716 27
      vertex 5.25 9.09327 27
    endloop
  endfacet
  facet normal 0.581756 0.81183 0.049911
    outer loop
      vertex 6.75725 8.80622 15
      vertex 5.83349 8.73043 27
      vertex 6.39199 8.33021 27
    endloop
  endfacet
  facet normal 0.972675 0.226741 0.0499133
    outer loop
      vertex 10.7218 2.87289 15
      vertex 10.2982 2.04845 27
      vertex 10.8867 2.1655 15
    endloop
  endfacet
  facet normal -0.880827 0.4708 0.0499113
    outer loop
      vertex -9.09327 5.25 27
      vertex -9.95529 4.9094 15
      vertex -9.41716 4.64403 27
    endloop
  endfacet
  facet normal -0.289982 0.95573 0.0499143
    outer loop
      vertex -2.87289 10.7218 15
      vertex -3.56798 10.5109 15
      vertex -2.7176 10.1422 27
    endloop
  endfacet
  facet normal 0.772049 -0.6336 0.0499108
    outer loop
      vertex 8.80622 -6.75725 15
      vertex 7.89432 -6.92313 27
      vertex 8.34542 -7.31874 15
    endloop
  endfacet
  facet normal -0.351736 -0.934768 0.0499091
    outer loop
      vertex -3.37511 -9.94277 27
      vertex -4.24779 -10.2551 15
      vertex -3.56798 -10.5109 15
    endloop
  endfacet
  facet normal 0.728952 -0.682743 0.0499105
    outer loop
      vertex 7.89432 -6.92313 27
      vertex 7.42462 -7.42462 27
      vertex 7.84888 -7.84888 15
    endloop
  endfacet
  facet normal 0.0327055 -0.998218 0.0499097
    outer loop
      vertex 0.686732 -10.4775 27
      vertex 0 -10.5 27
      vertex 0.725974 -11.0762 15
    endloop
  endfacet
  facet normal 0.0327251 0.998217 0.0499109
    outer loop
      vertex 0 11.1 15
      vertex 0 10.5 27
      vertex 0.725974 11.0762 15
    endloop
  endfacet
  facet normal 0.993951 0.097827 0.0499098
    outer loop
      vertex 11.0762 0.725974 15
      vertex 10.4102 1.37052 27
      vertex 10.4775 0.686732 27
    endloop
  endfacet
  facet normal -0.81183 0.581756 0.049911
    outer loop
      vertex -8.33021 6.39199 27
      vertex -8.80622 6.75725 15
      vertex -8.73043 5.83349 27
    endloop
  endfacet
  facet normal -0.581756 0.81183 0.049911
    outer loop
      vertex -5.83349 8.73043 27
      vertex -6.75725 8.80622 15
      vertex -6.39199 8.33021 27
    endloop
  endfacet
  facet normal 0.412236 0.909709 0.0499141
    outer loop
      vertex 4.24779 10.2551 15
      vertex 4.01818 9.70073 27
      vertex 4.9094 9.95529 15
    endloop
  endfacet
  facet normal -0.097827 0.993951 0.0499098
    outer loop
      vertex -0.725974 11.0762 15
      vertex -1.37052 10.4102 27
      vertex -0.686732 10.4775 27
    endloop
  endfacet
  facet normal 0.955757 -0.289892 0.0499088
    outer loop
      vertex 10.1422 -2.7176 27
      vertex 9.94277 -3.37511 27
      vertex 10.5109 -3.56798 15
    endloop
  endfacet
  facet normal 0.412236 -0.909709 0.0499141
    outer loop
      vertex 4.9094 -9.95529 15
      vertex 4.01818 -9.70073 27
      vertex 4.24779 -10.2551 15
    endloop
  endfacet
  facet normal 0.728952 0.682743 0.0499105
    outer loop
      vertex 7.84888 7.84888 15
      vertex 7.42462 7.42462 27
      vertex 7.89432 6.92313 27
    endloop
  endfacet
  facet normal -0.470812 -0.880821 0.0499106
    outer loop
      vertex -5.25 -9.09327 27
      vertex -5.55 -9.61288 15
      vertex -4.9094 -9.95529 15
    endloop
  endfacet
  facet normal 0.289892 0.955757 0.0499088
    outer loop
      vertex 3.56798 10.5109 15
      vertex 2.7176 10.1422 27
      vertex 3.37511 9.94277 27
    endloop
  endfacet
  facet normal 0.811833 -0.581753 0.0499107
    outer loop
      vertex 9.22931 -6.16683 15
      vertex 8.73043 -5.83349 27
      vertex 8.80622 -6.75725 15
    endloop
  endfacet
  facet normal -0.985418 0.162664 0.0499132
    outer loop
      vertex -10.8867 2.1655 15
      vertex -11.005 1.44884 15
      vertex -10.2982 2.04845 27
    endloop
  endfacet
  facet normal -0.985418 -0.162664 0.0499132
    outer loop
      vertex -10.2982 -2.04845 27
      vertex -11.005 -1.44884 15
      vertex -10.8867 -2.1655 15
    endloop
  endfacet
  facet normal -0.972671 0.22676 0.0499145
    outer loop
      vertex -10.1422 2.7176 27
      vertex -10.7218 2.87289 15
      vertex -10.2982 2.04845 27
    endloop
  endfacet
  facet normal 0.581756 -0.81183 0.049911
    outer loop
      vertex 6.39199 -8.33021 27
      vertex 5.83349 -8.73043 27
      vertex 6.75725 -8.80622 15
    endloop
  endfacet
  facet normal 0.972671 -0.22676 0.0499145
    outer loop
      vertex 10.2982 -2.04845 27
      vertex 10.1422 -2.7176 27
      vertex 10.7218 -2.87289 15
    endloop
  endfacet
  facet normal -0.0979003 0.993944 0.0499055
    outer loop
      vertex -0.725974 11.0762 15
      vertex -1.44884 11.005 15
      vertex -1.37052 10.4102 27
    endloop
  endfacet
  facet normal 0.633598 -0.772051 0.049911
    outer loop
      vertex 6.92313 -7.89432 27
      vertex 6.39199 -8.33021 27
      vertex 6.75725 -8.80622 15
    endloop
  endfacet
  facet normal 0.289982 -0.95573 0.0499143
    outer loop
      vertex 3.56798 -10.5109 15
      vertex 2.7176 -10.1422 27
      vertex 2.87289 -10.7218 15
    endloop
  endfacet
  facet normal 0.934737 0.351818 0.0499142
    outer loop
      vertex 10.2551 4.24779 15
      vertex 9.70073 4.01818 27
      vertex 9.94277 3.37511 27
    endloop
  endfacet
  facet normal -0.0327055 0.998218 0.0499097
    outer loop
      vertex 0 10.5 27
      vertex -0.725974 11.0762 15
      vertex -0.686732 10.4775 27
    endloop
  endfacet
  facet normal 0.909728 0.412194 0.0499113
    outer loop
      vertex 9.95529 4.9094 15
      vertex 9.41716 4.64403 27
      vertex 9.70073 4.01818 27
    endloop
  endfacet
  facet normal -0.22676 -0.972671 0.0499145
    outer loop
      vertex -2.7176 -10.1422 27
      vertex -2.87289 -10.7218 15
      vertex -2.04845 -10.2982 27
    endloop
  endfacet
  facet normal 0.934768 -0.351736 0.0499091
    outer loop
      vertex 10.5109 -3.56798 15
      vertex 9.94277 -3.37511 27
      vertex 10.2551 -4.24779 15
    endloop
  endfacet
  facet normal 0.682747 0.728948 0.0499108
    outer loop
      vertex 7.31874 8.34542 15
      vertex 6.92313 7.89432 27
      vertex 7.84888 7.84888 15
    endloop
  endfacet
  facet normal 0.682747 -0.728948 0.0499108
    outer loop
      vertex 7.84888 -7.84888 15
      vertex 6.92313 -7.89432 27
      vertex 7.31874 -8.34542 15
    endloop
  endfacet
  facet normal 0.985418 -0.162664 0.0499132
    outer loop
      vertex 11.005 -1.44884 15
      vertex 10.2982 -2.04845 27
      vertex 10.8867 -2.1655 15
    endloop
  endfacet
  facet normal -0.998218 -0.0327055 0.0499097
    outer loop
      vertex -10.5 0 27
      vertex -11.0762 -0.725974 15
      vertex -10.4775 -0.686732 27
    endloop
  endfacet
  facet normal 0.998218 0.0327055 0.0499097
    outer loop
      vertex 11.0762 0.725974 15
      vertex 10.4775 0.686732 27
      vertex 10.5 0 27
    endloop
  endfacet
  facet normal -0.95573 -0.289982 0.0499143
    outer loop
      vertex -10.1422 -2.7176 27
      vertex -10.7218 -2.87289 15
      vertex -10.5109 -3.56798 15
    endloop
  endfacet
  facet normal 0.95573 0.289982 0.0499143
    outer loop
      vertex 10.5109 3.56798 15
      vertex 10.1422 2.7176 27
      vertex 10.7218 2.87289 15
    endloop
  endfacet
  facet normal -0.581756 -0.81183 0.049911
    outer loop
      vertex -6.39199 -8.33021 27
      vertex -6.75725 -8.80622 15
      vertex -5.83349 -8.73043 27
    endloop
  endfacet
  facet normal -0.880821 0.470812 0.0499106
    outer loop
      vertex -9.61288 5.55 15
      vertex -9.95529 4.9094 15
      vertex -9.09327 5.25 27
    endloop
  endfacet
  facet normal -0.993944 -0.0979003 0.0499055
    outer loop
      vertex -10.4102 -1.37052 27
      vertex -11.0762 -0.725974 15
      vertex -11.005 -1.44884 15
    endloop
  endfacet
  facet normal -0.52741 -0.848144 0.0499106
    outer loop
      vertex -5.25 -9.09327 27
      vertex -6.16683 -9.22931 15
      vertex -5.55 -9.61288 15
    endloop
  endfacet
  facet normal 0.848144 0.52741 0.0499106
    outer loop
      vertex 9.22931 6.16683 15
      vertex 9.09327 5.25 27
      vertex 9.61288 5.55 15
    endloop
  endfacet
  facet normal 0.728948 -0.682747 0.0499108
    outer loop
      vertex 7.89432 -6.92313 27
      vertex 7.84888 -7.84888 15
      vertex 8.34542 -7.31874 15
    endloop
  endfacet
  facet normal 0.728948 0.682747 0.0499108
    outer loop
      vertex 8.34542 7.31874 15
      vertex 7.84888 7.84888 15
      vertex 7.89432 6.92313 27
    endloop
  endfacet
  facet normal 0.412194 -0.909728 0.0499113
    outer loop
      vertex 4.64403 -9.41716 27
      vertex 4.01818 -9.70073 27
      vertex 4.9094 -9.95529 15
    endloop
  endfacet
  facet normal -0.6336 0.772049 0.0499108
    outer loop
      vertex -6.75725 8.80622 15
      vertex -7.31874 8.34542 15
      vertex -6.92313 7.89432 27
    endloop
  endfacet
  facet normal -0.0979003 -0.993944 0.0499055
    outer loop
      vertex -1.37052 -10.4102 27
      vertex -1.44884 -11.005 15
      vertex -0.725974 -11.0762 15
    endloop
  endfacet
  facet normal -0.998217 0.0327251 0.0499109
    outer loop
      vertex -11.0762 0.725974 15
      vertex -11.1 0 15
      vertex -10.5 0 27
    endloop
  endfacet
  facet normal -0.412194 0.909728 0.0499113
    outer loop
      vertex -4.01818 9.70073 27
      vertex -4.9094 9.95529 15
      vertex -4.64403 9.41716 27
    endloop
  endfacet
  facet normal 0.226741 0.972675 0.0499133
    outer loop
      vertex 2.1655 10.8867 15
      vertex 2.04845 10.2982 27
      vertex 2.87289 10.7218 15
    endloop
  endfacet
  facet normal -0.226741 -0.972675 0.0499133
    outer loop
      vertex -2.04845 -10.2982 27
      vertex -2.87289 -10.7218 15
      vertex -2.1655 -10.8867 15
    endloop
  endfacet
  facet normal -0.289982 -0.95573 0.0499143
    outer loop
      vertex -2.7176 -10.1422 27
      vertex -3.56798 -10.5109 15
      vertex -2.87289 -10.7218 15
    endloop
  endfacet
  facet normal 0.848142 -0.527412 0.0499107
    outer loop
      vertex 9.09327 -5.25 27
      vertex 8.73043 -5.83349 27
      vertex 9.22931 -6.16683 15
    endloop
  endfacet
  facet normal -0.993944 0.0979003 0.0499055
    outer loop
      vertex -11.005 1.44884 15
      vertex -11.0762 0.725974 15
      vertex -10.4102 1.37052 27
    endloop
  endfacet
  facet normal 0.162796 0.985397 0.0499054
    outer loop
      vertex 1.44884 11.005 15
      vertex 1.37052 10.4102 27
      vertex 2.04845 10.2982 27
    endloop
  endfacet
  facet normal 0.0979003 0.993944 0.0499055
    outer loop
      vertex 1.44884 11.005 15
      vertex 0.725974 11.0762 15
      vertex 1.37052 10.4102 27
    endloop
  endfacet
  facet normal 0.0327055 0.998218 0.0499097
    outer loop
      vertex 0.725974 11.0762 15
      vertex 0 10.5 27
      vertex 0.686732 10.4775 27
    endloop
  endfacet
  facet normal 0.909709 0.412236 0.0499141
    outer loop
      vertex 9.95529 4.9094 15
      vertex 9.70073 4.01818 27
      vertex 10.2551 4.24779 15
    endloop
  endfacet
  facet normal -0.972675 0.226741 0.0499133
    outer loop
      vertex -10.7218 2.87289 15
      vertex -10.8867 2.1655 15
      vertex -10.2982 2.04845 27
    endloop
  endfacet
  facet normal 0.848144 -0.52741 0.0499106
    outer loop
      vertex 9.61288 -5.55 15
      vertex 9.09327 -5.25 27
      vertex 9.22931 -6.16683 15
    endloop
  endfacet
  facet normal -0.162664 -0.985418 0.0499132
    outer loop
      vertex -2.04845 -10.2982 27
      vertex -2.1655 -10.8867 15
      vertex -1.44884 -11.005 15
    endloop
  endfacet
  facet normal -0.909728 0.412194 0.0499113
    outer loop
      vertex -9.41716 4.64403 27
      vertex -9.95529 4.9094 15
      vertex -9.70073 4.01818 27
    endloop
  endfacet
  facet normal 0.470812 -0.880821 0.0499106
    outer loop
      vertex 5.25 -9.09327 27
      vertex 4.9094 -9.95529 15
      vertex 5.55 -9.61288 15
    endloop
  endfacet
  facet normal -0.4708 -0.880827 0.0499113
    outer loop
      vertex -4.64403 -9.41716 27
      vertex -5.25 -9.09327 27
      vertex -4.9094 -9.95529 15
    endloop
  endfacet
  facet normal 0.52741 -0.848144 0.0499106
    outer loop
      vertex 6.16683 -9.22931 15
      vertex 5.25 -9.09327 27
      vertex 5.55 -9.61288 15
    endloop
  endfacet
  facet normal -0.527412 0.848142 0.0499107
    outer loop
      vertex -5.25 9.09327 27
      vertex -6.16683 9.22931 15
      vertex -5.83349 8.73043 27
    endloop
  endfacet
  facet normal -0.289892 -0.955757 0.0499088
    outer loop
      vertex -3.37511 -9.94277 27
      vertex -3.56798 -10.5109 15
      vertex -2.7176 -10.1422 27
    endloop
  endfacet
  facet normal 0.097827 0.993951 0.0499098
    outer loop
      vertex 0.725974 11.0762 15
      vertex 0.686732 10.4775 27
      vertex 1.37052 10.4102 27
    endloop
  endfacet
  facet normal 0.880827 -0.4708 0.0499113
    outer loop
      vertex 9.41716 -4.64403 27
      vertex 9.09327 -5.25 27
      vertex 9.95529 -4.9094 15
    endloop
  endfacet
  facet normal 0.993944 -0.0979003 0.0499055
    outer loop
      vertex 11.0762 -0.725974 15
      vertex 10.4102 -1.37052 27
      vertex 11.005 -1.44884 15
    endloop
  endfacet
  facet normal 0.22676 -0.972671 0.0499145
    outer loop
      vertex 2.7176 -10.1422 27
      vertex 2.04845 -10.2982 27
      vertex 2.87289 -10.7218 15
    endloop
  endfacet
  facet normal 0.985397 0.162796 0.0499054
    outer loop
      vertex 11.005 1.44884 15
      vertex 10.2982 2.04845 27
      vertex 10.4102 1.37052 27
    endloop
  endfacet
  facet normal 0.993944 0.0979003 0.0499055
    outer loop
      vertex 11.005 1.44884 15
      vertex 10.4102 1.37052 27
      vertex 11.0762 0.725974 15
    endloop
  endfacet
  facet normal -0.682743 -0.728952 0.0499105
    outer loop
      vertex -7.42462 -7.42462 27
      vertex -7.84888 -7.84888 15
      vertex -6.92313 -7.89432 27
    endloop
  endfacet
  facet normal -0.993951 0.097827 0.0499098
    outer loop
      vertex -10.4102 1.37052 27
      vertex -11.0762 0.725974 15
      vertex -10.4775 0.686732 27
    endloop
  endfacet
  facet normal 0.993951 -0.097827 0.0499098
    outer loop
      vertex 10.4775 -0.686732 27
      vertex 10.4102 -1.37052 27
      vertex 11.0762 -0.725974 15
    endloop
  endfacet
  facet normal 0.998218 -0.0327055 0.0499097
    outer loop
      vertex 10.5 0 27
      vertex 10.4775 -0.686732 27
      vertex 11.0762 -0.725974 15
    endloop
  endfacet
  facet normal -0.934737 -0.351818 0.0499142
    outer loop
      vertex -9.94277 -3.37511 27
      vertex -10.2551 -4.24779 15
      vertex -9.70073 -4.01818 27
    endloop
  endfacet
  facet normal 0.811833 0.581753 0.0499107
    outer loop
      vertex 8.80622 6.75725 15
      vertex 8.73043 5.83349 27
      vertex 9.22931 6.16683 15
    endloop
  endfacet
  facet normal -0.682747 -0.728948 0.0499108
    outer loop
      vertex -6.92313 -7.89432 27
      vertex -7.84888 -7.84888 15
      vertex -7.31874 -8.34542 15
    endloop
  endfacet
  facet normal -0.811833 -0.581753 0.0499107
    outer loop
      vertex -8.73043 -5.83349 27
      vertex -9.22931 -6.16683 15
      vertex -8.80622 -6.75725 15
    endloop
  endfacet
  facet normal 0.289892 -0.955757 0.0499088
    outer loop
      vertex 3.37511 -9.94277 27
      vertex 2.7176 -10.1422 27
      vertex 3.56798 -10.5109 15
    endloop
  endfacet
  facet normal -0.22676 0.972671 0.0499145
    outer loop
      vertex -2.04845 10.2982 27
      vertex -2.87289 10.7218 15
      vertex -2.7176 10.1422 27
    endloop
  endfacet
  facet normal 0.097827 -0.993951 0.0499098
    outer loop
      vertex 1.37052 -10.4102 27
      vertex 0.686732 -10.4775 27
      vertex 0.725974 -11.0762 15
    endloop
  endfacet
  facet normal 0.4708 -0.880827 0.0499113
    outer loop
      vertex 5.25 -9.09327 27
      vertex 4.64403 -9.41716 27
      vertex 4.9094 -9.95529 15
    endloop
  endfacet
  facet normal 0.226741 -0.972675 0.0499133
    outer loop
      vertex 2.87289 -10.7218 15
      vertex 2.04845 -10.2982 27
      vertex 2.1655 -10.8867 15
    endloop
  endfacet
  facet normal -0.226741 0.972675 0.0499133
    outer loop
      vertex -2.1655 10.8867 15
      vertex -2.87289 10.7218 15
      vertex -2.04845 10.2982 27
    endloop
  endfacet
  facet normal -0.728948 -0.682747 0.0499108
    outer loop
      vertex -7.89432 -6.92313 27
      vertex -8.34542 -7.31874 15
      vertex -7.84888 -7.84888 15
    endloop
  endfacet
  facet normal -0.848144 0.52741 0.0499106
    outer loop
      vertex -9.22931 6.16683 15
      vertex -9.61288 5.55 15
      vertex -9.09327 5.25 27
    endloop
  endfacet
  facet normal 0.880821 0.470812 0.0499106
    outer loop
      vertex 9.61288 5.55 15
      vertex 9.09327 5.25 27
      vertex 9.95529 4.9094 15
    endloop
  endfacet
  facet normal -0.95573 0.289982 0.0499143
    outer loop
      vertex -10.5109 3.56798 15
      vertex -10.7218 2.87289 15
      vertex -10.1422 2.7176 27
    endloop
  endfacet
  facet normal 0.351736 -0.934768 0.0499091
    outer loop
      vertex 4.24779 -10.2551 15
      vertex 3.37511 -9.94277 27
      vertex 3.56798 -10.5109 15
    endloop
  endfacet
  facet normal 0.972675 -0.226741 0.0499133
    outer loop
      vertex 10.8867 -2.1655 15
      vertex 10.2982 -2.04845 27
      vertex 10.7218 -2.87289 15
    endloop
  endfacet
  facet normal -0.934768 0.351736 0.0499091
    outer loop
      vertex -10.2551 4.24779 15
      vertex -10.5109 3.56798 15
      vertex -9.94277 3.37511 27
    endloop
  endfacet
  facet normal -0.4708 0.880827 0.0499113
    outer loop
      vertex -4.9094 9.95529 15
      vertex -5.25 9.09327 27
      vertex -4.64403 9.41716 27
    endloop
  endfacet
  facet normal 0.880821 -0.470812 0.0499106
    outer loop
      vertex 9.95529 -4.9094 15
      vertex 9.09327 -5.25 27
      vertex 9.61288 -5.55 15
    endloop
  endfacet
  facet normal 0.162664 -0.985418 0.0499132
    outer loop
      vertex 2.04845 -10.2982 27
      vertex 1.44884 -11.005 15
      vertex 2.1655 -10.8867 15
    endloop
  endfacet
  facet normal -0.351736 0.934768 0.0499091
    outer loop
      vertex -3.56798 10.5109 15
      vertex -4.24779 10.2551 15
      vertex -3.37511 9.94277 27
    endloop
  endfacet
  facet normal 0.880827 0.4708 0.0499113
    outer loop
      vertex 9.95529 4.9094 15
      vertex 9.09327 5.25 27
      vertex 9.41716 4.64403 27
    endloop
  endfacet
  facet normal 0.6336 0.772049 0.0499108
    outer loop
      vertex 7.31874 8.34542 15
      vertex 6.75725 8.80622 15
      vertex 6.92313 7.89432 27
    endloop
  endfacet
  facet normal 0.581753 -0.811833 0.0499107
    outer loop
      vertex 6.75725 -8.80622 15
      vertex 5.83349 -8.73043 27
      vertex 6.16683 -9.22931 15
    endloop
  endfacet
  facet normal 0.351818 -0.934737 0.0499142
    outer loop
      vertex 4.01818 -9.70073 27
      vertex 3.37511 -9.94277 27
      vertex 4.24779 -10.2551 15
    endloop
  endfacet
  facet normal -0.934768 -0.351736 0.0499091
    outer loop
      vertex -9.94277 -3.37511 27
      vertex -10.5109 -3.56798 15
      vertex -10.2551 -4.24779 15
    endloop
  endfacet
  facet normal -0.633598 0.772051 0.049911
    outer loop
      vertex -6.75725 8.80622 15
      vertex -6.92313 7.89432 27
      vertex -6.39199 8.33021 27
    endloop
  endfacet
  facet normal 0.772051 -0.633598 0.049911
    outer loop
      vertex 8.33021 -6.39199 27
      vertex 7.89432 -6.92313 27
      vertex 8.80622 -6.75725 15
    endloop
  endfacet
  facet normal -0.772051 0.633598 0.049911
    outer loop
      vertex -7.89432 6.92313 27
      vertex -8.80622 6.75725 15
      vertex -8.33021 6.39199 27
    endloop
  endfacet
  facet normal 0.972671 0.22676 0.0499145
    outer loop
      vertex 10.7218 2.87289 15
      vertex 10.1422 2.7176 27
      vertex 10.2982 2.04845 27
    endloop
  endfacet
  facet normal 0.955757 0.289892 0.0499088
    outer loop
      vertex 10.5109 3.56798 15
      vertex 9.94277 3.37511 27
      vertex 10.1422 2.7176 27
    endloop
  endfacet
  facet normal -0.0327251 -0.998217 0.0499109
    outer loop
      vertex 0 -10.5 27
      vertex -0.725974 -11.0762 15
      vertex 0 -11.1 15
    endloop
  endfacet
  facet normal 0.909728 -0.412194 0.0499113
    outer loop
      vertex 9.70073 -4.01818 27
      vertex 9.41716 -4.64403 27
      vertex 9.95529 -4.9094 15
    endloop
  endfacet
  facet normal 0.848142 0.527412 0.0499107
    outer loop
      vertex 9.22931 6.16683 15
      vertex 8.73043 5.83349 27
      vertex 9.09327 5.25 27
    endloop
  endfacet
  facet normal 0.22676 0.972671 0.0499145
    outer loop
      vertex 2.87289 10.7218 15
      vertex 2.04845 10.2982 27
      vertex 2.7176 10.1422 27
    endloop
  endfacet
  facet normal -0.351818 0.934737 0.0499142
    outer loop
      vertex -3.37511 9.94277 27
      vertex -4.24779 10.2551 15
      vertex -4.01818 9.70073 27
    endloop
  endfacet
  facet normal -0.972671 -0.22676 0.0499145
    outer loop
      vertex -10.2982 -2.04845 27
      vertex -10.7218 -2.87289 15
      vertex -10.1422 -2.7176 27
    endloop
  endfacet
  facet normal 0.470812 0.880821 0.0499106
    outer loop
      vertex 5.55 9.61288 15
      vertex 4.9094 9.95529 15
      vertex 5.25 9.09327 27
    endloop
  endfacet
  facet normal -0.52741 0.848144 0.0499106
    outer loop
      vertex -5.55 9.61288 15
      vertex -6.16683 9.22931 15
      vertex -5.25 9.09327 27
    endloop
  endfacet
  facet normal -0.81183 -0.581756 0.049911
    outer loop
      vertex -8.73043 -5.83349 27
      vertex -8.80622 -6.75725 15
      vertex -8.33021 -6.39199 27
    endloop
  endfacet
  facet normal 0.909709 -0.412236 0.0499141
    outer loop
      vertex 10.2551 -4.24779 15
      vertex 9.70073 -4.01818 27
      vertex 9.95529 -4.9094 15
    endloop
  endfacet
  facet normal 0.81183 -0.581756 0.049911
    outer loop
      vertex 8.73043 -5.83349 27
      vertex 8.33021 -6.39199 27
      vertex 8.80622 -6.75725 15
    endloop
  endfacet
  facet normal -0.351818 -0.934737 0.0499142
    outer loop
      vertex -4.01818 -9.70073 27
      vertex -4.24779 -10.2551 15
      vertex -3.37511 -9.94277 27
    endloop
  endfacet
  facet normal -0.6336 -0.772049 0.0499108
    outer loop
      vertex -6.92313 -7.89432 27
      vertex -7.31874 -8.34542 15
      vertex -6.75725 -8.80622 15
    endloop
  endfacet
  facet normal -0.633598 -0.772051 0.049911
    outer loop
      vertex -6.39199 -8.33021 27
      vertex -6.92313 -7.89432 27
      vertex -6.75725 -8.80622 15
    endloop
  endfacet
  facet normal -0.772049 0.6336 0.0499108
    outer loop
      vertex -8.34542 7.31874 15
      vertex -8.80622 6.75725 15
      vertex -7.89432 6.92313 27
    endloop
  endfacet
  facet normal -0.728952 0.682743 0.0499105
    outer loop
      vertex -7.84888 7.84888 15
      vertex -7.89432 6.92313 27
      vertex -7.42462 7.42462 27
    endloop
  endfacet
  facet normal -0.880821 -0.470812 0.0499106
    outer loop
      vertex -9.09327 -5.25 27
      vertex -9.95529 -4.9094 15
      vertex -9.61288 -5.55 15
    endloop
  endfacet
  facet normal 0.351736 0.934768 0.0499091
    outer loop
      vertex 3.56798 10.5109 15
      vertex 3.37511 9.94277 27
      vertex 4.24779 10.2551 15
    endloop
  endfacet
  facet normal 0.351818 0.934737 0.0499142
    outer loop
      vertex 4.24779 10.2551 15
      vertex 3.37511 9.94277 27
      vertex 4.01818 9.70073 27
    endloop
  endfacet
  facet normal -0.728948 0.682747 0.0499108
    outer loop
      vertex -7.84888 7.84888 15
      vertex -8.34542 7.31874 15
      vertex -7.89432 6.92313 27
    endloop
  endfacet
  facet normal 0.95573 -0.289982 0.0499143
    outer loop
      vertex 10.7218 -2.87289 15
      vertex 10.1422 -2.7176 27
      vertex 10.5109 -3.56798 15
    endloop
  endfacet
  facet normal 0.581753 0.811833 0.0499107
    outer loop
      vertex 6.16683 9.22931 15
      vertex 5.83349 8.73043 27
      vertex 6.75725 8.80622 15
    endloop
  endfacet
  facet normal -0.955757 -0.289892 0.0499088
    outer loop
      vertex -10.1422 -2.7176 27
      vertex -10.5109 -3.56798 15
      vertex -9.94277 -3.37511 27
    endloop
  endfacet
  facet normal -0.682743 0.728952 0.0499105
    outer loop
      vertex -6.92313 7.89432 27
      vertex -7.84888 7.84888 15
      vertex -7.42462 7.42462 27
    endloop
  endfacet
  facet normal -0.682747 0.728948 0.0499108
    outer loop
      vertex -7.31874 8.34542 15
      vertex -7.84888 7.84888 15
      vertex -6.92313 7.89432 27
    endloop
  endfacet
  facet normal -0.412236 0.909709 0.0499141
    outer loop
      vertex -4.24779 10.2551 15
      vertex -4.9094 9.95529 15
      vertex -4.01818 9.70073 27
    endloop
  endfacet
  facet normal -0.985397 0.162796 0.0499054
    outer loop
      vertex -10.2982 2.04845 27
      vertex -11.005 1.44884 15
      vertex -10.4102 1.37052 27
    endloop
  endfacet
  facet normal 0.633598 0.772051 0.049911
    outer loop
      vertex 6.75725 8.80622 15
      vertex 6.39199 8.33021 27
      vertex 6.92313 7.89432 27
    endloop
  endfacet
  facet normal -0.162664 0.985418 0.0499132
    outer loop
      vertex -1.44884 11.005 15
      vertex -2.1655 10.8867 15
      vertex -2.04845 10.2982 27
    endloop
  endfacet
  facet normal -0.162796 0.985397 0.0499054
    outer loop
      vertex -1.44884 11.005 15
      vertex -2.04845 10.2982 27
      vertex -1.37052 10.4102 27
    endloop
  endfacet
  facet normal 0 0 1
    outer loop
      vertex 7.5 0 27
      vertex 10.5 0 27
      vertex 10.4775 0.686732 27
    endloop
  endfacet
  facet normal 0 0 1
    outer loop
      vertex 7.48394 0.490523 27
      vertex 10.4775 0.686732 27
      vertex 10.4102 1.37052 27
    endloop
  endfacet
  facet normal 0 0 1
    outer loop
      vertex 10.5 0 27
      vertex 7.5 0 27
      vertex 10.4775 -0.686732 27
    endloop
  endfacet
  facet normal 0 0 1
    outer loop
      vertex 7.43584 0.978946 27
      vertex 10.4102 1.37052 27
      vertex 10.2982 2.04845 27
    endloop
  endfacet
  facet normal -0 0 1
    outer loop
      vertex 7.48394 -0.490523 27
      vertex 10.4775 -0.686732 27
      vertex 7.5 0 27
    endloop
  endfacet
  facet normal 0 0 1
    outer loop
      vertex 7.35589 1.46318 27
      vertex 10.2982 2.04845 27
      vertex 10.1422 2.7176 27
    endloop
  endfacet
  facet normal 0 0 1
    outer loop
      vertex 10.4775 -0.686732 27
      vertex 7.48394 -0.490523 27
      vertex 10.4102 -1.37052 27
    endloop
  endfacet
  facet normal 0 0 1
    outer loop
      vertex 7.24444 1.94114 27
      vertex 10.1422 2.7176 27
      vertex 9.94277 3.37511 27
    endloop
  endfacet
  facet normal -0 0 1
    outer loop
      vertex 7.43584 -0.978946 27
      vertex 10.4102 -1.37052 27
      vertex 7.48394 -0.490523 27
    endloop
  endfacet
  facet normal 0 0 1
    outer loop
      vertex 7.10198 2.4108 27
      vertex 9.94277 3.37511 27
      vertex 9.70073 4.01818 27
    endloop
  endfacet
  facet normal 0 0 1
    outer loop
      vertex 10.4102 -1.37052 27
      vertex 7.43584 -0.978946 27
      vertex 10.2982 -2.04845 27
    endloop
  endfacet
  facet normal 0 0 1
    outer loop
      vertex 6.9291 2.87012 27
      vertex 9.70073 4.01818 27
      vertex 9.41716 4.64403 27
    endloop
  endfacet
  facet normal -0 0 1
    outer loop
      vertex 7.35589 -1.46318 27
      vertex 10.2982 -2.04845 27
      vertex 7.43584 -0.978946 27
    endloop
  endfacet
  facet normal 0 0 1
    outer loop
      vertex 6.72655 3.31716 27
      vertex 9.41716 4.64403 27
      vertex 9.09327 5.25 27
    endloop
  endfacet
  facet normal 0 0 1
    outer loop
      vertex 10.2982 -2.04845 27
      vertex 7.35589 -1.46318 27
      vertex 10.1422 -2.7176 27
    endloop
  endfacet
  facet normal 0 0 1
    outer loop
      vertex 6.49519 3.75 27
      vertex 9.09327 5.25 27
      vertex 8.73043 5.83349 27
    endloop
  endfacet
  facet normal -0 0 1
    outer loop
      vertex 7.24444 -1.94114 27
      vertex 10.1422 -2.7176 27
      vertex 7.35589 -1.46318 27
    endloop
  endfacet
  facet normal 0 0 1
    outer loop
      vertex 6.23602 4.16678 27
      vertex 8.73043 5.83349 27
      vertex 8.33021 6.39199 27
    endloop
  endfacet
  facet normal 0 0 1
    outer loop
      vertex 10.1422 -2.7176 27
      vertex 7.24444 -1.94114 27
      vertex 9.94277 -3.37511 27
    endloop
  endfacet
  facet normal 0 0 1
    outer loop
      vertex 5.95015 4.56571 27
      vertex 8.33021 6.39199 27
      vertex 7.89432 6.92313 27
    endloop
  endfacet
  facet normal -0 0 1
    outer loop
      vertex 7.10198 -2.4108 27
      vertex 9.94277 -3.37511 27
      vertex 7.24444 -1.94114 27
    endloop
  endfacet
  facet normal 0 0 1
    outer loop
      vertex 9.94277 -3.37511 27
      vertex 7.10198 -2.4108 27
      vertex 9.70073 -4.01818 27
    endloop
  endfacet
  facet normal 0 0 1
    outer loop
      vertex 10.4775 0.686732 27
      vertex 7.48394 0.490523 27
      vertex 7.5 0 27
    endloop
  endfacet
  facet normal 0 0 1
    outer loop
      vertex 10.4102 1.37052 27
      vertex 7.43584 0.978946 27
      vertex 7.48394 0.490523 27
    endloop
  endfacet
  facet normal 0 0 1
    outer loop
      vertex 5.6388 4.94509 27
      vertex 7.89432 6.92313 27
      vertex 7.42462 7.42462 27
    endloop
  endfacet
  facet normal 0 0 1
    outer loop
      vertex 10.2982 2.04845 27
      vertex 7.35589 1.46318 27
      vertex 7.43584 0.978946 27
    endloop
  endfacet
  facet normal 0 0 1
    outer loop
      vertex 10.1422 2.7176 27
      vertex 7.24444 1.94114 27
      vertex 7.35589 1.46318 27
    endloop
  endfacet
  facet normal 0 0 1
    outer loop
      vertex 9.94277 3.37511 27
      vertex 7.10198 2.4108 27
      vertex 7.24444 1.94114 27
    endloop
  endfacet
  facet normal 0 0 1
    outer loop
      vertex 9.70073 4.01818 27
      vertex 6.9291 2.87012 27
      vertex 7.10198 2.4108 27
    endloop
  endfacet
  facet normal 0 0 1
    outer loop
      vertex 5.3033 5.3033 27
      vertex 7.42462 7.42462 27
      vertex 6.92313 7.89432 27
    endloop
  endfacet
  facet normal 0 0 1
    outer loop
      vertex 9.41716 4.64403 27
      vertex 6.72655 3.31716 27
      vertex 6.9291 2.87012 27
    endloop
  endfacet
  facet normal 0 0 1
    outer loop
      vertex 9.09327 5.25 27
      vertex 6.49519 3.75 27
      vertex 6.72655 3.31716 27
    endloop
  endfacet
  facet normal 0 0 1
    outer loop
      vertex 4.94509 5.6388 27
      vertex 6.92313 7.89432 27
      vertex 6.39199 8.33021 27
    endloop
  endfacet
  facet normal 0 0 1
    outer loop
      vertex 8.73043 5.83349 27
      vertex 6.23602 4.16678 27
      vertex 6.49519 3.75 27
    endloop
  endfacet
  facet normal 0 0 1
    outer loop
      vertex 8.33021 6.39199 27
      vertex 5.95015 4.56571 27
      vertex 6.23602 4.16678 27
    endloop
  endfacet
  facet normal 0 0 1
    outer loop
      vertex 4.56571 5.95015 27
      vertex 6.39199 8.33021 27
      vertex 5.83349 8.73043 27
    endloop
  endfacet
  facet normal 0 0 1
    outer loop
      vertex 7.89432 6.92313 27
      vertex 5.6388 4.94509 27
      vertex 5.95015 4.56571 27
    endloop
  endfacet
  facet normal 0 0 1
    outer loop
      vertex 7.42462 7.42462 27
      vertex 5.3033 5.3033 27
      vertex 5.6388 4.94509 27
    endloop
  endfacet
  facet normal 0 0 1
    outer loop
      vertex 4.16678 6.23602 27
      vertex 5.83349 8.73043 27
      vertex 5.25 9.09327 27
    endloop
  endfacet
  facet normal 0 0 1
    outer loop
      vertex 6.92313 7.89432 27
      vertex 4.94509 5.6388 27
      vertex 5.3033 5.3033 27
    endloop
  endfacet
  facet normal 0 0 1
    outer loop
      vertex 3.75 6.49519 27
      vertex 5.25 9.09327 27
      vertex 4.64403 9.41716 27
    endloop
  endfacet
  facet normal 0 0 1
    outer loop
      vertex 6.39199 8.33021 27
      vertex 4.56571 5.95015 27
      vertex 4.94509 5.6388 27
    endloop
  endfacet
  facet normal 0 0 1
    outer loop
      vertex 5.83349 8.73043 27
      vertex 4.16678 6.23602 27
      vertex 4.56571 5.95015 27
    endloop
  endfacet
  facet normal 0 0 1
    outer loop
      vertex 3.31716 6.72655 27
      vertex 4.64403 9.41716 27
      vertex 4.01818 9.70073 27
    endloop
  endfacet
  facet normal 0 0 1
    outer loop
      vertex 5.25 9.09327 27
      vertex 3.75 6.49519 27
      vertex 4.16678 6.23602 27
    endloop
  endfacet
  facet normal 0 0 1
    outer loop
      vertex 2.87012 6.9291 27
      vertex 4.01818 9.70073 27
      vertex 3.37511 9.94277 27
    endloop
  endfacet
  facet normal 0 0 1
    outer loop
      vertex 4.64403 9.41716 27
      vertex 3.31716 6.72655 27
      vertex 3.75 6.49519 27
    endloop
  endfacet
  facet normal 0 0 1
    outer loop
      vertex 4.01818 9.70073 27
      vertex 2.87012 6.9291 27
      vertex 3.31716 6.72655 27
    endloop
  endfacet
  facet normal 0 0 1
    outer loop
      vertex 2.4108 7.10198 27
      vertex 3.37511 9.94277 27
      vertex 2.7176 10.1422 27
    endloop
  endfacet
  facet normal 0 0 1
    outer loop
      vertex 3.37511 9.94277 27
      vertex 2.4108 7.10198 27
      vertex 2.87012 6.9291 27
    endloop
  endfacet
  facet normal 0 0 1
    outer loop
      vertex 1.94114 7.24444 27
      vertex 2.7176 10.1422 27
      vertex 2.04845 10.2982 27
    endloop
  endfacet
  facet normal 0 0 1
    outer loop
      vertex 2.7176 10.1422 27
      vertex 1.94114 7.24444 27
      vertex 2.4108 7.10198 27
    endloop
  endfacet
  facet normal 0 0 1
    outer loop
      vertex 2.04845 10.2982 27
      vertex 1.46318 7.35589 27
      vertex 1.94114 7.24444 27
    endloop
  endfacet
  facet normal 0 0 1
    outer loop
      vertex 1.37052 10.4102 27
      vertex 1.46318 7.35589 27
      vertex 2.04845 10.2982 27
    endloop
  endfacet
  facet normal 0 0 1
    outer loop
      vertex 1.37052 10.4102 27
      vertex 0.978946 7.43584 27
      vertex 1.46318 7.35589 27
    endloop
  endfacet
  facet normal 0 0 1
    outer loop
      vertex 0.686732 10.4775 27
      vertex 0.978946 7.43584 27
      vertex 1.37052 10.4102 27
    endloop
  endfacet
  facet normal 0 0 1
    outer loop
      vertex 0.686732 10.4775 27
      vertex 0.490523 7.48394 27
      vertex 0.978946 7.43584 27
    endloop
  endfacet
  facet normal 0 0 1
    outer loop
      vertex 0 10.5 27
      vertex 0.490523 7.48394 27
      vertex 0.686732 10.4775 27
    endloop
  endfacet
  facet normal 0 0 1
    outer loop
      vertex 0 10.5 27
      vertex 0 7.5 27
      vertex 0.490523 7.48394 27
    endloop
  endfacet
  facet normal 0 0 1
    outer loop
      vertex 0 10.5 27
      vertex -0.490523 7.48394 27
      vertex 0 7.5 27
    endloop
  endfacet
  facet normal -0 0 1
    outer loop
      vertex -0.686732 10.4775 27
      vertex -0.490523 7.48394 27
      vertex 0 10.5 27
    endloop
  endfacet
  facet normal 0 0 1
    outer loop
      vertex -0.686732 10.4775 27
      vertex -0.978946 7.43584 27
      vertex -0.490523 7.48394 27
    endloop
  endfacet
  facet normal -0 0 1
    outer loop
      vertex -1.37052 10.4102 27
      vertex -0.978946 7.43584 27
      vertex -0.686732 10.4775 27
    endloop
  endfacet
  facet normal 0 0 1
    outer loop
      vertex -1.37052 10.4102 27
      vertex -1.46318 7.35589 27
      vertex -0.978946 7.43584 27
    endloop
  endfacet
  facet normal -0 0 1
    outer loop
      vertex -2.04845 10.2982 27
      vertex -1.46318 7.35589 27
      vertex -1.37052 10.4102 27
    endloop
  endfacet
  facet normal 0 0 1
    outer loop
      vertex -1.46318 7.35589 27
      vertex -2.04845 10.2982 27
      vertex -1.94114 7.24444 27
    endloop
  endfacet
  facet normal -0 0 1
    outer loop
      vertex -2.7176 10.1422 27
      vertex -1.94114 7.24444 27
      vertex -2.04845 10.2982 27
    endloop
  endfacet
  facet normal 0 0 1
    outer loop
      vertex -1.94114 7.24444 27
      vertex -2.7176 10.1422 27
      vertex -2.4108 7.10198 27
    endloop
  endfacet
  facet normal -0 0 1
    outer loop
      vertex -3.37511 9.94277 27
      vertex -2.4108 7.10198 27
      vertex -2.7176 10.1422 27
    endloop
  endfacet
  facet normal 0 0 1
    outer loop
      vertex -2.4108 7.10198 27
      vertex -3.37511 9.94277 27
      vertex -2.87012 6.9291 27
    endloop
  endfacet
  facet normal -0 0 1
    outer loop
      vertex -4.01818 9.70073 27
      vertex -2.87012 6.9291 27
      vertex -3.37511 9.94277 27
    endloop
  endfacet
  facet normal 0 0 1
    outer loop
      vertex -2.87012 6.9291 27
      vertex -4.01818 9.70073 27
      vertex -3.31716 6.72655 27
    endloop
  endfacet
  facet normal -0 0 1
    outer loop
      vertex -4.64403 9.41716 27
      vertex -3.31716 6.72655 27
      vertex -4.01818 9.70073 27
    endloop
  endfacet
  facet normal 0 0 1
    outer loop
      vertex -3.31716 6.72655 27
      vertex -4.64403 9.41716 27
      vertex -3.75 6.49519 27
    endloop
  endfacet
  facet normal -0 0 1
    outer loop
      vertex -5.25 9.09327 27
      vertex -3.75 6.49519 27
      vertex -4.64403 9.41716 27
    endloop
  endfacet
  facet normal 0 0 1
    outer loop
      vertex -3.75 6.49519 27
      vertex -5.25 9.09327 27
      vertex -4.16678 6.23602 27
    endloop
  endfacet
  facet normal -0 0 1
    outer loop
      vertex -5.83349 8.73043 27
      vertex -4.16678 6.23602 27
      vertex -5.25 9.09327 27
    endloop
  endfacet
  facet normal 0 0 1
    outer loop
      vertex -4.16678 6.23602 27
      vertex -5.83349 8.73043 27
      vertex -4.56571 5.95015 27
    endloop
  endfacet
  facet normal -0 0 1
    outer loop
      vertex -6.39199 8.33021 27
      vertex -4.56571 5.95015 27
      vertex -5.83349 8.73043 27
    endloop
  endfacet
  facet normal 0 0 1
    outer loop
      vertex -4.56571 5.95015 27
      vertex -6.39199 8.33021 27
      vertex -4.94509 5.6388 27
    endloop
  endfacet
  facet normal -0 0 1
    outer loop
      vertex -6.92313 7.89432 27
      vertex -4.94509 5.6388 27
      vertex -6.39199 8.33021 27
    endloop
  endfacet
  facet normal 0 0 1
    outer loop
      vertex -4.94509 5.6388 27
      vertex -6.92313 7.89432 27
      vertex -5.3033 5.3033 27
    endloop
  endfacet
  facet normal -0 0 1
    outer loop
      vertex -7.42462 7.42462 27
      vertex -5.3033 5.3033 27
      vertex -6.92313 7.89432 27
    endloop
  endfacet
  facet normal 0 0 1
    outer loop
      vertex -5.3033 5.3033 27
      vertex -7.42462 7.42462 27
      vertex -5.6388 4.94509 27
    endloop
  endfacet
  facet normal -0 0 1
    outer loop
      vertex -7.89432 6.92313 27
      vertex -5.6388 4.94509 27
      vertex -7.42462 7.42462 27
    endloop
  endfacet
  facet normal 0 0 1
    outer loop
      vertex -5.6388 4.94509 27
      vertex -7.89432 6.92313 27
      vertex -5.95015 4.56571 27
    endloop
  endfacet
  facet normal -0 0 1
    outer loop
      vertex -8.33021 6.39199 27
      vertex -5.95015 4.56571 27
      vertex -7.89432 6.92313 27
    endloop
  endfacet
  facet normal 0 0 1
    outer loop
      vertex -5.95015 4.56571 27
      vertex -8.33021 6.39199 27
      vertex -6.23602 4.16678 27
    endloop
  endfacet
  facet normal -0 0 1
    outer loop
      vertex -8.73043 5.83349 27
      vertex -6.23602 4.16678 27
      vertex -8.33021 6.39199 27
    endloop
  endfacet
  facet normal 0 0 1
    outer loop
      vertex -6.23602 4.16678 27
      vertex -8.73043 5.83349 27
      vertex -6.49519 3.75 27
    endloop
  endfacet
  facet normal -0 0 1
    outer loop
      vertex -9.09327 5.25 27
      vertex -6.49519 3.75 27
      vertex -8.73043 5.83349 27
    endloop
  endfacet
  facet normal 0 0 1
    outer loop
      vertex -6.49519 3.75 27
      vertex -9.09327 5.25 27
      vertex -6.72655 3.31716 27
    endloop
  endfacet
  facet normal -0 0 1
    outer loop
      vertex -9.41716 4.64403 27
      vertex -6.72655 3.31716 27
      vertex -9.09327 5.25 27
    endloop
  endfacet
  facet normal 0 0 1
    outer loop
      vertex -6.72655 3.31716 27
      vertex -9.41716 4.64403 27
      vertex -6.9291 2.87012 27
    endloop
  endfacet
  facet normal -0 0 1
    outer loop
      vertex -9.70073 4.01818 27
      vertex -6.9291 2.87012 27
      vertex -9.41716 4.64403 27
    endloop
  endfacet
  facet normal 0 0 1
    outer loop
      vertex -6.9291 2.87012 27
      vertex -9.70073 4.01818 27
      vertex -7.10198 2.4108 27
    endloop
  endfacet
  facet normal -0 0 1
    outer loop
      vertex 6.9291 -2.87012 27
      vertex 9.70073 -4.01818 27
      vertex 7.10198 -2.4108 27
    endloop
  endfacet
  facet normal 0 0 1
    outer loop
      vertex 9.70073 -4.01818 27
      vertex 6.9291 -2.87012 27
      vertex 9.41716 -4.64403 27
    endloop
  endfacet
  facet normal -0 0 1
    outer loop
      vertex 6.72655 -3.31716 27
      vertex 9.41716 -4.64403 27
      vertex 6.9291 -2.87012 27
    endloop
  endfacet
  facet normal 0 0 1
    outer loop
      vertex 9.41716 -4.64403 27
      vertex 6.72655 -3.31716 27
      vertex 9.09327 -5.25 27
    endloop
  endfacet
  facet normal -0 0 1
    outer loop
      vertex 6.49519 -3.75 27
      vertex 9.09327 -5.25 27
      vertex 6.72655 -3.31716 27
    endloop
  endfacet
  facet normal 0 0 1
    outer loop
      vertex 9.09327 -5.25 27
      vertex 6.49519 -3.75 27
      vertex 8.73043 -5.83349 27
    endloop
  endfacet
  facet normal -0 0 1
    outer loop
      vertex 6.23602 -4.16678 27
      vertex 8.73043 -5.83349 27
      vertex 6.49519 -3.75 27
    endloop
  endfacet
  facet normal 0 0 1
    outer loop
      vertex 8.73043 -5.83349 27
      vertex 6.23602 -4.16678 27
      vertex 8.33021 -6.39199 27
    endloop
  endfacet
  facet normal -0 0 1
    outer loop
      vertex 5.95015 -4.56571 27
      vertex 8.33021 -6.39199 27
      vertex 6.23602 -4.16678 27
    endloop
  endfacet
  facet normal 0 0 1
    outer loop
      vertex 8.33021 -6.39199 27
      vertex 5.95015 -4.56571 27
      vertex 7.89432 -6.92313 27
    endloop
  endfacet
  facet normal -0 0 1
    outer loop
      vertex 5.6388 -4.94509 27
      vertex 7.89432 -6.92313 27
      vertex 5.95015 -4.56571 27
    endloop
  endfacet
  facet normal 0 0 1
    outer loop
      vertex 7.89432 -6.92313 27
      vertex 5.6388 -4.94509 27
      vertex 7.42462 -7.42462 27
    endloop
  endfacet
  facet normal -0 0 1
    outer loop
      vertex 5.3033 -5.3033 27
      vertex 7.42462 -7.42462 27
      vertex 5.6388 -4.94509 27
    endloop
  endfacet
  facet normal 0 0 1
    outer loop
      vertex 7.42462 -7.42462 27
      vertex 5.3033 -5.3033 27
      vertex 6.92313 -7.89432 27
    endloop
  endfacet
  facet normal -0 0 1
    outer loop
      vertex 4.94509 -5.6388 27
      vertex 6.92313 -7.89432 27
      vertex 5.3033 -5.3033 27
    endloop
  endfacet
  facet normal 0 0 1
    outer loop
      vertex 6.92313 -7.89432 27
      vertex 4.94509 -5.6388 27
      vertex 6.39199 -8.33021 27
    endloop
  endfacet
  facet normal -0 0 1
    outer loop
      vertex 4.56571 -5.95015 27
      vertex 6.39199 -8.33021 27
      vertex 4.94509 -5.6388 27
    endloop
  endfacet
  facet normal 0 0 1
    outer loop
      vertex 6.39199 -8.33021 27
      vertex 4.56571 -5.95015 27
      vertex 5.83349 -8.73043 27
    endloop
  endfacet
  facet normal -0 0 1
    outer loop
      vertex 4.16678 -6.23602 27
      vertex 5.83349 -8.73043 27
      vertex 4.56571 -5.95015 27
    endloop
  endfacet
  facet normal 0 0 1
    outer loop
      vertex 5.83349 -8.73043 27
      vertex 4.16678 -6.23602 27
      vertex 5.25 -9.09327 27
    endloop
  endfacet
  facet normal -0 0 1
    outer loop
      vertex 3.75 -6.49519 27
      vertex 5.25 -9.09327 27
      vertex 4.16678 -6.23602 27
    endloop
  endfacet
  facet normal 0 0 1
    outer loop
      vertex 5.25 -9.09327 27
      vertex 3.75 -6.49519 27
      vertex 4.64403 -9.41716 27
    endloop
  endfacet
  facet normal -0 0 1
    outer loop
      vertex 3.31716 -6.72655 27
      vertex 4.64403 -9.41716 27
      vertex 3.75 -6.49519 27
    endloop
  endfacet
  facet normal 0 0 1
    outer loop
      vertex 4.64403 -9.41716 27
      vertex 3.31716 -6.72655 27
      vertex 4.01818 -9.70073 27
    endloop
  endfacet
  facet normal -0 0 1
    outer loop
      vertex 2.87012 -6.9291 27
      vertex 4.01818 -9.70073 27
      vertex 3.31716 -6.72655 27
    endloop
  endfacet
  facet normal 0 0 1
    outer loop
      vertex 4.01818 -9.70073 27
      vertex 2.87012 -6.9291 27
      vertex 3.37511 -9.94277 27
    endloop
  endfacet
  facet normal -0 0 1
    outer loop
      vertex 2.4108 -7.10198 27
      vertex 3.37511 -9.94277 27
      vertex 2.87012 -6.9291 27
    endloop
  endfacet
  facet normal 0 0 1
    outer loop
      vertex 3.37511 -9.94277 27
      vertex 2.4108 -7.10198 27
      vertex 2.7176 -10.1422 27
    endloop
  endfacet
  facet normal -0 0 1
    outer loop
      vertex 1.94114 -7.24444 27
      vertex 2.7176 -10.1422 27
      vertex 2.4108 -7.10198 27
    endloop
  endfacet
  facet normal 0 0 1
    outer loop
      vertex 2.7176 -10.1422 27
      vertex 1.94114 -7.24444 27
      vertex 2.04845 -10.2982 27
    endloop
  endfacet
  facet normal -0 0 1
    outer loop
      vertex 1.46318 -7.35589 27
      vertex 2.04845 -10.2982 27
      vertex 1.94114 -7.24444 27
    endloop
  endfacet
  facet normal 0 0 1
    outer loop
      vertex 1.46318 -7.35589 27
      vertex 1.37052 -10.4102 27
      vertex 2.04845 -10.2982 27
    endloop
  endfacet
  facet normal -0 0 1
    outer loop
      vertex 0.978946 -7.43584 27
      vertex 1.37052 -10.4102 27
      vertex 1.46318 -7.35589 27
    endloop
  endfacet
  facet normal 0 0 1
    outer loop
      vertex 0.978946 -7.43584 27
      vertex 0.686732 -10.4775 27
      vertex 1.37052 -10.4102 27
    endloop
  endfacet
  facet normal -0 0 1
    outer loop
      vertex 0.490523 -7.48394 27
      vertex 0.686732 -10.4775 27
      vertex 0.978946 -7.43584 27
    endloop
  endfacet
  facet normal -0 0 1
    outer loop
      vertex 0 -7.5 27
      vertex 0.686732 -10.4775 27
      vertex 0.490523 -7.48394 27
    endloop
  endfacet
  facet normal 0 0 1
    outer loop
      vertex 0 -7.5 27
      vertex 0 -10.5 27
      vertex 0.686732 -10.4775 27
    endloop
  endfacet
  facet normal 0 0 1
    outer loop
      vertex -0.490523 -7.48394 27
      vertex 0 -10.5 27
      vertex 0 -7.5 27
    endloop
  endfacet
  facet normal 0 0 1
    outer loop
      vertex -0.490523 -7.48394 27
      vertex -0.686732 -10.4775 27
      vertex 0 -10.5 27
    endloop
  endfacet
  facet normal 0 0 1
    outer loop
      vertex -0.978946 -7.43584 27
      vertex -0.686732 -10.4775 27
      vertex -0.490523 -7.48394 27
    endloop
  endfacet
  facet normal 0 0 1
    outer loop
      vertex -0.978946 -7.43584 27
      vertex -1.37052 -10.4102 27
      vertex -0.686732 -10.4775 27
    endloop
  endfacet
  facet normal 0 0 1
    outer loop
      vertex -1.46318 -7.35589 27
      vertex -1.37052 -10.4102 27
      vertex -0.978946 -7.43584 27
    endloop
  endfacet
  facet normal 0 0 1
    outer loop
      vertex -2.04845 -10.2982 27
      vertex -1.46318 -7.35589 27
      vertex -1.94114 -7.24444 27
    endloop
  endfacet
  facet normal 0 0 1
    outer loop
      vertex -1.46318 -7.35589 27
      vertex -2.04845 -10.2982 27
      vertex -1.37052 -10.4102 27
    endloop
  endfacet
  facet normal 0 0 1
    outer loop
      vertex -2.7176 -10.1422 27
      vertex -1.94114 -7.24444 27
      vertex -2.4108 -7.10198 27
    endloop
  endfacet
  facet normal 0 0 1
    outer loop
      vertex -1.94114 -7.24444 27
      vertex -2.7176 -10.1422 27
      vertex -2.04845 -10.2982 27
    endloop
  endfacet
  facet normal 0 0 1
    outer loop
      vertex -3.37511 -9.94277 27
      vertex -2.4108 -7.10198 27
      vertex -2.87012 -6.9291 27
    endloop
  endfacet
  facet normal 0 0 1
    outer loop
      vertex -4.01818 -9.70073 27
      vertex -2.87012 -6.9291 27
      vertex -3.31716 -6.72655 27
    endloop
  endfacet
  facet normal 0 0 1
    outer loop
      vertex -2.4108 -7.10198 27
      vertex -3.37511 -9.94277 27
      vertex -2.7176 -10.1422 27
    endloop
  endfacet
  facet normal 0 0 1
    outer loop
      vertex -4.64403 -9.41716 27
      vertex -3.31716 -6.72655 27
      vertex -3.75 -6.49519 27
    endloop
  endfacet
  facet normal 0 0 1
    outer loop
      vertex -2.87012 -6.9291 27
      vertex -4.01818 -9.70073 27
      vertex -3.37511 -9.94277 27
    endloop
  endfacet
  facet normal 0 0 1
    outer loop
      vertex -5.25 -9.09327 27
      vertex -3.75 -6.49519 27
      vertex -4.16678 -6.23602 27
    endloop
  endfacet
  facet normal 0 0 1
    outer loop
      vertex -5.83349 -8.73043 27
      vertex -4.16678 -6.23602 27
      vertex -4.56571 -5.95015 27
    endloop
  endfacet
  facet normal 0 0 1
    outer loop
      vertex -3.31716 -6.72655 27
      vertex -4.64403 -9.41716 27
      vertex -4.01818 -9.70073 27
    endloop
  endfacet
  facet normal 0 0 1
    outer loop
      vertex -6.39199 -8.33021 27
      vertex -4.56571 -5.95015 27
      vertex -4.94509 -5.6388 27
    endloop
  endfacet
  facet normal 0 0 1
    outer loop
      vertex -3.75 -6.49519 27
      vertex -5.25 -9.09327 27
      vertex -4.64403 -9.41716 27
    endloop
  endfacet
  facet normal 0 0 1
    outer loop
      vertex -6.92313 -7.89432 27
      vertex -4.94509 -5.6388 27
      vertex -5.3033 -5.3033 27
    endloop
  endfacet
  facet normal 0 0 1
    outer loop
      vertex -7.42462 -7.42462 27
      vertex -5.3033 -5.3033 27
      vertex -5.6388 -4.94509 27
    endloop
  endfacet
  facet normal 0 0 1
    outer loop
      vertex -4.16678 -6.23602 27
      vertex -5.83349 -8.73043 27
      vertex -5.25 -9.09327 27
    endloop
  endfacet
  facet normal 0 0 1
    outer loop
      vertex -7.89432 -6.92313 27
      vertex -5.6388 -4.94509 27
      vertex -5.95015 -4.56571 27
    endloop
  endfacet
  facet normal 0 0 1
    outer loop
      vertex -8.33021 -6.39199 27
      vertex -5.95015 -4.56571 27
      vertex -6.23602 -4.16678 27
    endloop
  endfacet
  facet normal 0 0 1
    outer loop
      vertex -4.56571 -5.95015 27
      vertex -6.39199 -8.33021 27
      vertex -5.83349 -8.73043 27
    endloop
  endfacet
  facet normal 0 0 1
    outer loop
      vertex -8.73043 -5.83349 27
      vertex -6.23602 -4.16678 27
      vertex -6.49519 -3.75 27
    endloop
  endfacet
  facet normal 0 0 1
    outer loop
      vertex -9.09327 -5.25 27
      vertex -6.49519 -3.75 27
      vertex -6.72655 -3.31716 27
    endloop
  endfacet
  facet normal 0 0 1
    outer loop
      vertex -4.94509 -5.6388 27
      vertex -6.92313 -7.89432 27
      vertex -6.39199 -8.33021 27
    endloop
  endfacet
  facet normal 0 0 1
    outer loop
      vertex -9.41716 -4.64403 27
      vertex -6.72655 -3.31716 27
      vertex -6.9291 -2.87012 27
    endloop
  endfacet
  facet normal 0 0 1
    outer loop
      vertex -9.70073 -4.01818 27
      vertex -6.9291 -2.87012 27
      vertex -7.10198 -2.4108 27
    endloop
  endfacet
  facet normal 0 0 1
    outer loop
      vertex -9.94277 -3.37511 27
      vertex -7.10198 -2.4108 27
      vertex -7.24444 -1.94114 27
    endloop
  endfacet
  facet normal 0 0 1
    outer loop
      vertex -10.1422 -2.7176 27
      vertex -7.24444 -1.94114 27
      vertex -7.35589 -1.46318 27
    endloop
  endfacet
  facet normal 0 0 1
    outer loop
      vertex -5.3033 -5.3033 27
      vertex -7.42462 -7.42462 27
      vertex -6.92313 -7.89432 27
    endloop
  endfacet
  facet normal 0 0 1
    outer loop
      vertex -10.2982 -2.04845 27
      vertex -7.35589 -1.46318 27
      vertex -7.43584 -0.978946 27
    endloop
  endfacet
  facet normal 0 0 1
    outer loop
      vertex -10.4102 -1.37052 27
      vertex -7.43584 -0.978946 27
      vertex -7.48394 -0.490523 27
    endloop
  endfacet
  facet normal 0 0 1
    outer loop
      vertex -10.4775 -0.686732 27
      vertex -7.48394 -0.490523 27
      vertex -7.5 0 27
    endloop
  endfacet
  facet normal -0 0 1
    outer loop
      vertex -9.94277 3.37511 27
      vertex -7.10198 2.4108 27
      vertex -9.70073 4.01818 27
    endloop
  endfacet
  facet normal 0 0 1
    outer loop
      vertex -5.6388 -4.94509 27
      vertex -7.89432 -6.92313 27
      vertex -7.42462 -7.42462 27
    endloop
  endfacet
  facet normal 0 0 1
    outer loop
      vertex -7.10198 2.4108 27
      vertex -9.94277 3.37511 27
      vertex -7.24444 1.94114 27
    endloop
  endfacet
  facet normal 0 0 1
    outer loop
      vertex -5.95015 -4.56571 27
      vertex -8.33021 -6.39199 27
      vertex -7.89432 -6.92313 27
    endloop
  endfacet
  facet normal -0 0 1
    outer loop
      vertex -10.1422 2.7176 27
      vertex -7.24444 1.94114 27
      vertex -9.94277 3.37511 27
    endloop
  endfacet
  facet normal 0 0 1
    outer loop
      vertex -6.23602 -4.16678 27
      vertex -8.73043 -5.83349 27
      vertex -8.33021 -6.39199 27
    endloop
  endfacet
  facet normal 0 0 1
    outer loop
      vertex -7.24444 1.94114 27
      vertex -10.1422 2.7176 27
      vertex -7.35589 1.46318 27
    endloop
  endfacet
  facet normal 0 0 1
    outer loop
      vertex -6.49519 -3.75 27
      vertex -9.09327 -5.25 27
      vertex -8.73043 -5.83349 27
    endloop
  endfacet
  facet normal -0 0 1
    outer loop
      vertex -10.2982 2.04845 27
      vertex -7.35589 1.46318 27
      vertex -10.1422 2.7176 27
    endloop
  endfacet
  facet normal 0 0 1
    outer loop
      vertex -6.72655 -3.31716 27
      vertex -9.41716 -4.64403 27
      vertex -9.09327 -5.25 27
    endloop
  endfacet
  facet normal 0 0 1
    outer loop
      vertex -7.35589 1.46318 27
      vertex -10.2982 2.04845 27
      vertex -7.43584 0.978946 27
    endloop
  endfacet
  facet normal 0 0 1
    outer loop
      vertex -6.9291 -2.87012 27
      vertex -9.70073 -4.01818 27
      vertex -9.41716 -4.64403 27
    endloop
  endfacet
  facet normal -0 0 1
    outer loop
      vertex -10.4102 1.37052 27
      vertex -7.43584 0.978946 27
      vertex -10.2982 2.04845 27
    endloop
  endfacet
  facet normal 0 0 1
    outer loop
      vertex -7.10198 -2.4108 27
      vertex -9.94277 -3.37511 27
      vertex -9.70073 -4.01818 27
    endloop
  endfacet
  facet normal 0 0 1
    outer loop
      vertex -7.43584 0.978946 27
      vertex -10.4102 1.37052 27
      vertex -7.48394 0.490523 27
    endloop
  endfacet
  facet normal 0 0 1
    outer loop
      vertex -7.24444 -1.94114 27
      vertex -10.1422 -2.7176 27
      vertex -9.94277 -3.37511 27
    endloop
  endfacet
  facet normal -0 0 1
    outer loop
      vertex -10.4775 0.686732 27
      vertex -7.48394 0.490523 27
      vertex -10.4102 1.37052 27
    endloop
  endfacet
  facet normal 0 0 1
    outer loop
      vertex -7.35589 -1.46318 27
      vertex -10.2982 -2.04845 27
      vertex -10.1422 -2.7176 27
    endloop
  endfacet
  facet normal 0 0 1
    outer loop
      vertex -7.48394 0.490523 27
      vertex -10.4775 0.686732 27
      vertex -7.5 0 27
    endloop
  endfacet
  facet normal 0 0 1
    outer loop
      vertex -7.43584 -0.978946 27
      vertex -10.4102 -1.37052 27
      vertex -10.2982 -2.04845 27
    endloop
  endfacet
  facet normal 0 0 1
    outer loop
      vertex -10.5 0 27
      vertex -7.5 0 27
      vertex -10.4775 0.686732 27
    endloop
  endfacet
  facet normal 0 0 1
    outer loop
      vertex -7.48394 -0.490523 27
      vertex -10.4775 -0.686732 27
      vertex -10.4102 -1.37052 27
    endloop
  endfacet
  facet normal 0 0 1
    outer loop
      vertex -7.5 0 27
      vertex -10.5 0 27
      vertex -10.4775 -0.686732 27
    endloop
  endfacet
  facet normal -0.848142 0.527412 0.0499107
    outer loop
      vertex -8.73043 5.83349 27
      vertex -9.22931 6.16683 15
      vertex -9.09327 5.25 27
    endloop
  endfacet
  facet normal -0.811833 0.581753 0.0499107
    outer loop
      vertex -8.80622 6.75725 15
      vertex -9.22931 6.16683 15
      vertex -8.73043 5.83349 27
    endloop
  endfacet
  facet normal 0.162796 -0.985397 0.0499054
    outer loop
      vertex 2.04845 -10.2982 27
      vertex 1.37052 -10.4102 27
      vertex 1.44884 -11.005 15
    endloop
  endfacet
  facet normal -0.934737 0.351818 0.0499142
    outer loop
      vertex -9.70073 4.01818 27
      vertex -10.2551 4.24779 15
      vertex -9.94277 3.37511 27
    endloop
  endfacet
  facet normal -0.955757 0.289892 0.0499088
    outer loop
      vertex -9.94277 3.37511 27
      vertex -10.5109 3.56798 15
      vertex -10.1422 2.7176 27
    endloop
  endfacet
  facet normal -0.880827 -0.4708 0.0499113
    outer loop
      vertex -9.41716 -4.64403 27
      vertex -9.95529 -4.9094 15
      vertex -9.09327 -5.25 27
    endloop
  endfacet
  facet normal 0.52741 0.848144 0.0499106
    outer loop
      vertex 5.55 9.61288 15
      vertex 5.25 9.09327 27
      vertex 6.16683 9.22931 15
    endloop
  endfacet
  facet normal 0.527412 0.848142 0.0499107
    outer loop
      vertex 6.16683 9.22931 15
      vertex 5.25 9.09327 27
      vertex 5.83349 8.73043 27
    endloop
  endfacet
  facet normal 0.527412 -0.848142 0.0499107
    outer loop
      vertex 5.83349 -8.73043 27
      vertex 5.25 -9.09327 27
      vertex 6.16683 -9.22931 15
    endloop
  endfacet
  facet normal -0.412236 -0.909709 0.0499141
    outer loop
      vertex -4.01818 -9.70073 27
      vertex -4.9094 -9.95529 15
      vertex -4.24779 -10.2551 15
    endloop
  endfacet
  facet normal -0.470812 0.880821 0.0499106
    outer loop
      vertex -4.9094 9.95529 15
      vertex -5.55 9.61288 15
      vertex -5.25 9.09327 27
    endloop
  endfacet
  facet normal -0.0327055 -0.998218 0.0499097
    outer loop
      vertex -0.686732 -10.4775 27
      vertex -0.725974 -11.0762 15
      vertex 0 -10.5 27
    endloop
  endfacet
  facet normal 0.412194 0.909728 0.0499113
    outer loop
      vertex 4.9094 9.95529 15
      vertex 4.01818 9.70073 27
      vertex 4.64403 9.41716 27
    endloop
  endfacet
  facet normal -0.772051 -0.633598 0.049911
    outer loop
      vertex -8.33021 -6.39199 27
      vertex -8.80622 -6.75725 15
      vertex -7.89432 -6.92313 27
    endloop
  endfacet
  facet normal -0.909709 -0.412236 0.0499141
    outer loop
      vertex -9.70073 -4.01818 27
      vertex -10.2551 -4.24779 15
      vertex -9.95529 -4.9094 15
    endloop
  endfacet
  facet normal -0.097827 -0.993951 0.0499098
    outer loop
      vertex -0.686732 -10.4775 27
      vertex -1.37052 -10.4102 27
      vertex -0.725974 -11.0762 15
    endloop
  endfacet
  facet normal -0.993951 -0.097827 0.0499098
    outer loop
      vertex -10.4775 -0.686732 27
      vertex -11.0762 -0.725974 15
      vertex -10.4102 -1.37052 27
    endloop
  endfacet
  facet normal -0.985397 -0.162796 0.0499054
    outer loop
      vertex -10.4102 -1.37052 27
      vertex -11.005 -1.44884 15
      vertex -10.2982 -2.04845 27
    endloop
  endfacet
  facet normal -0.909728 -0.412194 0.0499113
    outer loop
      vertex -9.70073 -4.01818 27
      vertex -9.95529 -4.9094 15
      vertex -9.41716 -4.64403 27
    endloop
  endfacet
  facet normal 0.910865 -0.412705 0
    outer loop
      vertex -6.9291 2.87012 27
      vertex -6.72655 3.31716 0
      vertex -6.72655 3.31716 27
    endloop
  endfacet
  facet normal 0.910865 -0.412705 0
    outer loop
      vertex -6.72655 3.31716 0
      vertex -6.9291 2.87012 27
      vertex -6.9291 2.87012 0
    endloop
  endfacet
  facet normal 0.881919 0.4714 0
    outer loop
      vertex -6.49519 -3.75 27
      vertex -6.72655 -3.31716 0
      vertex -6.72655 -3.31716 27
    endloop
  endfacet
  facet normal 0.881919 0.4714 0
    outer loop
      vertex -6.72655 -3.31716 0
      vertex -6.49519 -3.75 27
      vertex -6.49519 -3.75 0
    endloop
  endfacet
  facet normal -0.995186 -0.0980061 0
    outer loop
      vertex 7.48394 0.490523 0
      vertex 7.43584 0.978946 27
      vertex 7.43584 0.978946 0
    endloop
  endfacet
  facet normal -0.995186 -0.0980061 0
    outer loop
      vertex 7.43584 0.978946 27
      vertex 7.48394 0.490523 0
      vertex 7.48394 0.490523 27
    endloop
  endfacet
  facet normal -0.999464 -0.032723 0
    outer loop
      vertex 7.5 0 0
      vertex 7.48394 0.490523 27
      vertex 7.48394 0.490523 0
    endloop
  endfacet
  facet normal -0.999464 -0.032723 0
    outer loop
      vertex 7.48394 0.490523 27
      vertex 7.5 0 0
      vertex 7.5 0 27
    endloop
  endfacet
  facet normal -0.986642 -0.162901 0
    outer loop
      vertex 7.43584 0.978946 0
      vertex 7.35589 1.46318 27
      vertex 7.35589 1.46318 0
    endloop
  endfacet
  facet normal -0.986642 -0.162901 0
    outer loop
      vertex 7.35589 1.46318 27
      vertex 7.43584 0.978946 0
      vertex 7.43584 0.978946 27
    endloop
  endfacet
  facet normal 0.935903 -0.352258 0
    outer loop
      vertex -7.10198 2.4108 27
      vertex -6.9291 2.87012 0
      vertex -6.9291 2.87012 27
    endloop
  endfacet
  facet normal 0.935903 -0.352258 0
    outer loop
      vertex -6.9291 2.87012 0
      vertex -7.10198 2.4108 27
      vertex -7.10198 2.4108 0
    endloop
  endfacet
  facet normal -0.973875 -0.227087 0
    outer loop
      vertex 7.35589 1.46318 0
      vertex 7.24444 1.94114 27
      vertex 7.24444 1.94114 0
    endloop
  endfacet
  facet normal -0.973875 -0.227087 0
    outer loop
      vertex 7.24444 1.94114 27
      vertex 7.35589 1.46318 0
      vertex 7.35589 1.46318 27
    endloop
  endfacet
  facet normal -0.227087 0.973875 0
    outer loop
      vertex 1.94114 -7.24444 0
      vertex 1.46318 -7.35589 27
      vertex 1.94114 -7.24444 27
    endloop
  endfacet
  facet normal -0.227087 0.973875 0
    outer loop
      vertex 1.46318 -7.35589 27
      vertex 1.94114 -7.24444 0
      vertex 1.46318 -7.35589 0
    endloop
  endfacet
  facet normal 0.352258 0.935903 -0
    outer loop
      vertex -2.4108 -7.10198 0
      vertex -2.87012 -6.9291 27
      vertex -2.4108 -7.10198 27
    endloop
  endfacet
  facet normal 0.352258 0.935903 0
    outer loop
      vertex -2.87012 -6.9291 27
      vertex -2.4108 -7.10198 0
      vertex -2.87012 -6.9291 0
    endloop
  endfacet
  facet normal 0.995186 0.0980061 0
    outer loop
      vertex -7.43584 -0.978946 27
      vertex -7.48394 -0.490523 0
      vertex -7.48394 -0.490523 27
    endloop
  endfacet
  facet normal 0.995186 0.0980061 0
    outer loop
      vertex -7.48394 -0.490523 0
      vertex -7.43584 -0.978946 27
      vertex -7.43584 -0.978946 0
    endloop
  endfacet
  facet normal -0.634394 -0.77301 0
    outer loop
      vertex 4.56571 5.95015 0
      vertex 4.94509 5.6388 27
      vertex 4.56571 5.95015 27
    endloop
  endfacet
  facet normal -0.634394 -0.77301 -0
    outer loop
      vertex 4.94509 5.6388 27
      vertex 4.56571 5.95015 0
      vertex 4.94509 5.6388 0
    endloop
  endfacet
  facet normal -0.412705 0.910865 0
    outer loop
      vertex 3.31716 -6.72655 0
      vertex 2.87012 -6.9291 27
      vertex 3.31716 -6.72655 27
    endloop
  endfacet
  facet normal -0.412705 0.910865 0
    outer loop
      vertex 2.87012 -6.9291 27
      vertex 3.31716 -6.72655 0
      vertex 2.87012 -6.9291 0
    endloop
  endfacet
  facet normal 0.812846 0.582479 0
    outer loop
      vertex -5.95015 -4.56571 27
      vertex -6.23602 -4.16678 0
      vertex -6.23602 -4.16678 27
    endloop
  endfacet
  facet normal 0.812846 0.582479 0
    outer loop
      vertex -6.23602 -4.16678 0
      vertex -5.95015 -4.56571 27
      vertex -5.95015 -4.56571 0
    endloop
  endfacet
  facet normal -0.77301 0.634394 0
    outer loop
      vertex 5.6388 -4.94509 0
      vertex 5.95015 -4.56571 27
      vertex 5.95015 -4.56571 0
    endloop
  endfacet
  facet normal -0.77301 0.634394 0
    outer loop
      vertex 5.95015 -4.56571 27
      vertex 5.6388 -4.94509 0
      vertex 5.6388 -4.94509 27
    endloop
  endfacet
  facet normal 0.227087 -0.973875 0
    outer loop
      vertex -1.94114 7.24444 0
      vertex -1.46318 7.35589 27
      vertex -1.94114 7.24444 27
    endloop
  endfacet
  facet normal 0.227087 -0.973875 0
    outer loop
      vertex -1.46318 7.35589 27
      vertex -1.94114 7.24444 0
      vertex -1.46318 7.35589 0
    endloop
  endfacet
  facet normal 0.973875 0.227087 0
    outer loop
      vertex -7.24444 -1.94114 27
      vertex -7.35589 -1.46318 0
      vertex -7.35589 -1.46318 27
    endloop
  endfacet
  facet normal 0.973875 0.227087 0
    outer loop
      vertex -7.35589 -1.46318 0
      vertex -7.24444 -1.94114 27
      vertex -7.24444 -1.94114 0
    endloop
  endfacet
  facet normal -0.935903 -0.352258 0
    outer loop
      vertex 7.10198 2.4108 0
      vertex 6.9291 2.87012 27
      vertex 6.9291 2.87012 0
    endloop
  endfacet
  facet normal -0.935903 -0.352258 0
    outer loop
      vertex 6.9291 2.87012 27
      vertex 7.10198 2.4108 0
      vertex 7.10198 2.4108 27
    endloop
  endfacet
  facet normal 0.412705 -0.910865 0
    outer loop
      vertex -3.31716 6.72655 0
      vertex -2.87012 6.9291 27
      vertex -3.31716 6.72655 27
    endloop
  endfacet
  facet normal 0.412705 -0.910865 0
    outer loop
      vertex -2.87012 6.9291 27
      vertex -3.31716 6.72655 0
      vertex -2.87012 6.9291 0
    endloop
  endfacet
  facet normal 0.935903 0.352258 0
    outer loop
      vertex -6.9291 -2.87012 27
      vertex -7.10198 -2.4108 0
      vertex -7.10198 -2.4108 27
    endloop
  endfacet
  facet normal 0.935903 0.352258 0
    outer loop
      vertex -7.10198 -2.4108 0
      vertex -6.9291 -2.87012 27
      vertex -6.9291 -2.87012 0
    endloop
  endfacet
  facet normal -0.729864 0.683592 0
    outer loop
      vertex 5.3033 -5.3033 0
      vertex 5.6388 -4.94509 27
      vertex 5.6388 -4.94509 0
    endloop
  endfacet
  facet normal -0.729864 0.683592 0
    outer loop
      vertex 5.6388 -4.94509 27
      vertex 5.3033 -5.3033 0
      vertex 5.3033 -5.3033 27
    endloop
  endfacet
  facet normal -0.973875 0.227087 0
    outer loop
      vertex 7.24444 -1.94114 0
      vertex 7.35589 -1.46318 27
      vertex 7.35589 -1.46318 0
    endloop
  endfacet
  facet normal -0.973875 0.227087 0
    outer loop
      vertex 7.35589 -1.46318 27
      vertex 7.24444 -1.94114 0
      vertex 7.24444 -1.94114 27
    endloop
  endfacet
  facet normal 0.582479 -0.812846 0
    outer loop
      vertex -4.56571 5.95015 0
      vertex -4.16678 6.23602 27
      vertex -4.56571 5.95015 27
    endloop
  endfacet
  facet normal 0.582479 -0.812846 0
    outer loop
      vertex -4.16678 6.23602 27
      vertex -4.56571 5.95015 0
      vertex -4.16678 6.23602 0
    endloop
  endfacet
  facet normal -0.910865 -0.412705 0
    outer loop
      vertex 6.9291 2.87012 0
      vertex 6.72655 3.31716 27
      vertex 6.72655 3.31716 0
    endloop
  endfacet
  facet normal -0.910865 -0.412705 0
    outer loop
      vertex 6.72655 3.31716 27
      vertex 6.9291 2.87012 0
      vertex 6.9291 2.87012 27
    endloop
  endfacet
  facet normal -0.881919 -0.4714 0
    outer loop
      vertex 6.72655 3.31716 0
      vertex 6.49519 3.75 27
      vertex 6.49519 3.75 0
    endloop
  endfacet
  facet normal -0.881919 -0.4714 0
    outer loop
      vertex 6.49519 3.75 27
      vertex 6.72655 3.31716 0
      vertex 6.72655 3.31716 27
    endloop
  endfacet
  facet normal -0.412705 -0.910865 0
    outer loop
      vertex 2.87012 6.9291 0
      vertex 3.31716 6.72655 27
      vertex 2.87012 6.9291 27
    endloop
  endfacet
  facet normal -0.412705 -0.910865 -0
    outer loop
      vertex 3.31716 6.72655 27
      vertex 2.87012 6.9291 0
      vertex 3.31716 6.72655 0
    endloop
  endfacet
  facet normal -0.999464 0.032723 0
    outer loop
      vertex 7.48394 -0.490523 0
      vertex 7.5 0 27
      vertex 7.5 0 0
    endloop
  endfacet
  facet normal -0.999464 0.032723 0
    outer loop
      vertex 7.5 0 27
      vertex 7.48394 -0.490523 0
      vertex 7.48394 -0.490523 27
    endloop
  endfacet
  facet normal -0.956946 -0.290266 0
    outer loop
      vertex 7.24444 1.94114 0
      vertex 7.10198 2.4108 27
      vertex 7.10198 2.4108 0
    endloop
  endfacet
  facet normal -0.956946 -0.290266 0
    outer loop
      vertex 7.10198 2.4108 27
      vertex 7.24444 1.94114 0
      vertex 7.24444 1.94114 27
    endloop
  endfacet
  facet normal -0.290266 0.956946 0
    outer loop
      vertex 2.4108 -7.10198 0
      vertex 1.94114 -7.24444 27
      vertex 2.4108 -7.10198 27
    endloop
  endfacet
  facet normal -0.290266 0.956946 0
    outer loop
      vertex 1.94114 -7.24444 27
      vertex 2.4108 -7.10198 0
      vertex 1.94114 -7.24444 0
    endloop
  endfacet
  facet normal -0.352258 -0.935903 0
    outer loop
      vertex 2.4108 7.10198 0
      vertex 2.87012 6.9291 27
      vertex 2.4108 7.10198 27
    endloop
  endfacet
  facet normal -0.352258 -0.935903 -0
    outer loop
      vertex 2.87012 6.9291 27
      vertex 2.4108 7.10198 0
      vertex 2.87012 6.9291 0
    endloop
  endfacet
  facet normal 0.162901 0.986642 -0
    outer loop
      vertex -0.978946 -7.43584 0
      vertex -1.46318 -7.35589 27
      vertex -0.978946 -7.43584 27
    endloop
  endfacet
  facet normal 0.162901 0.986642 0
    outer loop
      vertex -1.46318 -7.35589 27
      vertex -0.978946 -7.43584 0
      vertex -1.46318 -7.35589 0
    endloop
  endfacet
  facet normal -0.582479 -0.812846 0
    outer loop
      vertex 4.16678 6.23602 0
      vertex 4.56571 5.95015 27
      vertex 4.16678 6.23602 27
    endloop
  endfacet
  facet normal -0.582479 -0.812846 -0
    outer loop
      vertex 4.56571 5.95015 27
      vertex 4.16678 6.23602 0
      vertex 4.56571 5.95015 0
    endloop
  endfacet
  facet normal -0.849203 -0.528067 0
    outer loop
      vertex 6.49519 3.75 0
      vertex 6.23602 4.16678 27
      vertex 6.23602 4.16678 0
    endloop
  endfacet
  facet normal -0.849203 -0.528067 0
    outer loop
      vertex 6.23602 4.16678 27
      vertex 6.49519 3.75 0
      vertex 6.49519 3.75 27
    endloop
  endfacet
  facet normal -0.352258 0.935903 0
    outer loop
      vertex 2.87012 -6.9291 0
      vertex 2.4108 -7.10198 27
      vertex 2.87012 -6.9291 27
    endloop
  endfacet
  facet normal -0.352258 0.935903 0
    outer loop
      vertex 2.4108 -7.10198 27
      vertex 2.87012 -6.9291 0
      vertex 2.4108 -7.10198 0
    endloop
  endfacet
  facet normal -0.032723 0.999464 0
    outer loop
      vertex 0.490523 -7.48394 0
      vertex 0 -7.5 27
      vertex 0.490523 -7.48394 27
    endloop
  endfacet
  facet normal -0.032723 0.999464 0
    outer loop
      vertex 0 -7.5 27
      vertex 0.490523 -7.48394 0
      vertex 0 -7.5 0
    endloop
  endfacet
  facet normal 0.812846 -0.582479 0
    outer loop
      vertex -6.23602 4.16678 27
      vertex -5.95015 4.56571 0
      vertex -5.95015 4.56571 27
    endloop
  endfacet
  facet normal 0.812846 -0.582479 0
    outer loop
      vertex -5.95015 4.56571 0
      vertex -6.23602 4.16678 27
      vertex -6.23602 4.16678 0
    endloop
  endfacet
  facet normal 0.412705 0.910865 -0
    outer loop
      vertex -2.87012 -6.9291 0
      vertex -3.31716 -6.72655 27
      vertex -2.87012 -6.9291 27
    endloop
  endfacet
  facet normal 0.412705 0.910865 0
    outer loop
      vertex -3.31716 -6.72655 27
      vertex -2.87012 -6.9291 0
      vertex -3.31716 -6.72655 0
    endloop
  endfacet
  facet normal -0.812846 -0.582479 0
    outer loop
      vertex 6.23602 4.16678 0
      vertex 5.95015 4.56571 27
      vertex 5.95015 4.56571 0
    endloop
  endfacet
  facet normal -0.812846 -0.582479 0
    outer loop
      vertex 5.95015 4.56571 27
      vertex 6.23602 4.16678 0
      vertex 6.23602 4.16678 27
    endloop
  endfacet
  facet normal 0.973875 -0.227087 0
    outer loop
      vertex -7.35589 1.46318 27
      vertex -7.24444 1.94114 0
      vertex -7.24444 1.94114 27
    endloop
  endfacet
  facet normal 0.973875 -0.227087 0
    outer loop
      vertex -7.24444 1.94114 0
      vertex -7.35589 1.46318 27
      vertex -7.35589 1.46318 0
    endloop
  endfacet
  facet normal -0.995186 0.0980061 0
    outer loop
      vertex 7.43584 -0.978946 0
      vertex 7.48394 -0.490523 27
      vertex 7.48394 -0.490523 0
    endloop
  endfacet
  facet normal -0.995186 0.0980061 0
    outer loop
      vertex 7.48394 -0.490523 27
      vertex 7.43584 -0.978946 0
      vertex 7.43584 -0.978946 27
    endloop
  endfacet
  facet normal 0.352258 -0.935903 0
    outer loop
      vertex -2.87012 6.9291 0
      vertex -2.4108 7.10198 27
      vertex -2.87012 6.9291 27
    endloop
  endfacet
  facet normal 0.352258 -0.935903 0
    outer loop
      vertex -2.4108 7.10198 27
      vertex -2.87012 6.9291 0
      vertex -2.4108 7.10198 0
    endloop
  endfacet
  facet normal -0.162901 0.986642 0
    outer loop
      vertex 1.46318 -7.35589 0
      vertex 0.978946 -7.43584 27
      vertex 1.46318 -7.35589 27
    endloop
  endfacet
  facet normal -0.162901 0.986642 0
    outer loop
      vertex 0.978946 -7.43584 27
      vertex 1.46318 -7.35589 0
      vertex 0.978946 -7.43584 0
    endloop
  endfacet
  facet normal 0.849203 -0.528067 0
    outer loop
      vertex -6.49519 3.75 27
      vertex -6.23602 4.16678 0
      vertex -6.23602 4.16678 27
    endloop
  endfacet
  facet normal 0.849203 -0.528067 0
    outer loop
      vertex -6.23602 4.16678 0
      vertex -6.49519 3.75 27
      vertex -6.49519 3.75 0
    endloop
  endfacet
  facet normal -0.935903 0.352258 0
    outer loop
      vertex 6.9291 -2.87012 0
      vertex 7.10198 -2.4108 27
      vertex 7.10198 -2.4108 0
    endloop
  endfacet
  facet normal -0.935903 0.352258 0
    outer loop
      vertex 7.10198 -2.4108 27
      vertex 6.9291 -2.87012 0
      vertex 6.9291 -2.87012 27
    endloop
  endfacet
  facet normal -0.812846 0.582479 0
    outer loop
      vertex 5.95015 -4.56571 0
      vertex 6.23602 -4.16678 27
      vertex 6.23602 -4.16678 0
    endloop
  endfacet
  facet normal -0.812846 0.582479 0
    outer loop
      vertex 6.23602 -4.16678 27
      vertex 5.95015 -4.56571 0
      vertex 5.95015 -4.56571 27
    endloop
  endfacet
  facet normal 0.995186 -0.0980061 0
    outer loop
      vertex -7.48394 0.490523 27
      vertex -7.43584 0.978946 0
      vertex -7.43584 0.978946 27
    endloop
  endfacet
  facet normal 0.995186 -0.0980061 0
    outer loop
      vertex -7.43584 0.978946 0
      vertex -7.48394 0.490523 27
      vertex -7.48394 0.490523 0
    endloop
  endfacet
  facet normal -0.683592 -0.729864 0
    outer loop
      vertex 4.94509 5.6388 0
      vertex 5.3033 5.3033 27
      vertex 4.94509 5.6388 27
    endloop
  endfacet
  facet normal -0.683592 -0.729864 -0
    outer loop
      vertex 5.3033 5.3033 27
      vertex 4.94509 5.6388 0
      vertex 5.3033 5.3033 0
    endloop
  endfacet
  facet normal 0.956946 -0.290266 0
    outer loop
      vertex -7.24444 1.94114 27
      vertex -7.10198 2.4108 0
      vertex -7.10198 2.4108 27
    endloop
  endfacet
  facet normal 0.956946 -0.290266 0
    outer loop
      vertex -7.10198 2.4108 0
      vertex -7.24444 1.94114 27
      vertex -7.24444 1.94114 0
    endloop
  endfacet
  facet normal 0.881919 -0.4714 0
    outer loop
      vertex -6.72655 3.31716 27
      vertex -6.49519 3.75 0
      vertex -6.49519 3.75 27
    endloop
  endfacet
  facet normal 0.881919 -0.4714 0
    outer loop
      vertex -6.49519 3.75 0
      vertex -6.72655 3.31716 27
      vertex -6.72655 3.31716 0
    endloop
  endfacet
  facet normal 0.999464 -0.032723 0
    outer loop
      vertex -7.5 0 27
      vertex -7.48394 0.490523 0
      vertex -7.48394 0.490523 27
    endloop
  endfacet
  facet normal 0.999464 -0.032723 0
    outer loop
      vertex -7.48394 0.490523 0
      vertex -7.5 0 27
      vertex -7.5 0 0
    endloop
  endfacet
  facet normal 0.290266 0.956946 -0
    outer loop
      vertex -1.94114 -7.24444 0
      vertex -2.4108 -7.10198 27
      vertex -1.94114 -7.24444 27
    endloop
  endfacet
  facet normal 0.290266 0.956946 0
    outer loop
      vertex -2.4108 -7.10198 27
      vertex -1.94114 -7.24444 0
      vertex -2.4108 -7.10198 0
    endloop
  endfacet
  facet normal -0.986642 0.162901 0
    outer loop
      vertex 7.35589 -1.46318 0
      vertex 7.43584 -0.978946 27
      vertex 7.43584 -0.978946 0
    endloop
  endfacet
  facet normal -0.986642 0.162901 0
    outer loop
      vertex 7.43584 -0.978946 27
      vertex 7.35589 -1.46318 0
      vertex 7.35589 -1.46318 27
    endloop
  endfacet
  facet normal -0.227087 -0.973875 0
    outer loop
      vertex 1.46318 7.35589 0
      vertex 1.94114 7.24444 27
      vertex 1.46318 7.35589 27
    endloop
  endfacet
  facet normal -0.227087 -0.973875 -0
    outer loop
      vertex 1.94114 7.24444 27
      vertex 1.46318 7.35589 0
      vertex 1.94114 7.24444 0
    endloop
  endfacet
  facet normal 0.999464 0.032723 0
    outer loop
      vertex -7.48394 -0.490523 27
      vertex -7.5 0 0
      vertex -7.5 0 27
    endloop
  endfacet
  facet normal 0.999464 0.032723 0
    outer loop
      vertex -7.5 0 0
      vertex -7.48394 -0.490523 27
      vertex -7.48394 -0.490523 0
    endloop
  endfacet
  facet normal 0.162901 -0.986642 0
    outer loop
      vertex -1.46318 7.35589 0
      vertex -0.978946 7.43584 27
      vertex -1.46318 7.35589 27
    endloop
  endfacet
  facet normal 0.162901 -0.986642 0
    outer loop
      vertex -0.978946 7.43584 27
      vertex -1.46318 7.35589 0
      vertex -0.978946 7.43584 0
    endloop
  endfacet
  facet normal 0.910865 0.412705 0
    outer loop
      vertex -6.72655 -3.31716 27
      vertex -6.9291 -2.87012 0
      vertex -6.9291 -2.87012 27
    endloop
  endfacet
  facet normal 0.910865 0.412705 0
    outer loop
      vertex -6.9291 -2.87012 0
      vertex -6.72655 -3.31716 27
      vertex -6.72655 -3.31716 0
    endloop
  endfacet
  facet normal 0.986642 0.162901 0
    outer loop
      vertex -7.35589 -1.46318 27
      vertex -7.43584 -0.978946 0
      vertex -7.43584 -0.978946 27
    endloop
  endfacet
  facet normal 0.986642 0.162901 0
    outer loop
      vertex -7.43584 -0.978946 0
      vertex -7.35589 -1.46318 27
      vertex -7.35589 -1.46318 0
    endloop
  endfacet
  facet normal 0.0980061 -0.995186 0
    outer loop
      vertex -0.978946 7.43584 0
      vertex -0.490523 7.48394 27
      vertex -0.978946 7.43584 27
    endloop
  endfacet
  facet normal 0.0980061 -0.995186 0
    outer loop
      vertex -0.490523 7.48394 27
      vertex -0.978946 7.43584 0
      vertex -0.490523 7.48394 0
    endloop
  endfacet
  facet normal -0.849203 0.528067 0
    outer loop
      vertex 6.23602 -4.16678 0
      vertex 6.49519 -3.75 27
      vertex 6.49519 -3.75 0
    endloop
  endfacet
  facet normal -0.849203 0.528067 0
    outer loop
      vertex 6.49519 -3.75 27
      vertex 6.23602 -4.16678 0
      vertex 6.23602 -4.16678 27
    endloop
  endfacet
  facet normal -0.0980061 0.995186 0
    outer loop
      vertex 0.978946 -7.43584 0
      vertex 0.490523 -7.48394 27
      vertex 0.978946 -7.43584 27
    endloop
  endfacet
  facet normal -0.0980061 0.995186 0
    outer loop
      vertex 0.490523 -7.48394 27
      vertex 0.978946 -7.43584 0
      vertex 0.490523 -7.48394 0
    endloop
  endfacet
  facet normal -0.956946 0.290266 0
    outer loop
      vertex 7.10198 -2.4108 0
      vertex 7.24444 -1.94114 27
      vertex 7.24444 -1.94114 0
    endloop
  endfacet
  facet normal -0.956946 0.290266 0
    outer loop
      vertex 7.24444 -1.94114 27
      vertex 7.10198 -2.4108 0
      vertex 7.10198 -2.4108 27
    endloop
  endfacet
  facet normal 0.956946 0.290266 0
    outer loop
      vertex -7.10198 -2.4108 27
      vertex -7.24444 -1.94114 0
      vertex -7.24444 -1.94114 27
    endloop
  endfacet
  facet normal 0.956946 0.290266 0
    outer loop
      vertex -7.24444 -1.94114 0
      vertex -7.10198 -2.4108 27
      vertex -7.10198 -2.4108 0
    endloop
  endfacet
  facet normal 0.634394 -0.77301 0
    outer loop
      vertex -4.94509 5.6388 0
      vertex -4.56571 5.95015 27
      vertex -4.94509 5.6388 27
    endloop
  endfacet
  facet normal 0.634394 -0.77301 0
    outer loop
      vertex -4.56571 5.95015 27
      vertex -4.94509 5.6388 0
      vertex -4.56571 5.95015 0
    endloop
  endfacet
  facet normal -0.910865 0.412705 0
    outer loop
      vertex 6.72655 -3.31716 0
      vertex 6.9291 -2.87012 27
      vertex 6.9291 -2.87012 0
    endloop
  endfacet
  facet normal -0.910865 0.412705 0
    outer loop
      vertex 6.9291 -2.87012 27
      vertex 6.72655 -3.31716 0
      vertex 6.72655 -3.31716 27
    endloop
  endfacet
  facet normal -0.4714 0.881919 0
    outer loop
      vertex 3.75 -6.49519 0
      vertex 3.31716 -6.72655 27
      vertex 3.75 -6.49519 27
    endloop
  endfacet
  facet normal -0.4714 0.881919 0
    outer loop
      vertex 3.31716 -6.72655 27
      vertex 3.75 -6.49519 0
      vertex 3.31716 -6.72655 0
    endloop
  endfacet
  facet normal -0.77301 -0.634394 0
    outer loop
      vertex 5.95015 4.56571 0
      vertex 5.6388 4.94509 27
      vertex 5.6388 4.94509 0
    endloop
  endfacet
  facet normal -0.77301 -0.634394 0
    outer loop
      vertex 5.6388 4.94509 27
      vertex 5.95015 4.56571 0
      vertex 5.95015 4.56571 27
    endloop
  endfacet
  facet normal -0.162901 -0.986642 0
    outer loop
      vertex 0.978946 7.43584 0
      vertex 1.46318 7.35589 27
      vertex 0.978946 7.43584 27
    endloop
  endfacet
  facet normal -0.162901 -0.986642 -0
    outer loop
      vertex 1.46318 7.35589 27
      vertex 0.978946 7.43584 0
      vertex 1.46318 7.35589 0
    endloop
  endfacet
  facet normal 0.986642 -0.162901 0
    outer loop
      vertex -7.43584 0.978946 27
      vertex -7.35589 1.46318 0
      vertex -7.35589 1.46318 27
    endloop
  endfacet
  facet normal 0.986642 -0.162901 0
    outer loop
      vertex -7.35589 1.46318 0
      vertex -7.43584 0.978946 27
      vertex -7.43584 0.978946 0
    endloop
  endfacet
  facet normal -0.729864 -0.683592 0
    outer loop
      vertex 5.6388 4.94509 0
      vertex 5.3033 5.3033 27
      vertex 5.3033 5.3033 0
    endloop
  endfacet
  facet normal -0.729864 -0.683592 0
    outer loop
      vertex 5.3033 5.3033 27
      vertex 5.6388 4.94509 0
      vertex 5.6388 4.94509 27
    endloop
  endfacet
  facet normal 0.290266 -0.956946 0
    outer loop
      vertex -2.4108 7.10198 0
      vertex -1.94114 7.24444 27
      vertex -2.4108 7.10198 27
    endloop
  endfacet
  facet normal 0.290266 -0.956946 0
    outer loop
      vertex -1.94114 7.24444 27
      vertex -2.4108 7.10198 0
      vertex -1.94114 7.24444 0
    endloop
  endfacet
  facet normal 0.0980061 0.995186 -0
    outer loop
      vertex -0.490523 -7.48394 0
      vertex -0.978946 -7.43584 27
      vertex -0.490523 -7.48394 27
    endloop
  endfacet
  facet normal 0.0980061 0.995186 0
    outer loop
      vertex -0.978946 -7.43584 27
      vertex -0.490523 -7.48394 0
      vertex -0.978946 -7.43584 0
    endloop
  endfacet
  facet normal 0.683592 0.729864 -0
    outer loop
      vertex -4.94509 -5.6388 0
      vertex -5.3033 -5.3033 27
      vertex -4.94509 -5.6388 27
    endloop
  endfacet
  facet normal 0.683592 0.729864 0
    outer loop
      vertex -5.3033 -5.3033 27
      vertex -4.94509 -5.6388 0
      vertex -5.3033 -5.3033 0
    endloop
  endfacet
  facet normal 0.528067 0.849203 -0
    outer loop
      vertex -3.75 -6.49519 0
      vertex -4.16678 -6.23602 27
      vertex -3.75 -6.49519 27
    endloop
  endfacet
  facet normal 0.528067 0.849203 0
    outer loop
      vertex -4.16678 -6.23602 27
      vertex -3.75 -6.49519 0
      vertex -4.16678 -6.23602 0
    endloop
  endfacet
  facet normal -0.683592 0.729864 0
    outer loop
      vertex 5.3033 -5.3033 0
      vertex 4.94509 -5.6388 27
      vertex 5.3033 -5.3033 27
    endloop
  endfacet
  facet normal -0.683592 0.729864 0
    outer loop
      vertex 4.94509 -5.6388 27
      vertex 5.3033 -5.3033 0
      vertex 4.94509 -5.6388 0
    endloop
  endfacet
  facet normal -0.4714 -0.881919 0
    outer loop
      vertex 3.31716 6.72655 0
      vertex 3.75 6.49519 27
      vertex 3.31716 6.72655 27
    endloop
  endfacet
  facet normal -0.4714 -0.881919 -0
    outer loop
      vertex 3.75 6.49519 27
      vertex 3.31716 6.72655 0
      vertex 3.75 6.49519 0
    endloop
  endfacet
  facet normal 0.683592 -0.729864 0
    outer loop
      vertex -5.3033 5.3033 0
      vertex -4.94509 5.6388 27
      vertex -5.3033 5.3033 27
    endloop
  endfacet
  facet normal 0.683592 -0.729864 0
    outer loop
      vertex -4.94509 5.6388 27
      vertex -5.3033 5.3033 0
      vertex -4.94509 5.6388 0
    endloop
  endfacet
  facet normal 0.227087 0.973875 -0
    outer loop
      vertex -1.46318 -7.35589 0
      vertex -1.94114 -7.24444 27
      vertex -1.46318 -7.35589 27
    endloop
  endfacet
  facet normal 0.227087 0.973875 0
    outer loop
      vertex -1.94114 -7.24444 27
      vertex -1.46318 -7.35589 0
      vertex -1.94114 -7.24444 0
    endloop
  endfacet
  facet normal 0.849203 0.528067 0
    outer loop
      vertex -6.23602 -4.16678 27
      vertex -6.49519 -3.75 0
      vertex -6.49519 -3.75 27
    endloop
  endfacet
  facet normal 0.849203 0.528067 0
    outer loop
      vertex -6.49519 -3.75 0
      vertex -6.23602 -4.16678 27
      vertex -6.23602 -4.16678 0
    endloop
  endfacet
  facet normal 0.032723 0.999464 -0
    outer loop
      vertex 0 -7.5 0
      vertex -0.490523 -7.48394 27
      vertex 0 -7.5 27
    endloop
  endfacet
  facet normal 0.032723 0.999464 0
    outer loop
      vertex -0.490523 -7.48394 27
      vertex 0 -7.5 0
      vertex -0.490523 -7.48394 0
    endloop
  endfacet
  facet normal 0.032723 -0.999464 0
    outer loop
      vertex -0.490523 7.48394 0
      vertex 0 7.5 27
      vertex -0.490523 7.48394 27
    endloop
  endfacet
  facet normal 0.032723 -0.999464 0
    outer loop
      vertex 0 7.5 27
      vertex -0.490523 7.48394 0
      vertex 0 7.5 0
    endloop
  endfacet
  facet normal 0.729864 0.683592 0
    outer loop
      vertex -5.3033 -5.3033 27
      vertex -5.6388 -4.94509 0
      vertex -5.6388 -4.94509 27
    endloop
  endfacet
  facet normal 0.729864 0.683592 0
    outer loop
      vertex -5.6388 -4.94509 0
      vertex -5.3033 -5.3033 27
      vertex -5.3033 -5.3033 0
    endloop
  endfacet
  facet normal 0.77301 0.634394 0
    outer loop
      vertex -5.6388 -4.94509 27
      vertex -5.95015 -4.56571 0
      vertex -5.95015 -4.56571 27
    endloop
  endfacet
  facet normal 0.77301 0.634394 0
    outer loop
      vertex -5.95015 -4.56571 0
      vertex -5.6388 -4.94509 27
      vertex -5.6388 -4.94509 0
    endloop
  endfacet
  facet normal -0.032723 -0.999464 0
    outer loop
      vertex 0 7.5 0
      vertex 0.490523 7.48394 27
      vertex 0 7.5 27
    endloop
  endfacet
  facet normal -0.032723 -0.999464 -0
    outer loop
      vertex 0.490523 7.48394 27
      vertex 0 7.5 0
      vertex 0.490523 7.48394 0
    endloop
  endfacet
  facet normal 0.634394 0.77301 -0
    outer loop
      vertex -4.56571 -5.95015 0
      vertex -4.94509 -5.6388 27
      vertex -4.56571 -5.95015 27
    endloop
  endfacet
  facet normal 0.634394 0.77301 0
    outer loop
      vertex -4.94509 -5.6388 27
      vertex -4.56571 -5.95015 0
      vertex -4.94509 -5.6388 0
    endloop
  endfacet
  facet normal -0.582479 0.812846 0
    outer loop
      vertex 4.56571 -5.95015 0
      vertex 4.16678 -6.23602 27
      vertex 4.56571 -5.95015 27
    endloop
  endfacet
  facet normal -0.582479 0.812846 0
    outer loop
      vertex 4.16678 -6.23602 27
      vertex 4.56571 -5.95015 0
      vertex 4.16678 -6.23602 0
    endloop
  endfacet
  facet normal -0.0980061 -0.995186 0
    outer loop
      vertex 0.490523 7.48394 0
      vertex 0.978946 7.43584 27
      vertex 0.490523 7.48394 27
    endloop
  endfacet
  facet normal -0.0980061 -0.995186 -0
    outer loop
      vertex 0.978946 7.43584 27
      vertex 0.490523 7.48394 0
      vertex 0.978946 7.43584 0
    endloop
  endfacet
  facet normal 0.4714 0.881919 -0
    outer loop
      vertex -3.31716 -6.72655 0
      vertex -3.75 -6.49519 27
      vertex -3.31716 -6.72655 27
    endloop
  endfacet
  facet normal 0.4714 0.881919 0
    outer loop
      vertex -3.75 -6.49519 27
      vertex -3.31716 -6.72655 0
      vertex -3.75 -6.49519 0
    endloop
  endfacet
  facet normal 0.582479 0.812846 -0
    outer loop
      vertex -4.16678 -6.23602 0
      vertex -4.56571 -5.95015 27
      vertex -4.16678 -6.23602 27
    endloop
  endfacet
  facet normal 0.582479 0.812846 0
    outer loop
      vertex -4.56571 -5.95015 27
      vertex -4.16678 -6.23602 0
      vertex -4.56571 -5.95015 0
    endloop
  endfacet
  facet normal -0.528067 0.849203 0
    outer loop
      vertex 4.16678 -6.23602 0
      vertex 3.75 -6.49519 27
      vertex 4.16678 -6.23602 27
    endloop
  endfacet
  facet normal -0.528067 0.849203 0
    outer loop
      vertex 3.75 -6.49519 27
      vertex 4.16678 -6.23602 0
      vertex 3.75 -6.49519 0
    endloop
  endfacet
  facet normal -0.881919 0.4714 0
    outer loop
      vertex 6.49519 -3.75 0
      vertex 6.72655 -3.31716 27
      vertex 6.72655 -3.31716 0
    endloop
  endfacet
  facet normal -0.881919 0.4714 0
    outer loop
      vertex 6.72655 -3.31716 27
      vertex 6.49519 -3.75 0
      vertex 6.49519 -3.75 27
    endloop
  endfacet
  facet normal -0.528067 -0.849203 0
    outer loop
      vertex 3.75 6.49519 0
      vertex 4.16678 6.23602 27
      vertex 3.75 6.49519 27
    endloop
  endfacet
  facet normal -0.528067 -0.849203 -0
    outer loop
      vertex 4.16678 6.23602 27
      vertex 3.75 6.49519 0
      vertex 4.16678 6.23602 0
    endloop
  endfacet
  facet normal 0.77301 -0.634394 0
    outer loop
      vertex -5.95015 4.56571 27
      vertex -5.6388 4.94509 0
      vertex -5.6388 4.94509 27
    endloop
  endfacet
  facet normal 0.77301 -0.634394 0
    outer loop
      vertex -5.6388 4.94509 0
      vertex -5.95015 4.56571 27
      vertex -5.95015 4.56571 0
    endloop
  endfacet
  facet normal 0.4714 -0.881919 0
    outer loop
      vertex -3.75 6.49519 0
      vertex -3.31716 6.72655 27
      vertex -3.75 6.49519 27
    endloop
  endfacet
  facet normal 0.4714 -0.881919 0
    outer loop
      vertex -3.31716 6.72655 27
      vertex -3.75 6.49519 0
      vertex -3.31716 6.72655 0
    endloop
  endfacet
  facet normal -0.290266 -0.956946 0
    outer loop
      vertex 1.94114 7.24444 0
      vertex 2.4108 7.10198 27
      vertex 1.94114 7.24444 27
    endloop
  endfacet
  facet normal -0.290266 -0.956946 -0
    outer loop
      vertex 2.4108 7.10198 27
      vertex 1.94114 7.24444 0
      vertex 2.4108 7.10198 0
    endloop
  endfacet
  facet normal 0.528067 -0.849203 0
    outer loop
      vertex -4.16678 6.23602 0
      vertex -3.75 6.49519 27
      vertex -4.16678 6.23602 27
    endloop
  endfacet
  facet normal 0.528067 -0.849203 0
    outer loop
      vertex -3.75 6.49519 27
      vertex -4.16678 6.23602 0
      vertex -3.75 6.49519 0
    endloop
  endfacet
  facet normal 0.729864 -0.683592 0
    outer loop
      vertex -5.6388 4.94509 27
      vertex -5.3033 5.3033 0
      vertex -5.3033 5.3033 27
    endloop
  endfacet
  facet normal 0.729864 -0.683592 0
    outer loop
      vertex -5.3033 5.3033 0
      vertex -5.6388 4.94509 27
      vertex -5.6388 4.94509 0
    endloop
  endfacet
  facet normal -0.634394 0.77301 0
    outer loop
      vertex 4.94509 -5.6388 0
      vertex 4.56571 -5.95015 27
      vertex 4.94509 -5.6388 27
    endloop
  endfacet
  facet normal -0.634394 0.77301 0
    outer loop
      vertex 4.56571 -5.95015 27
      vertex 4.94509 -5.6388 0
      vertex 4.56571 -5.95015 0
    endloop
  endfacet
endsolid OpenSCAD_Model
