solid OpenSCAD_Model
  facet normal 1 0 0
    outer loop
      vertex 164.2 8 177.039
      vertex 164.2 7.36465 176.846
      vertex 164.2 8 24
    endloop
  endfacet
  facet normal 1 -0 0
    outer loop
      vertex 164.2 8 24
      vertex 164.2 183.498 0
      vertex 164.2 183.498 24
    endloop
  endfacet
  facet normal 1 -0 0
    outer loop
      vertex 164.2 6.53617 176.653
      vertex 164.2 8 24
      vertex 164.2 7.36465 176.846
    endloop
  endfacet
  facet normal 1 -0 0
    outer loop
      vertex 164.2 5.69684 176.515
      vertex 164.2 8 24
      vertex 164.2 6.53617 176.653
    endloop
  endfacet
  facet normal 1 -0 0
    outer loop
      vertex 164.2 4.85024 176.431
      vertex 164.2 8 24
      vertex 164.2 5.69684 176.515
    endloop
  endfacet
  facet normal 1 -0 0
    outer loop
      vertex 164.2 4 176.403
      vertex 164.2 8 24
      vertex 164.2 4.85024 176.431
    endloop
  endfacet
  facet normal 1 0 0
    outer loop
      vertex 164.2 3.14976 176.431
      vertex 164.2 8 24
      vertex 164.2 4 176.403
    endloop
  endfacet
  facet normal 1 0 0
    outer loop
      vertex 164.2 2.30316 176.515
      vertex 164.2 8 24
      vertex 164.2 3.14976 176.431
    endloop
  endfacet
  facet normal 1 0 0
    outer loop
      vertex 164.2 1.46383 176.653
      vertex 164.2 8 24
      vertex 164.2 2.30316 176.515
    endloop
  endfacet
  facet normal 1 0 0
    outer loop
      vertex 164.2 0.635352 176.846
      vertex 164.2 8 24
      vertex 164.2 1.46383 176.653
    endloop
  endfacet
  facet normal 1 0 0
    outer loop
      vertex 164.2 0 177.039
      vertex 164.2 8 24
      vertex 164.2 0.635352 176.846
    endloop
  endfacet
  facet normal 1 0 0
    outer loop
      vertex 164.2 8 24
      vertex 164.2 0 0
      vertex 164.2 183.498 0
    endloop
  endfacet
  facet normal 1 0 0
    outer loop
      vertex 164.2 0 0
      vertex 164.2 8 24
      vertex 164.2 0 177.039
    endloop
  endfacet
  facet normal 0 0 -1
    outer loop
      vertex 44.6902 7.78772 0
      vertex 41.7544 28.1384 0
      vertex 41.7967 28.1384 0
    endloop
  endfacet
  facet normal 0 0 -1
    outer loop
      vertex 41.9846 4.26161 0
      vertex 41.7419 28.1384 0
      vertex 41.7544 28.1384 0
    endloop
  endfacet
  facet normal -0 0 -1
    outer loop
      vertex 41.9846 4.26161 0
      vertex 0 0 0
      vertex 41.7419 28.1384 0
    endloop
  endfacet
  facet normal -0 0 -1
    outer loop
      vertex 41.9846 3.73839 0
      vertex 0 0 0
      vertex 41.976 4 0
    endloop
  endfacet
  facet normal -0 0 -1
    outer loop
      vertex 42.0102 3.47789 0
      vertex 0 0 0
      vertex 41.9846 3.73839 0
    endloop
  endfacet
  facet normal -0 0 -1
    outer loop
      vertex 42.0529 3.21964 0
      vertex 0 0 0
      vertex 42.0102 3.47789 0
    endloop
  endfacet
  facet normal -0 0 -1
    outer loop
      vertex 42.1123 2.96472 0
      vertex 0 0 0
      vertex 42.0529 3.21964 0
    endloop
  endfacet
  facet normal -0 0 -1
    outer loop
      vertex 42.1883 2.71424 0
      vertex 0 0 0
      vertex 42.1123 2.96472 0
    endloop
  endfacet
  facet normal -0 0 -1
    outer loop
      vertex 42.2805 2.46927 0
      vertex 0 0 0
      vertex 42.1883 2.71424 0
    endloop
  endfacet
  facet normal -0 0 -1
    outer loop
      vertex 42.3885 2.23084 0
      vertex 0 0 0
      vertex 42.2805 2.46927 0
    endloop
  endfacet
  facet normal -0 0 -1
    outer loop
      vertex 42.5119 2 0
      vertex 0 0 0
      vertex 42.3885 2.23084 0
    endloop
  endfacet
  facet normal -0 0 -1
    outer loop
      vertex 42.6501 1.77772 0
      vertex 0 0 0
      vertex 42.5119 2 0
    endloop
  endfacet
  facet normal -0 0 -1
    outer loop
      vertex 42.8026 1.56495 0
      vertex 0 0 0
      vertex 42.6501 1.77772 0
    endloop
  endfacet
  facet normal -0 0 -1
    outer loop
      vertex 42.9686 1.36262 0
      vertex 0 0 0
      vertex 42.8026 1.56495 0
    endloop
  endfacet
  facet normal -0 0 -1
    outer loop
      vertex 43.1476 1.17157 0
      vertex 0 0 0
      vertex 42.9686 1.36262 0
    endloop
  endfacet
  facet normal -0 0 -1
    outer loop
      vertex 43.3386 0.99264 0
      vertex 0 0 0
      vertex 43.1476 1.17157 0
    endloop
  endfacet
  facet normal -0 0 -1
    outer loop
      vertex 43.541 0.826586 0
      vertex 0 0 0
      vertex 43.3386 0.99264 0
    endloop
  endfacet
  facet normal -0 0 -1
    outer loop
      vertex 43.7537 0.674121 0
      vertex 0 0 0
      vertex 43.541 0.826586 0
    endloop
  endfacet
  facet normal -0 0 -1
    outer loop
      vertex 43.976 0.535898 0
      vertex 0 0 0
      vertex 43.7537 0.674121 0
    endloop
  endfacet
  facet normal -0 0 -1
    outer loop
      vertex 44.2068 0.412509 0
      vertex 0 0 0
      vertex 43.976 0.535898 0
    endloop
  endfacet
  facet normal -0 0 -1
    outer loop
      vertex 44.4453 0.304482 0
      vertex 0 0 0
      vertex 44.2068 0.412509 0
    endloop
  endfacet
  facet normal -0 0 -1
    outer loop
      vertex 44.6902 0.212279 0
      vertex 0 0 0
      vertex 44.4453 0.304482 0
    endloop
  endfacet
  facet normal -0 0 -1
    outer loop
      vertex 44.9407 0.136296 0
      vertex 0 0 0
      vertex 44.6902 0.212279 0
    endloop
  endfacet
  facet normal -0 0 -1
    outer loop
      vertex 45.1956 0.0768585 0
      vertex 0 0 0
      vertex 44.9407 0.136296 0
    endloop
  endfacet
  facet normal -0 0 -1
    outer loop
      vertex 45.4539 0.0342197 0
      vertex 0 0 0
      vertex 45.1956 0.0768585 0
    endloop
  endfacet
  facet normal -0 0 -1
    outer loop
      vertex 45.7144 0.008564 0
      vertex 0 0 0
      vertex 45.4539 0.0342197 0
    endloop
  endfacet
  facet normal 0 0 -1
    outer loop
      vertex 0 0 0
      vertex 45.7144 0.008564 0
      vertex 45.976 0 0
    endloop
  endfacet
  facet normal 0 0 -1
    outer loop
      vertex 102.705 56.7869 0
      vertex 88.0872 91.3567 0
      vertex 88.1 91.7491 0
    endloop
  endfacet
  facet normal 0 0 -1
    outer loop
      vertex 89.211 63.4273 0
      vertex 88.0487 90.9659 0
      vertex 88.0872 91.3567 0
    endloop
  endfacet
  facet normal 0 0 -1
    outer loop
      vertex 89.211 63.4273 0
      vertex 87.9847 90.5785 0
      vertex 88.0487 90.9659 0
    endloop
  endfacet
  facet normal 0 0 -1
    outer loop
      vertex 89.211 63.4273 0
      vertex 87.8956 90.1962 0
      vertex 87.9847 90.5785 0
    endloop
  endfacet
  facet normal 0 0 -1
    outer loop
      vertex 89.211 63.4273 0
      vertex 87.7816 89.8204 0
      vertex 87.8956 90.1962 0
    endloop
  endfacet
  facet normal 0 0 -1
    outer loop
      vertex 89.211 63.4273 0
      vertex 87.6433 89.453 0
      vertex 87.7816 89.8204 0
    endloop
  endfacet
  facet normal 0 0 -1
    outer loop
      vertex 89.211 63.4273 0
      vertex 87.4812 89.0954 0
      vertex 87.6433 89.453 0
    endloop
  endfacet
  facet normal 0 0 -1
    outer loop
      vertex 89.211 63.4273 0
      vertex 87.2962 88.7491 0
      vertex 87.4812 89.0954 0
    endloop
  endfacet
  facet normal 0 0 -1
    outer loop
      vertex 89.211 63.4273 0
      vertex 87.0888 88.4157 0
      vertex 87.2962 88.7491 0
    endloop
  endfacet
  facet normal 0 0 -1
    outer loop
      vertex 89.211 63.4273 0
      vertex 86.8601 88.0965 0
      vertex 87.0888 88.4157 0
    endloop
  endfacet
  facet normal 0 0 -1
    outer loop
      vertex 89.211 63.4273 0
      vertex 86.611 87.793 0
      vertex 86.8601 88.0965 0
    endloop
  endfacet
  facet normal 0 0 -1
    outer loop
      vertex 89.211 63.4273 0
      vertex 86.3426 87.5064 0
      vertex 86.611 87.793 0
    endloop
  endfacet
  facet normal 0 0 -1
    outer loop
      vertex 89.211 63.4273 0
      vertex 86.0561 87.238 0
      vertex 86.3426 87.5064 0
    endloop
  endfacet
  facet normal 0 0 -1
    outer loop
      vertex 89.211 63.4273 0
      vertex 85.7526 86.989 0
      vertex 86.0561 87.238 0
    endloop
  endfacet
  facet normal 0 0 -1
    outer loop
      vertex 84.3961 86.2058 0
      vertex 88.3975 63.5738 0
      vertex 85.6671 64.0658 0
    endloop
  endfacet
  facet normal 0 0 -1
    outer loop
      vertex 89.211 63.4273 0
      vertex 85.4334 86.7603 0
      vertex 85.7526 86.989 0
    endloop
  endfacet
  facet normal 0 0 -1
    outer loop
      vertex 89.211 63.4273 0
      vertex 85.1 86.5529 0
      vertex 85.4334 86.7603 0
    endloop
  endfacet
  facet normal 0 0 -1
    outer loop
      vertex 88.3975 63.5738 0
      vertex 84.7537 86.3678 0
      vertex 85.1 86.5529 0
    endloop
  endfacet
  facet normal 0 0 -1
    outer loop
      vertex 88.3975 63.5738 0
      vertex 84.3961 86.2058 0
      vertex 84.7537 86.3678 0
    endloop
  endfacet
  facet normal 0 0 -1
    outer loop
      vertex 85.6671 64.0658 0
      vertex 84.0286 86.0675 0
      vertex 84.3961 86.2058 0
    endloop
  endfacet
  facet normal 0 0 -1
    outer loop
      vertex 85.6671 64.0658 0
      vertex 83.6529 85.9535 0
      vertex 84.0286 86.0675 0
    endloop
  endfacet
  facet normal 0 0 -1
    outer loop
      vertex 85.6671 64.0658 0
      vertex 83.2705 85.8644 0
      vertex 83.6529 85.9535 0
    endloop
  endfacet
  facet normal 0 0 -1
    outer loop
      vertex 82.9339 64.2294 0
      vertex 83.2705 85.8644 0
      vertex 85.6671 64.0658 0
    endloop
  endfacet
  facet normal 0 0 -1
    outer loop
      vertex 82.9339 64.2294 0
      vertex 82.8832 85.8004 0
      vertex 83.2705 85.8644 0
    endloop
  endfacet
  facet normal 0 0 -1
    outer loop
      vertex 82.9339 64.2294 0
      vertex 82.4924 85.7619 0
      vertex 82.8832 85.8004 0
    endloop
  endfacet
  facet normal 0 0 -1
    outer loop
      vertex 82.1 64.2793 0
      vertex 82.4924 85.7619 0
      vertex 82.9339 64.2294 0
    endloop
  endfacet
  facet normal 0 0 -1
    outer loop
      vertex 82.1 64.2793 0
      vertex 82.1 85.7491 0
      vertex 82.4924 85.7619 0
    endloop
  endfacet
  facet normal 0 0 -1
    outer loop
      vertex 82.1 64.2793 0
      vertex 81.7076 85.7619 0
      vertex 82.1 85.7491 0
    endloop
  endfacet
  facet normal 0 0 -1
    outer loop
      vertex 81.2661 64.2294 0
      vertex 81.7076 85.7619 0
      vertex 82.1 64.2793 0
    endloop
  endfacet
  facet normal -0 0 -1
    outer loop
      vertex 81.7076 85.7619 0
      vertex 81.2661 64.2294 0
      vertex 81.3168 85.8004 0
    endloop
  endfacet
  facet normal 0 0 -1
    outer loop
      vertex 81.2661 64.2294 0
      vertex 80.9295 85.8644 0
      vertex 81.3168 85.8004 0
    endloop
  endfacet
  facet normal 0 0 -1
    outer loop
      vertex 78.5329 64.0658 0
      vertex 80.9295 85.8644 0
      vertex 81.2661 64.2294 0
    endloop
  endfacet
  facet normal -0 0 -1
    outer loop
      vertex 80.9295 85.8644 0
      vertex 78.5329 64.0658 0
      vertex 80.5471 85.9535 0
    endloop
  endfacet
  facet normal -0 0 -1
    outer loop
      vertex 80.5471 85.9535 0
      vertex 78.5329 64.0658 0
      vertex 80.1714 86.0675 0
    endloop
  endfacet
  facet normal -0 0 -1
    outer loop
      vertex 80.1714 86.0675 0
      vertex 78.5329 64.0658 0
      vertex 79.8039 86.2058 0
    endloop
  endfacet
  facet normal 0 0 -1
    outer loop
      vertex 75.8025 63.5738 0
      vertex 79.8039 86.2058 0
      vertex 78.5329 64.0658 0
    endloop
  endfacet
  facet normal -0 0 -1
    outer loop
      vertex 79.8039 86.2058 0
      vertex 75.8025 63.5738 0
      vertex 79.4463 86.3678 0
    endloop
  endfacet
  facet normal -0 0 -1
    outer loop
      vertex 79.4463 86.3678 0
      vertex 75.8025 63.5738 0
      vertex 79.1 86.5529 0
    endloop
  endfacet
  facet normal 0 0 -1
    outer loop
      vertex 74.9891 63.4273 0
      vertex 79.1 86.5529 0
      vertex 75.8025 63.5738 0
    endloop
  endfacet
  facet normal -0 0 -1
    outer loop
      vertex 79.1 86.5529 0
      vertex 74.9891 63.4273 0
      vertex 78.7666 86.7603 0
    endloop
  endfacet
  facet normal -0 0 -1
    outer loop
      vertex 78.7666 86.7603 0
      vertex 74.9891 63.4273 0
      vertex 78.4474 86.989 0
    endloop
  endfacet
  facet normal 0 0 -1
    outer loop
      vertex 74.1926 63.1864 0
      vertex 78.4474 86.989 0
      vertex 74.9891 63.4273 0
    endloop
  endfacet
  facet normal -0 0 -1
    outer loop
      vertex 78.4474 86.989 0
      vertex 74.1926 63.1864 0
      vertex 78.1439 87.238 0
    endloop
  endfacet
  facet normal 0 0 -1
    outer loop
      vertex 71.4914 62.3692 0
      vertex 78.1439 87.238 0
      vertex 74.1926 63.1864 0
    endloop
  endfacet
  facet normal -0 0 -1
    outer loop
      vertex 78.1439 87.238 0
      vertex 71.4914 62.3692 0
      vertex 77.8574 87.5064 0
    endloop
  endfacet
  facet normal -0 0 -1
    outer loop
      vertex 77.8574 87.5064 0
      vertex 71.4914 62.3692 0
      vertex 77.589 87.793 0
    endloop
  endfacet
  facet normal -0 0 -1
    outer loop
      vertex 77.589 87.793 0
      vertex 71.4914 62.3692 0
      vertex 77.3399 88.0965 0
    endloop
  endfacet
  facet normal 0 0 -1
    outer loop
      vertex 68.7993 61.2164 0
      vertex 77.3399 88.0965 0
      vertex 71.4914 62.3692 0
    endloop
  endfacet
  facet normal -0 0 -1
    outer loop
      vertex 77.3399 88.0965 0
      vertex 68.7993 61.2164 0
      vertex 77.1112 88.4157 0
    endloop
  endfacet
  facet normal -0 0 -1
    outer loop
      vertex 77.1112 88.4157 0
      vertex 68.7993 61.2164 0
      vertex 76.9038 88.7491 0
    endloop
  endfacet
  facet normal 0 0 -1
    outer loop
      vertex 68.0624 60.9009 0
      vertex 76.9038 88.7491 0
      vertex 68.7993 61.2164 0
    endloop
  endfacet
  facet normal -0 0 -1
    outer loop
      vertex 76.9038 88.7491 0
      vertex 68.0624 60.9009 0
      vertex 76.7188 89.0954 0
    endloop
  endfacet
  facet normal -0 0 -1
    outer loop
      vertex 76.7188 89.0954 0
      vertex 67.3561 60.5062 0
      vertex 76.5567 89.453 0
    endloop
  endfacet
  facet normal 0 0 -1
    outer loop
      vertex 67.3561 60.5062 0
      vertex 76.7188 89.0954 0
      vertex 68.0624 60.9009 0
    endloop
  endfacet
  facet normal 0 0 -1
    outer loop
      vertex 120.812 32.2146 0
      vertex 164.2 0 0
      vertex 122.458 28.1384 0
    endloop
  endfacet
  facet normal 0 0 -1
    outer loop
      vertex 121.811 5.76915 0
      vertex 122.458 28.1384 0
      vertex 164.2 0 0
    endloop
  endfacet
  facet normal 0 0 -1
    outer loop
      vertex 121.688 6 0
      vertex 122.458 28.1384 0
      vertex 121.811 5.76915 0
    endloop
  endfacet
  facet normal 0 0 -1
    outer loop
      vertex 122.215 4.26161 0
      vertex 164.2 0 0
      vertex 122.224 4 0
    endloop
  endfacet
  facet normal 0 0 -1
    outer loop
      vertex 164.2 0 0
      vertex 122.215 3.73839 0
      vertex 122.224 4 0
    endloop
  endfacet
  facet normal 0 0 -1
    outer loop
      vertex 164.2 0 0
      vertex 122.19 3.47789 0
      vertex 122.215 3.73839 0
    endloop
  endfacet
  facet normal 0 0 -1
    outer loop
      vertex 164.2 0 0
      vertex 122.147 3.21964 0
      vertex 122.19 3.47789 0
    endloop
  endfacet
  facet normal 0 0 -1
    outer loop
      vertex 164.2 0 0
      vertex 122.088 2.96472 0
      vertex 122.147 3.21964 0
    endloop
  endfacet
  facet normal 0 0 -1
    outer loop
      vertex 164.2 0 0
      vertex 122.012 2.71424 0
      vertex 122.088 2.96472 0
    endloop
  endfacet
  facet normal 0 0 -1
    outer loop
      vertex 164.2 0 0
      vertex 121.92 2.46927 0
      vertex 122.012 2.71424 0
    endloop
  endfacet
  facet normal 0 0 -1
    outer loop
      vertex 164.2 0 0
      vertex 121.811 2.23084 0
      vertex 121.92 2.46927 0
    endloop
  endfacet
  facet normal 0 0 -1
    outer loop
      vertex 164.2 0 0
      vertex 121.688 2 0
      vertex 121.811 2.23084 0
    endloop
  endfacet
  facet normal 0 0 -1
    outer loop
      vertex 164.2 0 0
      vertex 121.55 1.77772 0
      vertex 121.688 2 0
    endloop
  endfacet
  facet normal 0 0 -1
    outer loop
      vertex 164.2 0 0
      vertex 121.397 1.56495 0
      vertex 121.55 1.77772 0
    endloop
  endfacet
  facet normal 0 0 -1
    outer loop
      vertex 164.2 0 0
      vertex 121.231 1.36262 0
      vertex 121.397 1.56495 0
    endloop
  endfacet
  facet normal 0 0 -1
    outer loop
      vertex 164.2 0 0
      vertex 121.052 1.17157 0
      vertex 121.231 1.36262 0
    endloop
  endfacet
  facet normal 0 0 -1
    outer loop
      vertex 164.2 0 0
      vertex 120.861 0.99264 0
      vertex 121.052 1.17157 0
    endloop
  endfacet
  facet normal 0 0 -1
    outer loop
      vertex 164.2 0 0
      vertex 120.659 0.826586 0
      vertex 120.861 0.99264 0
    endloop
  endfacet
  facet normal 0 0 -1
    outer loop
      vertex 164.2 0 0
      vertex 120.446 0.674121 0
      vertex 120.659 0.826586 0
    endloop
  endfacet
  facet normal 0 0 -1
    outer loop
      vertex 164.2 0 0
      vertex 120.224 0.535898 0
      vertex 120.446 0.674121 0
    endloop
  endfacet
  facet normal 0 0 -1
    outer loop
      vertex 164.2 0 0
      vertex 119.993 0.412509 0
      vertex 120.224 0.535898 0
    endloop
  endfacet
  facet normal 0 0 -1
    outer loop
      vertex 164.2 0 0
      vertex 119.755 0.304482 0
      vertex 119.993 0.412509 0
    endloop
  endfacet
  facet normal 0 0 -1
    outer loop
      vertex 164.2 0 0
      vertex 119.51 0.212279 0
      vertex 119.755 0.304482 0
    endloop
  endfacet
  facet normal 0 0 -1
    outer loop
      vertex 164.2 0 0
      vertex 119.259 0.136296 0
      vertex 119.51 0.212279 0
    endloop
  endfacet
  facet normal 0 0 -1
    outer loop
      vertex 164.2 0 0
      vertex 119.004 0.0768585 0
      vertex 119.259 0.136296 0
    endloop
  endfacet
  facet normal 0 0 -1
    outer loop
      vertex 164.2 0 0
      vertex 118.746 0.0342197 0
      vertex 119.004 0.0768585 0
    endloop
  endfacet
  facet normal 0 0 -1
    outer loop
      vertex 164.2 0 0
      vertex 118.486 0.008564 0
      vertex 118.746 0.0342197 0
    endloop
  endfacet
  facet normal 0 -0 -1
    outer loop
      vertex 118.486 0.008564 0
      vertex 164.2 0 0
      vertex 118.224 0 0
    endloop
  endfacet
  facet normal 0 0 -1
    outer loop
      vertex 118.911 36.2529 0
      vertex 164.2 0 0
      vertex 120.812 32.2146 0
    endloop
  endfacet
  facet normal 0 0 -1
    outer loop
      vertex 118.799 36.491 0
      vertex 164.2 0 0
      vertex 118.911 36.2529 0
    endloop
  endfacet
  facet normal 0 0 -1
    outer loop
      vertex 116.76 40.2237 0
      vertex 164.2 0 0
      vertex 118.799 36.491 0
    endloop
  endfacet
  facet normal 0 0 -1
    outer loop
      vertex 116.577 40.5583 0
      vertex 164.2 0 0
      vertex 116.76 40.2237 0
    endloop
  endfacet
  facet normal 0 0 -1
    outer loop
      vertex 164.2 0 0
      vertex 116.577 40.5583 0
      vertex 164.2 183.498 0
    endloop
  endfacet
  facet normal 0 0 -1
    outer loop
      vertex 116.37 40.8859 0
      vertex 164.2 183.498 0
      vertex 116.577 40.5583 0
    endloop
  endfacet
  facet normal 0 0 -1
    outer loop
      vertex 114.155 44.388 0
      vertex 164.2 183.498 0
      vertex 116.37 40.8859 0
    endloop
  endfacet
  facet normal 0 0 -1
    outer loop
      vertex 113.865 44.7834 0
      vertex 164.2 183.498 0
      vertex 114.155 44.388 0
    endloop
  endfacet
  facet normal 0 0 -1
    outer loop
      vertex 111.544 47.9518 0
      vertex 164.2 183.498 0
      vertex 113.865 44.7834 0
    endloop
  endfacet
  facet normal 0 0 -1
    outer loop
      vertex 109.175 50.7303 0
      vertex 164.2 183.498 0
      vertex 111.544 47.9518 0
    endloop
  endfacet
  facet normal 0 0 -1
    outer loop
      vertex 108.755 51.2229 0
      vertex 164.2 183.498 0
      vertex 109.175 50.7303 0
    endloop
  endfacet
  facet normal 0 0 -1
    outer loop
      vertex 88.0487 92.5322 0
      vertex 108.755 51.2229 0
      vertex 108.297 51.6812 0
    endloop
  endfacet
  facet normal 0 0 -1
    outer loop
      vertex 88.0487 92.5322 0
      vertex 108.297 51.6812 0
      vertex 105.804 54.1758 0
    endloop
  endfacet
  facet normal 0 0 -1
    outer loop
      vertex 88.1 91.7491 0
      vertex 105.804 54.1758 0
      vertex 105.265 54.6297 0
    endloop
  endfacet
  facet normal 0 0 -1
    outer loop
      vertex 88.1 91.7491 0
      vertex 105.265 54.6297 0
      vertex 102.705 56.7869 0
    endloop
  endfacet
  facet normal 0 0 -1
    outer loop
      vertex 88.0872 91.3567 0
      vertex 102.705 56.7869 0
      vertex 100.121 58.5858 0
    endloop
  endfacet
  facet normal 0 0 -1
    outer loop
      vertex 88.0872 91.3567 0
      vertex 100.121 58.5858 0
      vertex 99.4765 59.0348 0
    endloop
  endfacet
  facet normal 0 0 -1
    outer loop
      vertex 88.0872 91.3567 0
      vertex 99.4765 59.0348 0
      vertex 96.8439 60.5062 0
    endloop
  endfacet
  facet normal 0 0 -1
    outer loop
      vertex 88.0872 91.3567 0
      vertex 96.8439 60.5062 0
      vertex 96.1376 60.9009 0
    endloop
  endfacet
  facet normal 0 0 -1
    outer loop
      vertex 88.0872 91.3567 0
      vertex 96.1376 60.9009 0
      vertex 95.4007 61.2164 0
    endloop
  endfacet
  facet normal 0 0 -1
    outer loop
      vertex 88.0872 91.3567 0
      vertex 95.4007 61.2164 0
      vertex 92.7086 62.3692 0
    endloop
  endfacet
  facet normal 0 0 -1
    outer loop
      vertex 88.0872 91.3567 0
      vertex 92.7086 62.3692 0
      vertex 90.0074 63.1864 0
    endloop
  endfacet
  facet normal 0 0 -1
    outer loop
      vertex 88.0872 91.3567 0
      vertex 90.0074 63.1864 0
      vertex 89.211 63.4273 0
    endloop
  endfacet
  facet normal 0 0 -1
    outer loop
      vertex 85.1 86.5529 0
      vertex 89.211 63.4273 0
      vertex 88.3975 63.5738 0
    endloop
  endfacet
  facet normal 0 0 -1
    outer loop
      vertex 105.804 54.1758 0
      vertex 88.1 91.7491 0
      vertex 88.0872 92.1415 0
    endloop
  endfacet
  facet normal 0 0 -1
    outer loop
      vertex 105.804 54.1758 0
      vertex 88.0872 92.1415 0
      vertex 88.0487 92.5322 0
    endloop
  endfacet
  facet normal 0 0 -1
    outer loop
      vertex 108.755 51.2229 0
      vertex 88.0487 92.5322 0
      vertex 164.2 183.498 0
    endloop
  endfacet
  facet normal 0 0 -1
    outer loop
      vertex 87.9847 92.9196 0
      vertex 164.2 183.498 0
      vertex 88.0487 92.5322 0
    endloop
  endfacet
  facet normal 0 0 -1
    outer loop
      vertex 87.8956 93.302 0
      vertex 164.2 183.498 0
      vertex 87.9847 92.9196 0
    endloop
  endfacet
  facet normal 0 0 -1
    outer loop
      vertex 87.7816 93.6777 0
      vertex 164.2 183.498 0
      vertex 87.8956 93.302 0
    endloop
  endfacet
  facet normal 0 0 -1
    outer loop
      vertex 87.6433 94.0452 0
      vertex 164.2 183.498 0
      vertex 87.7816 93.6777 0
    endloop
  endfacet
  facet normal 0 0 -1
    outer loop
      vertex 87.4812 94.4028 0
      vertex 164.2 183.498 0
      vertex 87.6433 94.0452 0
    endloop
  endfacet
  facet normal 0 0 -1
    outer loop
      vertex 87.2962 94.7491 0
      vertex 164.2 183.498 0
      vertex 87.4812 94.4028 0
    endloop
  endfacet
  facet normal 0 0 -1
    outer loop
      vertex 87.0888 95.0825 0
      vertex 164.2 183.498 0
      vertex 87.2962 94.7491 0
    endloop
  endfacet
  facet normal 0 0 -1
    outer loop
      vertex 86.8601 95.4016 0
      vertex 164.2 183.498 0
      vertex 87.0888 95.0825 0
    endloop
  endfacet
  facet normal 0 0 -1
    outer loop
      vertex 86.611 95.7052 0
      vertex 164.2 183.498 0
      vertex 86.8601 95.4016 0
    endloop
  endfacet
  facet normal 0 0 -1
    outer loop
      vertex 86.3426 95.9917 0
      vertex 164.2 183.498 0
      vertex 86.611 95.7052 0
    endloop
  endfacet
  facet normal 0 0 -1
    outer loop
      vertex 86.0561 96.2601 0
      vertex 164.2 183.498 0
      vertex 86.3426 95.9917 0
    endloop
  endfacet
  facet normal 0 0 -1
    outer loop
      vertex 85.7526 96.5092 0
      vertex 164.2 183.498 0
      vertex 86.0561 96.2601 0
    endloop
  endfacet
  facet normal 0 0 -1
    outer loop
      vertex 85.4334 96.7379 0
      vertex 164.2 183.498 0
      vertex 85.7526 96.5092 0
    endloop
  endfacet
  facet normal 0 0 -1
    outer loop
      vertex 85.1 96.9452 0
      vertex 164.2 183.498 0
      vertex 85.4334 96.7379 0
    endloop
  endfacet
  facet normal 0 0 -1
    outer loop
      vertex 84.7537 97.1303 0
      vertex 164.2 183.498 0
      vertex 85.1 96.9452 0
    endloop
  endfacet
  facet normal 0 0 -1
    outer loop
      vertex 84.3961 97.2924 0
      vertex 164.2 183.498 0
      vertex 84.7537 97.1303 0
    endloop
  endfacet
  facet normal 0 0 -1
    outer loop
      vertex 84.0286 97.4307 0
      vertex 164.2 183.498 0
      vertex 84.3961 97.2924 0
    endloop
  endfacet
  facet normal 0 0 -1
    outer loop
      vertex 83.6529 97.5446 0
      vertex 164.2 183.498 0
      vertex 84.0286 97.4307 0
    endloop
  endfacet
  facet normal 0 0 -1
    outer loop
      vertex 83.2705 97.6338 0
      vertex 164.2 183.498 0
      vertex 83.6529 97.5446 0
    endloop
  endfacet
  facet normal 0 0 -1
    outer loop
      vertex 82.8832 97.6978 0
      vertex 164.2 183.498 0
      vertex 83.2705 97.6338 0
    endloop
  endfacet
  facet normal 0 0 -1
    outer loop
      vertex 82.4924 97.7362 0
      vertex 164.2 183.498 0
      vertex 82.8832 97.6978 0
    endloop
  endfacet
  facet normal 0 0 -1
    outer loop
      vertex 82.1 97.7491 0
      vertex 164.2 183.498 0
      vertex 82.4924 97.7362 0
    endloop
  endfacet
  facet normal 0 0 -1
    outer loop
      vertex 0 183.498 0
      vertex 82.1 97.7491 0
      vertex 81.7076 97.7362 0
    endloop
  endfacet
  facet normal 0 0 -1
    outer loop
      vertex 0 183.498 0
      vertex 81.7076 97.7362 0
      vertex 81.3168 97.6978 0
    endloop
  endfacet
  facet normal 0 0 -1
    outer loop
      vertex 0 183.498 0
      vertex 81.3168 97.6978 0
      vertex 80.9295 97.6338 0
    endloop
  endfacet
  facet normal 0 0 -1
    outer loop
      vertex 0 183.498 0
      vertex 80.9295 97.6338 0
      vertex 80.5471 97.5446 0
    endloop
  endfacet
  facet normal 0 0 -1
    outer loop
      vertex 0 183.498 0
      vertex 80.5471 97.5446 0
      vertex 80.1714 97.4307 0
    endloop
  endfacet
  facet normal 0 0 -1
    outer loop
      vertex 0 183.498 0
      vertex 80.1714 97.4307 0
      vertex 79.8039 97.2924 0
    endloop
  endfacet
  facet normal 0 0 -1
    outer loop
      vertex 0 183.498 0
      vertex 79.8039 97.2924 0
      vertex 79.4463 97.1303 0
    endloop
  endfacet
  facet normal 0 0 -1
    outer loop
      vertex 0 183.498 0
      vertex 79.4463 97.1303 0
      vertex 79.1 96.9452 0
    endloop
  endfacet
  facet normal 0 0 -1
    outer loop
      vertex 0 183.498 0
      vertex 79.1 96.9452 0
      vertex 78.7666 96.7379 0
    endloop
  endfacet
  facet normal 0 0 -1
    outer loop
      vertex 0 183.498 0
      vertex 78.7666 96.7379 0
      vertex 78.4474 96.5092 0
    endloop
  endfacet
  facet normal 0 0 -1
    outer loop
      vertex 0 183.498 0
      vertex 78.4474 96.5092 0
      vertex 78.1439 96.2601 0
    endloop
  endfacet
  facet normal 0 0 -1
    outer loop
      vertex 0 183.498 0
      vertex 78.1439 96.2601 0
      vertex 77.8574 95.9917 0
    endloop
  endfacet
  facet normal 0 0 -1
    outer loop
      vertex 64.7235 59.0348 0
      vertex 76.5567 89.453 0
      vertex 67.3561 60.5062 0
    endloop
  endfacet
  facet normal -0 0 -1
    outer loop
      vertex 76.5567 89.453 0
      vertex 64.7235 59.0348 0
      vertex 76.4184 89.8204 0
    endloop
  endfacet
  facet normal -0 0 -1
    outer loop
      vertex 76.4184 89.8204 0
      vertex 64.7235 59.0348 0
      vertex 76.3044 90.1962 0
    endloop
  endfacet
  facet normal -0 0 -1
    outer loop
      vertex 76.3044 90.1962 0
      vertex 64.7235 59.0348 0
      vertex 76.2153 90.5785 0
    endloop
  endfacet
  facet normal 0 0 -1
    outer loop
      vertex 62.1085 57.214 0
      vertex 76.2153 90.5785 0
      vertex 64.7235 59.0348 0
    endloop
  endfacet
  facet normal -0 0 -1
    outer loop
      vertex 76.2153 90.5785 0
      vertex 62.1085 57.214 0
      vertex 76.1513 90.9659 0
    endloop
  endfacet
  facet normal 0 0 -1
    outer loop
      vertex 61.4951 56.7869 0
      vertex 76.1513 90.9659 0
      vertex 62.1085 57.214 0
    endloop
  endfacet
  facet normal -0 0 -1
    outer loop
      vertex 76.1513 90.9659 0
      vertex 61.4951 56.7869 0
      vertex 76.1128 91.3567 0
    endloop
  endfacet
  facet normal -0 0 -1
    outer loop
      vertex 76.1128 91.3567 0
      vertex 61.4951 56.7869 0
      vertex 76.1 91.7491 0
    endloop
  endfacet
  facet normal 0 0 -1
    outer loop
      vertex 58.9349 54.6297 0
      vertex 76.1 91.7491 0
      vertex 61.4951 56.7869 0
    endloop
  endfacet
  facet normal 0 0 -1
    outer loop
      vertex 58.3963 54.1758 0
      vertex 76.1 91.7491 0
      vertex 58.9349 54.6297 0
    endloop
  endfacet
  facet normal -0 0 -1
    outer loop
      vertex 76.1 91.7491 0
      vertex 58.3963 54.1758 0
      vertex 76.1128 92.1415 0
    endloop
  endfacet
  facet normal -0 0 -1
    outer loop
      vertex 76.1128 92.1415 0
      vertex 58.3963 54.1758 0
      vertex 76.1513 92.5322 0
    endloop
  endfacet
  facet normal 0 0 -1
    outer loop
      vertex 55.9028 51.6812 0
      vertex 76.1513 92.5322 0
      vertex 58.3963 54.1758 0
    endloop
  endfacet
  facet normal 0 0 -1
    outer loop
      vertex 55.4448 51.2229 0
      vertex 76.1513 92.5322 0
      vertex 55.9028 51.6812 0
    endloop
  endfacet
  facet normal -0 0 -1
    outer loop
      vertex 76.1513 92.5322 0
      vertex 55.4448 51.2229 0
      vertex 76.2153 92.9196 0
    endloop
  endfacet
  facet normal 0 0 -1
    outer loop
      vertex 0 183.498 0
      vertex 76.2153 92.9196 0
      vertex 55.4448 51.2229 0
    endloop
  endfacet
  facet normal 0 0 -1
    outer loop
      vertex 76.2153 92.9196 0
      vertex 0 183.498 0
      vertex 76.3044 93.302 0
    endloop
  endfacet
  facet normal 0 0 -1
    outer loop
      vertex 76.3044 93.302 0
      vertex 0 183.498 0
      vertex 76.4184 93.6777 0
    endloop
  endfacet
  facet normal 0 0 -1
    outer loop
      vertex 76.4184 93.6777 0
      vertex 0 183.498 0
      vertex 76.5567 94.0452 0
    endloop
  endfacet
  facet normal 0 0 -1
    outer loop
      vertex 0 183.498 0
      vertex 55.4448 51.2229 0
      vertex 55.0248 50.7303 0
    endloop
  endfacet
  facet normal 0 0 -1
    outer loop
      vertex 0 183.498 0
      vertex 55.0248 50.7303 0
      vertex 52.6563 47.9518 0
    endloop
  endfacet
  facet normal 0 0 -1
    outer loop
      vertex 0 183.498 0
      vertex 52.6563 47.9518 0
      vertex 50.3348 44.7834 0
    endloop
  endfacet
  facet normal 0 0 -1
    outer loop
      vertex 0 183.498 0
      vertex 50.3348 44.7834 0
      vertex 50.0451 44.388 0
    endloop
  endfacet
  facet normal 0 0 -1
    outer loop
      vertex 0 183.498 0
      vertex 50.0451 44.388 0
      vertex 49.7859 43.9781 0
    endloop
  endfacet
  facet normal 0 0 -1
    outer loop
      vertex 0 183.498 0
      vertex 49.7859 43.9781 0
      vertex 47.6233 40.5583 0
    endloop
  endfacet
  facet normal 0 0 -1
    outer loop
      vertex 76.5567 94.0452 0
      vertex 0 183.498 0
      vertex 76.7188 94.4028 0
    endloop
  endfacet
  facet normal 0 0 -1
    outer loop
      vertex 0 0 0
      vertex 47.6233 40.5583 0
      vertex 45.5302 36.727 0
    endloop
  endfacet
  facet normal 0 0 -1
    outer loop
      vertex 0 0 0
      vertex 45.5302 36.727 0
      vertex 45.4013 36.491 0
    endloop
  endfacet
  facet normal 0 0 -1
    outer loop
      vertex 0 0 0
      vertex 45.2892 36.2529 0
      vertex 43.3875 32.2146 0
    endloop
  endfacet
  facet normal 0 0 -1
    outer loop
      vertex 0 0 0
      vertex 43.3875 32.2146 0
      vertex 41.7419 28.1384 0
    endloop
  endfacet
  facet normal -0 0 -1
    outer loop
      vertex 45.2892 36.2529 0
      vertex 0 0 0
      vertex 45.4013 36.491 0
    endloop
  endfacet
  facet normal -0 0 -1
    outer loop
      vertex 47.6233 40.5583 0
      vertex 0 0 0
      vertex 0 183.498 0
    endloop
  endfacet
  facet normal 0 0 -1
    outer loop
      vertex 76.7188 94.4028 0
      vertex 0 183.498 0
      vertex 76.9038 94.7491 0
    endloop
  endfacet
  facet normal 0 0 -1
    outer loop
      vertex 76.9038 94.7491 0
      vertex 0 183.498 0
      vertex 77.1112 95.0825 0
    endloop
  endfacet
  facet normal 0 0 -1
    outer loop
      vertex 82.1 97.7491 0
      vertex 0 183.498 0
      vertex 164.2 183.498 0
    endloop
  endfacet
  facet normal 0 0 -1
    outer loop
      vertex 77.589 95.7052 0
      vertex 0 183.498 0
      vertex 77.8574 95.9917 0
    endloop
  endfacet
  facet normal 0 0 -1
    outer loop
      vertex 77.3399 95.4016 0
      vertex 0 183.498 0
      vertex 77.589 95.7052 0
    endloop
  endfacet
  facet normal 0 0 -1
    outer loop
      vertex 77.1112 95.0825 0
      vertex 0 183.498 0
      vertex 77.3399 95.4016 0
    endloop
  endfacet
  facet normal 0 0 -1
    outer loop
      vertex 122.19 4.5221 0
      vertex 164.2 0 0
      vertex 122.215 4.26161 0
    endloop
  endfacet
  facet normal 0 0 -1
    outer loop
      vertex 122.147 4.78036 0
      vertex 164.2 0 0
      vertex 122.19 4.5221 0
    endloop
  endfacet
  facet normal 0 0 -1
    outer loop
      vertex 122.088 5.03528 0
      vertex 164.2 0 0
      vertex 122.147 4.78036 0
    endloop
  endfacet
  facet normal 0 0 -1
    outer loop
      vertex 122.012 5.28576 0
      vertex 164.2 0 0
      vertex 122.088 5.03528 0
    endloop
  endfacet
  facet normal 0 0 -1
    outer loop
      vertex 121.92 5.53073 0
      vertex 164.2 0 0
      vertex 122.012 5.28576 0
    endloop
  endfacet
  facet normal 0 0 -1
    outer loop
      vertex 121.811 5.76915 0
      vertex 164.2 0 0
      vertex 121.92 5.53073 0
    endloop
  endfacet
  facet normal 0 0 -1
    outer loop
      vertex 121.55 6.22228 0
      vertex 122.458 28.1384 0
      vertex 121.688 6 0
    endloop
  endfacet
  facet normal 0 0 -1
    outer loop
      vertex 121.397 6.43505 0
      vertex 122.458 28.1384 0
      vertex 121.55 6.22228 0
    endloop
  endfacet
  facet normal 0 0 -1
    outer loop
      vertex 121.231 6.63738 0
      vertex 122.458 28.1384 0
      vertex 121.397 6.43505 0
    endloop
  endfacet
  facet normal 0 0 -1
    outer loop
      vertex 121.052 6.82843 0
      vertex 122.458 28.1384 0
      vertex 121.231 6.63738 0
    endloop
  endfacet
  facet normal 0 0 -1
    outer loop
      vertex 120.861 7.00736 0
      vertex 122.458 28.1384 0
      vertex 121.052 6.82843 0
    endloop
  endfacet
  facet normal 0 0 -1
    outer loop
      vertex 120.659 7.17341 0
      vertex 122.458 28.1384 0
      vertex 120.861 7.00736 0
    endloop
  endfacet
  facet normal 0 0 -1
    outer loop
      vertex 120.446 7.32588 0
      vertex 122.458 28.1384 0
      vertex 120.659 7.17341 0
    endloop
  endfacet
  facet normal 0 0 -1
    outer loop
      vertex 120.224 7.4641 0
      vertex 122.458 28.1384 0
      vertex 120.446 7.32588 0
    endloop
  endfacet
  facet normal 0 0 -1
    outer loop
      vertex 119.993 7.58749 0
      vertex 122.458 28.1384 0
      vertex 120.224 7.4641 0
    endloop
  endfacet
  facet normal 0 0 -1
    outer loop
      vertex 119.755 7.69552 0
      vertex 122.458 28.1384 0
      vertex 119.993 7.58749 0
    endloop
  endfacet
  facet normal 0 0 -1
    outer loop
      vertex 119.51 7.78772 0
      vertex 122.458 28.1384 0
      vertex 119.755 7.69552 0
    endloop
  endfacet
  facet normal -0 0 -1
    outer loop
      vertex 122.458 28.1384 0
      vertex 119.51 7.78772 0
      vertex 122.446 28.1384 0
    endloop
  endfacet
  facet normal -0 0 -1
    outer loop
      vertex 122.446 28.1384 0
      vertex 119.51 7.78772 0
      vertex 122.403 28.1384 0
    endloop
  endfacet
  facet normal 0 0 -1
    outer loop
      vertex 119.259 7.8637 0
      vertex 122.403 28.1384 0
      vertex 119.51 7.78772 0
    endloop
  endfacet
  facet normal -0 0 -1
    outer loop
      vertex 122.403 28.1384 0
      vertex 119.259 7.8637 0
      vertex 120.941 28.1384 0
    endloop
  endfacet
  facet normal 0 0 -1
    outer loop
      vertex 119.004 7.92314 0
      vertex 120.941 28.1384 0
      vertex 119.259 7.8637 0
    endloop
  endfacet
  facet normal 0 0 -1
    outer loop
      vertex 118.746 7.96578 0
      vertex 120.941 28.1384 0
      vertex 119.004 7.92314 0
    endloop
  endfacet
  facet normal 0 0 -1
    outer loop
      vertex 118.486 7.99144 0
      vertex 120.941 28.1384 0
      vertex 118.746 7.96578 0
    endloop
  endfacet
  facet normal 0 0 -1
    outer loop
      vertex 118.224 8 0
      vertex 120.941 28.1384 0
      vertex 118.486 7.99144 0
    endloop
  endfacet
  facet normal 0 0 -1
    outer loop
      vertex 116.343 28.1384 0
      vertex 118.224 8 0
      vertex 117.962 7.99144 0
    endloop
  endfacet
  facet normal 0 0 -1
    outer loop
      vertex 116.343 28.1384 0
      vertex 117.962 7.99144 0
      vertex 117.702 7.96578 0
    endloop
  endfacet
  facet normal 0 0 -1
    outer loop
      vertex 116.343 28.1384 0
      vertex 117.702 7.96578 0
      vertex 117.444 7.92314 0
    endloop
  endfacet
  facet normal 0 0 -1
    outer loop
      vertex 116.343 28.1384 0
      vertex 117.444 7.92314 0
      vertex 117.189 7.8637 0
    endloop
  endfacet
  facet normal 0 0 -1
    outer loop
      vertex 116.343 28.1384 0
      vertex 117.189 7.8637 0
      vertex 116.938 7.78772 0
    endloop
  endfacet
  facet normal 0 0 -1
    outer loop
      vertex 116.343 28.1384 0
      vertex 116.938 7.78772 0
      vertex 116.693 7.69552 0
    endloop
  endfacet
  facet normal 0 0 -1
    outer loop
      vertex 116.343 28.1384 0
      vertex 116.693 7.69552 0
      vertex 116.455 7.58749 0
    endloop
  endfacet
  facet normal 0 0 -1
    outer loop
      vertex 118.224 8 0
      vertex 116.343 28.1384 0
      vertex 120.941 28.1384 0
    endloop
  endfacet
  facet normal 0 0 -1
    outer loop
      vertex 116.224 7.4641 0
      vertex 116.343 28.1384 0
      vertex 116.455 7.58749 0
    endloop
  endfacet
  facet normal 0 0 -1
    outer loop
      vertex 116.002 7.32588 0
      vertex 116.343 28.1384 0
      vertex 116.224 7.4641 0
    endloop
  endfacet
  facet normal 0 0 -1
    outer loop
      vertex 115.789 7.17341 0
      vertex 116.343 28.1384 0
      vertex 116.002 7.32588 0
    endloop
  endfacet
  facet normal 0 0 -1
    outer loop
      vertex 115.587 7.00736 0
      vertex 116.343 28.1384 0
      vertex 115.789 7.17341 0
    endloop
  endfacet
  facet normal 0 0 -1
    outer loop
      vertex 115.396 6.82843 0
      vertex 116.343 28.1384 0
      vertex 115.587 7.00736 0
    endloop
  endfacet
  facet normal 0 0 -1
    outer loop
      vertex 115.217 6.63738 0
      vertex 116.343 28.1384 0
      vertex 115.396 6.82843 0
    endloop
  endfacet
  facet normal 0 0 -1
    outer loop
      vertex 85.0424 14.5853 0
      vertex 115.217 6.63738 0
      vertex 115.051 6.43505 0
    endloop
  endfacet
  facet normal 0 0 -1
    outer loop
      vertex 85.0743 14.3916 0
      vertex 115.051 6.43505 0
      vertex 114.898 6.22228 0
    endloop
  endfacet
  facet normal 0 0 -1
    outer loop
      vertex 85.0936 14.1962 0
      vertex 114.898 6.22228 0
      vertex 114.76 6 0
    endloop
  endfacet
  facet normal 0 0 -1
    outer loop
      vertex 85.1 14 0
      vertex 114.76 6 0
      vertex 114.637 5.76915 0
    endloop
  endfacet
  facet normal 0 0 -1
    outer loop
      vertex 85.0936 13.8038 0
      vertex 114.637 5.76915 0
      vertex 114.528 5.53073 0
    endloop
  endfacet
  facet normal 0 0 -1
    outer loop
      vertex 85.0424 13.4147 0
      vertex 114.528 5.53073 0
      vertex 114.436 5.28576 0
    endloop
  endfacet
  facet normal 0 0 -1
    outer loop
      vertex 84.9978 13.2235 0
      vertex 114.436 5.28576 0
      vertex 114.36 5.03528 0
    endloop
  endfacet
  facet normal 0 0 -1
    outer loop
      vertex 84.9408 13.0357 0
      vertex 114.36 5.03528 0
      vertex 114.301 4.78036 0
    endloop
  endfacet
  facet normal 0 0 -1
    outer loop
      vertex 84.8716 12.8519 0
      vertex 114.301 4.78036 0
      vertex 114.258 4.5221 0
    endloop
  endfacet
  facet normal 0 0 -1
    outer loop
      vertex 84.7906 12.6731 0
      vertex 114.258 4.5221 0
      vertex 114.233 4.26161 0
    endloop
  endfacet
  facet normal 0 0 -1
    outer loop
      vertex 84.6981 12.5 0
      vertex 114.233 4.26161 0
      vertex 114.224 4 0
    endloop
  endfacet
  facet normal 0 0 -1
    outer loop
      vertex 114.76 6 0
      vertex 85.1 14 0
      vertex 85.0936 14.1962 0
    endloop
  endfacet
  facet normal 0 0 -1
    outer loop
      vertex 114.898 6.22228 0
      vertex 85.0936 14.1962 0
      vertex 85.0743 14.3916 0
    endloop
  endfacet
  facet normal 0 0 -1
    outer loop
      vertex 115.051 6.43505 0
      vertex 85.0743 14.3916 0
      vertex 85.0424 14.5853 0
    endloop
  endfacet
  facet normal 0 0 -1
    outer loop
      vertex 115.217 6.63738 0
      vertex 85.0424 14.5853 0
      vertex 116.343 28.1384 0
    endloop
  endfacet
  facet normal 0 0 -1
    outer loop
      vertex 84.9978 14.7765 0
      vertex 116.343 28.1384 0
      vertex 85.0424 14.5853 0
    endloop
  endfacet
  facet normal 0 0 -1
    outer loop
      vertex 84.9408 14.9643 0
      vertex 116.343 28.1384 0
      vertex 84.9978 14.7765 0
    endloop
  endfacet
  facet normal 0 0 -1
    outer loop
      vertex 84.8716 15.148 0
      vertex 116.343 28.1384 0
      vertex 84.9408 14.9643 0
    endloop
  endfacet
  facet normal 0 0 -1
    outer loop
      vertex 84.7906 15.3269 0
      vertex 116.343 28.1384 0
      vertex 84.8716 15.148 0
    endloop
  endfacet
  facet normal 0 0 -1
    outer loop
      vertex 84.6981 15.5 0
      vertex 116.343 28.1384 0
      vertex 84.7906 15.3269 0
    endloop
  endfacet
  facet normal 0 0 -1
    outer loop
      vertex 84.5944 15.6667 0
      vertex 116.343 28.1384 0
      vertex 84.6981 15.5 0
    endloop
  endfacet
  facet normal 0 0 -1
    outer loop
      vertex 84.4801 15.8263 0
      vertex 116.343 28.1384 0
      vertex 84.5944 15.6667 0
    endloop
  endfacet
  facet normal 0 0 -1
    outer loop
      vertex 84.3555 15.978 0
      vertex 116.343 28.1384 0
      vertex 84.4801 15.8263 0
    endloop
  endfacet
  facet normal 0 0 -1
    outer loop
      vertex 84.2213 16.1213 0
      vertex 116.343 28.1384 0
      vertex 84.3555 15.978 0
    endloop
  endfacet
  facet normal 0 0 -1
    outer loop
      vertex 84.078 16.2555 0
      vertex 116.343 28.1384 0
      vertex 84.2213 16.1213 0
    endloop
  endfacet
  facet normal 0 0 -1
    outer loop
      vertex 83.9263 16.3801 0
      vertex 116.343 28.1384 0
      vertex 84.078 16.2555 0
    endloop
  endfacet
  facet normal 0 0 -1
    outer loop
      vertex 83.7667 16.4944 0
      vertex 116.343 28.1384 0
      vertex 83.9263 16.3801 0
    endloop
  endfacet
  facet normal 0 0 -1
    outer loop
      vertex 83.6 16.5981 0
      vertex 116.343 28.1384 0
      vertex 83.7667 16.4944 0
    endloop
  endfacet
  facet normal 0 0 -1
    outer loop
      vertex 83.4269 16.6906 0
      vertex 116.343 28.1384 0
      vertex 83.6 16.5981 0
    endloop
  endfacet
  facet normal 0 0 -1
    outer loop
      vertex 83.248 16.7716 0
      vertex 116.343 28.1384 0
      vertex 83.4269 16.6906 0
    endloop
  endfacet
  facet normal 0 0 -1
    outer loop
      vertex 83.0643 16.8408 0
      vertex 116.343 28.1384 0
      vertex 83.248 16.7716 0
    endloop
  endfacet
  facet normal 0 0 -1
    outer loop
      vertex 82.8765 16.8978 0
      vertex 116.343 28.1384 0
      vertex 83.0643 16.8408 0
    endloop
  endfacet
  facet normal 0 0 -1
    outer loop
      vertex 82.6853 16.9424 0
      vertex 116.343 28.1384 0
      vertex 82.8765 16.8978 0
    endloop
  endfacet
  facet normal 0 0 -1
    outer loop
      vertex 82.4916 16.9743 0
      vertex 116.343 28.1384 0
      vertex 82.6853 16.9424 0
    endloop
  endfacet
  facet normal 0 0 -1
    outer loop
      vertex 82.2962 16.9936 0
      vertex 116.343 28.1384 0
      vertex 82.4916 16.9743 0
    endloop
  endfacet
  facet normal 0 0 -1
    outer loop
      vertex 82.1 17 0
      vertex 116.343 28.1384 0
      vertex 82.2962 16.9936 0
    endloop
  endfacet
  facet normal 0 0 -1
    outer loop
      vertex 47.857 28.1384 0
      vertex 82.1 17 0
      vertex 81.9038 16.9936 0
    endloop
  endfacet
  facet normal 0 0 -1
    outer loop
      vertex 47.857 28.1384 0
      vertex 81.9038 16.9936 0
      vertex 81.7084 16.9743 0
    endloop
  endfacet
  facet normal 0 0 -1
    outer loop
      vertex 47.857 28.1384 0
      vertex 81.7084 16.9743 0
      vertex 81.5147 16.9424 0
    endloop
  endfacet
  facet normal 0 0 -1
    outer loop
      vertex 47.857 28.1384 0
      vertex 81.5147 16.9424 0
      vertex 81.3235 16.8978 0
    endloop
  endfacet
  facet normal 0 0 -1
    outer loop
      vertex 47.857 28.1384 0
      vertex 81.3235 16.8978 0
      vertex 81.1357 16.8408 0
    endloop
  endfacet
  facet normal 0 0 -1
    outer loop
      vertex 49.7637 5.28576 0
      vertex 79.2022 13.2235 0
      vertex 49.8397 5.03528 0
    endloop
  endfacet
  facet normal -0 0 -1
    outer loop
      vertex 79.2022 13.2235 0
      vertex 49.7637 5.28576 0
      vertex 79.1576 13.4147 0
    endloop
  endfacet
  facet normal 0 0 -1
    outer loop
      vertex 49.6715 5.53073 0
      vertex 79.1576 13.4147 0
      vertex 49.7637 5.28576 0
    endloop
  endfacet
  facet normal -0 0 -1
    outer loop
      vertex 79.1576 13.4147 0
      vertex 49.6715 5.53073 0
      vertex 79.1257 13.6084 0
    endloop
  endfacet
  facet normal -0 0 -1
    outer loop
      vertex 79.1257 13.6084 0
      vertex 49.6715 5.53073 0
      vertex 79.1064 13.8038 0
    endloop
  endfacet
  facet normal 0 0 -1
    outer loop
      vertex 49.5635 5.76915 0
      vertex 79.1064 13.8038 0
      vertex 49.6715 5.53073 0
    endloop
  endfacet
  facet normal -0 0 -1
    outer loop
      vertex 79.1064 13.8038 0
      vertex 49.5635 5.76915 0
      vertex 79.1 14 0
    endloop
  endfacet
  facet normal 0 0 -1
    outer loop
      vertex 49.4401 6 0
      vertex 79.1 14 0
      vertex 49.5635 5.76915 0
    endloop
  endfacet
  facet normal -0 0 -1
    outer loop
      vertex 79.1 14 0
      vertex 49.4401 6 0
      vertex 79.1064 14.1962 0
    endloop
  endfacet
  facet normal 0 0 -1
    outer loop
      vertex 49.3019 6.22228 0
      vertex 79.1064 14.1962 0
      vertex 49.4401 6 0
    endloop
  endfacet
  facet normal -0 0 -1
    outer loop
      vertex 79.1064 14.1962 0
      vertex 49.3019 6.22228 0
      vertex 79.1257 14.3916 0
    endloop
  endfacet
  facet normal 0 0 -1
    outer loop
      vertex 49.1494 6.43505 0
      vertex 79.1257 14.3916 0
      vertex 49.3019 6.22228 0
    endloop
  endfacet
  facet normal -0 0 -1
    outer loop
      vertex 79.1257 14.3916 0
      vertex 49.1494 6.43505 0
      vertex 79.1576 14.5853 0
    endloop
  endfacet
  facet normal 0 0 -1
    outer loop
      vertex 48.9834 6.63738 0
      vertex 79.1576 14.5853 0
      vertex 49.1494 6.43505 0
    endloop
  endfacet
  facet normal 0 0 -1
    outer loop
      vertex 47.857 28.1384 0
      vertex 79.1576 14.5853 0
      vertex 48.9834 6.63738 0
    endloop
  endfacet
  facet normal 0 0 -1
    outer loop
      vertex 79.1576 14.5853 0
      vertex 47.857 28.1384 0
      vertex 79.2022 14.7765 0
    endloop
  endfacet
  facet normal 0 0 -1
    outer loop
      vertex 79.2022 14.7765 0
      vertex 47.857 28.1384 0
      vertex 79.2592 14.9643 0
    endloop
  endfacet
  facet normal 0 0 -1
    outer loop
      vertex 79.2592 14.9643 0
      vertex 47.857 28.1384 0
      vertex 79.3284 15.148 0
    endloop
  endfacet
  facet normal 0 0 -1
    outer loop
      vertex 79.3284 15.148 0
      vertex 47.857 28.1384 0
      vertex 79.4094 15.3269 0
    endloop
  endfacet
  facet normal 0 0 -1
    outer loop
      vertex 79.4094 15.3269 0
      vertex 47.857 28.1384 0
      vertex 79.5019 15.5 0
    endloop
  endfacet
  facet normal 0 0 -1
    outer loop
      vertex 79.5019 15.5 0
      vertex 47.857 28.1384 0
      vertex 79.6056 15.6667 0
    endloop
  endfacet
  facet normal 0 0 -1
    outer loop
      vertex 79.6056 15.6667 0
      vertex 47.857 28.1384 0
      vertex 79.7199 15.8263 0
    endloop
  endfacet
  facet normal 0 0 -1
    outer loop
      vertex 79.7199 15.8263 0
      vertex 47.857 28.1384 0
      vertex 79.8445 15.978 0
    endloop
  endfacet
  facet normal 0 0 -1
    outer loop
      vertex 79.8445 15.978 0
      vertex 47.857 28.1384 0
      vertex 79.9787 16.1213 0
    endloop
  endfacet
  facet normal 0 0 -1
    outer loop
      vertex 79.9787 16.1213 0
      vertex 47.857 28.1384 0
      vertex 80.122 16.2555 0
    endloop
  endfacet
  facet normal 0 0 -1
    outer loop
      vertex 80.122 16.2555 0
      vertex 47.857 28.1384 0
      vertex 80.2737 16.3801 0
    endloop
  endfacet
  facet normal 0 0 -1
    outer loop
      vertex 80.2737 16.3801 0
      vertex 47.857 28.1384 0
      vertex 80.4333 16.4944 0
    endloop
  endfacet
  facet normal 0 0 -1
    outer loop
      vertex 80.4333 16.4944 0
      vertex 47.857 28.1384 0
      vertex 80.6 16.5981 0
    endloop
  endfacet
  facet normal 0 0 -1
    outer loop
      vertex 80.6 16.5981 0
      vertex 47.857 28.1384 0
      vertex 80.7731 16.6906 0
    endloop
  endfacet
  facet normal 0 0 -1
    outer loop
      vertex 80.7731 16.6906 0
      vertex 47.857 28.1384 0
      vertex 80.952 16.7716 0
    endloop
  endfacet
  facet normal 0 0 -1
    outer loop
      vertex 80.952 16.7716 0
      vertex 47.857 28.1384 0
      vertex 81.1357 16.8408 0
    endloop
  endfacet
  facet normal 0 0 -1
    outer loop
      vertex 47.857 28.1384 0
      vertex 48.9834 6.63738 0
      vertex 48.8044 6.82843 0
    endloop
  endfacet
  facet normal 0 0 -1
    outer loop
      vertex 47.857 28.1384 0
      vertex 48.8044 6.82843 0
      vertex 48.6134 7.00736 0
    endloop
  endfacet
  facet normal 0 0 -1
    outer loop
      vertex 47.857 28.1384 0
      vertex 48.6134 7.00736 0
      vertex 48.411 7.17341 0
    endloop
  endfacet
  facet normal 0 0 -1
    outer loop
      vertex 47.857 28.1384 0
      vertex 48.411 7.17341 0
      vertex 48.1983 7.32588 0
    endloop
  endfacet
  facet normal 0 0 -1
    outer loop
      vertex 47.857 28.1384 0
      vertex 48.1983 7.32588 0
      vertex 47.976 7.4641 0
    endloop
  endfacet
  facet normal 0 0 -1
    outer loop
      vertex 82.1 17 0
      vertex 47.857 28.1384 0
      vertex 116.343 28.1384 0
    endloop
  endfacet
  facet normal 0 0 -1
    outer loop
      vertex 47.7452 7.58749 0
      vertex 47.857 28.1384 0
      vertex 47.976 7.4641 0
    endloop
  endfacet
  facet normal 0 0 -1
    outer loop
      vertex 47.5067 7.69552 0
      vertex 47.857 28.1384 0
      vertex 47.7452 7.58749 0
    endloop
  endfacet
  facet normal 0 0 -1
    outer loop
      vertex 47.2618 7.78772 0
      vertex 47.857 28.1384 0
      vertex 47.5067 7.69552 0
    endloop
  endfacet
  facet normal 0 0 -1
    outer loop
      vertex 47.0113 7.8637 0
      vertex 47.857 28.1384 0
      vertex 47.2618 7.78772 0
    endloop
  endfacet
  facet normal 0 0 -1
    outer loop
      vertex 46.7564 7.92314 0
      vertex 47.857 28.1384 0
      vertex 47.0113 7.8637 0
    endloop
  endfacet
  facet normal 0 0 -1
    outer loop
      vertex 46.4981 7.96578 0
      vertex 47.857 28.1384 0
      vertex 46.7564 7.92314 0
    endloop
  endfacet
  facet normal 0 0 -1
    outer loop
      vertex 46.2376 7.99144 0
      vertex 47.857 28.1384 0
      vertex 46.4981 7.96578 0
    endloop
  endfacet
  facet normal 0 0 -1
    outer loop
      vertex 45.976 8 0
      vertex 47.857 28.1384 0
      vertex 46.2376 7.99144 0
    endloop
  endfacet
  facet normal 0 0 -1
    outer loop
      vertex 45.7144 7.99144 0
      vertex 47.857 28.1384 0
      vertex 45.976 8 0
    endloop
  endfacet
  facet normal 0 0 -1
    outer loop
      vertex 43.2595 28.1384 0
      vertex 45.7144 7.99144 0
      vertex 45.4539 7.96578 0
    endloop
  endfacet
  facet normal 0 0 -1
    outer loop
      vertex 43.2595 28.1384 0
      vertex 45.4539 7.96578 0
      vertex 45.1956 7.92314 0
    endloop
  endfacet
  facet normal 0 0 -1
    outer loop
      vertex 43.2595 28.1384 0
      vertex 45.1956 7.92314 0
      vertex 44.9407 7.8637 0
    endloop
  endfacet
  facet normal 0 0 -1
    outer loop
      vertex 41.7967 28.1384 0
      vertex 44.9407 7.8637 0
      vertex 44.6902 7.78772 0
    endloop
  endfacet
  facet normal 0 0 -1
    outer loop
      vertex 41.7544 28.1384 0
      vertex 44.6902 7.78772 0
      vertex 44.4453 7.69552 0
    endloop
  endfacet
  facet normal 0 0 -1
    outer loop
      vertex 41.7544 28.1384 0
      vertex 44.4453 7.69552 0
      vertex 44.2068 7.58749 0
    endloop
  endfacet
  facet normal 0 0 -1
    outer loop
      vertex 41.7544 28.1384 0
      vertex 44.2068 7.58749 0
      vertex 43.976 7.4641 0
    endloop
  endfacet
  facet normal 0 0 -1
    outer loop
      vertex 41.7544 28.1384 0
      vertex 43.976 7.4641 0
      vertex 43.7537 7.32588 0
    endloop
  endfacet
  facet normal 0 0 -1
    outer loop
      vertex 41.7544 28.1384 0
      vertex 43.7537 7.32588 0
      vertex 43.541 7.17341 0
    endloop
  endfacet
  facet normal 0 0 -1
    outer loop
      vertex 41.7544 28.1384 0
      vertex 43.541 7.17341 0
      vertex 43.3386 7.00736 0
    endloop
  endfacet
  facet normal 0 0 -1
    outer loop
      vertex 45.7144 7.99144 0
      vertex 43.2595 28.1384 0
      vertex 47.857 28.1384 0
    endloop
  endfacet
  facet normal 0 0 -1
    outer loop
      vertex 41.7544 28.1384 0
      vertex 43.3386 7.00736 0
      vertex 43.1476 6.82843 0
    endloop
  endfacet
  facet normal 0 0 -1
    outer loop
      vertex 41.7544 28.1384 0
      vertex 43.1476 6.82843 0
      vertex 42.9686 6.63738 0
    endloop
  endfacet
  facet normal 0 0 -1
    outer loop
      vertex 41.7544 28.1384 0
      vertex 42.9686 6.63738 0
      vertex 42.8026 6.43505 0
    endloop
  endfacet
  facet normal 0 0 -1
    outer loop
      vertex 41.7544 28.1384 0
      vertex 42.8026 6.43505 0
      vertex 42.6501 6.22228 0
    endloop
  endfacet
  facet normal 0 0 -1
    outer loop
      vertex 41.7544 28.1384 0
      vertex 42.6501 6.22228 0
      vertex 42.5119 6 0
    endloop
  endfacet
  facet normal 0 0 -1
    outer loop
      vertex 41.7544 28.1384 0
      vertex 42.5119 6 0
      vertex 42.3885 5.76915 0
    endloop
  endfacet
  facet normal 0 0 -1
    outer loop
      vertex 41.7544 28.1384 0
      vertex 42.3885 5.76915 0
      vertex 42.2805 5.53073 0
    endloop
  endfacet
  facet normal 0 0 -1
    outer loop
      vertex 41.7544 28.1384 0
      vertex 42.2805 5.53073 0
      vertex 42.1883 5.28576 0
    endloop
  endfacet
  facet normal 0 0 -1
    outer loop
      vertex 41.7544 28.1384 0
      vertex 42.1883 5.28576 0
      vertex 42.1123 5.03528 0
    endloop
  endfacet
  facet normal 0 0 -1
    outer loop
      vertex 41.7544 28.1384 0
      vertex 42.1123 5.03528 0
      vertex 42.0529 4.78036 0
    endloop
  endfacet
  facet normal 0 0 -1
    outer loop
      vertex 41.7544 28.1384 0
      vertex 42.0529 4.78036 0
      vertex 42.0102 4.5221 0
    endloop
  endfacet
  facet normal 0 0 -1
    outer loop
      vertex 41.7544 28.1384 0
      vertex 42.0102 4.5221 0
      vertex 41.9846 4.26161 0
    endloop
  endfacet
  facet normal 0 0 -1
    outer loop
      vertex 44.9407 7.8637 0
      vertex 41.7967 28.1384 0
      vertex 43.2595 28.1384 0
    endloop
  endfacet
  facet normal 0 0 -1
    outer loop
      vertex 0 0 0
      vertex 41.9846 4.26161 0
      vertex 41.976 4 0
    endloop
  endfacet
  facet normal 0 0 -1
    outer loop
      vertex 84.5944 12.3333 0
      vertex 114.224 4 0
      vertex 114.233 3.73839 0
    endloop
  endfacet
  facet normal 0 0 -1
    outer loop
      vertex 84.4801 12.1737 0
      vertex 114.233 3.73839 0
      vertex 114.258 3.47789 0
    endloop
  endfacet
  facet normal 0 0 -1
    outer loop
      vertex 84.3555 12.022 0
      vertex 114.258 3.47789 0
      vertex 114.301 3.21964 0
    endloop
  endfacet
  facet normal 0 0 -1
    outer loop
      vertex 84.2213 11.8787 0
      vertex 114.301 3.21964 0
      vertex 114.36 2.96472 0
    endloop
  endfacet
  facet normal 0 0 -1
    outer loop
      vertex 84.078 11.7445 0
      vertex 114.36 2.96472 0
      vertex 114.436 2.71424 0
    endloop
  endfacet
  facet normal 0 0 -1
    outer loop
      vertex 83.9263 11.6199 0
      vertex 114.436 2.71424 0
      vertex 114.528 2.46927 0
    endloop
  endfacet
  facet normal 0 0 -1
    outer loop
      vertex 83.7667 11.5056 0
      vertex 114.528 2.46927 0
      vertex 114.637 2.23084 0
    endloop
  endfacet
  facet normal 0 0 -1
    outer loop
      vertex 83.6 11.4019 0
      vertex 114.637 2.23084 0
      vertex 114.76 2 0
    endloop
  endfacet
  facet normal 0 0 -1
    outer loop
      vertex 83.4269 11.3094 0
      vertex 114.76 2 0
      vertex 114.898 1.77772 0
    endloop
  endfacet
  facet normal 0 0 -1
    outer loop
      vertex 83.248 11.2284 0
      vertex 114.898 1.77772 0
      vertex 115.051 1.56495 0
    endloop
  endfacet
  facet normal 0 0 -1
    outer loop
      vertex 83.0643 11.1592 0
      vertex 115.051 1.56495 0
      vertex 115.217 1.36262 0
    endloop
  endfacet
  facet normal 0 0 -1
    outer loop
      vertex 82.8765 11.1022 0
      vertex 115.217 1.36262 0
      vertex 115.396 1.17157 0
    endloop
  endfacet
  facet normal 0 0 -1
    outer loop
      vertex 82.6853 11.0576 0
      vertex 115.396 1.17157 0
      vertex 115.587 0.99264 0
    endloop
  endfacet
  facet normal 0 0 -1
    outer loop
      vertex 82.4916 11.0257 0
      vertex 115.587 0.99264 0
      vertex 115.789 0.826586 0
    endloop
  endfacet
  facet normal 0 0 -1
    outer loop
      vertex 82.2962 11.0064 0
      vertex 115.789 0.826586 0
      vertex 116.002 0.674121 0
    endloop
  endfacet
  facet normal 0 0 -1
    outer loop
      vertex 48.1983 0.674121 0
      vertex 116.002 0.674121 0
      vertex 116.224 0.535898 0
    endloop
  endfacet
  facet normal 0 0 -1
    outer loop
      vertex 47.976 0.535898 0
      vertex 116.224 0.535898 0
      vertex 116.455 0.412509 0
    endloop
  endfacet
  facet normal 0 0 -1
    outer loop
      vertex 47.7452 0.412509 0
      vertex 116.455 0.412509 0
      vertex 116.693 0.304482 0
    endloop
  endfacet
  facet normal 0 0 -1
    outer loop
      vertex 114.637 5.76915 0
      vertex 85.0936 13.8038 0
      vertex 85.1 14 0
    endloop
  endfacet
  facet normal 0 0 -1
    outer loop
      vertex 114.528 5.53073 0
      vertex 85.0743 13.6084 0
      vertex 85.0936 13.8038 0
    endloop
  endfacet
  facet normal 0 0 -1
    outer loop
      vertex 114.528 5.53073 0
      vertex 85.0424 13.4147 0
      vertex 85.0743 13.6084 0
    endloop
  endfacet
  facet normal 0 0 -1
    outer loop
      vertex 114.436 5.28576 0
      vertex 84.9978 13.2235 0
      vertex 85.0424 13.4147 0
    endloop
  endfacet
  facet normal 0 0 -1
    outer loop
      vertex 114.36 5.03528 0
      vertex 84.9408 13.0357 0
      vertex 84.9978 13.2235 0
    endloop
  endfacet
  facet normal 0 0 -1
    outer loop
      vertex 114.301 4.78036 0
      vertex 84.8716 12.8519 0
      vertex 84.9408 13.0357 0
    endloop
  endfacet
  facet normal 0 0 -1
    outer loop
      vertex 114.258 4.5221 0
      vertex 84.7906 12.6731 0
      vertex 84.8716 12.8519 0
    endloop
  endfacet
  facet normal 0 0 -1
    outer loop
      vertex 114.233 4.26161 0
      vertex 84.6981 12.5 0
      vertex 84.7906 12.6731 0
    endloop
  endfacet
  facet normal 0 0 -1
    outer loop
      vertex 114.224 4 0
      vertex 84.5944 12.3333 0
      vertex 84.6981 12.5 0
    endloop
  endfacet
  facet normal 0 0 -1
    outer loop
      vertex 47.5067 0.304482 0
      vertex 116.693 0.304482 0
      vertex 116.938 0.212279 0
    endloop
  endfacet
  facet normal 0 0 -1
    outer loop
      vertex 114.233 3.73839 0
      vertex 84.4801 12.1737 0
      vertex 84.5944 12.3333 0
    endloop
  endfacet
  facet normal 0 0 -1
    outer loop
      vertex 114.258 3.47789 0
      vertex 84.3555 12.022 0
      vertex 84.4801 12.1737 0
    endloop
  endfacet
  facet normal 0 0 -1
    outer loop
      vertex 114.301 3.21964 0
      vertex 84.2213 11.8787 0
      vertex 84.3555 12.022 0
    endloop
  endfacet
  facet normal 0 0 -1
    outer loop
      vertex 114.36 2.96472 0
      vertex 84.078 11.7445 0
      vertex 84.2213 11.8787 0
    endloop
  endfacet
  facet normal 0 0 -1
    outer loop
      vertex 114.436 2.71424 0
      vertex 83.9263 11.6199 0
      vertex 84.078 11.7445 0
    endloop
  endfacet
  facet normal 0 0 -1
    outer loop
      vertex 114.528 2.46927 0
      vertex 83.7667 11.5056 0
      vertex 83.9263 11.6199 0
    endloop
  endfacet
  facet normal 0 0 -1
    outer loop
      vertex 114.637 2.23084 0
      vertex 83.6 11.4019 0
      vertex 83.7667 11.5056 0
    endloop
  endfacet
  facet normal 0 0 -1
    outer loop
      vertex 114.76 2 0
      vertex 83.4269 11.3094 0
      vertex 83.6 11.4019 0
    endloop
  endfacet
  facet normal 0 0 -1
    outer loop
      vertex 114.898 1.77772 0
      vertex 83.248 11.2284 0
      vertex 83.4269 11.3094 0
    endloop
  endfacet
  facet normal 0 0 -1
    outer loop
      vertex 115.051 1.56495 0
      vertex 83.0643 11.1592 0
      vertex 83.248 11.2284 0
    endloop
  endfacet
  facet normal 0 0 -1
    outer loop
      vertex 115.217 1.36262 0
      vertex 82.8765 11.1022 0
      vertex 83.0643 11.1592 0
    endloop
  endfacet
  facet normal 0 0 -1
    outer loop
      vertex 115.396 1.17157 0
      vertex 82.6853 11.0576 0
      vertex 82.8765 11.1022 0
    endloop
  endfacet
  facet normal 0 0 -1
    outer loop
      vertex 115.587 0.99264 0
      vertex 82.4916 11.0257 0
      vertex 82.6853 11.0576 0
    endloop
  endfacet
  facet normal 0 0 -1
    outer loop
      vertex 115.789 0.826586 0
      vertex 82.2962 11.0064 0
      vertex 82.4916 11.0257 0
    endloop
  endfacet
  facet normal 0 0 -1
    outer loop
      vertex 116.002 0.674121 0
      vertex 82.1 11 0
      vertex 82.2962 11.0064 0
    endloop
  endfacet
  facet normal 0 0 -1
    outer loop
      vertex 116.002 0.674121 0
      vertex 48.1983 0.674121 0
      vertex 82.1 11 0
    endloop
  endfacet
  facet normal -0 0 -1
    outer loop
      vertex 82.1 11 0
      vertex 48.1983 0.674121 0
      vertex 81.9038 11.0064 0
    endloop
  endfacet
  facet normal 0 -0 -1
    outer loop
      vertex 48.411 0.826586 0
      vertex 81.9038 11.0064 0
      vertex 48.1983 0.674121 0
    endloop
  endfacet
  facet normal -0 0 -1
    outer loop
      vertex 81.9038 11.0064 0
      vertex 48.411 0.826586 0
      vertex 81.7084 11.0257 0
    endloop
  endfacet
  facet normal 0 -0 -1
    outer loop
      vertex 48.6134 0.99264 0
      vertex 81.7084 11.0257 0
      vertex 48.411 0.826586 0
    endloop
  endfacet
  facet normal -0 0 -1
    outer loop
      vertex 79.2592 13.0357 0
      vertex 49.8397 5.03528 0
      vertex 79.2022 13.2235 0
    endloop
  endfacet
  facet normal 0 0 -1
    outer loop
      vertex 49.8397 5.03528 0
      vertex 79.2592 13.0357 0
      vertex 49.8991 4.78036 0
    endloop
  endfacet
  facet normal -0 0 -1
    outer loop
      vertex 79.3284 12.8519 0
      vertex 49.8991 4.78036 0
      vertex 79.2592 13.0357 0
    endloop
  endfacet
  facet normal 0 0 -1
    outer loop
      vertex 49.8991 4.78036 0
      vertex 79.3284 12.8519 0
      vertex 49.9418 4.5221 0
    endloop
  endfacet
  facet normal -0 0 -1
    outer loop
      vertex 79.4094 12.6731 0
      vertex 49.9418 4.5221 0
      vertex 79.3284 12.8519 0
    endloop
  endfacet
  facet normal 0 0 -1
    outer loop
      vertex 49.9418 4.5221 0
      vertex 79.4094 12.6731 0
      vertex 49.9674 4.26161 0
    endloop
  endfacet
  facet normal -0 0 -1
    outer loop
      vertex 79.5019 12.5 0
      vertex 49.9674 4.26161 0
      vertex 79.4094 12.6731 0
    endloop
  endfacet
  facet normal 0 0 -1
    outer loop
      vertex 49.9674 4.26161 0
      vertex 79.5019 12.5 0
      vertex 49.976 4 0
    endloop
  endfacet
  facet normal -0 0 -1
    outer loop
      vertex 79.6056 12.3333 0
      vertex 49.976 4 0
      vertex 79.5019 12.5 0
    endloop
  endfacet
  facet normal 0 0 -1
    outer loop
      vertex 49.9674 3.73839 0
      vertex 79.6056 12.3333 0
      vertex 79.7199 12.1737 0
    endloop
  endfacet
  facet normal 0 0 -1
    outer loop
      vertex 49.9418 3.47789 0
      vertex 79.7199 12.1737 0
      vertex 79.8445 12.022 0
    endloop
  endfacet
  facet normal 0 0 -1
    outer loop
      vertex 49.8991 3.21964 0
      vertex 79.8445 12.022 0
      vertex 79.9787 11.8787 0
    endloop
  endfacet
  facet normal 0 0 -1
    outer loop
      vertex 49.8397 2.96472 0
      vertex 79.9787 11.8787 0
      vertex 80.122 11.7445 0
    endloop
  endfacet
  facet normal 0 0 -1
    outer loop
      vertex 49.7637 2.71424 0
      vertex 80.122 11.7445 0
      vertex 80.2737 11.6199 0
    endloop
  endfacet
  facet normal 0 0 -1
    outer loop
      vertex 49.6715 2.46927 0
      vertex 80.2737 11.6199 0
      vertex 80.4333 11.5056 0
    endloop
  endfacet
  facet normal 0 0 -1
    outer loop
      vertex 49.5635 2.23084 0
      vertex 80.4333 11.5056 0
      vertex 80.6 11.4019 0
    endloop
  endfacet
  facet normal 0 0 -1
    outer loop
      vertex 49.4401 2 0
      vertex 80.6 11.4019 0
      vertex 80.7731 11.3094 0
    endloop
  endfacet
  facet normal 0 0 -1
    outer loop
      vertex 49.3019 1.77772 0
      vertex 80.7731 11.3094 0
      vertex 80.952 11.2284 0
    endloop
  endfacet
  facet normal 0 0 -1
    outer loop
      vertex 49.3019 1.77772 0
      vertex 80.952 11.2284 0
      vertex 81.1357 11.1592 0
    endloop
  endfacet
  facet normal -0 0 -1
    outer loop
      vertex 81.7084 11.0257 0
      vertex 48.6134 0.99264 0
      vertex 81.5147 11.0576 0
    endloop
  endfacet
  facet normal 0 0 -1
    outer loop
      vertex 47.2618 0.212279 0
      vertex 116.938 0.212279 0
      vertex 117.189 0.136296 0
    endloop
  endfacet
  facet normal 0 0 -1
    outer loop
      vertex 47.0113 0.136296 0
      vertex 117.189 0.136296 0
      vertex 117.444 0.0768585 0
    endloop
  endfacet
  facet normal 0 0 -1
    outer loop
      vertex 46.7564 0.0768585 0
      vertex 117.444 0.0768585 0
      vertex 117.702 0.0342197 0
    endloop
  endfacet
  facet normal 0 0 -1
    outer loop
      vertex 46.4981 0.0342197 0
      vertex 117.702 0.0342197 0
      vertex 117.962 0.008564 0
    endloop
  endfacet
  facet normal 0 0 -1
    outer loop
      vertex 79.6056 12.3333 0
      vertex 49.9674 3.73839 0
      vertex 49.976 4 0
    endloop
  endfacet
  facet normal 0 0 -1
    outer loop
      vertex 79.7199 12.1737 0
      vertex 49.9418 3.47789 0
      vertex 49.9674 3.73839 0
    endloop
  endfacet
  facet normal 0 0 -1
    outer loop
      vertex 79.8445 12.022 0
      vertex 49.8991 3.21964 0
      vertex 49.9418 3.47789 0
    endloop
  endfacet
  facet normal 0 0 -1
    outer loop
      vertex 79.9787 11.8787 0
      vertex 49.8397 2.96472 0
      vertex 49.8991 3.21964 0
    endloop
  endfacet
  facet normal 0 0 -1
    outer loop
      vertex 80.122 11.7445 0
      vertex 49.7637 2.71424 0
      vertex 49.8397 2.96472 0
    endloop
  endfacet
  facet normal 0 0 -1
    outer loop
      vertex 80.2737 11.6199 0
      vertex 49.6715 2.46927 0
      vertex 49.7637 2.71424 0
    endloop
  endfacet
  facet normal 0 0 -1
    outer loop
      vertex 80.4333 11.5056 0
      vertex 49.5635 2.23084 0
      vertex 49.6715 2.46927 0
    endloop
  endfacet
  facet normal 0 0 -1
    outer loop
      vertex 46.2376 0.008564 0
      vertex 117.962 0.008564 0
      vertex 118.224 0 0
    endloop
  endfacet
  facet normal 0 0 -1
    outer loop
      vertex 80.6 11.4019 0
      vertex 49.4401 2 0
      vertex 49.5635 2.23084 0
    endloop
  endfacet
  facet normal 0 0 -1
    outer loop
      vertex 80.7731 11.3094 0
      vertex 49.3019 1.77772 0
      vertex 49.4401 2 0
    endloop
  endfacet
  facet normal 0 0 -1
    outer loop
      vertex 81.1357 11.1592 0
      vertex 49.1494 1.56495 0
      vertex 49.3019 1.77772 0
    endloop
  endfacet
  facet normal 0 0 -1
    outer loop
      vertex 81.1357 11.1592 0
      vertex 48.9834 1.36262 0
      vertex 49.1494 1.56495 0
    endloop
  endfacet
  facet normal -0 0 -1
    outer loop
      vertex 81.3235 11.1022 0
      vertex 48.9834 1.36262 0
      vertex 81.1357 11.1592 0
    endloop
  endfacet
  facet normal 0 -0 -1
    outer loop
      vertex 48.9834 1.36262 0
      vertex 81.3235 11.1022 0
      vertex 48.8044 1.17157 0
    endloop
  endfacet
  facet normal -0 0 -1
    outer loop
      vertex 81.5147 11.0576 0
      vertex 48.8044 1.17157 0
      vertex 81.3235 11.1022 0
    endloop
  endfacet
  facet normal 0 -0 -1
    outer loop
      vertex 48.8044 1.17157 0
      vertex 81.5147 11.0576 0
      vertex 48.6134 0.99264 0
    endloop
  endfacet
  facet normal 0 0 -1
    outer loop
      vertex 116.224 0.535898 0
      vertex 47.976 0.535898 0
      vertex 48.1983 0.674121 0
    endloop
  endfacet
  facet normal 0 0 -1
    outer loop
      vertex 116.455 0.412509 0
      vertex 47.7452 0.412509 0
      vertex 47.976 0.535898 0
    endloop
  endfacet
  facet normal 0 0 -1
    outer loop
      vertex 116.693 0.304482 0
      vertex 47.5067 0.304482 0
      vertex 47.7452 0.412509 0
    endloop
  endfacet
  facet normal 0 0 -1
    outer loop
      vertex 116.938 0.212279 0
      vertex 47.2618 0.212279 0
      vertex 47.5067 0.304482 0
    endloop
  endfacet
  facet normal 0 0 -1
    outer loop
      vertex 117.189 0.136296 0
      vertex 47.0113 0.136296 0
      vertex 47.2618 0.212279 0
    endloop
  endfacet
  facet normal 0 0 -1
    outer loop
      vertex 117.444 0.0768585 0
      vertex 46.7564 0.0768585 0
      vertex 47.0113 0.136296 0
    endloop
  endfacet
  facet normal 0 0 -1
    outer loop
      vertex 117.702 0.0342197 0
      vertex 46.4981 0.0342197 0
      vertex 46.7564 0.0768585 0
    endloop
  endfacet
  facet normal 0 0 -1
    outer loop
      vertex 117.962 0.008564 0
      vertex 46.2376 0.008564 0
      vertex 46.4981 0.0342197 0
    endloop
  endfacet
  facet normal 0 -0 -1
    outer loop
      vertex 46.2376 0.008564 0
      vertex 118.224 0 0
      vertex 45.976 0 0
    endloop
  endfacet
  facet normal -1 0 0
    outer loop
      vertex 0 183.498 0
      vertex 0 8 24
      vertex 0 183.498 24
    endloop
  endfacet
  facet normal -1 0 0
    outer loop
      vertex 0 8 24
      vertex 0 7.36465 176.846
      vertex 0 8 177.039
    endloop
  endfacet
  facet normal -1 0 0
    outer loop
      vertex 0 8 24
      vertex 0 6.53617 176.653
      vertex 0 7.36465 176.846
    endloop
  endfacet
  facet normal -1 0 0
    outer loop
      vertex 0 8 24
      vertex 0 5.69684 176.515
      vertex 0 6.53617 176.653
    endloop
  endfacet
  facet normal -1 0 0
    outer loop
      vertex 0 8 24
      vertex 0 4.85024 176.431
      vertex 0 5.69684 176.515
    endloop
  endfacet
  facet normal -1 0 0
    outer loop
      vertex 0 8 24
      vertex 0 4 176.403
      vertex 0 4.85024 176.431
    endloop
  endfacet
  facet normal -1 0 0
    outer loop
      vertex 0 8 24
      vertex 0 3.14976 176.431
      vertex 0 4 176.403
    endloop
  endfacet
  facet normal -1 0 0
    outer loop
      vertex 0 8 24
      vertex 0 2.30316 176.515
      vertex 0 3.14976 176.431
    endloop
  endfacet
  facet normal -1 0 0
    outer loop
      vertex 0 8 24
      vertex 0 1.46383 176.653
      vertex 0 2.30316 176.515
    endloop
  endfacet
  facet normal -1 0 0
    outer loop
      vertex 0 8 24
      vertex 0 0.635352 176.846
      vertex 0 1.46383 176.653
    endloop
  endfacet
  facet normal -1 0 0
    outer loop
      vertex 0 0 0
      vertex 0 8 24
      vertex 0 183.498 0
    endloop
  endfacet
  facet normal -1 0 0
    outer loop
      vertex 0 0 177.039
      vertex 0 8 24
      vertex 0 0 0
    endloop
  endfacet
  facet normal -1 0 0
    outer loop
      vertex 0 8 24
      vertex 0 0 177.039
      vertex 0 0.635352 176.846
    endloop
  endfacet
  facet normal 0 1 0
    outer loop
      vertex 101.515 8 120.372
      vertex 164.2 8 177.039
      vertex 101.708 8 120.404
    endloop
  endfacet
  facet normal 0 1 0
    outer loop
      vertex 0 8 177.039
      vertex 62.2962 8 120.424
      vertex 62.1 8 120.43
    endloop
  endfacet
  facet normal 0 1 0
    outer loop
      vertex 164.2 8 177.039
      vertex 101.515 8 120.372
      vertex 0 8 177.039
    endloop
  endfacet
  facet normal 0 1 0
    outer loop
      vertex 0 8 177.039
      vertex 62.4916 8 120.404
      vertex 62.2962 8 120.424
    endloop
  endfacet
  facet normal 0 1 -0
    outer loop
      vertex 62.6853 8 120.372
      vertex 0 8 177.039
      vertex 101.515 8 120.372
    endloop
  endfacet
  facet normal 0 1 0
    outer loop
      vertex 0 8 177.039
      vertex 62.6853 8 120.372
      vertex 62.4916 8 120.404
    endloop
  endfacet
  facet normal 0 1 -0
    outer loop
      vertex 101.324 8 120.328
      vertex 62.6853 8 120.372
      vertex 101.515 8 120.372
    endloop
  endfacet
  facet normal 0 1 0
    outer loop
      vertex 101.324 8 120.328
      vertex 62.8765 8 120.328
      vertex 62.6853 8 120.372
    endloop
  endfacet
  facet normal 0 1 -0
    outer loop
      vertex 101.136 8 120.271
      vertex 62.8765 8 120.328
      vertex 101.324 8 120.328
    endloop
  endfacet
  facet normal 0 1 0
    outer loop
      vertex 101.136 8 120.271
      vertex 63.0643 8 120.271
      vertex 62.8765 8 120.328
    endloop
  endfacet
  facet normal 0 1 -0
    outer loop
      vertex 100.952 8 120.202
      vertex 63.0643 8 120.271
      vertex 101.136 8 120.271
    endloop
  endfacet
  facet normal 0 1 0
    outer loop
      vertex 100.952 8 120.202
      vertex 63.2481 8 120.202
      vertex 63.0643 8 120.271
    endloop
  endfacet
  facet normal 0 1 -0
    outer loop
      vertex 100.773 8 120.121
      vertex 63.2481 8 120.202
      vertex 100.952 8 120.202
    endloop
  endfacet
  facet normal 0 1 0
    outer loop
      vertex 100.773 8 120.121
      vertex 63.4269 8 120.121
      vertex 63.2481 8 120.202
    endloop
  endfacet
  facet normal 0 1 -0
    outer loop
      vertex 100.6 8 120.028
      vertex 63.4269 8 120.121
      vertex 100.773 8 120.121
    endloop
  endfacet
  facet normal 0 1 0
    outer loop
      vertex 100.6 8 120.028
      vertex 63.6 8 120.028
      vertex 63.4269 8 120.121
    endloop
  endfacet
  facet normal 0 1 -0
    outer loop
      vertex 100.433 8 119.925
      vertex 63.6 8 120.028
      vertex 100.6 8 120.028
    endloop
  endfacet
  facet normal 0 1 0
    outer loop
      vertex 100.433 8 119.925
      vertex 63.7667 8 119.925
      vertex 63.6 8 120.028
    endloop
  endfacet
  facet normal 0 1 -0
    outer loop
      vertex 100.274 8 119.81
      vertex 63.7667 8 119.925
      vertex 100.433 8 119.925
    endloop
  endfacet
  facet normal 0 1 0
    outer loop
      vertex 100.274 8 119.81
      vertex 63.9263 8 119.81
      vertex 63.7667 8 119.925
    endloop
  endfacet
  facet normal 0 1 -0
    outer loop
      vertex 100.122 8 119.686
      vertex 63.9263 8 119.81
      vertex 100.274 8 119.81
    endloop
  endfacet
  facet normal 0 1 0
    outer loop
      vertex 100.122 8 119.686
      vertex 64.078 8 119.686
      vertex 63.9263 8 119.81
    endloop
  endfacet
  facet normal 0 1 -0
    outer loop
      vertex 99.9787 8 119.551
      vertex 64.078 8 119.686
      vertex 100.122 8 119.686
    endloop
  endfacet
  facet normal 0 1 0
    outer loop
      vertex 99.9787 8 119.551
      vertex 64.2213 8 119.551
      vertex 64.078 8 119.686
    endloop
  endfacet
  facet normal 0 1 -0
    outer loop
      vertex 99.8445 8 119.408
      vertex 64.2213 8 119.551
      vertex 99.9787 8 119.551
    endloop
  endfacet
  facet normal 0 1 0
    outer loop
      vertex 99.8445 8 119.408
      vertex 64.3555 8 119.408
      vertex 64.2213 8 119.551
    endloop
  endfacet
  facet normal 0 1 -0
    outer loop
      vertex 99.7199 8 119.256
      vertex 64.3555 8 119.408
      vertex 99.8445 8 119.408
    endloop
  endfacet
  facet normal 0 1 0
    outer loop
      vertex 99.7199 8 119.256
      vertex 64.4801 8 119.256
      vertex 64.3555 8 119.408
    endloop
  endfacet
  facet normal 0 1 -0
    outer loop
      vertex 99.6056 8 119.097
      vertex 64.4801 8 119.256
      vertex 99.7199 8 119.256
    endloop
  endfacet
  facet normal 0 1 0
    outer loop
      vertex 99.6056 8 119.097
      vertex 64.5944 8 119.097
      vertex 64.4801 8 119.256
    endloop
  endfacet
  facet normal 0 1 -0
    outer loop
      vertex 99.5019 8 118.93
      vertex 64.5944 8 119.097
      vertex 99.6056 8 119.097
    endloop
  endfacet
  facet normal 0 1 0
    outer loop
      vertex 99.5019 8 118.93
      vertex 64.6981 8 118.93
      vertex 64.5944 8 119.097
    endloop
  endfacet
  facet normal 0 1 -0
    outer loop
      vertex 99.4094 8 118.757
      vertex 64.6981 8 118.93
      vertex 99.5019 8 118.93
    endloop
  endfacet
  facet normal 0 1 0
    outer loop
      vertex 99.4094 8 118.757
      vertex 64.7906 8 118.757
      vertex 64.6981 8 118.93
    endloop
  endfacet
  facet normal 0 1 -0
    outer loop
      vertex 99.3284 8 118.578
      vertex 64.7906 8 118.757
      vertex 99.4094 8 118.757
    endloop
  endfacet
  facet normal 0 1 0
    outer loop
      vertex 99.3284 8 118.578
      vertex 64.8716 8 118.578
      vertex 64.7906 8 118.757
    endloop
  endfacet
  facet normal 0 1 -0
    outer loop
      vertex 99.2592 8 118.394
      vertex 64.8716 8 118.578
      vertex 99.3284 8 118.578
    endloop
  endfacet
  facet normal 0 1 0
    outer loop
      vertex 99.2592 8 118.394
      vertex 64.9408 8 118.394
      vertex 64.8716 8 118.578
    endloop
  endfacet
  facet normal 0 1 -0
    outer loop
      vertex 99.2022 8 118.207
      vertex 64.9408 8 118.394
      vertex 99.2592 8 118.394
    endloop
  endfacet
  facet normal 0 1 0
    outer loop
      vertex 99.2022 8 118.207
      vertex 64.9978 8 118.207
      vertex 64.9408 8 118.394
    endloop
  endfacet
  facet normal 0 1 -0
    outer loop
      vertex 99.1576 8 118.015
      vertex 64.9978 8 118.207
      vertex 99.2022 8 118.207
    endloop
  endfacet
  facet normal 0 1 0
    outer loop
      vertex 99.1576 8 118.015
      vertex 65.0424 8 118.015
      vertex 64.9978 8 118.207
    endloop
  endfacet
  facet normal 0 1 -0
    outer loop
      vertex 99.1257 8 117.822
      vertex 65.0424 8 118.015
      vertex 99.1576 8 118.015
    endloop
  endfacet
  facet normal 0 1 0
    outer loop
      vertex 99.1257 8 117.822
      vertex 65.0743 8 117.822
      vertex 65.0424 8 118.015
    endloop
  endfacet
  facet normal 0 1 -0
    outer loop
      vertex 99.1064 8 117.626
      vertex 65.0743 8 117.822
      vertex 99.1257 8 117.822
    endloop
  endfacet
  facet normal 0 1 0
    outer loop
      vertex 99.1064 8 117.626
      vertex 65.0936 8 117.626
      vertex 65.0743 8 117.822
    endloop
  endfacet
  facet normal 0 1 -0
    outer loop
      vertex 99.1 8 117.43
      vertex 65.0936 8 117.626
      vertex 99.1064 8 117.626
    endloop
  endfacet
  facet normal 0 1 0
    outer loop
      vertex 99.1 8 117.43
      vertex 65.1 8 117.43
      vertex 65.0936 8 117.626
    endloop
  endfacet
  facet normal 0 1 0
    outer loop
      vertex 99.1064 8 117.234
      vertex 65.1 8 117.43
      vertex 99.1 8 117.43
    endloop
  endfacet
  facet normal 0 1 0
    outer loop
      vertex 99.1064 8 117.234
      vertex 65.0936 8 117.234
      vertex 65.1 8 117.43
    endloop
  endfacet
  facet normal 0 1 0
    outer loop
      vertex 99.1257 8 117.039
      vertex 65.0936 8 117.234
      vertex 99.1064 8 117.234
    endloop
  endfacet
  facet normal 0 1 0
    outer loop
      vertex 99.1257 8 117.039
      vertex 65.0743 8 117.039
      vertex 65.0936 8 117.234
    endloop
  endfacet
  facet normal 0 1 0
    outer loop
      vertex 82.1 8 98.5228
      vertex 99.1257 8 117.039
      vertex 99.1576 8 116.845
    endloop
  endfacet
  facet normal 0 1 0
    outer loop
      vertex 99.1257 8 117.039
      vertex 82.1 8 98.5228
      vertex 65.0743 8 117.039
    endloop
  endfacet
  facet normal 0 1 0
    outer loop
      vertex 83.5435 8 98.4539
      vertex 99.1576 8 116.845
      vertex 99.2022 8 116.654
    endloop
  endfacet
  facet normal 0 1 0
    outer loop
      vertex 65.0743 8 117.039
      vertex 82.1 8 98.5228
      vertex 65.0424 8 116.845
    endloop
  endfacet
  facet normal 0 1 0
    outer loop
      vertex 85.8328 8 98.3446
      vertex 99.2022 8 116.654
      vertex 99.2592 8 116.466
    endloop
  endfacet
  facet normal 0 1 -0
    outer loop
      vertex 80.6565 8 98.4539
      vertex 65.0424 8 116.845
      vertex 82.1 8 98.5228
    endloop
  endfacet
  facet normal 0 1 0
    outer loop
      vertex 85.8328 8 98.3446
      vertex 99.2592 8 116.466
      vertex 99.3284 8 116.282
    endloop
  endfacet
  facet normal 0 1 0
    outer loop
      vertex 65.0424 8 116.845
      vertex 80.6565 8 98.4539
      vertex 64.9978 8 116.654
    endloop
  endfacet
  facet normal 0 1 0
    outer loop
      vertex 85.8328 8 98.3446
      vertex 99.3284 8 116.282
      vertex 99.4094 8 116.103
    endloop
  endfacet
  facet normal 0 1 -0
    outer loop
      vertex 78.3672 8 98.3446
      vertex 64.9978 8 116.654
      vertex 80.6565 8 98.4539
    endloop
  endfacet
  facet normal 0 1 0
    outer loop
      vertex 85.8328 8 98.3446
      vertex 99.4094 8 116.103
      vertex 99.5019 8 115.93
    endloop
  endfacet
  facet normal 0 1 0
    outer loop
      vertex 64.9978 8 116.654
      vertex 78.3672 8 98.3446
      vertex 64.9408 8 116.466
    endloop
  endfacet
  facet normal 0 1 0
    outer loop
      vertex 88.1172 8 98.0163
      vertex 99.5019 8 115.93
      vertex 99.6056 8 115.763
    endloop
  endfacet
  facet normal 0 1 0
    outer loop
      vertex 64.9408 8 116.466
      vertex 78.3672 8 98.3446
      vertex 64.8716 8 116.282
    endloop
  endfacet
  facet normal 0 1 0
    outer loop
      vertex 88.1172 8 98.0163
      vertex 99.6056 8 115.763
      vertex 99.7199 8 115.604
    endloop
  endfacet
  facet normal 0 1 0
    outer loop
      vertex 64.8716 8 116.282
      vertex 78.3672 8 98.3446
      vertex 64.7906 8 116.103
    endloop
  endfacet
  facet normal 0 1 0
    outer loop
      vertex 89.544 8 97.8113
      vertex 99.7199 8 115.604
      vertex 99.8445 8 115.452
    endloop
  endfacet
  facet normal 0 1 0
    outer loop
      vertex 64.7906 8 116.103
      vertex 78.3672 8 98.3446
      vertex 64.6981 8 115.93
    endloop
  endfacet
  facet normal 0 1 0
    outer loop
      vertex 89.544 8 97.8113
      vertex 99.8445 8 115.452
      vertex 99.9787 8 115.309
    endloop
  endfacet
  facet normal 0 1 -0
    outer loop
      vertex 76.0828 8 98.0163
      vertex 64.6981 8 115.93
      vertex 78.3672 8 98.3446
    endloop
  endfacet
  facet normal 0 1 0
    outer loop
      vertex 89.544 8 97.8113
      vertex 99.9787 8 115.309
      vertex 100.122 8 115.175
    endloop
  endfacet
  facet normal 0 1 0
    outer loop
      vertex 64.6981 8 115.93
      vertex 76.0828 8 98.0163
      vertex 64.5944 8 115.763
    endloop
  endfacet
  facet normal 0 1 0
    outer loop
      vertex 91.8153 8 97.2636
      vertex 100.122 8 115.175
      vertex 100.274 8 115.05
    endloop
  endfacet
  facet normal 0 1 0
    outer loop
      vertex 64.5944 8 115.763
      vertex 76.0828 8 98.0163
      vertex 64.4801 8 115.604
    endloop
  endfacet
  facet normal 0 1 0
    outer loop
      vertex 91.8153 8 97.2636
      vertex 100.274 8 115.05
      vertex 100.433 8 114.936
    endloop
  endfacet
  facet normal 0 1 -0
    outer loop
      vertex 74.656 8 97.8113
      vertex 64.4801 8 115.604
      vertex 76.0828 8 98.0163
    endloop
  endfacet
  facet normal 0 1 0
    outer loop
      vertex 93.2123 8 96.9267
      vertex 100.433 8 114.936
      vertex 100.6 8 114.832
    endloop
  endfacet
  facet normal 0 1 0
    outer loop
      vertex 64.4801 8 115.604
      vertex 74.656 8 97.8113
      vertex 64.3555 8 115.452
    endloop
  endfacet
  facet normal 0 1 0
    outer loop
      vertex 93.2123 8 96.9267
      vertex 100.6 8 114.832
      vertex 100.773 8 114.74
    endloop
  endfacet
  facet normal 0 1 0
    outer loop
      vertex 64.3555 8 115.452
      vertex 74.656 8 97.8113
      vertex 64.2213 8 115.309
    endloop
  endfacet
  facet normal 0 1 0
    outer loop
      vertex 93.2123 8 96.9267
      vertex 100.773 8 114.74
      vertex 100.952 8 114.658
    endloop
  endfacet
  facet normal 0 1 0
    outer loop
      vertex 64.2213 8 115.309
      vertex 74.656 8 97.8113
      vertex 64.078 8 115.175
    endloop
  endfacet
  facet normal 0 1 0
    outer loop
      vertex 95.463 8 96.159
      vertex 100.952 8 114.658
      vertex 101.136 8 114.589
    endloop
  endfacet
  facet normal 0 1 -0
    outer loop
      vertex 72.3847 8 97.2636
      vertex 64.078 8 115.175
      vertex 74.656 8 97.8113
    endloop
  endfacet
  facet normal 0 1 0
    outer loop
      vertex 95.463 8 96.159
      vertex 101.136 8 114.589
      vertex 101.324 8 114.532
    endloop
  endfacet
  facet normal 0 1 0
    outer loop
      vertex 64.078 8 115.175
      vertex 72.3847 8 97.2636
      vertex 63.9263 8 115.05
    endloop
  endfacet
  facet normal 0 1 0
    outer loop
      vertex 95.463 8 96.159
      vertex 101.324 8 114.532
      vertex 101.515 8 114.488
    endloop
  endfacet
  facet normal 0 1 0
    outer loop
      vertex 63.9263 8 115.05
      vertex 72.3847 8 97.2636
      vertex 63.7667 8 114.936
    endloop
  endfacet
  facet normal 0 1 0
    outer loop
      vertex 96.8167 8 95.6973
      vertex 101.515 8 114.488
      vertex 101.708 8 114.456
    endloop
  endfacet
  facet normal 0 1 -0
    outer loop
      vertex 70.9877 8 96.9267
      vertex 63.7667 8 114.936
      vertex 72.3847 8 97.2636
    endloop
  endfacet
  facet normal 0 1 0
    outer loop
      vertex 96.8167 8 95.6973
      vertex 101.708 8 114.456
      vertex 101.904 8 114.437
    endloop
  endfacet
  facet normal 0 1 0
    outer loop
      vertex 63.7667 8 114.936
      vertex 70.9877 8 96.9267
      vertex 63.6 8 114.832
    endloop
  endfacet
  facet normal 0 1 0
    outer loop
      vertex 98.1247 8 95.1155
      vertex 101.904 8 114.437
      vertex 102.1 8 114.43
    endloop
  endfacet
  facet normal 0 1 0
    outer loop
      vertex 63.6 8 114.832
      vertex 70.9877 8 96.9267
      vertex 63.4269 8 114.74
    endloop
  endfacet
  facet normal 0 1 0
    outer loop
      vertex 101.904 8 120.424
      vertex 164.2 8 177.039
      vertex 102.1 8 120.43
    endloop
  endfacet
  facet normal 0 1 0
    outer loop
      vertex 164.2 8 177.039
      vertex 102.296 8 120.424
      vertex 102.1 8 120.43
    endloop
  endfacet
  facet normal 0 1 0
    outer loop
      vertex 164.2 8 177.039
      vertex 102.492 8 120.404
      vertex 102.296 8 120.424
    endloop
  endfacet
  facet normal 0 1 0
    outer loop
      vertex 164.2 8 177.039
      vertex 102.685 8 120.372
      vertex 102.492 8 120.404
    endloop
  endfacet
  facet normal 0 1 0
    outer loop
      vertex 164.2 8 177.039
      vertex 102.876 8 120.328
      vertex 102.685 8 120.372
    endloop
  endfacet
  facet normal 0 1 0
    outer loop
      vertex 164.2 8 177.039
      vertex 103.064 8 120.271
      vertex 102.876 8 120.328
    endloop
  endfacet
  facet normal 0 1 0
    outer loop
      vertex 164.2 8 177.039
      vertex 103.248 8 120.202
      vertex 103.064 8 120.271
    endloop
  endfacet
  facet normal 0 1 0
    outer loop
      vertex 164.2 8 177.039
      vertex 103.427 8 120.121
      vertex 103.248 8 120.202
    endloop
  endfacet
  facet normal 0 1 0
    outer loop
      vertex 164.2 8 177.039
      vertex 103.6 8 120.028
      vertex 103.427 8 120.121
    endloop
  endfacet
  facet normal 0 1 0
    outer loop
      vertex 164.2 8 177.039
      vertex 103.767 8 119.925
      vertex 103.6 8 120.028
    endloop
  endfacet
  facet normal 0 1 0
    outer loop
      vertex 164.2 8 177.039
      vertex 103.926 8 119.81
      vertex 103.767 8 119.925
    endloop
  endfacet
  facet normal 0 1 0
    outer loop
      vertex 164.2 8 177.039
      vertex 104.078 8 119.686
      vertex 103.926 8 119.81
    endloop
  endfacet
  facet normal 0 1 0
    outer loop
      vertex 164.2 8 177.039
      vertex 104.221 8 119.551
      vertex 104.078 8 119.686
    endloop
  endfacet
  facet normal 0 1 0
    outer loop
      vertex 164.2 8 177.039
      vertex 104.356 8 119.408
      vertex 104.221 8 119.551
    endloop
  endfacet
  facet normal 0 1 0
    outer loop
      vertex 164.2 8 177.039
      vertex 104.48 8 119.256
      vertex 104.356 8 119.408
    endloop
  endfacet
  facet normal 0 1 0
    outer loop
      vertex 164.2 8 177.039
      vertex 104.594 8 119.097
      vertex 104.48 8 119.256
    endloop
  endfacet
  facet normal 0 1 0
    outer loop
      vertex 164.2 8 177.039
      vertex 104.698 8 118.93
      vertex 104.594 8 119.097
    endloop
  endfacet
  facet normal 0 1 0
    outer loop
      vertex 164.2 8 177.039
      vertex 104.791 8 118.757
      vertex 104.698 8 118.93
    endloop
  endfacet
  facet normal 0 1 0
    outer loop
      vertex 164.2 8 177.039
      vertex 104.872 8 118.578
      vertex 104.791 8 118.757
    endloop
  endfacet
  facet normal 0 1 0
    outer loop
      vertex 164.2 8 177.039
      vertex 104.941 8 118.394
      vertex 104.872 8 118.578
    endloop
  endfacet
  facet normal 0 1 0
    outer loop
      vertex 164.2 8 177.039
      vertex 104.998 8 118.207
      vertex 104.941 8 118.394
    endloop
  endfacet
  facet normal 0 1 0
    outer loop
      vertex 164.2 8 177.039
      vertex 105.042 8 118.015
      vertex 104.998 8 118.207
    endloop
  endfacet
  facet normal 0 1 0
    outer loop
      vertex 164.2 8 177.039
      vertex 105.074 8 117.822
      vertex 105.042 8 118.015
    endloop
  endfacet
  facet normal 0 1 0
    outer loop
      vertex 164.2 8 177.039
      vertex 105.094 8 117.626
      vertex 105.074 8 117.822
    endloop
  endfacet
  facet normal 0 1 0
    outer loop
      vertex 164.2 8 177.039
      vertex 105.1 8 117.43
      vertex 105.094 8 117.626
    endloop
  endfacet
  facet normal 0 1 -0
    outer loop
      vertex 117.897 8 79.4124
      vertex 105.1 8 117.43
      vertex 164.2 8 177.039
    endloop
  endfacet
  facet normal 0 1 0
    outer loop
      vertex 105.1 8 117.43
      vertex 117.897 8 79.4124
      vertex 105.094 8 117.234
    endloop
  endfacet
  facet normal -0 1 -0
    outer loop
      vertex 116.031 8 81.7251
      vertex 105.094 8 117.234
      vertex 117.897 8 79.4124
    endloop
  endfacet
  facet normal 0 1 0
    outer loop
      vertex 105.094 8 117.234
      vertex 116.031 8 81.7251
      vertex 105.074 8 117.039
    endloop
  endfacet
  facet normal 0 1 0
    outer loop
      vertex 105.074 8 117.039
      vertex 116.031 8 81.7251
      vertex 105.042 8 116.845
    endloop
  endfacet
  facet normal -0 1 -0
    outer loop
      vertex 114.102 8 83.7972
      vertex 105.042 8 116.845
      vertex 116.031 8 81.7251
    endloop
  endfacet
  facet normal 0 1 0
    outer loop
      vertex 105.042 8 116.845
      vertex 114.102 8 83.7972
      vertex 104.998 8 116.654
    endloop
  endfacet
  facet normal -0 1 -0
    outer loop
      vertex 113.202 8 84.7635
      vertex 104.998 8 116.654
      vertex 114.102 8 83.7972
    endloop
  endfacet
  facet normal 0 1 0
    outer loop
      vertex 104.998 8 116.654
      vertex 113.202 8 84.7635
      vertex 104.941 8 116.466
    endloop
  endfacet
  facet normal 0 1 0
    outer loop
      vertex 104.941 8 116.466
      vertex 113.202 8 84.7635
      vertex 104.872 8 116.282
    endloop
  endfacet
  facet normal -0 1 -0
    outer loop
      vertex 111.197 8 86.6201
      vertex 104.872 8 116.282
      vertex 113.202 8 84.7635
    endloop
  endfacet
  facet normal 0 1 0
    outer loop
      vertex 104.872 8 116.282
      vertex 111.197 8 86.6201
      vertex 104.791 8 116.103
    endloop
  endfacet
  facet normal 0 1 0
    outer loop
      vertex 63.4269 8 114.74
      vertex 70.9877 8 96.9267
      vertex 63.2481 8 114.658
    endloop
  endfacet
  facet normal 0 1 0
    outer loop
      vertex 98.1247 8 95.1155
      vertex 102.1 8 114.43
      vertex 102.296 8 114.437
    endloop
  endfacet
  facet normal 0 1 0
    outer loop
      vertex 98.1247 8 95.1155
      vertex 102.296 8 114.437
      vertex 102.492 8 114.456
    endloop
  endfacet
  facet normal 0 1 0
    outer loop
      vertex 100.337 8 94.1318
      vertex 102.492 8 114.456
      vertex 102.685 8 114.488
    endloop
  endfacet
  facet normal 0 1 0
    outer loop
      vertex 100.337 8 94.1318
      vertex 102.685 8 114.488
      vertex 102.876 8 114.532
    endloop
  endfacet
  facet normal 0 1 0
    outer loop
      vertex 100.337 8 94.1318
      vertex 102.876 8 114.532
      vertex 103.064 8 114.589
    endloop
  endfacet
  facet normal 0 1 0
    outer loop
      vertex 102.523 8 92.9222
      vertex 103.064 8 114.589
      vertex 103.248 8 114.658
    endloop
  endfacet
  facet normal 0 1 0
    outer loop
      vertex 102.523 8 92.9222
      vertex 103.248 8 114.658
      vertex 103.427 8 114.74
    endloop
  endfacet
  facet normal 0 1 0
    outer loop
      vertex 103.753 8 92.2414
      vertex 103.427 8 114.74
      vertex 103.6 8 114.832
    endloop
  endfacet
  facet normal 0 1 -0
    outer loop
      vertex 103.753 8 92.2414
      vertex 103.6 8 114.832
      vertex 103.767 8 114.936
    endloop
  endfacet
  facet normal 0 1 0
    outer loop
      vertex 103.753 8 92.2414
      vertex 103.767 8 114.936
      vertex 103.926 8 115.05
    endloop
  endfacet
  facet normal 0 1 0
    outer loop
      vertex 99.1576 8 116.845
      vertex 83.5435 8 98.4539
      vertex 82.1 8 98.5228
    endloop
  endfacet
  facet normal 0 1 0
    outer loop
      vertex 99.2022 8 116.654
      vertex 85.8328 8 98.3446
      vertex 83.5435 8 98.4539
    endloop
  endfacet
  facet normal 0 1 0
    outer loop
      vertex 105.895 8 90.8102
      vertex 103.926 8 115.05
      vertex 104.078 8 115.175
    endloop
  endfacet
  facet normal 0 1 0
    outer loop
      vertex 99.5019 8 115.93
      vertex 88.1172 8 98.0163
      vertex 85.8328 8 98.3446
    endloop
  endfacet
  facet normal 0 1 0
    outer loop
      vertex 105.895 8 90.8102
      vertex 104.078 8 115.175
      vertex 104.221 8 115.309
    endloop
  endfacet
  facet normal -0 1 -0
    outer loop
      vertex 110.203 8 87.5411
      vertex 104.791 8 116.103
      vertex 111.197 8 86.6201
    endloop
  endfacet
  facet normal 0 1 0
    outer loop
      vertex 99.7199 8 115.604
      vertex 89.544 8 97.8113
      vertex 88.1172 8 98.0163
    endloop
  endfacet
  facet normal 0 1 0
    outer loop
      vertex 100.122 8 115.175
      vertex 91.8153 8 97.2636
      vertex 89.544 8 97.8113
    endloop
  endfacet
  facet normal 0 1 0
    outer loop
      vertex 100.433 8 114.936
      vertex 93.2123 8 96.9267
      vertex 91.8153 8 97.2636
    endloop
  endfacet
  facet normal 0 1 0
    outer loop
      vertex 100.952 8 114.658
      vertex 95.463 8 96.159
      vertex 93.2123 8 96.9267
    endloop
  endfacet
  facet normal 0 1 0
    outer loop
      vertex 101.515 8 114.488
      vertex 96.8167 8 95.6973
      vertex 95.463 8 96.159
    endloop
  endfacet
  facet normal 0 1 0
    outer loop
      vertex 101.904 8 114.437
      vertex 98.1247 8 95.1155
      vertex 96.8167 8 95.6973
    endloop
  endfacet
  facet normal 0 1 0
    outer loop
      vertex 102.492 8 114.456
      vertex 100.337 8 94.1318
      vertex 98.1247 8 95.1155
    endloop
  endfacet
  facet normal 0 1 0
    outer loop
      vertex 103.064 8 114.589
      vertex 102.523 8 92.9222
      vertex 100.337 8 94.1318
    endloop
  endfacet
  facet normal 0 1 0
    outer loop
      vertex 103.427 8 114.74
      vertex 103.753 8 92.2414
      vertex 102.523 8 92.9222
    endloop
  endfacet
  facet normal 0 1 0
    outer loop
      vertex 103.926 8 115.05
      vertex 105.895 8 90.8102
      vertex 103.753 8 92.2414
    endloop
  endfacet
  facet normal 0 1 0
    outer loop
      vertex 104.221 8 115.309
      vertex 107.048 8 90.0395
      vertex 105.895 8 90.8102
    endloop
  endfacet
  facet normal 0 1 0
    outer loop
      vertex 104.356 8 115.452
      vertex 107.048 8 90.0395
      vertex 104.221 8 115.309
    endloop
  endfacet
  facet normal 0 1 0
    outer loop
      vertex 104.48 8 115.604
      vertex 107.048 8 90.0395
      vertex 104.356 8 115.452
    endloop
  endfacet
  facet normal -0 1 -0
    outer loop
      vertex 107.048 8 90.0395
      vertex 104.48 8 115.604
      vertex 108.132 8 89.1806
    endloop
  endfacet
  facet normal 0 1 0
    outer loop
      vertex 104.594 8 115.763
      vertex 108.132 8 89.1806
      vertex 104.48 8 115.604
    endloop
  endfacet
  facet normal -0 1 -0
    outer loop
      vertex 108.132 8 89.1806
      vertex 104.594 8 115.763
      vertex 110.203 8 87.5411
    endloop
  endfacet
  facet normal 0 1 0
    outer loop
      vertex 104.698 8 115.93
      vertex 110.203 8 87.5411
      vertex 104.594 8 115.763
    endloop
  endfacet
  facet normal 0 1 0
    outer loop
      vertex 104.791 8 116.103
      vertex 110.203 8 87.5411
      vertex 104.698 8 115.93
    endloop
  endfacet
  facet normal 0 1 0
    outer loop
      vertex 164.2 8 177.039
      vertex 118.677 8 78.446
      vertex 117.897 8 79.4124
    endloop
  endfacet
  facet normal 0 1 0
    outer loop
      vertex 164.2 8 177.039
      vertex 119.38 8 77.4417
      vertex 118.677 8 78.446
    endloop
  endfacet
  facet normal 0 1 0
    outer loop
      vertex 164.2 8 177.039
      vertex 121.128 8 74.9471
      vertex 119.38 8 77.4417
    endloop
  endfacet
  facet normal 0 1 0
    outer loop
      vertex 164.2 8 177.039
      vertex 121.733 8 73.9499
      vertex 121.128 8 74.9471
    endloop
  endfacet
  facet normal 0 1 0
    outer loop
      vertex 164.2 8 177.039
      vertex 123.373 8 71.2502
      vertex 121.733 8 73.9499
    endloop
  endfacet
  facet normal 0 1 0
    outer loop
      vertex 164.2 8 177.039
      vertex 124.919 8 68.3044
      vertex 123.373 8 71.2502
    endloop
  endfacet
  facet normal 0 1 0
    outer loop
      vertex 164.2 8 177.039
      vertex 125.405 8 67.378
      vertex 124.919 8 68.3044
    endloop
  endfacet
  facet normal 0 1 0
    outer loop
      vertex 164.2 8 177.039
      vertex 125.826 8 66.4447
      vertex 125.405 8 67.378
    endloop
  endfacet
  facet normal 0 1 0
    outer loop
      vertex 164.2 8 177.039
      vertex 127.217 8 63.3532
      vertex 125.826 8 66.4447
    endloop
  endfacet
  facet normal 0 1 -0
    outer loop
      vertex 164.2 8 24
      vertex 127.217 8 63.3532
      vertex 164.2 8 177.039
    endloop
  endfacet
  facet normal 0 1 0
    outer loop
      vertex 127.217 8 63.3532
      vertex 164.2 8 24
      vertex 128.491 8 60.0165
    endloop
  endfacet
  facet normal 0 1 0
    outer loop
      vertex 128.491 8 60.0165
      vertex 164.2 8 24
      vertex 128.803 8 59.1991
    endloop
  endfacet
  facet normal 0 1 0
    outer loop
      vertex 128.803 8 59.1991
      vertex 164.2 8 24
      vertex 129.923 8 55.6807
    endloop
  endfacet
  facet normal 0 1 0
    outer loop
      vertex 129.923 8 55.6807
      vertex 164.2 8 24
      vertex 130.16 8 54.9387
    endloop
  endfacet
  facet normal 0 1 0
    outer loop
      vertex 130.16 8 54.9387
      vertex 164.2 8 24
      vertex 130.349 8 54.208
    endloop
  endfacet
  facet normal 0 1 0
    outer loop
      vertex 130.349 8 54.208
      vertex 164.2 8 24
      vertex 131.284 8 50.5949
    endloop
  endfacet
  facet normal 0 1 0
    outer loop
      vertex 131.284 8 50.5949
      vertex 164.2 8 24
      vertex 132.063 8 46.7481
    endloop
  endfacet
  facet normal 0 1 0
    outer loop
      vertex 132.063 8 46.7481
      vertex 164.2 8 24
      vertex 132.176 8 46.1902
    endloop
  endfacet
  facet normal 0 1 0
    outer loop
      vertex 132.176 8 46.1902
      vertex 164.2 8 24
      vertex 132.257 8 45.6473
    endloop
  endfacet
  facet normal 0 1 0
    outer loop
      vertex 132.257 8 45.6473
      vertex 164.2 8 24
      vertex 132.836 8 41.7466
    endloop
  endfacet
  facet normal 0 1 0
    outer loop
      vertex 132.836 8 41.7466
      vertex 164.2 8 24
      vertex 133.232 8 37.6287
    endloop
  endfacet
  facet normal 0 1 0
    outer loop
      vertex 133.232 8 37.6287
      vertex 164.2 8 24
      vertex 133.265 8 37.2856
    endloop
  endfacet
  facet normal 0 1 0
    outer loop
      vertex 133.265 8 37.2856
      vertex 164.2 8 24
      vertex 133.28 8 36.9552
    endloop
  endfacet
  facet normal 0 1 0
    outer loop
      vertex 133.28 8 36.9552
      vertex 164.2 8 24
      vertex 133.466 8 32.8278
    endloop
  endfacet
  facet normal 0 1 0
    outer loop
      vertex 133.466 8 32.8278
      vertex 164.2 8 24
      vertex 133.443 8 28.5073
    endloop
  endfacet
  facet normal 0 1 0
    outer loop
      vertex 133.443 8 28.5073
      vertex 164.2 8 24
      vertex 133.443 8 28.3929
    endloop
  endfacet
  facet normal 0 1 0
    outer loop
      vertex 133.443 8 28.3929
      vertex 164.2 8 24
      vertex 133.437 8 28.2838
    endloop
  endfacet
  facet normal 0 1 0
    outer loop
      vertex 133.437 8 28.2838
      vertex 164.2 8 24
      vertex 133.2 8 24
    endloop
  endfacet
  facet normal 0 1 0
    outer loop
      vertex 101.708 8 120.404
      vertex 164.2 8 177.039
      vertex 101.904 8 120.424
    endloop
  endfacet
  facet normal 0 1 -0
    outer loop
      vertex 61.9038 8 120.424
      vertex 0 8 177.039
      vertex 62.1 8 120.43
    endloop
  endfacet
  facet normal 0 1 -0
    outer loop
      vertex 61.7084 8 120.404
      vertex 0 8 177.039
      vertex 61.9038 8 120.424
    endloop
  endfacet
  facet normal 0 1 -0
    outer loop
      vertex 61.5147 8 120.372
      vertex 0 8 177.039
      vertex 61.7084 8 120.404
    endloop
  endfacet
  facet normal 0 1 -0
    outer loop
      vertex 61.3235 8 120.328
      vertex 0 8 177.039
      vertex 61.5147 8 120.372
    endloop
  endfacet
  facet normal 0 1 -0
    outer loop
      vertex 61.1357 8 120.271
      vertex 0 8 177.039
      vertex 61.3235 8 120.328
    endloop
  endfacet
  facet normal 0 1 -0
    outer loop
      vertex 60.952 8 120.202
      vertex 0 8 177.039
      vertex 61.1357 8 120.271
    endloop
  endfacet
  facet normal 0 1 -0
    outer loop
      vertex 60.7731 8 120.121
      vertex 0 8 177.039
      vertex 60.952 8 120.202
    endloop
  endfacet
  facet normal 0 1 -0
    outer loop
      vertex 60.6 8 120.028
      vertex 0 8 177.039
      vertex 60.7731 8 120.121
    endloop
  endfacet
  facet normal 0 1 -0
    outer loop
      vertex 60.4333 8 119.925
      vertex 0 8 177.039
      vertex 60.6 8 120.028
    endloop
  endfacet
  facet normal 0 1 -0
    outer loop
      vertex 60.2737 8 119.81
      vertex 0 8 177.039
      vertex 60.4333 8 119.925
    endloop
  endfacet
  facet normal 0 1 -0
    outer loop
      vertex 60.122 8 119.686
      vertex 0 8 177.039
      vertex 60.2737 8 119.81
    endloop
  endfacet
  facet normal 0 1 -0
    outer loop
      vertex 59.9787 8 119.551
      vertex 0 8 177.039
      vertex 60.122 8 119.686
    endloop
  endfacet
  facet normal 0 1 -0
    outer loop
      vertex 59.8445 8 119.408
      vertex 0 8 177.039
      vertex 59.9787 8 119.551
    endloop
  endfacet
  facet normal 0 1 -0
    outer loop
      vertex 59.7199 8 119.256
      vertex 0 8 177.039
      vertex 59.8445 8 119.408
    endloop
  endfacet
  facet normal 0 1 -0
    outer loop
      vertex 59.6056 8 119.097
      vertex 0 8 177.039
      vertex 59.7199 8 119.256
    endloop
  endfacet
  facet normal 0 1 -0
    outer loop
      vertex 59.5019 8 118.93
      vertex 0 8 177.039
      vertex 59.6056 8 119.097
    endloop
  endfacet
  facet normal 0 1 -0
    outer loop
      vertex 59.4094 8 118.757
      vertex 0 8 177.039
      vertex 59.5019 8 118.93
    endloop
  endfacet
  facet normal 0 1 -0
    outer loop
      vertex 59.3284 8 118.578
      vertex 0 8 177.039
      vertex 59.4094 8 118.757
    endloop
  endfacet
  facet normal 0 1 -0
    outer loop
      vertex 59.2592 8 118.394
      vertex 0 8 177.039
      vertex 59.3284 8 118.578
    endloop
  endfacet
  facet normal 0 1 -0
    outer loop
      vertex 59.2022 8 118.207
      vertex 0 8 177.039
      vertex 59.2592 8 118.394
    endloop
  endfacet
  facet normal 0 1 -0
    outer loop
      vertex 59.1576 8 118.015
      vertex 0 8 177.039
      vertex 59.2022 8 118.207
    endloop
  endfacet
  facet normal 0 1 -0
    outer loop
      vertex 59.1257 8 117.822
      vertex 0 8 177.039
      vertex 59.1576 8 118.015
    endloop
  endfacet
  facet normal 0 1 -0
    outer loop
      vertex 59.1064 8 117.626
      vertex 0 8 177.039
      vertex 59.1257 8 117.822
    endloop
  endfacet
  facet normal 0 1 -0
    outer loop
      vertex 59.1 8 117.43
      vertex 0 8 177.039
      vertex 59.1064 8 117.626
    endloop
  endfacet
  facet normal 0 1 0
    outer loop
      vertex 45.523 8 78.446
      vertex 59.1 8 117.43
      vertex 59.1064 8 117.234
    endloop
  endfacet
  facet normal 0 1 0
    outer loop
      vertex 48.1688 8 81.7251
      vertex 59.1064 8 117.234
      vertex 59.1257 8 117.039
    endloop
  endfacet
  facet normal 0 1 0
    outer loop
      vertex 48.1688 8 81.7251
      vertex 59.1257 8 117.039
      vertex 59.1576 8 116.845
    endloop
  endfacet
  facet normal 0 1 0
    outer loop
      vertex 50.0982 8 83.7972
      vertex 59.1576 8 116.845
      vertex 59.2022 8 116.654
    endloop
  endfacet
  facet normal 0 1 0
    outer loop
      vertex 50.9979 8 84.7635
      vertex 59.2022 8 116.654
      vertex 59.2592 8 116.466
    endloop
  endfacet
  facet normal 0 1 0
    outer loop
      vertex 50.9979 8 84.7635
      vertex 59.2592 8 116.466
      vertex 59.3284 8 116.282
    endloop
  endfacet
  facet normal 0 1 0
    outer loop
      vertex 53.0027 8 86.6201
      vertex 59.3284 8 116.282
      vertex 59.4094 8 116.103
    endloop
  endfacet
  facet normal 0 1 0
    outer loop
      vertex 53.9973 8 87.5411
      vertex 59.4094 8 116.103
      vertex 59.5019 8 115.93
    endloop
  endfacet
  facet normal 0 1 0
    outer loop
      vertex 53.9973 8 87.5411
      vertex 59.5019 8 115.93
      vertex 59.6056 8 115.763
    endloop
  endfacet
  facet normal 0 1 0
    outer loop
      vertex 56.0676 8 89.1806
      vertex 59.6056 8 115.763
      vertex 59.7199 8 115.604
    endloop
  endfacet
  facet normal 0 1 0
    outer loop
      vertex 57.1522 8 90.0395
      vertex 59.7199 8 115.604
      vertex 59.8445 8 115.452
    endloop
  endfacet
  facet normal 0 1 0
    outer loop
      vertex 57.1522 8 90.0395
      vertex 59.8445 8 115.452
      vertex 59.9787 8 115.309
    endloop
  endfacet
  facet normal 0 1 -0
    outer loop
      vertex 68.737 8 96.159
      vertex 63.2481 8 114.658
      vertex 70.9877 8 96.9267
    endloop
  endfacet
  facet normal 0 1 0
    outer loop
      vertex 63.2481 8 114.658
      vertex 68.737 8 96.159
      vertex 63.0643 8 114.589
    endloop
  endfacet
  facet normal 0 1 0
    outer loop
      vertex 63.0643 8 114.589
      vertex 68.737 8 96.159
      vertex 62.8765 8 114.532
    endloop
  endfacet
  facet normal 0 1 0
    outer loop
      vertex 62.8765 8 114.532
      vertex 68.737 8 96.159
      vertex 62.6853 8 114.488
    endloop
  endfacet
  facet normal 0 1 -0
    outer loop
      vertex 67.3834 8 95.6973
      vertex 62.6853 8 114.488
      vertex 68.737 8 96.159
    endloop
  endfacet
  facet normal 0 1 0
    outer loop
      vertex 62.6853 8 114.488
      vertex 67.3834 8 95.6973
      vertex 62.4916 8 114.456
    endloop
  endfacet
  facet normal 0 1 0
    outer loop
      vertex 62.4916 8 114.456
      vertex 67.3834 8 95.6973
      vertex 62.2962 8 114.437
    endloop
  endfacet
  facet normal 0 1 -0
    outer loop
      vertex 66.0753 8 95.1155
      vertex 62.2962 8 114.437
      vertex 67.3834 8 95.6973
    endloop
  endfacet
  facet normal 0 1 0
    outer loop
      vertex 62.2962 8 114.437
      vertex 66.0753 8 95.1155
      vertex 62.1 8 114.43
    endloop
  endfacet
  facet normal 0 1 0
    outer loop
      vertex 62.1 8 114.43
      vertex 66.0753 8 95.1155
      vertex 61.9038 8 114.437
    endloop
  endfacet
  facet normal 0 1 0
    outer loop
      vertex 61.9038 8 114.437
      vertex 66.0753 8 95.1155
      vertex 61.7084 8 114.456
    endloop
  endfacet
  facet normal 0 1 -0
    outer loop
      vertex 63.8631 8 94.1318
      vertex 61.7084 8 114.456
      vertex 66.0753 8 95.1155
    endloop
  endfacet
  facet normal 0 1 0
    outer loop
      vertex 61.7084 8 114.456
      vertex 63.8631 8 94.1318
      vertex 61.5147 8 114.488
    endloop
  endfacet
  facet normal 0 1 0
    outer loop
      vertex 61.5147 8 114.488
      vertex 63.8631 8 94.1318
      vertex 61.3235 8 114.532
    endloop
  endfacet
  facet normal 0 1 0
    outer loop
      vertex 61.3235 8 114.532
      vertex 63.8631 8 94.1318
      vertex 61.1357 8 114.589
    endloop
  endfacet
  facet normal 0 1 -0
    outer loop
      vertex 61.677 8 92.9222
      vertex 61.1357 8 114.589
      vertex 63.8631 8 94.1318
    endloop
  endfacet
  facet normal 0 1 0
    outer loop
      vertex 61.1357 8 114.589
      vertex 61.677 8 92.9222
      vertex 60.952 8 114.658
    endloop
  endfacet
  facet normal 0 1 0
    outer loop
      vertex 60.952 8 114.658
      vertex 61.677 8 92.9222
      vertex 60.7731 8 114.74
    endloop
  endfacet
  facet normal 0 1 0
    outer loop
      vertex 60.4466 8 92.2414
      vertex 60.7731 8 114.74
      vertex 61.677 8 92.9222
    endloop
  endfacet
  facet normal 0 1 0
    outer loop
      vertex 60.7731 8 114.74
      vertex 60.4466 8 92.2414
      vertex 60.6 8 114.832
    endloop
  endfacet
  facet normal 0 1 0
    outer loop
      vertex 60.6 8 114.832
      vertex 60.4466 8 92.2414
      vertex 60.4333 8 114.936
    endloop
  endfacet
  facet normal 0 1 0
    outer loop
      vertex 60.4333 8 114.936
      vertex 60.4466 8 92.2414
      vertex 60.2737 8 115.05
    endloop
  endfacet
  facet normal 0 1 0
    outer loop
      vertex 58.3053 8 90.8102
      vertex 60.2737 8 115.05
      vertex 60.4466 8 92.2414
    endloop
  endfacet
  facet normal 0 1 0
    outer loop
      vertex 60.2737 8 115.05
      vertex 58.3053 8 90.8102
      vertex 60.122 8 115.175
    endloop
  endfacet
  facet normal 0 1 0
    outer loop
      vertex 60.122 8 115.175
      vertex 58.3053 8 90.8102
      vertex 59.9787 8 115.309
    endloop
  endfacet
  facet normal 0 1 0
    outer loop
      vertex 57.1522 8 90.0395
      vertex 59.9787 8 115.309
      vertex 58.3053 8 90.8102
    endloop
  endfacet
  facet normal 0 1 0
    outer loop
      vertex 59.7199 8 115.604
      vertex 57.1522 8 90.0395
      vertex 56.0676 8 89.1806
    endloop
  endfacet
  facet normal 0 1 0
    outer loop
      vertex 59.6056 8 115.763
      vertex 56.0676 8 89.1806
      vertex 53.9973 8 87.5411
    endloop
  endfacet
  facet normal 0 1 0
    outer loop
      vertex 59.4094 8 116.103
      vertex 53.9973 8 87.5411
      vertex 53.0027 8 86.6201
    endloop
  endfacet
  facet normal 0 1 0
    outer loop
      vertex 59.3284 8 116.282
      vertex 53.0027 8 86.6201
      vertex 50.9979 8 84.7635
    endloop
  endfacet
  facet normal 0 1 0
    outer loop
      vertex 59.2022 8 116.654
      vertex 50.9979 8 84.7635
      vertex 50.0982 8 83.7972
    endloop
  endfacet
  facet normal 0 1 0
    outer loop
      vertex 59.1576 8 116.845
      vertex 50.0982 8 83.7972
      vertex 48.1688 8 81.7251
    endloop
  endfacet
  facet normal 0 1 0
    outer loop
      vertex 59.1064 8 117.234
      vertex 48.1688 8 81.7251
      vertex 47.3667 8 80.731
    endloop
  endfacet
  facet normal 0 1 0
    outer loop
      vertex 59.1064 8 117.234
      vertex 47.3667 8 80.731
      vertex 45.523 8 78.446
    endloop
  endfacet
  facet normal 0 1 0
    outer loop
      vertex 59.1 8 117.43
      vertex 45.523 8 78.446
      vertex 0 8 177.039
    endloop
  endfacet
  facet normal 0 1 -0
    outer loop
      vertex 43.7522 8 75.9178
      vertex 0 8 177.039
      vertex 45.523 8 78.446
    endloop
  endfacet
  facet normal 0 1 -0
    outer loop
      vertex 43.0723 8 74.9471
      vertex 0 8 177.039
      vertex 43.7522 8 75.9178
    endloop
  endfacet
  facet normal 0 1 -0
    outer loop
      vertex 42.4666 8 73.9499
      vertex 0 8 177.039
      vertex 43.0723 8 74.9471
    endloop
  endfacet
  facet normal 0 1 -0
    outer loop
      vertex 40.8266 8 71.2502
      vertex 0 8 177.039
      vertex 42.4666 8 73.9499
    endloop
  endfacet
  facet normal 0 1 -0
    outer loop
      vertex 39.2807 8 68.3044
      vertex 0 8 177.039
      vertex 40.8266 8 71.2502
    endloop
  endfacet
  facet normal 0 1 -0
    outer loop
      vertex 38.7945 8 67.378
      vertex 0 8 177.039
      vertex 39.2807 8 68.3044
    endloop
  endfacet
  facet normal 0 1 -0
    outer loop
      vertex 37.3787 8 64.2326
      vertex 0 8 177.039
      vertex 38.7945 8 67.378
    endloop
  endfacet
  facet normal 0 1 0
    outer loop
      vertex 0 8 24
      vertex 37.3787 8 64.2326
      vertex 36.9828 8 63.3532
    endloop
  endfacet
  facet normal 0 1 0
    outer loop
      vertex 0 8 24
      vertex 36.9828 8 63.3532
      vertex 36.6474 8 62.4747
    endloop
  endfacet
  facet normal 0 1 0
    outer loop
      vertex 0 8 24
      vertex 36.6474 8 62.4747
      vertex 35.3968 8 59.1991
    endloop
  endfacet
  facet normal 0 1 0
    outer loop
      vertex 0 8 24
      vertex 35.3968 8 59.1991
      vertex 34.2765 8 55.6807
    endloop
  endfacet
  facet normal 0 1 0
    outer loop
      vertex 0 8 24
      vertex 34.2765 8 55.6807
      vertex 34.0403 8 54.9387
    endloop
  endfacet
  facet normal 0 1 0
    outer loop
      vertex 0 8 24
      vertex 34.0403 8 54.9387
      vertex 33.8511 8 54.208
    endloop
  endfacet
  facet normal 0 1 0
    outer loop
      vertex 0 8 24
      vertex 33.8511 8 54.208
      vertex 32.9156 8 50.5949
    endloop
  endfacet
  facet normal 0 1 0
    outer loop
      vertex 0 8 24
      vertex 32.9156 8 50.5949
      vertex 32.7858 8 49.954
    endloop
  endfacet
  facet normal 0 1 0
    outer loop
      vertex 0 8 24
      vertex 32.7858 8 49.954
      vertex 32.0235 8 46.1902
    endloop
  endfacet
  facet normal 0 1 0
    outer loop
      vertex 0 8 24
      vertex 32.0235 8 46.1902
      vertex 31.4312 8 42.2
    endloop
  endfacet
  facet normal 0 1 0
    outer loop
      vertex 0 8 24
      vertex 31.4312 8 42.2
      vertex 31.3639 8 41.7466
    endloop
  endfacet
  facet normal 0 1 0
    outer loop
      vertex 0 8 24
      vertex 31.3639 8 41.7466
      vertex 30.9679 8 37.6287
    endloop
  endfacet
  facet normal 0 1 0
    outer loop
      vertex 0 8 24
      vertex 30.9679 8 37.6287
      vertex 30.9349 8 37.2856
    endloop
  endfacet
  facet normal 0 1 0
    outer loop
      vertex 0 8 24
      vertex 30.9349 8 37.2856
      vertex 30.92 8 36.9552
    endloop
  endfacet
  facet normal 0 1 0
    outer loop
      vertex 0 8 24
      vertex 30.92 8 36.9552
      vertex 30.7339 8 32.8278
    endloop
  endfacet
  facet normal 0 1 0
    outer loop
      vertex 0 8 24
      vertex 30.7339 8 32.8278
      vertex 30.7566 8 28.5073
    endloop
  endfacet
  facet normal 0 1 0
    outer loop
      vertex 0 8 24
      vertex 30.7566 8 28.5073
      vertex 30.7572 8 28.3929
    endloop
  endfacet
  facet normal 0 1 0
    outer loop
      vertex 0 8 24
      vertex 30.7572 8 28.3929
      vertex 31 8 24
    endloop
  endfacet
  facet normal 0 1 0
    outer loop
      vertex 37.3787 8 64.2326
      vertex 0 8 24
      vertex 0 8 177.039
    endloop
  endfacet
  facet normal 0 -1 0
    outer loop
      vertex 62.6853 0 120.372
      vertex 0 0 177.039
      vertex 62.4916 0 120.404
    endloop
  endfacet
  facet normal 0 -1 0
    outer loop
      vertex 164.2 0 177.039
      vertex 101.904 0 120.424
      vertex 102.1 0 120.43
    endloop
  endfacet
  facet normal 0 -1 0
    outer loop
      vertex 0 0 177.039
      vertex 62.6853 0 120.372
      vertex 164.2 0 177.039
    endloop
  endfacet
  facet normal 0 -1 0
    outer loop
      vertex 164.2 0 177.039
      vertex 101.708 0 120.404
      vertex 101.904 0 120.424
    endloop
  endfacet
  facet normal 0 -1 0
    outer loop
      vertex 101.515 0 120.372
      vertex 164.2 0 177.039
      vertex 62.6853 0 120.372
    endloop
  endfacet
  facet normal 0 -1 0
    outer loop
      vertex 164.2 0 177.039
      vertex 101.515 0 120.372
      vertex 101.708 0 120.404
    endloop
  endfacet
  facet normal 0 -1 0
    outer loop
      vertex 62.8765 0 120.328
      vertex 101.515 0 120.372
      vertex 62.6853 0 120.372
    endloop
  endfacet
  facet normal 0 -1 0
    outer loop
      vertex 62.8765 0 120.328
      vertex 101.324 0 120.328
      vertex 101.515 0 120.372
    endloop
  endfacet
  facet normal 0 -1 0
    outer loop
      vertex 63.0643 0 120.271
      vertex 101.324 0 120.328
      vertex 62.8765 0 120.328
    endloop
  endfacet
  facet normal 0 -1 0
    outer loop
      vertex 63.0643 0 120.271
      vertex 101.136 0 120.271
      vertex 101.324 0 120.328
    endloop
  endfacet
  facet normal 0 -1 0
    outer loop
      vertex 63.2481 0 120.202
      vertex 101.136 0 120.271
      vertex 63.0643 0 120.271
    endloop
  endfacet
  facet normal 0 -1 0
    outer loop
      vertex 63.2481 0 120.202
      vertex 100.952 0 120.202
      vertex 101.136 0 120.271
    endloop
  endfacet
  facet normal 0 -1 0
    outer loop
      vertex 63.4269 0 120.121
      vertex 100.952 0 120.202
      vertex 63.2481 0 120.202
    endloop
  endfacet
  facet normal 0 -1 0
    outer loop
      vertex 63.4269 0 120.121
      vertex 100.773 0 120.121
      vertex 100.952 0 120.202
    endloop
  endfacet
  facet normal 0 -1 0
    outer loop
      vertex 63.6 0 120.028
      vertex 100.773 0 120.121
      vertex 63.4269 0 120.121
    endloop
  endfacet
  facet normal 0 -1 0
    outer loop
      vertex 63.6 0 120.028
      vertex 100.6 0 120.028
      vertex 100.773 0 120.121
    endloop
  endfacet
  facet normal 0 -1 0
    outer loop
      vertex 63.7667 0 119.925
      vertex 100.6 0 120.028
      vertex 63.6 0 120.028
    endloop
  endfacet
  facet normal 0 -1 0
    outer loop
      vertex 63.7667 0 119.925
      vertex 100.433 0 119.925
      vertex 100.6 0 120.028
    endloop
  endfacet
  facet normal 0 -1 0
    outer loop
      vertex 63.9263 0 119.81
      vertex 100.433 0 119.925
      vertex 63.7667 0 119.925
    endloop
  endfacet
  facet normal 0 -1 0
    outer loop
      vertex 63.9263 0 119.81
      vertex 100.274 0 119.81
      vertex 100.433 0 119.925
    endloop
  endfacet
  facet normal 0 -1 0
    outer loop
      vertex 64.078 0 119.686
      vertex 100.274 0 119.81
      vertex 63.9263 0 119.81
    endloop
  endfacet
  facet normal 0 -1 0
    outer loop
      vertex 64.078 0 119.686
      vertex 100.122 0 119.686
      vertex 100.274 0 119.81
    endloop
  endfacet
  facet normal 0 -1 0
    outer loop
      vertex 64.2213 0 119.551
      vertex 100.122 0 119.686
      vertex 64.078 0 119.686
    endloop
  endfacet
  facet normal 0 -1 0
    outer loop
      vertex 64.2213 0 119.551
      vertex 99.9787 0 119.551
      vertex 100.122 0 119.686
    endloop
  endfacet
  facet normal 0 -1 0
    outer loop
      vertex 64.3555 0 119.408
      vertex 99.9787 0 119.551
      vertex 64.2213 0 119.551
    endloop
  endfacet
  facet normal 0 -1 0
    outer loop
      vertex 64.3555 0 119.408
      vertex 99.8445 0 119.408
      vertex 99.9787 0 119.551
    endloop
  endfacet
  facet normal 0 -1 0
    outer loop
      vertex 64.4801 0 119.256
      vertex 99.8445 0 119.408
      vertex 64.3555 0 119.408
    endloop
  endfacet
  facet normal 0 -1 0
    outer loop
      vertex 64.4801 0 119.256
      vertex 99.7199 0 119.256
      vertex 99.8445 0 119.408
    endloop
  endfacet
  facet normal 0 -1 0
    outer loop
      vertex 64.5944 0 119.097
      vertex 99.7199 0 119.256
      vertex 64.4801 0 119.256
    endloop
  endfacet
  facet normal 0 -1 0
    outer loop
      vertex 64.5944 0 119.097
      vertex 99.6056 0 119.097
      vertex 99.7199 0 119.256
    endloop
  endfacet
  facet normal 0 -1 0
    outer loop
      vertex 64.6981 0 118.93
      vertex 99.6056 0 119.097
      vertex 64.5944 0 119.097
    endloop
  endfacet
  facet normal 0 -1 0
    outer loop
      vertex 64.6981 0 118.93
      vertex 99.5019 0 118.93
      vertex 99.6056 0 119.097
    endloop
  endfacet
  facet normal 0 -1 0
    outer loop
      vertex 64.7906 0 118.757
      vertex 99.5019 0 118.93
      vertex 64.6981 0 118.93
    endloop
  endfacet
  facet normal 0 -1 0
    outer loop
      vertex 64.7906 0 118.757
      vertex 99.4094 0 118.757
      vertex 99.5019 0 118.93
    endloop
  endfacet
  facet normal 0 -1 0
    outer loop
      vertex 64.8716 0 118.578
      vertex 99.4094 0 118.757
      vertex 64.7906 0 118.757
    endloop
  endfacet
  facet normal 0 -1 0
    outer loop
      vertex 64.8716 0 118.578
      vertex 99.3284 0 118.578
      vertex 99.4094 0 118.757
    endloop
  endfacet
  facet normal 0 -1 0
    outer loop
      vertex 64.9408 0 118.394
      vertex 99.3284 0 118.578
      vertex 64.8716 0 118.578
    endloop
  endfacet
  facet normal 0 -1 0
    outer loop
      vertex 64.9408 0 118.394
      vertex 99.2592 0 118.394
      vertex 99.3284 0 118.578
    endloop
  endfacet
  facet normal 0 -1 0
    outer loop
      vertex 64.9978 0 118.207
      vertex 99.2592 0 118.394
      vertex 64.9408 0 118.394
    endloop
  endfacet
  facet normal 0 -1 0
    outer loop
      vertex 64.9978 0 118.207
      vertex 99.2022 0 118.207
      vertex 99.2592 0 118.394
    endloop
  endfacet
  facet normal 0 -1 0
    outer loop
      vertex 65.0424 0 118.015
      vertex 99.2022 0 118.207
      vertex 64.9978 0 118.207
    endloop
  endfacet
  facet normal 0 -1 0
    outer loop
      vertex 65.0424 0 118.015
      vertex 99.1576 0 118.015
      vertex 99.2022 0 118.207
    endloop
  endfacet
  facet normal 0 -1 0
    outer loop
      vertex 65.0743 0 117.822
      vertex 99.1576 0 118.015
      vertex 65.0424 0 118.015
    endloop
  endfacet
  facet normal 0 -1 0
    outer loop
      vertex 65.0743 0 117.822
      vertex 99.1257 0 117.822
      vertex 99.1576 0 118.015
    endloop
  endfacet
  facet normal 0 -1 0
    outer loop
      vertex 65.0936 0 117.626
      vertex 99.1257 0 117.822
      vertex 65.0743 0 117.822
    endloop
  endfacet
  facet normal 0 -1 0
    outer loop
      vertex 65.0936 0 117.626
      vertex 99.1064 0 117.626
      vertex 99.1257 0 117.822
    endloop
  endfacet
  facet normal 0 -1 0
    outer loop
      vertex 65.1 0 117.43
      vertex 99.1064 0 117.626
      vertex 65.0936 0 117.626
    endloop
  endfacet
  facet normal 0 -1 0
    outer loop
      vertex 65.1 0 117.43
      vertex 99.1 0 117.43
      vertex 99.1064 0 117.626
    endloop
  endfacet
  facet normal 0 -1 0
    outer loop
      vertex 65.0936 0 117.234
      vertex 99.1 0 117.43
      vertex 65.1 0 117.43
    endloop
  endfacet
  facet normal 0 -1 0
    outer loop
      vertex 65.0936 0 117.234
      vertex 99.1064 0 117.234
      vertex 99.1 0 117.43
    endloop
  endfacet
  facet normal 0 -1 0
    outer loop
      vertex 65.0743 0 117.039
      vertex 99.1064 0 117.234
      vertex 65.0936 0 117.234
    endloop
  endfacet
  facet normal 0 -1 0
    outer loop
      vertex 65.0743 0 117.039
      vertex 99.1257 0 117.039
      vertex 99.1064 0 117.234
    endloop
  endfacet
  facet normal 0 -1 0
    outer loop
      vertex 65.0424 0 116.845
      vertex 99.1257 0 117.039
      vertex 65.0743 0 117.039
    endloop
  endfacet
  facet normal 0 -1 0
    outer loop
      vertex 65.0424 0 116.845
      vertex 99.1576 0 116.845
      vertex 99.1257 0 117.039
    endloop
  endfacet
  facet normal 0 -1 0
    outer loop
      vertex 64.9978 0 116.654
      vertex 99.1576 0 116.845
      vertex 65.0424 0 116.845
    endloop
  endfacet
  facet normal 0 -1 0
    outer loop
      vertex 64.9978 0 116.654
      vertex 99.2022 0 116.654
      vertex 99.1576 0 116.845
    endloop
  endfacet
  facet normal 0 -1 0
    outer loop
      vertex 64.9408 0 116.466
      vertex 99.2022 0 116.654
      vertex 64.9978 0 116.654
    endloop
  endfacet
  facet normal 0 -1 0
    outer loop
      vertex 64.9408 0 116.466
      vertex 99.2592 0 116.466
      vertex 99.2022 0 116.654
    endloop
  endfacet
  facet normal 0 -1 0
    outer loop
      vertex 64.8716 0 116.282
      vertex 99.2592 0 116.466
      vertex 64.9408 0 116.466
    endloop
  endfacet
  facet normal 0 -1 0
    outer loop
      vertex 64.8716 0 116.282
      vertex 99.3284 0 116.282
      vertex 99.2592 0 116.466
    endloop
  endfacet
  facet normal 0 -1 0
    outer loop
      vertex 82.1 0 89.9063
      vertex 64.8716 0 116.282
      vertex 64.7906 0 116.103
    endloop
  endfacet
  facet normal 0 -1 0
    outer loop
      vertex 64.8716 0 116.282
      vertex 82.1 0 89.9063
      vertex 99.3284 0 116.282
    endloop
  endfacet
  facet normal 0 -1 0
    outer loop
      vertex 81.008 0 89.8541
      vertex 64.7906 0 116.103
      vertex 64.6981 0 115.93
    endloop
  endfacet
  facet normal 0 -1 -0
    outer loop
      vertex 99.3284 0 116.282
      vertex 82.1 0 89.9063
      vertex 99.4094 0 116.103
    endloop
  endfacet
  facet normal 0 -1 0
    outer loop
      vertex 81.008 0 89.8541
      vertex 64.6981 0 115.93
      vertex 64.5944 0 115.763
    endloop
  endfacet
  facet normal 0 -1 0
    outer loop
      vertex 83.192 0 89.8541
      vertex 99.4094 0 116.103
      vertex 82.1 0 89.9063
    endloop
  endfacet
  facet normal 0 -1 0
    outer loop
      vertex 78.4626 0 89.7326
      vertex 64.5944 0 115.763
      vertex 64.4801 0 115.604
    endloop
  endfacet
  facet normal 0 -1 -0
    outer loop
      vertex 99.4094 0 116.103
      vertex 83.192 0 89.8541
      vertex 99.5019 0 115.93
    endloop
  endfacet
  facet normal 0 -1 0
    outer loop
      vertex 78.4626 0 89.7326
      vertex 64.4801 0 115.604
      vertex 64.3555 0 115.452
    endloop
  endfacet
  facet normal 0 -1 -0
    outer loop
      vertex 99.5019 0 115.93
      vertex 83.192 0 89.8541
      vertex 99.6056 0 115.763
    endloop
  endfacet
  facet normal 0 -1 0
    outer loop
      vertex 78.4626 0 89.7326
      vertex 64.3555 0 115.452
      vertex 64.2213 0 115.309
    endloop
  endfacet
  facet normal 0 -1 0
    outer loop
      vertex 85.7374 0 89.7326
      vertex 99.6056 0 115.763
      vertex 83.192 0 89.8541
    endloop
  endfacet
  facet normal 0 -1 0
    outer loop
      vertex 75.9224 0 89.3676
      vertex 64.2213 0 115.309
      vertex 64.078 0 115.175
    endloop
  endfacet
  facet normal 0 -1 -0
    outer loop
      vertex 99.6056 0 115.763
      vertex 85.7374 0 89.7326
      vertex 99.7199 0 115.604
    endloop
  endfacet
  facet normal 0 -1 0
    outer loop
      vertex 75.9224 0 89.3676
      vertex 64.078 0 115.175
      vertex 63.9263 0 115.05
    endloop
  endfacet
  facet normal 0 -1 -0
    outer loop
      vertex 99.7199 0 115.604
      vertex 85.7374 0 89.7326
      vertex 99.8445 0 115.452
    endloop
  endfacet
  facet normal 0 -1 0
    outer loop
      vertex 74.8462 0 89.2129
      vertex 63.9263 0 115.05
      vertex 63.7667 0 114.936
    endloop
  endfacet
  facet normal 0 -1 -0
    outer loop
      vertex 99.8445 0 115.452
      vertex 85.7374 0 89.7326
      vertex 99.9787 0 115.309
    endloop
  endfacet
  facet normal 0 -1 0
    outer loop
      vertex 74.8462 0 89.2129
      vertex 63.7667 0 114.936
      vertex 63.6 0 114.832
    endloop
  endfacet
  facet normal 0 -1 0
    outer loop
      vertex 88.2776 0 89.3676
      vertex 99.9787 0 115.309
      vertex 85.7374 0 89.7326
    endloop
  endfacet
  facet normal 0 -1 0
    outer loop
      vertex 72.3217 0 88.6041
      vertex 63.6 0 114.832
      vertex 63.4269 0 114.74
    endloop
  endfacet
  facet normal 0 -1 -0
    outer loop
      vertex 99.9787 0 115.309
      vertex 88.2776 0 89.3676
      vertex 100.122 0 115.175
    endloop
  endfacet
  facet normal 0 -1 0
    outer loop
      vertex 72.3217 0 88.6041
      vertex 63.4269 0 114.74
      vertex 63.2481 0 114.658
    endloop
  endfacet
  facet normal 0 -1 -0
    outer loop
      vertex 100.122 0 115.175
      vertex 88.2776 0 89.3676
      vertex 100.274 0 115.05
    endloop
  endfacet
  facet normal 0 -1 0
    outer loop
      vertex 71.2716 0 88.3509
      vertex 63.2481 0 114.658
      vertex 63.0643 0 114.589
    endloop
  endfacet
  facet normal 0 -1 0
    outer loop
      vertex 89.3538 0 89.2129
      vertex 100.274 0 115.05
      vertex 88.2776 0 89.3676
    endloop
  endfacet
  facet normal 0 -1 0
    outer loop
      vertex 71.2716 0 88.3509
      vertex 63.0643 0 114.589
      vertex 62.8765 0 114.532
    endloop
  endfacet
  facet normal 0 -1 -0
    outer loop
      vertex 100.274 0 115.05
      vertex 89.3538 0 89.2129
      vertex 100.433 0 114.936
    endloop
  endfacet
  facet normal 0 -1 0
    outer loop
      vertex 71.2716 0 88.3509
      vertex 62.8765 0 114.532
      vertex 62.6853 0 114.488
    endloop
  endfacet
  facet normal 0 -1 -0
    outer loop
      vertex 100.433 0 114.936
      vertex 89.3538 0 89.2129
      vertex 100.6 0 114.832
    endloop
  endfacet
  facet normal 0 -1 0
    outer loop
      vertex 68.7716 0 87.4982
      vertex 62.6853 0 114.488
      vertex 62.4916 0 114.456
    endloop
  endfacet
  facet normal 0 -1 0
    outer loop
      vertex 91.8783 0 88.6041
      vertex 100.6 0 114.832
      vertex 89.3538 0 89.2129
    endloop
  endfacet
  facet normal 0 -1 0
    outer loop
      vertex 68.7716 0 87.4982
      vertex 62.4916 0 114.456
      vertex 62.2962 0 114.437
    endloop
  endfacet
  facet normal 0 -1 -0
    outer loop
      vertex 100.6 0 114.832
      vertex 91.8783 0 88.6041
      vertex 100.773 0 114.74
    endloop
  endfacet
  facet normal 0 -1 0
    outer loop
      vertex 67.7593 0 87.1529
      vertex 62.2962 0 114.437
      vertex 62.1 0 114.43
    endloop
  endfacet
  facet normal 0 -1 -0
    outer loop
      vertex 100.773 0 114.74
      vertex 91.8783 0 88.6041
      vertex 100.952 0 114.658
    endloop
  endfacet
  facet normal 0 -1 0
    outer loop
      vertex 62.2962 0 120.424
      vertex 0 0 177.039
      vertex 62.1 0 120.43
    endloop
  endfacet
  facet normal 0 -1 0
    outer loop
      vertex 0 0 177.039
      vertex 61.9038 0 120.424
      vertex 62.1 0 120.43
    endloop
  endfacet
  facet normal 0 -1 0
    outer loop
      vertex 0 0 177.039
      vertex 61.7084 0 120.404
      vertex 61.9038 0 120.424
    endloop
  endfacet
  facet normal 0 -1 0
    outer loop
      vertex 0 0 177.039
      vertex 61.5147 0 120.372
      vertex 61.7084 0 120.404
    endloop
  endfacet
  facet normal 0 -1 0
    outer loop
      vertex 0 0 177.039
      vertex 61.3235 0 120.328
      vertex 61.5147 0 120.372
    endloop
  endfacet
  facet normal 0 -1 0
    outer loop
      vertex 0 0 177.039
      vertex 61.1357 0 120.271
      vertex 61.3235 0 120.328
    endloop
  endfacet
  facet normal 0 -1 0
    outer loop
      vertex 0 0 177.039
      vertex 60.952 0 120.202
      vertex 61.1357 0 120.271
    endloop
  endfacet
  facet normal 0 -1 0
    outer loop
      vertex 0 0 177.039
      vertex 60.7731 0 120.121
      vertex 60.952 0 120.202
    endloop
  endfacet
  facet normal 0 -1 0
    outer loop
      vertex 0 0 177.039
      vertex 60.6 0 120.028
      vertex 60.7731 0 120.121
    endloop
  endfacet
  facet normal 0 -1 0
    outer loop
      vertex 0 0 177.039
      vertex 60.4333 0 119.925
      vertex 60.6 0 120.028
    endloop
  endfacet
  facet normal 0 -1 0
    outer loop
      vertex 0 0 177.039
      vertex 60.2737 0 119.81
      vertex 60.4333 0 119.925
    endloop
  endfacet
  facet normal 0 -1 0
    outer loop
      vertex 0 0 177.039
      vertex 60.122 0 119.686
      vertex 60.2737 0 119.81
    endloop
  endfacet
  facet normal 0 -1 0
    outer loop
      vertex 0 0 177.039
      vertex 59.9787 0 119.551
      vertex 60.122 0 119.686
    endloop
  endfacet
  facet normal 0 -1 0
    outer loop
      vertex 0 0 177.039
      vertex 59.8445 0 119.408
      vertex 59.9787 0 119.551
    endloop
  endfacet
  facet normal 0 -1 0
    outer loop
      vertex 0 0 177.039
      vertex 59.7199 0 119.256
      vertex 59.8445 0 119.408
    endloop
  endfacet
  facet normal 0 -1 0
    outer loop
      vertex 0 0 177.039
      vertex 59.6056 0 119.097
      vertex 59.7199 0 119.256
    endloop
  endfacet
  facet normal 0 -1 0
    outer loop
      vertex 0 0 177.039
      vertex 59.5019 0 118.93
      vertex 59.6056 0 119.097
    endloop
  endfacet
  facet normal 0 -1 0
    outer loop
      vertex 0 0 177.039
      vertex 59.4094 0 118.757
      vertex 59.5019 0 118.93
    endloop
  endfacet
  facet normal 0 -1 0
    outer loop
      vertex 0 0 177.039
      vertex 59.3284 0 118.578
      vertex 59.4094 0 118.757
    endloop
  endfacet
  facet normal 0 -1 0
    outer loop
      vertex 0 0 177.039
      vertex 59.2592 0 118.394
      vertex 59.3284 0 118.578
    endloop
  endfacet
  facet normal 0 -1 0
    outer loop
      vertex 0 0 177.039
      vertex 59.2022 0 118.207
      vertex 59.2592 0 118.394
    endloop
  endfacet
  facet normal 0 -1 0
    outer loop
      vertex 0 0 177.039
      vertex 59.1576 0 118.015
      vertex 59.2022 0 118.207
    endloop
  endfacet
  facet normal 0 -1 0
    outer loop
      vertex 0 0 177.039
      vertex 59.1257 0 117.822
      vertex 59.1576 0 118.015
    endloop
  endfacet
  facet normal 0 -1 0
    outer loop
      vertex 0 0 177.039
      vertex 59.1064 0 117.626
      vertex 59.1257 0 117.822
    endloop
  endfacet
  facet normal 0 -1 0
    outer loop
      vertex 0 0 177.039
      vertex 59.1 0 117.43
      vertex 59.1064 0 117.626
    endloop
  endfacet
  facet normal 0 -1 0
    outer loop
      vertex 0 0 177.039
      vertex 59.1064 0 117.234
      vertex 59.1 0 117.43
    endloop
  endfacet
  facet normal 0 -1 0
    outer loop
      vertex 0 0 177.039
      vertex 59.1257 0 117.039
      vertex 59.1064 0 117.234
    endloop
  endfacet
  facet normal 0 -1 0
    outer loop
      vertex 46.4574 0 70.3423
      vertex 59.1257 0 117.039
      vertex 0 0 177.039
    endloop
  endfacet
  facet normal 0 -1 -0
    outer loop
      vertex 59.1257 0 117.039
      vertex 46.4574 0 70.3423
      vertex 59.1576 0 116.845
    endloop
  endfacet
  facet normal -0 -1 0
    outer loop
      vertex 48.4797 0 72.8488
      vertex 59.1576 0 116.845
      vertex 46.4574 0 70.3423
    endloop
  endfacet
  facet normal -0 -1 0
    outer loop
      vertex 49.0356 0 73.5377
      vertex 59.1576 0 116.845
      vertex 48.4797 0 72.8488
    endloop
  endfacet
  facet normal 0 -1 -0
    outer loop
      vertex 59.1576 0 116.845
      vertex 49.0356 0 73.5377
      vertex 59.2022 0 116.654
    endloop
  endfacet
  facet normal 0 -1 -0
    outer loop
      vertex 59.2022 0 116.654
      vertex 49.0356 0 73.5377
      vertex 59.2592 0 116.466
    endloop
  endfacet
  facet normal -0 -1 0
    outer loop
      vertex 51.1563 0 75.8152
      vertex 59.2592 0 116.466
      vertex 49.0356 0 73.5377
    endloop
  endfacet
  facet normal 0 -1 -0
    outer loop
      vertex 59.2592 0 116.466
      vertex 51.1563 0 75.8152
      vertex 59.3284 0 116.282
    endloop
  endfacet
  facet normal -0 -1 0
    outer loop
      vertex 51.7925 0 76.4984
      vertex 59.3284 0 116.282
      vertex 51.1563 0 75.8152
    endloop
  endfacet
  facet normal 0 -1 -0
    outer loop
      vertex 59.3284 0 116.282
      vertex 51.7925 0 76.4984
      vertex 59.4094 0 116.103
    endloop
  endfacet
  facet normal 0 -1 0
    outer loop
      vertex 92.9284 0 88.3509
      vertex 100.952 0 114.658
      vertex 91.8783 0 88.6041
    endloop
  endfacet
  facet normal 0 -1 0
    outer loop
      vertex 67.7593 0 87.1529
      vertex 62.1 0 114.43
      vertex 61.9038 0 114.437
    endloop
  endfacet
  facet normal 0 -1 0
    outer loop
      vertex 66.7811 0 86.7178
      vertex 61.9038 0 114.437
      vertex 61.7084 0 114.456
    endloop
  endfacet
  facet normal 0 -1 0
    outer loop
      vertex 64.329 0 85.6274
      vertex 61.7084 0 114.456
      vertex 61.5147 0 114.488
    endloop
  endfacet
  facet normal 0 -1 0
    outer loop
      vertex 64.329 0 85.6274
      vertex 61.5147 0 114.488
      vertex 61.3235 0 114.532
    endloop
  endfacet
  facet normal 0 -1 0
    outer loop
      vertex 64.329 0 85.6274
      vertex 61.3235 0 114.532
      vertex 61.1357 0 114.589
    endloop
  endfacet
  facet normal 0 -1 0
    outer loop
      vertex 64.329 0 85.6274
      vertex 61.1357 0 114.589
      vertex 60.952 0 114.658
    endloop
  endfacet
  facet normal 0 -1 0
    outer loop
      vertex 61.9058 0 84.2866
      vertex 60.952 0 114.658
      vertex 60.7731 0 114.74
    endloop
  endfacet
  facet normal 0 -1 0
    outer loop
      vertex 60.9997 0 83.7853
      vertex 60.7731 0 114.74
      vertex 60.6 0 114.832
    endloop
  endfacet
  facet normal 0 -1 0
    outer loop
      vertex 60.9997 0 83.7853
      vertex 60.6 0 114.832
      vertex 60.4333 0 114.936
    endloop
  endfacet
  facet normal 0 -1 0
    outer loop
      vertex 60.9997 0 83.7853
      vertex 60.4333 0 114.936
      vertex 60.2737 0 115.05
    endloop
  endfacet
  facet normal 0 -1 0
    outer loop
      vertex 58.6295 0 82.201
      vertex 60.2737 0 115.05
      vertex 60.122 0 115.175
    endloop
  endfacet
  facet normal 0 -1 0
    outer loop
      vertex 57.7895 0 81.6396
      vertex 60.122 0 115.175
      vertex 59.9787 0 115.309
    endloop
  endfacet
  facet normal 0 -1 -0
    outer loop
      vertex 59.4094 0 116.103
      vertex 51.7925 0 76.4984
      vertex 59.5019 0 115.93
    endloop
  endfacet
  facet normal 0 -1 0
    outer loop
      vertex 64.7906 0 116.103
      vertex 81.008 0 89.8541
      vertex 82.1 0 89.9063
    endloop
  endfacet
  facet normal 0 -1 0
    outer loop
      vertex 64.5944 0 115.763
      vertex 78.4626 0 89.7326
      vertex 81.008 0 89.8541
    endloop
  endfacet
  facet normal 0 -1 0
    outer loop
      vertex 64.2213 0 115.309
      vertex 75.9224 0 89.3676
      vertex 78.4626 0 89.7326
    endloop
  endfacet
  facet normal 0 -1 0
    outer loop
      vertex 63.9263 0 115.05
      vertex 74.8462 0 89.2129
      vertex 75.9224 0 89.3676
    endloop
  endfacet
  facet normal 0 -1 0
    outer loop
      vertex 63.6 0 114.832
      vertex 72.3217 0 88.6041
      vertex 74.8462 0 89.2129
    endloop
  endfacet
  facet normal 0 -1 0
    outer loop
      vertex 63.2481 0 114.658
      vertex 71.2716 0 88.3509
      vertex 72.3217 0 88.6041
    endloop
  endfacet
  facet normal 0 -1 0
    outer loop
      vertex 62.6853 0 114.488
      vertex 68.7716 0 87.4982
      vertex 71.2716 0 88.3509
    endloop
  endfacet
  facet normal 0 -1 0
    outer loop
      vertex 62.2962 0 114.437
      vertex 67.7593 0 87.1529
      vertex 68.7716 0 87.4982
    endloop
  endfacet
  facet normal 0 -1 0
    outer loop
      vertex 61.9038 0 114.437
      vertex 66.7811 0 86.7178
      vertex 67.7593 0 87.1529
    endloop
  endfacet
  facet normal 0 -1 0
    outer loop
      vertex 61.7084 0 114.456
      vertex 64.329 0 85.6274
      vertex 66.7811 0 86.7178
    endloop
  endfacet
  facet normal 0 -1 0
    outer loop
      vertex 60.952 0 114.658
      vertex 61.9058 0 84.2866
      vertex 64.329 0 85.6274
    endloop
  endfacet
  facet normal 0 -1 0
    outer loop
      vertex 60.7731 0 114.74
      vertex 60.9997 0 83.7853
      vertex 61.9058 0 84.2866
    endloop
  endfacet
  facet normal 0 -1 -0
    outer loop
      vertex 60.2737 0 115.05
      vertex 58.6295 0 82.201
      vertex 60.9997 0 83.7853
    endloop
  endfacet
  facet normal 0 -1 0
    outer loop
      vertex 60.122 0 115.175
      vertex 57.7895 0 81.6396
      vertex 58.6295 0 82.201
    endloop
  endfacet
  facet normal 0 -1 0
    outer loop
      vertex 59.9787 0 115.309
      vertex 56.9995 0 81.014
      vertex 57.7895 0 81.6396
    endloop
  endfacet
  facet normal 0 -1 -0
    outer loop
      vertex 59.8445 0 115.452
      vertex 56.9995 0 81.014
      vertex 59.9787 0 115.309
    endloop
  endfacet
  facet normal -0 -1 0
    outer loop
      vertex 56.9995 0 81.014
      vertex 59.8445 0 115.452
      vertex 54.7152 0 79.2051
    endloop
  endfacet
  facet normal 0 -1 -0
    outer loop
      vertex 59.7199 0 115.604
      vertex 54.7152 0 79.2051
      vertex 59.8445 0 115.452
    endloop
  endfacet
  facet normal 0 -1 -0
    outer loop
      vertex 59.6056 0 115.763
      vertex 54.7152 0 79.2051
      vertex 59.7199 0 115.604
    endloop
  endfacet
  facet normal 0 -1 -0
    outer loop
      vertex 59.5019 0 115.93
      vertex 54.7152 0 79.2051
      vertex 59.6056 0 115.763
    endloop
  endfacet
  facet normal -0 -1 0
    outer loop
      vertex 54.7152 0 79.2051
      vertex 59.5019 0 115.93
      vertex 54.0003 0 78.5431
    endloop
  endfacet
  facet normal -0 -1 0
    outer loop
      vertex 54.0003 0 78.5431
      vertex 59.5019 0 115.93
      vertex 51.7925 0 76.4984
    endloop
  endfacet
  facet normal 0 -1 0
    outer loop
      vertex 0 0 177.039
      vertex 44.515 0 67.5691
      vertex 46.4574 0 70.3423
    endloop
  endfacet
  facet normal 0 -1 0
    outer loop
      vertex 0 0 177.039
      vertex 44.0693 0 66.9328
      vertex 44.515 0 67.5691
    endloop
  endfacet
  facet normal 0 -1 0
    outer loop
      vertex 0 0 177.039
      vertex 43.6722 0 66.2791
      vertex 44.0693 0 66.9328
    endloop
  endfacet
  facet normal 0 -1 0
    outer loop
      vertex 0 0 177.039
      vertex 41.881 0 63.3304
      vertex 43.6722 0 66.2791
    endloop
  endfacet
  facet normal 0 -1 0
    outer loop
      vertex 0 0 177.039
      vertex 40.1925 0 60.1128
      vertex 41.881 0 63.3304
    endloop
  endfacet
  facet normal 0 -1 0
    outer loop
      vertex 0 0 177.039
      vertex 39.9008 0 59.557
      vertex 40.1925 0 60.1128
    endloop
  endfacet
  facet normal 0 -1 0
    outer loop
      vertex 0 0 177.039
      vertex 38.3577 0 56.129
      vertex 39.9008 0 59.557
    endloop
  endfacet
  facet normal 0 -1 0
    outer loop
      vertex 0 0 177.039
      vertex 38.1354 0 55.6351
      vertex 38.3577 0 56.129
    endloop
  endfacet
  facet normal 0 -1 0
    outer loop
      vertex 0 0 177.039
      vertex 37.947 0 55.1417
      vertex 38.1354 0 55.6351
    endloop
  endfacet
  facet normal 0 -1 0
    outer loop
      vertex 0 0 177.039
      vertex 36.5899 0 51.5871
      vertex 37.947 0 55.1417
    endloop
  endfacet
  facet normal 0 -1 0
    outer loop
      vertex 0 0 0
      vertex 36.5899 0 51.5871
      vertex 0 0 177.039
    endloop
  endfacet
  facet normal 0 -1 0
    outer loop
      vertex 36.5899 0 51.5871
      vertex 0 0 0
      vertex 35.3742 0 47.7689
    endloop
  endfacet
  facet normal 0 -1 0
    outer loop
      vertex 35.3742 0 47.7689
      vertex 0 0 0
      vertex 35.268 0 47.4356
    endloop
  endfacet
  facet normal 0 -1 0
    outer loop
      vertex 35.268 0 47.4356
      vertex 0 0 0
      vertex 35.183 0 47.1072
    endloop
  endfacet
  facet normal 0 -1 0
    outer loop
      vertex 35.183 0 47.1072
      vertex 0 0 0
      vertex 34.172 0 43.2027
    endloop
  endfacet
  facet normal 0 -1 0
    outer loop
      vertex 34.172 0 43.2027
      vertex 0 0 0
      vertex 34.1248 0 42.9697
    endloop
  endfacet
  facet normal 0 -1 0
    outer loop
      vertex 34.1248 0 42.9697
      vertex 0 0 0
      vertex 33.3028 0 38.9105
    endloop
  endfacet
  facet normal 0 -1 0
    outer loop
      vertex 33.3028 0 38.9105
      vertex 0 0 0
      vertex 32.6639 0 34.6072
    endloop
  endfacet
  facet normal 0 -1 0
    outer loop
      vertex 32.6639 0 34.6072
      vertex 0 0 0
      vertex 32.66 0 34.5805
    endloop
  endfacet
  facet normal 0 0 0
    outer loop
      vertex 32.5594 0 33.534
      vertex 32.7332 0 33.534
      vertex 32.6455 0 33.534
    endloop
  endfacet
  facet normal 0 -1 0
    outer loop
      vertex 45.976 0 0
      vertex 32.7332 0 33.534
      vertex 32.5594 0 33.534
    endloop
  endfacet
  facet normal 0 -1 0
    outer loop
      vertex 32.7332 0 33.534
      vertex 45.976 0 0
      vertex 33.0077 0 33.534
    endloop
  endfacet
  facet normal 0 -1 0
    outer loop
      vertex 33.0077 0 33.534
      vertex 45.976 0 0
      vertex 33.2032 0 33.534
    endloop
  endfacet
  facet normal 0 -1 0
    outer loop
      vertex 33.2032 0 33.534
      vertex 45.976 0 0
      vertex 33.4118 0 33.534
    endloop
  endfacet
  facet normal 0 -1 0
    outer loop
      vertex 33.4118 0 33.534
      vertex 45.976 0 0
      vertex 33.522 0 33.534
    endloop
  endfacet
  facet normal 0 -1 0
    outer loop
      vertex 33.522 0 33.534
      vertex 45.976 0 0
      vertex 33.8823 0 33.534
    endloop
  endfacet
  facet normal 0 -1 0
    outer loop
      vertex 33.8823 0 33.534
      vertex 45.976 0 0
      vertex 34.0144 0 33.534
    endloop
  endfacet
  facet normal 0 -1 0
    outer loop
      vertex 34.0144 0 33.534
      vertex 45.976 0 0
      vertex 34.4585 0 33.534
    endloop
  endfacet
  facet normal 0 -1 0
    outer loop
      vertex 34.4585 0 33.534
      vertex 45.976 0 0
      vertex 129.741 0 33.534
    endloop
  endfacet
  facet normal 0 -1 0
    outer loop
      vertex 118.224 0 0
      vertex 129.741 0 33.534
      vertex 45.976 0 0
    endloop
  endfacet
  facet normal 0 -1 -0
    outer loop
      vertex 129.741 0 33.534
      vertex 118.224 0 0
      vertex 130.186 0 33.534
    endloop
  endfacet
  facet normal 0 -1 -0
    outer loop
      vertex 130.186 0 33.534
      vertex 118.224 0 0
      vertex 130.318 0 33.534
    endloop
  endfacet
  facet normal 0 -1 -0
    outer loop
      vertex 130.318 0 33.534
      vertex 118.224 0 0
      vertex 130.678 0 33.534
    endloop
  endfacet
  facet normal 0 -1 -0
    outer loop
      vertex 130.678 0 33.534
      vertex 118.224 0 0
      vertex 130.788 0 33.534
    endloop
  endfacet
  facet normal 0 -1 -0
    outer loop
      vertex 130.788 0 33.534
      vertex 118.224 0 0
      vertex 130.997 0 33.534
    endloop
  endfacet
  facet normal 0 -1 -0
    outer loop
      vertex 130.997 0 33.534
      vertex 118.224 0 0
      vertex 131.192 0 33.534
    endloop
  endfacet
  facet normal 0 -1 -0
    outer loop
      vertex 131.192 0 33.534
      vertex 118.224 0 0
      vertex 131.467 0 33.534
    endloop
  endfacet
  facet normal 0 -1 0
    outer loop
      vertex 45.976 0 0
      vertex 32.5594 0 33.534
      vertex 0 0 0
    endloop
  endfacet
  facet normal 0 -1 0
    outer loop
      vertex 32.66 0 34.5805
      vertex 0 0 0
      vertex 32.5594 0 33.534
    endloop
  endfacet
  facet normal 0 -1 0
    outer loop
      vertex 62.4916 0 120.404
      vertex 0 0 177.039
      vertex 62.2962 0 120.424
    endloop
  endfacet
  facet normal 0 -1 0
    outer loop
      vertex 102.296 0 120.424
      vertex 164.2 0 177.039
      vertex 102.1 0 120.43
    endloop
  endfacet
  facet normal 0 -1 0
    outer loop
      vertex 102.492 0 120.404
      vertex 164.2 0 177.039
      vertex 102.296 0 120.424
    endloop
  endfacet
  facet normal 0 -1 0
    outer loop
      vertex 102.685 0 120.372
      vertex 164.2 0 177.039
      vertex 102.492 0 120.404
    endloop
  endfacet
  facet normal 0 -1 0
    outer loop
      vertex 102.876 0 120.328
      vertex 164.2 0 177.039
      vertex 102.685 0 120.372
    endloop
  endfacet
  facet normal 0 -1 0
    outer loop
      vertex 103.064 0 120.271
      vertex 164.2 0 177.039
      vertex 102.876 0 120.328
    endloop
  endfacet
  facet normal 0 -1 0
    outer loop
      vertex 103.248 0 120.202
      vertex 164.2 0 177.039
      vertex 103.064 0 120.271
    endloop
  endfacet
  facet normal 0 -1 0
    outer loop
      vertex 103.427 0 120.121
      vertex 164.2 0 177.039
      vertex 103.248 0 120.202
    endloop
  endfacet
  facet normal 0 -1 0
    outer loop
      vertex 103.6 0 120.028
      vertex 164.2 0 177.039
      vertex 103.427 0 120.121
    endloop
  endfacet
  facet normal 0 -1 0
    outer loop
      vertex 103.767 0 119.925
      vertex 164.2 0 177.039
      vertex 103.6 0 120.028
    endloop
  endfacet
  facet normal 0 -1 0
    outer loop
      vertex 103.926 0 119.81
      vertex 164.2 0 177.039
      vertex 103.767 0 119.925
    endloop
  endfacet
  facet normal 0 -1 0
    outer loop
      vertex 104.078 0 119.686
      vertex 164.2 0 177.039
      vertex 103.926 0 119.81
    endloop
  endfacet
  facet normal 0 -1 0
    outer loop
      vertex 104.221 0 119.551
      vertex 164.2 0 177.039
      vertex 104.078 0 119.686
    endloop
  endfacet
  facet normal 0 -1 0
    outer loop
      vertex 104.356 0 119.408
      vertex 164.2 0 177.039
      vertex 104.221 0 119.551
    endloop
  endfacet
  facet normal 0 -1 0
    outer loop
      vertex 104.48 0 119.256
      vertex 164.2 0 177.039
      vertex 104.356 0 119.408
    endloop
  endfacet
  facet normal 0 -1 0
    outer loop
      vertex 104.594 0 119.097
      vertex 164.2 0 177.039
      vertex 104.48 0 119.256
    endloop
  endfacet
  facet normal 0 -1 0
    outer loop
      vertex 104.698 0 118.93
      vertex 164.2 0 177.039
      vertex 104.594 0 119.097
    endloop
  endfacet
  facet normal 0 -1 0
    outer loop
      vertex 104.791 0 118.757
      vertex 164.2 0 177.039
      vertex 104.698 0 118.93
    endloop
  endfacet
  facet normal 0 -1 0
    outer loop
      vertex 104.872 0 118.578
      vertex 164.2 0 177.039
      vertex 104.791 0 118.757
    endloop
  endfacet
  facet normal 0 -1 0
    outer loop
      vertex 104.941 0 118.394
      vertex 164.2 0 177.039
      vertex 104.872 0 118.578
    endloop
  endfacet
  facet normal 0 -1 0
    outer loop
      vertex 104.998 0 118.207
      vertex 164.2 0 177.039
      vertex 104.941 0 118.394
    endloop
  endfacet
  facet normal 0 -1 0
    outer loop
      vertex 105.042 0 118.015
      vertex 164.2 0 177.039
      vertex 104.998 0 118.207
    endloop
  endfacet
  facet normal 0 -1 0
    outer loop
      vertex 105.074 0 117.822
      vertex 164.2 0 177.039
      vertex 105.042 0 118.015
    endloop
  endfacet
  facet normal 0 -1 0
    outer loop
      vertex 105.094 0 117.626
      vertex 164.2 0 177.039
      vertex 105.074 0 117.822
    endloop
  endfacet
  facet normal 0 -1 0
    outer loop
      vertex 105.1 0 117.43
      vertex 164.2 0 177.039
      vertex 105.094 0 117.626
    endloop
  endfacet
  facet normal 0 -1 0
    outer loop
      vertex 105.094 0 117.234
      vertex 164.2 0 177.039
      vertex 105.1 0 117.43
    endloop
  endfacet
  facet normal 0 -1 0
    outer loop
      vertex 105.074 0 117.039
      vertex 164.2 0 177.039
      vertex 105.094 0 117.234
    endloop
  endfacet
  facet normal 0 -1 0
    outer loop
      vertex 117.743 0 70.3423
      vertex 105.074 0 117.039
      vertex 105.042 0 116.845
    endloop
  endfacet
  facet normal 0 -1 0
    outer loop
      vertex 115.164 0 73.5377
      vertex 105.042 0 116.845
      vertex 104.998 0 116.654
    endloop
  endfacet
  facet normal 0 -1 0
    outer loop
      vertex 115.164 0 73.5377
      vertex 104.998 0 116.654
      vertex 104.941 0 116.466
    endloop
  endfacet
  facet normal 0 -1 0
    outer loop
      vertex 113.044 0 75.8152
      vertex 104.941 0 116.466
      vertex 104.872 0 116.282
    endloop
  endfacet
  facet normal 0 -1 0
    outer loop
      vertex 112.408 0 76.4984
      vertex 104.872 0 116.282
      vertex 104.791 0 116.103
    endloop
  endfacet
  facet normal 0 -1 0
    outer loop
      vertex 112.408 0 76.4984
      vertex 104.791 0 116.103
      vertex 104.698 0 115.93
    endloop
  endfacet
  facet normal 0 -1 0
    outer loop
      vertex 109.485 0 79.2051
      vertex 104.698 0 115.93
      vertex 104.594 0 115.763
    endloop
  endfacet
  facet normal 0 -1 0
    outer loop
      vertex 109.485 0 79.2051
      vertex 104.594 0 115.763
      vertex 104.48 0 115.604
    endloop
  endfacet
  facet normal 0 -1 0
    outer loop
      vertex 109.485 0 79.2051
      vertex 104.48 0 115.604
      vertex 104.356 0 115.452
    endloop
  endfacet
  facet normal 0 -1 0
    outer loop
      vertex 107.201 0 81.014
      vertex 104.356 0 115.452
      vertex 104.221 0 115.309
    endloop
  endfacet
  facet normal 0 -1 -0
    outer loop
      vertex 100.952 0 114.658
      vertex 92.9284 0 88.3509
      vertex 101.136 0 114.589
    endloop
  endfacet
  facet normal 0 -1 -0
    outer loop
      vertex 101.136 0 114.589
      vertex 92.9284 0 88.3509
      vertex 101.324 0 114.532
    endloop
  endfacet
  facet normal 0 -1 -0
    outer loop
      vertex 101.324 0 114.532
      vertex 92.9284 0 88.3509
      vertex 101.515 0 114.488
    endloop
  endfacet
  facet normal 0 -1 0
    outer loop
      vertex 95.4284 0 87.4982
      vertex 101.515 0 114.488
      vertex 92.9284 0 88.3509
    endloop
  endfacet
  facet normal 0 -1 -0
    outer loop
      vertex 101.515 0 114.488
      vertex 95.4284 0 87.4982
      vertex 101.708 0 114.456
    endloop
  endfacet
  facet normal 0 -1 -0
    outer loop
      vertex 101.708 0 114.456
      vertex 95.4284 0 87.4982
      vertex 101.904 0 114.437
    endloop
  endfacet
  facet normal 0 -1 0
    outer loop
      vertex 96.4407 0 87.1529
      vertex 101.904 0 114.437
      vertex 95.4284 0 87.4982
    endloop
  endfacet
  facet normal 0 -1 -0
    outer loop
      vertex 101.904 0 114.437
      vertex 96.4407 0 87.1529
      vertex 102.1 0 114.43
    endloop
  endfacet
  facet normal 0 -1 -0
    outer loop
      vertex 102.1 0 114.43
      vertex 96.4407 0 87.1529
      vertex 102.296 0 114.437
    endloop
  endfacet
  facet normal 0 -1 0
    outer loop
      vertex 97.4189 0 86.7178
      vertex 102.296 0 114.437
      vertex 96.4407 0 87.1529
    endloop
  endfacet
  facet normal 0 -1 -0
    outer loop
      vertex 102.296 0 114.437
      vertex 97.4189 0 86.7178
      vertex 102.492 0 114.456
    endloop
  endfacet
  facet normal 0 -1 0
    outer loop
      vertex 99.871 0 85.6274
      vertex 102.492 0 114.456
      vertex 97.4189 0 86.7178
    endloop
  endfacet
  facet normal 0 -1 -0
    outer loop
      vertex 102.492 0 114.456
      vertex 99.871 0 85.6274
      vertex 102.685 0 114.488
    endloop
  endfacet
  facet normal 0 -1 -0
    outer loop
      vertex 102.685 0 114.488
      vertex 99.871 0 85.6274
      vertex 102.876 0 114.532
    endloop
  endfacet
  facet normal 0 -1 -0
    outer loop
      vertex 102.876 0 114.532
      vertex 99.871 0 85.6274
      vertex 103.064 0 114.589
    endloop
  endfacet
  facet normal 0 -1 -0
    outer loop
      vertex 103.064 0 114.589
      vertex 99.871 0 85.6274
      vertex 103.248 0 114.658
    endloop
  endfacet
  facet normal 0 -1 0
    outer loop
      vertex 102.294 0 84.2866
      vertex 103.248 0 114.658
      vertex 99.871 0 85.6274
    endloop
  endfacet
  facet normal 0 -1 -0
    outer loop
      vertex 103.248 0 114.658
      vertex 102.294 0 84.2866
      vertex 103.427 0 114.74
    endloop
  endfacet
  facet normal 0 -1 0
    outer loop
      vertex 103.2 0 83.7853
      vertex 103.427 0 114.74
      vertex 102.294 0 84.2866
    endloop
  endfacet
  facet normal 0 -1 -0
    outer loop
      vertex 103.427 0 114.74
      vertex 103.2 0 83.7853
      vertex 103.6 0 114.832
    endloop
  endfacet
  facet normal 0 -1 -0
    outer loop
      vertex 103.6 0 114.832
      vertex 103.2 0 83.7853
      vertex 103.767 0 114.936
    endloop
  endfacet
  facet normal 0 -1 -0
    outer loop
      vertex 103.767 0 114.936
      vertex 103.2 0 83.7853
      vertex 103.926 0 115.05
    endloop
  endfacet
  facet normal 0 -1 0
    outer loop
      vertex 105.571 0 82.201
      vertex 103.926 0 115.05
      vertex 103.2 0 83.7853
    endloop
  endfacet
  facet normal 0 -1 0
    outer loop
      vertex 103.926 0 115.05
      vertex 105.571 0 82.201
      vertex 104.078 0 115.175
    endloop
  endfacet
  facet normal 0 -1 0
    outer loop
      vertex 106.41 0 81.6396
      vertex 104.078 0 115.175
      vertex 105.571 0 82.201
    endloop
  endfacet
  facet normal 0 -1 0
    outer loop
      vertex 104.078 0 115.175
      vertex 106.41 0 81.6396
      vertex 104.221 0 115.309
    endloop
  endfacet
  facet normal 0 -1 0
    outer loop
      vertex 107.201 0 81.014
      vertex 104.221 0 115.309
      vertex 106.41 0 81.6396
    endloop
  endfacet
  facet normal 0 -1 0
    outer loop
      vertex 104.356 0 115.452
      vertex 107.201 0 81.014
      vertex 109.485 0 79.2051
    endloop
  endfacet
  facet normal 0 -1 0
    outer loop
      vertex 104.698 0 115.93
      vertex 109.485 0 79.2051
      vertex 110.2 0 78.5431
    endloop
  endfacet
  facet normal 0 -1 0
    outer loop
      vertex 104.698 0 115.93
      vertex 110.2 0 78.5431
      vertex 112.408 0 76.4984
    endloop
  endfacet
  facet normal 0 -1 0
    outer loop
      vertex 104.872 0 116.282
      vertex 112.408 0 76.4984
      vertex 113.044 0 75.8152
    endloop
  endfacet
  facet normal 0 -1 0
    outer loop
      vertex 104.941 0 116.466
      vertex 113.044 0 75.8152
      vertex 115.164 0 73.5377
    endloop
  endfacet
  facet normal 0 -1 0
    outer loop
      vertex 105.042 0 116.845
      vertex 115.164 0 73.5377
      vertex 117.215 0 70.9957
    endloop
  endfacet
  facet normal 0 -1 0
    outer loop
      vertex 105.042 0 116.845
      vertex 117.215 0 70.9957
      vertex 117.743 0 70.3423
    endloop
  endfacet
  facet normal 0 -1 0
    outer loop
      vertex 105.074 0 117.039
      vertex 117.743 0 70.3423
      vertex 164.2 0 177.039
    endloop
  endfacet
  facet normal 0 -1 0
    outer loop
      vertex 118.218 0 69.6633
      vertex 164.2 0 177.039
      vertex 117.743 0 70.3423
    endloop
  endfacet
  facet normal 0 -1 0
    outer loop
      vertex 120.131 0 66.9328
      vertex 164.2 0 177.039
      vertex 118.218 0 69.6633
    endloop
  endfacet
  facet normal 0 -1 0
    outer loop
      vertex 120.528 0 66.2791
      vertex 164.2 0 177.039
      vertex 120.131 0 66.9328
    endloop
  endfacet
  facet normal 0 -1 0
    outer loop
      vertex 122.319 0 63.3304
      vertex 164.2 0 177.039
      vertex 120.528 0 66.2791
    endloop
  endfacet
  facet normal 0 -1 0
    outer loop
      vertex 124.008 0 60.1128
      vertex 164.2 0 177.039
      vertex 122.319 0 63.3304
    endloop
  endfacet
  facet normal 0 -1 0
    outer loop
      vertex 124.299 0 59.557
      vertex 164.2 0 177.039
      vertex 124.008 0 60.1128
    endloop
  endfacet
  facet normal 0 -1 0
    outer loop
      vertex 124.551 0 58.9972
      vertex 164.2 0 177.039
      vertex 124.299 0 59.557
    endloop
  endfacet
  facet normal 0 -1 0
    outer loop
      vertex 126.065 0 55.6351
      vertex 164.2 0 177.039
      vertex 124.551 0 58.9972
    endloop
  endfacet
  facet normal 0 -1 0
    outer loop
      vertex 127.45 0 52.0064
      vertex 164.2 0 177.039
      vertex 126.065 0 55.6351
    endloop
  endfacet
  facet normal 0 -1 0
    outer loop
      vertex 127.61 0 51.5871
      vertex 164.2 0 177.039
      vertex 127.45 0 52.0064
    endloop
  endfacet
  facet normal 0 -1 0
    outer loop
      vertex 164.2 0 0
      vertex 127.61 0 51.5871
      vertex 128.826 0 47.7689
    endloop
  endfacet
  facet normal 0 -1 0
    outer loop
      vertex 164.2 0 0
      vertex 128.826 0 47.7689
      vertex 128.932 0 47.4356
    endloop
  endfacet
  facet normal 0 -1 0
    outer loop
      vertex 164.2 0 0
      vertex 128.932 0 47.4356
      vertex 129.017 0 47.1072
    endloop
  endfacet
  facet normal 0 -1 0
    outer loop
      vertex 164.2 0 0
      vertex 129.017 0 47.1072
      vertex 130.028 0 43.2027
    endloop
  endfacet
  facet normal 0 -1 0
    outer loop
      vertex 164.2 0 0
      vertex 130.028 0 43.2027
      vertex 130.87 0 39.0457
    endloop
  endfacet
  facet normal 0 -1 0
    outer loop
      vertex 164.2 0 0
      vertex 130.87 0 39.0457
      vertex 130.897 0 38.9105
    endloop
  endfacet
  facet normal 0 -1 0
    outer loop
      vertex 164.2 0 0
      vertex 130.897 0 38.9105
      vertex 130.917 0 38.779
    endloop
  endfacet
  facet normal 0 -1 0
    outer loop
      vertex 164.2 0 0
      vertex 130.917 0 38.779
      vertex 131.54 0 34.5805
    endloop
  endfacet
  facet normal 0 -1 0
    outer loop
      vertex 164.2 0 0
      vertex 131.54 0 34.5805
      vertex 131.641 0 33.534
    endloop
  endfacet
  facet normal 0 -1 -0
    outer loop
      vertex 131.467 0 33.534
      vertex 118.224 0 0
      vertex 131.555 0 33.534
    endloop
  endfacet
  facet normal 0 -1 -0
    outer loop
      vertex 131.555 0 33.534
      vertex 118.224 0 0
      vertex 131.641 0 33.534
    endloop
  endfacet
  facet normal 0 -1 0
    outer loop
      vertex 127.61 0 51.5871
      vertex 164.2 0 0
      vertex 164.2 0 177.039
    endloop
  endfacet
  facet normal 0 -1 0
    outer loop
      vertex 164.2 0 0
      vertex 131.641 0 33.534
      vertex 118.224 0 0
    endloop
  endfacet
  facet normal 0 0 1
    outer loop
      vertex 164.2 183.498 24
      vertex 161.2 180.498 24
      vertex 164.2 8 24
    endloop
  endfacet
  facet normal 0 0 1
    outer loop
      vertex 164.2 183.498 24
      vertex 3 180.498 24
      vertex 161.2 180.498 24
    endloop
  endfacet
  facet normal 0 0 1
    outer loop
      vertex 3 180.498 24
      vertex 0 183.498 24
      vertex 3 11 24
    endloop
  endfacet
  facet normal -0 0 1
    outer loop
      vertex 0 183.498 24
      vertex 3 180.498 24
      vertex 164.2 183.498 24
    endloop
  endfacet
  facet normal -0 0 1
    outer loop
      vertex 161.2 11 24
      vertex 164.2 8 24
      vertex 161.2 180.498 24
    endloop
  endfacet
  facet normal 0 0 1
    outer loop
      vertex 133.2 8 24
      vertex 161.2 11 24
      vertex 133.424 11 24
    endloop
  endfacet
  facet normal 0 0 1
    outer loop
      vertex 161.2 11 24
      vertex 133.2 8 24
      vertex 164.2 8 24
    endloop
  endfacet
  facet normal -0 0 1
    outer loop
      vertex 3 11 24
      vertex 31 8 24
      vertex 30.7759 11 24
    endloop
  endfacet
  facet normal 0 0 1
    outer loop
      vertex 3 11 24
      vertex 0 8 24
      vertex 31 8 24
    endloop
  endfacet
  facet normal 0 0 1
    outer loop
      vertex 0 8 24
      vertex 3 11 24
      vertex 0 183.498 24
    endloop
  endfacet
  facet normal 0 1 -0
    outer loop
      vertex 164.2 183.498 0
      vertex 0 183.498 24
      vertex 164.2 183.498 24
    endloop
  endfacet
  facet normal 0 1 0
    outer loop
      vertex 0 183.498 24
      vertex 164.2 183.498 0
      vertex 0 183.498 0
    endloop
  endfacet
  facet normal 0.991749 -0.0739755 -0.104698
    outer loop
      vertex 152.2 124.439 121.704
      vertex 133.425 11 24.01
      vertex 133.58 13.078 24.01
    endloop
  endfacet
  facet normal 0.992302 -0.0740919 -0.0992302
    outer loop
      vertex 133.425 11 24.01
      vertex 133.2 8 24
      vertex 133.424 11 24
    endloop
  endfacet
  facet normal 0.991752 -0.0740326 -0.104632
    outer loop
      vertex 133.2 8 24
      vertex 133.425 11 24.01
      vertex 152.2 124.439 121.704
    endloop
  endfacet
  facet normal -9.801e-06 -0.766041 -0.642792
    outer loop
      vertex 130.788 0 33.534
      vertex 120.519 -13.6572 49.81
      vertex 115.793 -16.6953 53.4307
    endloop
  endfacet
  facet normal 0 -0.766044 -0.642788
    outer loop
      vertex 120.519 -13.6572 49.81
      vertex 130.788 0 33.534
      vertex 130.997 0 33.534
    endloop
  endfacet
  facet normal -6.65385e-06 -0.766033 -0.642801
    outer loop
      vertex 82.1 40.8464 -15.1449
      vertex 53.7104 35.3108 -8.54777
      vertex 68.8743 39.7272 -13.811
    endloop
  endfacet
  facet normal 0.678342 0.370546 -0.634467
    outer loop
      vertex 118.799 36.491 0
      vertex 115.793 32.6953 -5.43067
      vertex 116.76 40.2237 0
    endloop
  endfacet
  facet normal 0.678408 0.370463 -0.634445
    outer loop
      vertex 115.793 32.6953 -5.43067
      vertex 118.799 36.491 0
      vertex 118.233 31.2259 -3.6796
    endloop
  endfacet
  facet normal 0.67842 0.370501 -0.63441
    outer loop
      vertex 122.489 70.846 24.01
      vertex 121.035 73.5084 24.01
      vertex 131.668 156.301 83.7323
    endloop
  endfacet
  facet normal 0.991757 -0.11579 -0.0548687
    outer loop
      vertex 133.437 8 28.2838
      vertex 133.2 8 24
      vertex 152.2 124.439 121.704
    endloop
  endfacet
  facet normal 0.00156226 0.766226 0.642569
    outer loop
      vertex 150.853 133.229 111.227
      vertex 148.48 138.923 104.443
      vertex 151.6 130.32 114.694
    endloop
  endfacet
  facet normal 0.577875 -0.613472 0.53825
    outer loop
      vertex 113.202 8 84.7635
      vertex 124.774 88.6907 164.307
      vertex 121.045 86.9732 166.353
    endloop
  endfacet
  facet normal 0.577891 -0.613465 0.538241
    outer loop
      vertex 124.774 88.6907 164.307
      vertex 113.202 8 84.7635
      vertex 114.102 8 83.7972
    endloop
  endfacet
  facet normal 0.578074 -0.613383 0.538137
    outer loop
      vertex 112.408 0 76.4984
      vertex 110.49 -19.3108 56.5478
      vertex 113.044 0 75.8152
    endloop
  endfacet
  facet normal -0.991755 -0.115835 -0.0548153
    outer loop
      vertex 30.7572 8 28.3929
      vertex 12.1501 121.492 125.216
      vertex 31 8 24
    endloop
  endfacet
  facet normal 9.44668e-05 0.766143 0.64267
    outer loop
      vertex 108.926 166.068 72.0916
      vertex 100.243 167.963 69.8338
      vertex 128.32 158.316 81.3301
    endloop
  endfacet
  facet normal 0 0.765763 0.643123
    outer loop
      vertex 95.7758 80.2451 174.372
      vertex 77.5152 79.4758 175.288
      vertex 86.6848 79.4758 175.288
    endloop
  endfacet
  facet normal 0 0.765763 0.643123
    outer loop
      vertex 77.5152 79.4758 175.288
      vertex 95.7758 80.2451 174.372
      vertex 68.4242 80.2451 174.372
    endloop
  endfacet
  facet normal 0.524101 0.446638 -0.725144
    outer loop
      vertex 111.436 87.0594 24.01
      vertex 121.045 161.904 77.054
      vertex 112.874 85.372 24.01
    endloop
  endfacet
  facet normal 0.52403 0.446669 -0.725175
    outer loop
      vertex 121.045 161.904 77.054
      vertex 111.436 87.0594 24.01
      vertex 117.15 163.461 75.1984
    endloop
  endfacet
  facet normal 0.52393 0.446713 -0.725221
    outer loop
      vertex 109.175 50.7303 0
      vertex 107.65 36.4459 -9.90045
      vertex 108.755 51.2229 0
    endloop
  endfacet
  facet normal -0.0971958 -0.729727 0.676795
    outer loop
      vertex 72.9501 79.7648 174.944
      vertex 76.0828 8 98.0163
      vertex 77.5152 79.4758 175.288
    endloop
  endfacet
  facet normal -0.09724 -0.729725 0.676791
    outer loop
      vertex 76.0828 8 98.0163
      vertex 72.9501 79.7648 174.944
      vertex 74.656 8 97.8113
    endloop
  endfacet
  facet normal -0.0972857 -0.729723 0.676787
    outer loop
      vertex 75.9224 0 89.3676
      vertex 74.8462 0 89.2129
      vertex 75.4301 -24.5654 62.81
    endloop
  endfacet
  facet normal -0.966365 0.0498681 -0.252292
    outer loop
      vertex 30.5106 24.5845 24.01
      vertex 13.347 133.229 111.227
      vertex 14.3886 136.101 107.805
    endloop
  endfacet
  facet normal -0.966416 0.0497254 -0.252125
    outer loop
      vertex 13.347 133.229 111.227
      vertex 30.5106 24.5845 24.01
      vertex 30.4798 23.9859 24.01
    endloop
  endfacet
  facet normal -0.577906 -0.613459 0.538232
    outer loop
      vertex 39.4258 88.6907 164.307
      vertex 50.9979 8 84.7635
      vertex 43.1545 86.9732 166.353
    endloop
  endfacet
  facet normal -0.578009 -0.613414 0.538171
    outer loop
      vertex 50.9979 8 84.7635
      vertex 39.4258 88.6907 164.307
      vertex 50.0982 8 83.7972
    endloop
  endfacet
  facet normal -0.577961 -0.613434 0.538201
    outer loop
      vertex 51.7925 0 76.4984
      vertex 51.1563 0 75.8152
      vertex 53.7104 -19.3108 56.5478
    endloop
  endfacet
  facet normal 0.842687 0.241814 -0.481045
    outer loop
      vertex 142.808 146.968 94.8539
      vertex 129.496 52.4276 24.01
      vertex 140.386 149.472 91.8698
    endloop
  endfacet
  facet normal 0.842599 0.241908 -0.481153
    outer loop
      vertex 129.496 52.4276 24.01
      vertex 142.808 146.968 94.8539
      vertex 129.917 50.9612 24.01
    endloop
  endfacet
  facet normal -0.0324593 0.542523 -0.839414
    outer loop
      vertex 78.5329 64.0658 0
      vertex 82.1 40.8464 -15.1449
      vertex 78.7579 40.7761 -15.0611
    endloop
  endfacet
  facet normal -0.0324734 0.542521 -0.839414
    outer loop
      vertex 82.1 40.8464 -15.1449
      vertex 78.5329 64.0658 0
      vertex 81.2661 64.2294 0
    endloop
  endfacet
  facet normal -0.0324936 0.542521 -0.839414
    outer loop
      vertex 78.1742 101.194 24.01
      vertex 77.5152 169.402 68.119
      vertex 79.944 101.3 24.01
    endloop
  endfacet
  facet normal -1.17762e-05 0.766013 0.642825
    outer loop
      vertex 68.4242 80.2451 174.372
      vertex 59.5671 81.7706 172.554
      vertex 63.9568 80.9147 173.574
    endloop
  endfacet
  facet normal -0.949558 0.0901886 -0.300344
    outer loop
      vertex 30.8354 30.2086 24.01
      vertex 15.7202 138.923 104.443
      vertex 31.2764 34.8517 24.01
    endloop
  endfacet
  facet normal -0.966358 -0.239821 0.0929461
    outer loop
      vertex 30.9679 8 37.6287
      vertex 13.347 115.648 132.18
      vertex 30.9349 8 37.2856
    endloop
  endfacet
  facet normal -0.966359 -0.239817 0.0929412
    outer loop
      vertex 13.347 115.648 132.18
      vertex 30.9679 8 37.6287
      vertex 14.3886 112.777 135.602
    endloop
  endfacet
  facet normal 0.991756 -0.115821 -0.0548298
    outer loop
      vertex 133.443 8 28.3929
      vertex 152.2 124.439 121.704
      vertex 152.05 121.492 125.216
    endloop
  endfacet
  facet normal 0.991745 -0.116051 -0.0545414
    outer loop
      vertex 152.2 124.439 121.704
      vertex 133.443 8 28.3929
      vertex 133.437 8 28.2838
    endloop
  endfacet
  facet normal 0 0.766178 0.642629
    outer loop
      vertex 124.774 88.6907 164.307
      vertex 117.927 89.5739 163.254
      vertex 115.717 88.6907 164.307
    endloop
  endfacet
  facet normal 0.000143028 0.766635 0.642083
    outer loop
      vertex 124.774 88.6907 164.307
      vertex 118.22 89.6911 163.114
      vertex 117.927 89.5739 163.254
    endloop
  endfacet
  facet normal -0.000178036 0.765767 0.643118
    outer loop
      vertex 124.774 88.6907 164.307
      vertex 118.501 89.8205 162.96
      vertex 118.22 89.6911 163.114
    endloop
  endfacet
  facet normal -4.8487e-05 0.766064 0.642764
    outer loop
      vertex 124.774 88.6907 164.307
      vertex 121.678 91.284 161.216
      vertex 118.501 89.8205 162.96
    endloop
  endfacet
  facet normal 1.08699e-05 0.766093 0.642729
    outer loop
      vertex 124.774 88.6907 164.307
      vertex 124.7 92.878 159.316
      vertex 121.678 91.284 161.216
    endloop
  endfacet
  facet normal 0.000133565 0.766094 0.642728
    outer loop
      vertex 124.774 88.6907 164.307
      vertex 124.967 93.0189 159.148
      vertex 124.7 92.878 159.316
    endloop
  endfacet
  facet normal -0.0024584 0.76614 0.642669
    outer loop
      vertex 124.774 88.6907 164.307
      vertex 125.219 93.1707 158.968
      vertex 124.967 93.0189 159.148
    endloop
  endfacet
  facet normal 1.57046e-05 0.76604 0.642792
    outer loop
      vertex 124.774 88.6907 164.307
      vertex 128.072 94.8883 156.921
      vertex 125.219 93.1707 158.968
    endloop
  endfacet
  facet normal 0.00351238 0.765266 0.643704
    outer loop
      vertex 124.774 88.6907 164.307
      vertex 128.308 95.0504 156.727
      vertex 128.072 94.8883 156.921
    endloop
  endfacet
  facet normal -0.000306562 0.766148 0.642664
    outer loop
      vertex 124.774 88.6907 164.307
      vertex 130.981 96.8843 154.542
      vertex 128.308 95.0504 156.727
    endloop
  endfacet
  facet normal 0.00011083 0.766018 0.642819
    outer loop
      vertex 130.981 96.8843 154.542
      vertex 124.774 88.6907 164.307
      vertex 132.721 98.2477 152.917
    endloop
  endfacet
  facet normal -0 0.752577 0.658505
    outer loop
      vertex 12.1501 121.492 125.216
      vertex 17.2584 121.485 125.224
      vertex 17.2573 121.492 125.216
    endloop
  endfacet
  facet normal -0.000610081 0.765818 0.643057
    outer loop
      vertex 19.3007 113.623 134.594
      vertex 12.1501 121.492 125.216
      vertex 20.0972 111.935 136.605
    endloop
  endfacet
  facet normal -0.00011997 0.766002 0.642838
    outer loop
      vertex 18.4131 116.07 131.678
      vertex 12.1501 121.492 125.216
      vertex 19.3007 113.623 134.594
    endloop
  endfacet
  facet normal 0.00213394 0.767075 0.641553
    outer loop
      vertex 18.3346 116.286 131.42
      vertex 12.1501 121.492 125.216
      vertex 18.4131 116.07 131.678
    endloop
  endfacet
  facet normal -6.37695e-05 0.765999 0.642841
    outer loop
      vertex 17.6978 118.765 128.466
      vertex 12.1501 121.492 125.216
      vertex 18.3346 116.286 131.42
    endloop
  endfacet
  facet normal 0.00164496 0.767433 0.641127
    outer loop
      vertex 17.6416 118.984 128.204
      vertex 12.1501 121.492 125.216
      vertex 17.6978 118.765 128.466
    endloop
  endfacet
  facet normal 4.288e-05 0.765986 0.642857
    outer loop
      vertex 17.2584 121.485 125.224
      vertex 12.1501 121.492 125.216
      vertex 17.6416 118.984 128.204
    endloop
  endfacet
  facet normal 0.000119995 0.766002 0.642838
    outer loop
      vertex 152.05 121.492 125.216
      vertex 145.787 116.07 131.678
      vertex 144.899 113.623 134.594
    endloop
  endfacet
  facet normal -5.46899e-05 0.766058 0.642772
    outer loop
      vertex 152.05 121.492 125.216
      vertex 145.922 116.505 131.159
      vertex 145.865 116.286 131.42
    endloop
  endfacet
  facet normal -0.000308148 0.766134 0.642681
    outer loop
      vertex 152.05 121.492 125.216
      vertex 144.799 113.41 134.847
      vertex 144.103 111.935 136.605
    endloop
  endfacet
  facet normal 0.00583528 0.763839 0.64538
    outer loop
      vertex 152.05 121.492 125.216
      vertex 144.899 113.623 134.594
      vertex 144.799 113.41 134.847
    endloop
  endfacet
  facet normal -0.00212773 0.767072 0.641557
    outer loop
      vertex 145.787 116.07 131.678
      vertex 152.05 121.492 125.216
      vertex 145.865 116.286 131.42
    endloop
  endfacet
  facet normal -0.000207889 0.766135 0.642679
    outer loop
      vertex 145.922 116.505 131.159
      vertex 152.05 121.492 125.216
      vertex 146.558 118.984 128.204
    endloop
  endfacet
  facet normal -4.28826e-05 0.765986 0.642857
    outer loop
      vertex 152.05 121.492 125.216
      vertex 146.942 121.485 125.224
      vertex 146.558 118.984 128.204
    endloop
  endfacet
  facet normal 0 0.752577 0.658505
    outer loop
      vertex 146.942 121.485 125.224
      vertex 152.05 121.492 125.216
      vertex 146.943 121.492 125.216
    endloop
  endfacet
  facet normal 0 0.766178 0.642629
    outer loop
      vertex 46.2732 89.5739 163.254
      vertex 39.4258 88.6907 164.307
      vertex 48.4827 88.6907 164.307
    endloop
  endfacet
  facet normal -0.000142975 0.766635 0.642083
    outer loop
      vertex 45.9798 89.6911 163.114
      vertex 39.4258 88.6907 164.307
      vertex 46.2732 89.5739 163.254
    endloop
  endfacet
  facet normal 0.000178068 0.765767 0.643118
    outer loop
      vertex 45.699 89.8205 162.96
      vertex 39.4258 88.6907 164.307
      vertex 45.9798 89.6911 163.114
    endloop
  endfacet
  facet normal 4.84842e-05 0.766064 0.642764
    outer loop
      vertex 42.5216 91.284 161.216
      vertex 39.4258 88.6907 164.307
      vertex 45.699 89.8205 162.96
    endloop
  endfacet
  facet normal -1.08708e-05 0.766093 0.642729
    outer loop
      vertex 39.4999 92.878 159.316
      vertex 39.4258 88.6907 164.307
      vertex 42.5216 91.284 161.216
    endloop
  endfacet
  facet normal -0.000133564 0.766094 0.642728
    outer loop
      vertex 39.2329 93.0189 159.148
      vertex 39.4258 88.6907 164.307
      vertex 39.4999 92.878 159.316
    endloop
  endfacet
  facet normal 0.00245636 0.76614 0.642669
    outer loop
      vertex 38.9807 93.1707 158.968
      vertex 39.4258 88.6907 164.307
      vertex 39.2329 93.0189 159.148
    endloop
  endfacet
  facet normal -1.57048e-05 0.76604 0.642792
    outer loop
      vertex 36.1277 94.8883 156.921
      vertex 39.4258 88.6907 164.307
      vertex 38.9807 93.1707 158.968
    endloop
  endfacet
  facet normal -0.0035101 0.765267 0.643704
    outer loop
      vertex 35.8916 95.0504 156.727
      vertex 39.4258 88.6907 164.307
      vertex 36.1277 94.8883 156.921
    endloop
  endfacet
  facet normal 0.000306721 0.766148 0.642664
    outer loop
      vertex 33.2194 96.8843 154.542
      vertex 39.4258 88.6907 164.307
      vertex 35.8916 95.0504 156.727
    endloop
  endfacet
  facet normal -0.000110705 0.766018 0.642819
    outer loop
      vertex 39.4258 88.6907 164.307
      vertex 33.2194 96.8843 154.542
      vertex 31.4787 98.2477 152.917
    endloop
  endfacet
  facet normal 1.89252e-05 0.766015 0.642822
    outer loop
      vertex 124.774 88.6907 164.307
      vertex 95.7758 80.2451 174.372
      vertex 108.926 82.8093 171.316
    endloop
  endfacet
  facet normal 0.629561 -0.587982 0.507868
    outer loop
      vertex 117.897 8 79.4124
      vertex 128.32 90.5613 162.077
      vertex 124.774 88.6907 164.307
    endloop
  endfacet
  facet normal 0.629379 -0.588076 0.507984
    outer loop
      vertex 128.32 90.5613 162.077
      vertex 117.897 8 79.4124
      vertex 118.677 8 78.446
    endloop
  endfacet
  facet normal 0.628959 -0.588296 0.50825
    outer loop
      vertex 117.215 0 70.9957
      vertex 115.793 -16.6953 53.4307
      vertex 117.743 0 70.3423
    endloop
  endfacet
  facet normal 0 -0.76605 -0.642781
    outer loop
      vertex 45.9668 31.2259 -3.6796
      vertex 41.7967 28.1384 0
      vertex 41.7544 28.1384 0
    endloop
  endfacet
  facet normal 3.02183e-05 -0.766067 -0.642761
    outer loop
      vertex 41.7967 28.1384 0
      vertex 45.9668 31.2259 -3.6796
      vertex 53.7104 35.3108 -8.54777
    endloop
  endfacet
  facet normal -0.678383 0.370524 -0.634436
    outer loop
      vertex 45.9668 31.2259 -3.6796
      vertex 45.4013 36.491 0
      vertex 45.5302 36.727 0
    endloop
  endfacet
  facet normal -0.67828 0.370585 -0.63451
    outer loop
      vertex 42.6813 72.6221 24.01
      vertex 32.5318 156.301 83.7323
      vertex 35.8799 158.316 81.3301
    endloop
  endfacet
  facet normal -0.67831 0.370567 -0.634489
    outer loop
      vertex 32.5318 156.301 83.7323
      vertex 42.6813 72.6221 24.01
      vertex 41.711 70.846 24.01
    endloop
  endfacet
  facet normal -0.724297 0.341007 -0.599256
    outer loop
      vertex 45.9668 31.2259 -3.6796
      vertex 45.2892 36.2529 0
      vertex 45.4013 36.491 0
    endloop
  endfacet
  facet normal -0.724274 0.34102 -0.599276
    outer loop
      vertex 41.711 70.846 24.01
      vertex 29.396 154.148 86.297
      vertex 32.5318 156.301 83.7323
    endloop
  endfacet
  facet normal -0.724229 0.341054 -0.599312
    outer loop
      vertex 29.396 154.148 86.297
      vertex 41.711 70.846 24.01
      vertex 40.8673 69.0544 24.01
    endloop
  endfacet
  facet normal -0.000676876 0.766095 0.642727
    outer loop
      vertex 12.5997 130.32 114.694
      vertex 12.1501 121.492 125.216
      vertex 15.7202 138.923 104.443
    endloop
  endfacet
  facet normal -0.724233 0.341053 -0.599308
    outer loop
      vertex 45.9668 31.2259 -3.6796
      vertex 43.3875 32.2146 0
      vertex 45.2892 36.2529 0
    endloop
  endfacet
  facet normal -0.724236 0.341046 -0.599308
    outer loop
      vertex 43.3875 32.2146 0
      vertex 45.9668 31.2259 -3.6796
      vertex 43.681 29.6572 -1.81001
    endloop
  endfacet
  facet normal -0.724227 0.341055 -0.599314
    outer loop
      vertex 39.4947 66.1397 24.01
      vertex 29.396 154.148 86.297
      vertex 40.8673 69.0544 24.01
    endloop
  endfacet
  facet normal 0.0324593 0.542523 -0.839414
    outer loop
      vertex 82.1 40.8464 -15.1449
      vertex 85.6671 64.0658 0
      vertex 85.4421 40.7761 -15.0611
    endloop
  endfacet
  facet normal 0.0324734 0.542521 -0.839414
    outer loop
      vertex 85.6671 64.0658 0
      vertex 82.1 40.8464 -15.1449
      vertex 82.9339 64.2294 0
    endloop
  endfacet
  facet normal 0.0324936 0.542521 -0.839414
    outer loop
      vertex 86.0258 101.194 24.01
      vertex 84.256 101.3 24.01
      vertex 86.6848 169.402 68.119
    endloop
  endfacet
  facet normal -0.225292 0.526205 -0.819971
    outer loop
      vertex 68.8743 39.7272 -13.811
      vertex 68.0624 60.9009 0
      vertex 68.7993 61.2164 0
    endloop
  endfacet
  facet normal -0.225342 0.526198 -0.819962
    outer loop
      vertex 63.9568 167.963 69.8338
      vertex 68.6688 98.5747 24.01
      vertex 66.6508 97.7105 24.01
    endloop
  endfacet
  facet normal -0.22527 0.52621 -0.819973
    outer loop
      vertex 68.6688 98.5747 24.01
      vertex 63.9568 167.963 69.8338
      vertex 68.4242 168.632 69.0358
    endloop
  endfacet
  facet normal 0.949584 0.0901354 -0.300278
    outer loop
      vertex 149.811 136.101 107.805
      vertex 132.924 34.8517 24.01
      vertex 148.48 138.923 104.443
    endloop
  endfacet
  facet normal 0.949558 0.0901928 -0.300342
    outer loop
      vertex 132.924 34.8517 24.01
      vertex 149.811 136.101 107.805
      vertex 133.013 33.9147 24.01
    endloop
  endfacet
  facet normal 0.842791 0.241712 -0.480915
    outer loop
      vertex 129.496 52.4276 24.01
      vertex 128.424 56.1654 24.01
      vertex 140.386 149.472 91.8698
    endloop
  endfacet
  facet normal 0.000888897 0.766111 0.642707
    outer loop
      vertex 149.811 136.101 107.805
      vertex 148.48 138.923 104.443
      vertex 150.853 133.229 111.227
    endloop
  endfacet
  facet normal -0 -0.766044 -0.642789
    outer loop
      vertex 34.4585 0 33.534
      vertex 62.5449 -22.3462 60.1651
      vertex 34.0144 0 33.534
    endloop
  endfacet
  facet normal 8.769e-06 -0.766039 -0.642794
    outer loop
      vertex 62.5449 -22.3462 60.1651
      vertex 34.4585 0 33.534
      vertex 72.1309 -24.2153 62.3927
    endloop
  endfacet
  facet normal -0.409493 -0.675952 0.612703
    outer loop
      vertex 51.0956 84.0262 169.866
      vertex 58.3053 8 90.8102
      vertex 55.2739 82.8093 171.316
    endloop
  endfacet
  facet normal -0.40951 -0.675947 0.612697
    outer loop
      vertex 58.3053 8 90.8102
      vertex 51.0956 84.0262 169.866
      vertex 57.1522 8 90.0395
    endloop
  endfacet
  facet normal -0.409492 -0.67595 0.612706
    outer loop
      vertex 58.6295 0 82.201
      vertex 57.7895 0 81.6396
      vertex 59.499 -21.4591 59.108
    endloop
  endfacet
  facet normal 0.00267839 0.767108 0.641513
    outer loop
      vertex 23.814 99.4051 151.538
      vertex 19.2292 104.509 145.454
      vertex 21.3916 101.909 148.554
    endloop
  endfacet
  facet normal -0.966364 0.0498712 -0.252296
    outer loop
      vertex 30.5106 24.5845 24.01
      vertex 14.3886 136.101 107.805
      vertex 30.7598 29.4133 24.01
    endloop
  endfacet
  facet normal -1.8925e-05 0.766015 0.642822
    outer loop
      vertex 68.4242 80.2451 174.372
      vertex 39.4258 88.6907 164.307
      vertex 55.2739 82.8093 171.316
    endloop
  endfacet
  facet normal -0.467819 -0.657462 0.590668
    outer loop
      vertex 47.05 85.4162 168.209
      vertex 57.1522 8 90.0395
      vertex 51.0956 84.0262 169.866
    endloop
  endfacet
  facet normal -0.46777 -0.657478 0.59069
    outer loop
      vertex 57.1522 8 90.0395
      vertex 47.05 85.4162 168.209
      vertex 56.0676 8 89.1806
    endloop
  endfacet
  facet normal -0.467768 -0.657477 0.590692
    outer loop
      vertex 57.7895 0 81.6396
      vertex 56.9995 0 81.014
      vertex 59.499 -21.4591 59.108
    endloop
  endfacet
  facet normal 0 0.766055 0.642775
    outer loop
      vertex 95.7758 80.2451 174.372
      vertex 82.1 82.6482 171.508
      vertex 68.4242 80.2451 174.372
    endloop
  endfacet
  facet normal 0.000695254 0.767687 0.640824
    outer loop
      vertex 95.7758 80.2451 174.372
      vertex 82.4453 82.6554 171.499
      vertex 82.1 82.6482 171.508
    endloop
  endfacet
  facet normal 2.98351e-06 0.766108 0.642712
    outer loop
      vertex 95.7758 80.2451 174.372
      vertex 86.3522 82.7376 171.401
      vertex 82.4453 82.6554 171.499
    endloop
  endfacet
  facet normal -7.78254e-05 0.765982 0.642862
    outer loop
      vertex 95.7758 80.2451 174.372
      vertex 90.2423 82.9839 171.108
      vertex 86.3522 82.7376 171.401
    endloop
  endfacet
  facet normal 3.24332e-05 0.766074 0.642752
    outer loop
      vertex 95.7758 80.2451 174.372
      vertex 90.5861 83.0057 171.082
      vertex 90.2423 82.9839 171.108
    endloop
  endfacet
  facet normal -3.6002e-05 0.766021 0.642816
    outer loop
      vertex 95.7758 80.2451 174.372
      vertex 90.927 83.0418 171.039
      vertex 90.5861 83.0057 171.082
    endloop
  endfacet
  facet normal 2.98312e-05 0.766068 0.64276
    outer loop
      vertex 95.7758 80.2451 174.372
      vertex 94.7837 83.4511 170.551
      vertex 90.927 83.0418 171.039
    endloop
  endfacet
  facet normal -9.19026e-06 0.766063 0.642766
    outer loop
      vertex 95.7758 80.2451 174.372
      vertex 98.5906 84.0217 169.871
      vertex 94.7837 83.4511 170.551
    endloop
  endfacet
  facet normal -0.000144878 0.766105 0.642716
    outer loop
      vertex 95.7758 80.2451 174.372
      vertex 98.927 84.0721 169.811
      vertex 98.5906 84.0217 169.871
    endloop
  endfacet
  facet normal 0.000299365 0.765954 0.642896
    outer loop
      vertex 95.7758 80.2451 174.372
      vertex 99.2576 84.1366 169.734
      vertex 98.927 84.0721 169.811
    endloop
  endfacet
  facet normal -6.65246e-05 0.766089 0.642735
    outer loop
      vertex 95.7758 80.2451 174.372
      vertex 102.998 84.866 168.865
      vertex 99.2576 84.1366 169.734
    endloop
  endfacet
  facet normal 0.00257048 0.764381 0.64476
    outer loop
      vertex 95.7758 80.2451 174.372
      vertex 103.322 84.9442 168.771
      vertex 102.998 84.866 168.865
    endloop
  endfacet
  facet normal -0.000280823 0.766278 0.64251
    outer loop
      vertex 95.7758 80.2451 174.372
      vertex 106.98 85.8293 167.717
      vertex 103.322 84.9442 168.771
    endloop
  endfacet
  facet normal 0.00411736 0.762614 0.64684
    outer loop
      vertex 95.7758 80.2451 174.372
      vertex 107.295 85.9209 167.607
      vertex 106.98 85.8293 167.717
    endloop
  endfacet
  facet normal -0.000442587 0.766455 0.642298
    outer loop
      vertex 95.7758 80.2451 174.372
      vertex 110.855 86.9579 166.372
      vertex 107.295 85.9209 167.607
    endloop
  endfacet
  facet normal -4.46946e-06 0.766048 0.642783
    outer loop
      vertex 124.774 88.6907 164.307
      vertex 110.855 86.9579 166.372
      vertex 95.7758 80.2451 174.372
    endloop
  endfacet
  facet normal -0.000272561 0.766937 0.641722
    outer loop
      vertex 110.855 86.9579 166.372
      vertex 124.774 88.6907 164.307
      vertex 111.16 87.0626 166.247
    endloop
  endfacet
  facet normal -6.97547e-05 0.766237 0.642558
    outer loop
      vertex 111.16 87.0626 166.247
      vertex 124.774 88.6907 164.307
      vertex 114.607 88.247 164.835
    endloop
  endfacet
  facet normal 0 0.765576 0.643345
    outer loop
      vertex 114.607 88.247 164.835
      vertex 124.774 88.6907 164.307
      vertex 115.717 88.6907 164.307
    endloop
  endfacet
  facet normal -0.000695254 0.767687 0.640824
    outer loop
      vertex 81.7547 82.6554 171.499
      vertex 68.4242 80.2451 174.372
      vertex 82.1 82.6482 171.508
    endloop
  endfacet
  facet normal -2.98351e-06 0.766108 0.642712
    outer loop
      vertex 77.8478 82.7376 171.401
      vertex 68.4242 80.2451 174.372
      vertex 81.7547 82.6554 171.499
    endloop
  endfacet
  facet normal 7.78254e-05 0.765982 0.642862
    outer loop
      vertex 73.9577 82.9839 171.108
      vertex 68.4242 80.2451 174.372
      vertex 77.8478 82.7376 171.401
    endloop
  endfacet
  facet normal -3.24332e-05 0.766074 0.642752
    outer loop
      vertex 73.6139 83.0057 171.082
      vertex 68.4242 80.2451 174.372
      vertex 73.9577 82.9839 171.108
    endloop
  endfacet
  facet normal 3.6002e-05 0.766021 0.642816
    outer loop
      vertex 73.273 83.0418 171.039
      vertex 68.4242 80.2451 174.372
      vertex 73.6139 83.0057 171.082
    endloop
  endfacet
  facet normal -2.98312e-05 0.766068 0.64276
    outer loop
      vertex 69.4163 83.4511 170.551
      vertex 68.4242 80.2451 174.372
      vertex 73.273 83.0418 171.039
    endloop
  endfacet
  facet normal 9.19026e-06 0.766063 0.642766
    outer loop
      vertex 65.6094 84.0217 169.871
      vertex 68.4242 80.2451 174.372
      vertex 69.4163 83.4511 170.551
    endloop
  endfacet
  facet normal 0.000144878 0.766105 0.642716
    outer loop
      vertex 65.273 84.0721 169.811
      vertex 68.4242 80.2451 174.372
      vertex 65.6094 84.0217 169.871
    endloop
  endfacet
  facet normal 6.04605e-05 0.766076 0.64275
    outer loop
      vertex 61.5323 84.8015 168.942
      vertex 68.4242 80.2451 174.372
      vertex 65.273 84.0721 169.811
    endloop
  endfacet
  facet normal -0.000368102 0.765808 0.643069
    outer loop
      vertex 61.2017 84.866 168.865
      vertex 68.4242 80.2451 174.372
      vertex 61.5323 84.8015 168.942
    endloop
  endfacet
  facet normal -0.00257952 0.764375 0.644767
    outer loop
      vertex 60.8784 84.9442 168.771
      vertex 68.4242 80.2451 174.372
      vertex 61.2017 84.866 168.865
    endloop
  endfacet
  facet normal 0.000280763 0.766278 0.64251
    outer loop
      vertex 57.22 85.8293 167.717
      vertex 68.4242 80.2451 174.372
      vertex 60.8784 84.9442 168.771
    endloop
  endfacet
  facet normal -0.00412685 0.762606 0.64685
    outer loop
      vertex 56.9053 85.9209 167.607
      vertex 68.4242 80.2451 174.372
      vertex 57.22 85.8293 167.717
    endloop
  endfacet
  facet normal 0.000442418 0.766455 0.642298
    outer loop
      vertex 53.3448 86.9579 166.372
      vertex 68.4242 80.2451 174.372
      vertex 56.9053 85.9209 167.607
    endloop
  endfacet
  facet normal 0.000272409 0.766937 0.641722
    outer loop
      vertex 39.4258 88.6907 164.307
      vertex 53.3448 86.9579 166.372
      vertex 53.0401 87.0626 166.247
    endloop
  endfacet
  facet normal 6.97567e-05 0.766237 0.642557
    outer loop
      vertex 39.4258 88.6907 164.307
      vertex 53.0401 87.0626 166.247
      vertex 49.5927 88.247 164.835
    endloop
  endfacet
  facet normal -0 0.765576 0.643345
    outer loop
      vertex 39.4258 88.6907 164.307
      vertex 49.5927 88.247 164.835
      vertex 48.4827 88.6907 164.307
    endloop
  endfacet
  facet normal 4.46948e-06 0.766048 0.642783
    outer loop
      vertex 53.3448 86.9579 166.372
      vertex 39.4258 88.6907 164.307
      vertex 68.4242 80.2451 174.372
    endloop
  endfacet
  facet normal -0.409513 -0.675945 0.612696
    outer loop
      vertex 60.4466 8 92.2414
      vertex 55.2739 82.8093 171.316
      vertex 58.3053 8 90.8102
    endloop
  endfacet
  facet normal -0.409536 -0.675938 0.612689
    outer loop
      vertex 58.6295 0 82.201
      vertex 62.5449 -22.3462 60.1651
      vertex 60.9997 0 83.7853
    endloop
  endfacet
  facet normal -0.409507 -0.675945 0.612701
    outer loop
      vertex 62.5449 -22.3462 60.1651
      vertex 58.6295 0 82.201
      vertex 59.499 -21.4591 59.108
    endloop
  endfacet
  facet normal -0 -0.766046 -0.642785
    outer loop
      vertex 116.343 28.1384 0
      vertex 47.857 28.1384 0
      vertex 82.1 40.8464 -15.1449
    endloop
  endfacet
  facet normal -0.97903 0.00894394 -0.203522
    outer loop
      vertex 30.4798 23.9859 24.01
      vertex 12.5997 130.32 114.694
      vertex 13.347 133.229 111.227
    endloop
  endfacet
  facet normal -0.979009 0.00902793 -0.203616
    outer loop
      vertex 12.5997 130.32 114.694
      vertex 30.4798 23.9859 24.01
      vertex 30.4746 23.422 24.01
    endloop
  endfacet
  facet normal -0.991275 -0.0740483 -0.10904
    outer loop
      vertex 30.7759 11 24
      vertex 31 8 24
      vertex 30.7748 11 24.01
    endloop
  endfacet
  facet normal -0.991754 -0.0740736 -0.104585
    outer loop
      vertex 30.7748 11 24.01
      vertex 12.1501 127.386 118.192
      vertex 30.6058 13.2627 24.01
    endloop
  endfacet
  facet normal -0.991755 -0.0740992 -0.104553
    outer loop
      vertex 12.1501 127.386 118.192
      vertex 30.7748 11 24.01
      vertex 31 8 24
    endloop
  endfacet
  facet normal 0 -0.766046 -0.642786
    outer loop
      vertex 53.7104 35.3108 -8.54777
      vertex 47.857 28.1384 0
      vertex 43.2595 28.1384 0
    endloop
  endfacet
  facet normal -8.24415e-07 -0.766046 -0.642786
    outer loop
      vertex 47.857 28.1384 0
      vertex 53.7104 35.3108 -8.54777
      vertex 82.1 40.8464 -15.1449
    endloop
  endfacet
  facet normal -9.44692e-05 0.766143 0.64267
    outer loop
      vertex 55.2739 166.068 72.0916
      vertex 35.8799 158.316 81.3301
      vertex 63.9568 167.963 69.8338
    endloop
  endfacet
  facet normal -0.949547 0.0902097 -0.30037
    outer loop
      vertex 30.8354 30.2086 24.01
      vertex 14.3886 136.101 107.805
      vertex 15.7202 138.923 104.443
    endloop
  endfacet
  facet normal -0.949524 0.0902603 -0.30043
    outer loop
      vertex 14.3886 136.101 107.805
      vertex 30.8354 30.2086 24.01
      vertex 30.7598 29.4133 24.01
    endloop
  endfacet
  facet normal 0.00319629 0.765964 0.642875
    outer loop
      vertex 12.1501 127.386 118.192
      vertex 12 124.439 121.704
      vertex 12.5997 130.32 114.694
    endloop
  endfacet
  facet normal -0.161635 -0.724276 0.670297
    outer loop
      vertex 72.9501 79.7648 174.944
      vertex 72.3847 8 97.2636
      vertex 74.656 8 97.8113
    endloop
  endfacet
  facet normal -0.161646 -0.724276 0.670295
    outer loop
      vertex 72.3217 0 88.6041
      vertex 75.4301 -24.5654 62.81
      vertex 74.8462 0 89.2129
    endloop
  endfacet
  facet normal -0.16164 -0.724276 0.670296
    outer loop
      vertex 75.4301 -24.5654 62.81
      vertex 72.3217 0 88.6041
      vertex 72.1309 -24.2153 62.3927
    endloop
  endfacet
  facet normal -0.524006 0.446673 -0.72519
    outer loop
      vertex 52.6563 47.9518 0
      vertex 56.55 36.4459 -9.90045
      vertex 53.7104 35.3108 -8.54777
    endloop
  endfacet
  facet normal -0.524 0.446678 -0.725192
    outer loop
      vertex 56.55 36.4459 -9.90045
      vertex 52.6563 47.9518 0
      vertex 55.0248 50.7303 0
    endloop
  endfacet
  facet normal -0.523995 0.446681 -0.725194
    outer loop
      vertex 49.6956 83.4594 24.01
      vertex 43.1545 161.904 77.054
      vertex 51.326 85.372 24.01
    endloop
  endfacet
  facet normal -0 -0.766046 -0.642786
    outer loop
      vertex 43.2595 28.1384 0
      vertex 41.7967 28.1384 0
      vertex 53.7104 35.3108 -8.54777
    endloop
  endfacet
  facet normal 0.629477 0.398098 -0.66729
    outer loop
      vertex 118.921 77.0981 24.01
      vertex 128.32 158.316 81.3301
      vertex 120.044 75.3224 24.01
    endloop
  endfacet
  facet normal 0.629517 0.398076 -0.667266
    outer loop
      vertex 128.32 158.316 81.3301
      vertex 118.921 77.0981 24.01
      vertex 124.774 160.187 79.1009
    endloop
  endfacet
  facet normal 0.629785 0.397941 -0.667093
    outer loop
      vertex 116.577 40.5583 0
      vertex 115.793 32.6953 -5.43067
      vertex 116.37 40.8859 0
    endloop
  endfacet
  facet normal -9.97949e-07 -0.766071 -0.642757
    outer loop
      vertex 95.3257 39.7272 -13.811
      vertex 82.1 40.8464 -15.1449
      vertex 88.7699 40.5654 -14.81
    endloop
  endfacet
  facet normal 0.28802 0.515406 -0.807094
    outer loop
      vertex 95.3257 39.7272 -13.811
      vertex 99.4765 59.0348 0
      vertex 98.5256 39.1033 -13.0675
    endloop
  endfacet
  facet normal 0.288061 0.515393 -0.807088
    outer loop
      vertex 99.4765 59.0348 0
      vertex 95.3257 39.7272 -13.811
      vertex 96.8439 60.5062 0
    endloop
  endfacet
  facet normal 0.288034 0.5154 -0.807093
    outer loop
      vertex 101.224 95.6568 24.01
      vertex 99.4833 96.6296 24.01
      vertex 104.633 167.107 70.8538
    endloop
  endfacet
  facet normal 0.349525 0.501986 -0.791102
    outer loop
      vertex 104.777 93.1829 24.01
      vertex 103.054 94.3826 24.01
      vertex 108.926 166.068 72.0916
    endloop
  endfacet
  facet normal 0.349564 0.501971 -0.791094
    outer loop
      vertex 98.5256 39.1033 -13.0675
      vertex 102.705 56.7869 0
      vertex 101.655 38.3462 -12.1651
    endloop
  endfacet
  facet normal 0.349479 0.502004 -0.791111
    outer loop
      vertex 102.705 56.7869 0
      vertex 98.5256 39.1033 -13.0675
      vertex 100.121 58.5858 0
    endloop
  endfacet
  facet normal 3.86944e-05 0.766085 0.642739
    outer loop
      vertex 113.104 164.851 73.5419
      vertex 108.926 166.068 72.0916
      vertex 128.32 158.316 81.3301
    endloop
  endfacet
  facet normal 0.288021 0.515402 -0.807097
    outer loop
      vertex 96.8439 60.5062 0
      vertex 95.3257 39.7272 -13.811
      vertex 96.1376 60.9009 0
    endloop
  endfacet
  facet normal 0.288038 0.515399 -0.807092
    outer loop
      vertex 97.5492 97.7105 24.01
      vertex 104.633 167.107 70.8538
      vertex 99.4833 96.6296 24.01
    endloop
  endfacet
  facet normal 0.288023 0.515402 -0.807095
    outer loop
      vertex 104.633 167.107 70.8538
      vertex 97.5492 97.7105 24.01
      vertex 100.243 167.963 69.8338
    endloop
  endfacet
  facet normal 0.000156427 -0.76592 -0.642935
    outer loop
      vertex 118.233 31.2259 -3.6796
      vertex 110.49 35.3108 -8.54777
      vertex 115.793 32.6953 -5.43067
    endloop
  endfacet
  facet normal 0.000186294 0.766104 0.642716
    outer loop
      vertex 137.714 151.869 89.0134
      vertex 131.668 156.301 83.7323
      vertex 140.386 149.472 91.8698
    endloop
  endfacet
  facet normal 0.928675 0.129728 -0.347467
    outer loop
      vertex 148.48 138.923 104.443
      vertex 132.786 35.8361 24.01
      vertex 146.864 141.682 101.154
    endloop
  endfacet
  facet normal 0.928429 0.130154 -0.347965
    outer loop
      vertex 132.786 35.8361 24.01
      vertex 148.48 138.923 104.443
      vertex 132.924 34.8517 24.01
    endloop
  endfacet
  facet normal 0.97904 0.00890245 -0.203474
    outer loop
      vertex 151.6 130.32 114.694
      vertex 133.72 23.9859 24.01
      vertex 150.853 133.229 111.227
    endloop
  endfacet
  facet normal 0.979093 0.00868145 -0.203226
    outer loop
      vertex 133.72 23.9859 24.01
      vertex 151.6 130.32 114.694
      vertex 133.725 23.422 24.01
    endloop
  endfacet
  facet normal -0.875118 -0.395635 0.278641
    outer loop
      vertex 37.8461 -8.42322 43.5724
      vertex 35.3742 0 47.7689
      vertex 36.2698 -6.52761 41.3133
    endloop
  endfacet
  facet normal -0.875121 -0.395633 0.278635
    outer loop
      vertex 35.3742 0 47.7689
      vertex 37.8461 -8.42322 43.5724
      vertex 36.5899 0 51.5871
    endloop
  endfacet
  facet normal -0.875113 -0.395644 0.278646
    outer loop
      vertex 35.3968 8 59.1991
      vertex 21.3916 101.909 148.554
      vertex 34.2765 8 55.6807
    endloop
  endfacet
  facet normal -0.987508 -0.157484 -0.00517924
    outer loop
      vertex 30.7566 8 28.5073
      vertex 12.1501 121.492 125.216
      vertex 30.7572 8 28.3929
    endloop
  endfacet
  facet normal -0.98751 -0.157467 -0.00519935
    outer loop
      vertex 12.1501 121.492 125.216
      vertex 30.7566 8 28.5073
      vertex 12.5997 118.557 128.713
    endloop
  endfacet
  facet normal -0.000102892 0.766011 0.642828
    outer loop
      vertex 39.4258 88.6907 164.307
      vertex 29.396 94.729 157.11
      vertex 32.5318 92.5769 159.675
    endloop
  endfacet
  facet normal -0.842652 -0.431783 0.321717
    outer loop
      vertex 39.6119 -10.2485 45.7477
      vertex 36.5899 0 51.5871
      vertex 37.8461 -8.42322 43.5724
    endloop
  endfacet
  facet normal -0.842653 -0.431782 0.321714
    outer loop
      vertex 36.5899 0 51.5871
      vertex 39.6119 -10.2485 45.7477
      vertex 37.947 0 55.1417
    endloop
  endfacet
  facet normal -0.84265 -0.431785 0.321718
    outer loop
      vertex 36.6474 8 62.4747
      vertex 21.3916 101.909 148.554
      vertex 35.3968 8 59.1991
    endloop
  endfacet
  facet normal -0.225337 -0.716133 0.660588
    outer loop
      vertex 63.9568 80.9147 173.574
      vertex 68.737 8 96.159
      vertex 68.4242 80.2451 174.372
    endloop
  endfacet
  facet normal -0.225321 -0.716135 0.660591
    outer loop
      vertex 68.737 8 96.159
      vertex 63.9568 80.9147 173.574
      vertex 67.3834 8 95.6973
    endloop
  endfacet
  facet normal -0.22533 -0.716134 0.66059
    outer loop
      vertex 68.7716 0 87.4982
      vertex 67.7593 0 87.1529
      vertex 68.8743 -23.7272 61.811
    endloop
  endfacet
  facet normal -0.349565 -0.691908 0.631719
    outer loop
      vertex 55.2739 82.8093 171.316
      vertex 61.677 8 92.9222
      vertex 59.5671 81.7706 172.554
    endloop
  endfacet
  facet normal -0.349544 -0.691912 0.631725
    outer loop
      vertex 61.677 8 92.9222
      vertex 55.2739 82.8093 171.316
      vertex 60.4466 8 92.2414
    endloop
  endfacet
  facet normal -0.349508 -0.69192 0.631736
    outer loop
      vertex 61.9058 0 84.2866
      vertex 60.9997 0 83.7853
      vertex 62.5449 -22.3462 60.1651
    endloop
  endfacet
  facet normal -0.000501792 0.765529 0.643401
    outer loop
      vertex 51.0956 84.0262 169.866
      vertex 39.4258 88.6907 164.307
      vertex 47.05 85.4162 168.209
    endloop
  endfacet
  facet normal -2.7744e-05 -0.765971 -0.642875
    outer loop
      vertex 95.3257 -23.7272 61.811
      vertex 92.0691 -24.2153 62.3927
      vertex 98.5256 -23.1033 61.0675
    endloop
  endfacet
  facet normal 0.0971958 -0.729727 0.676795
    outer loop
      vertex 88.1172 8 98.0163
      vertex 91.2499 79.7648 174.944
      vertex 86.6848 79.4758 175.288
    endloop
  endfacet
  facet normal 0.09724 -0.729725 0.676791
    outer loop
      vertex 91.2499 79.7648 174.944
      vertex 88.1172 8 98.0163
      vertex 89.544 8 97.8113
    endloop
  endfacet
  facet normal 0.0972857 -0.729723 0.676787
    outer loop
      vertex 89.3538 0 89.2129
      vertex 88.2776 0 89.3676
      vertex 88.7699 -24.5654 62.81
    endloop
  endfacet
  facet normal 0.524071 -0.63658 0.565787
    outer loop
      vertex 110.203 8 87.5411
      vertex 121.045 86.9732 166.353
      vertex 117.15 85.4162 168.209
    endloop
  endfacet
  facet normal 0.524183 -0.636539 0.56573
    outer loop
      vertex 121.045 86.9732 166.353
      vertex 110.203 8 87.5411
      vertex 111.197 8 86.6201
    endloop
  endfacet
  facet normal 0.523914 -0.636645 0.565859
    outer loop
      vertex 109.485 0 79.2051
      vertex 107.65 -20.4459 57.9005
      vertex 110.2 0 78.5431
    endloop
  endfacet
  facet normal 0.000501491 0.765529 0.643401
    outer loop
      vertex 124.774 88.6907 164.307
      vertex 113.104 84.0262 169.866
      vertex 117.15 85.4162 168.209
    endloop
  endfacet
  facet normal -0.0026861 0.767111 0.641509
    outer loop
      vertex 144.971 104.509 145.454
      vertex 140.386 99.4051 151.538
      vertex 142.808 101.909 148.554
    endloop
  endfacet
  facet normal 0.875156 -0.395591 0.278585
    outer loop
      vertex 142.808 101.909 148.554
      vertex 128.803 8 59.1991
      vertex 129.923 8 55.6807
    endloop
  endfacet
  facet normal 0.875089 -0.395663 0.278694
    outer loop
      vertex 126.354 -8.42322 43.5724
      vertex 128.826 0 47.7689
      vertex 127.61 0 51.5871
    endloop
  endfacet
  facet normal 0.875151 -0.395617 0.278564
    outer loop
      vertex 128.826 0 47.7689
      vertex 126.354 -8.42322 43.5724
      vertex 127.93 -6.52761 41.3133
    endloop
  endfacet
  facet normal 0.000280849 0.765993 0.642849
    outer loop
      vertex 152.05 121.492 125.216
      vertex 146.864 107.195 142.254
      vertex 150.853 115.648 132.18
    endloop
  endfacet
  facet normal 0.928679 0.129721 -0.347459
    outer loop
      vertex 132.786 35.8361 24.01
      vertex 132.166 40.2747 24.01
      vertex 146.864 141.682 101.154
    endloop
  endfacet
  facet normal 0.966379 0.0498319 -0.252247
    outer loop
      vertex 133.689 24.5845 24.01
      vertex 133.44 29.4133 24.01
      vertex 149.811 136.101 107.805
    endloop
  endfacet
  facet normal 0.000348439 0.76619 0.642614
    outer loop
      vertex 140.386 149.472 91.8698
      vertex 131.668 156.301 83.7323
      vertex 148.48 138.923 104.443
    endloop
  endfacet
  facet normal -0.000892234 0.766352 0.642421
    outer loop
      vertex 17.336 141.682 101.154
      vertex 15.7202 138.923 104.443
      vertex 21.3916 146.968 94.8539
    endloop
  endfacet
  facet normal -0.987508 -0.032447 -0.154195
    outer loop
      vertex 30.5993 13.4603 24.01
      vertex 12.5997 130.32 114.694
      vertex 30.4306 18.5946 24.01
    endloop
  endfacet
  facet normal 0.00106674 0.766058 0.642771
    outer loop
      vertex 12.5997 130.32 114.694
      vertex 12 124.439 121.704
      vertex 12.1501 121.492 125.216
    endloop
  endfacet
  facet normal -0.349533 0.501983 -0.7911
    outer loop
      vertex 55.2739 166.068 72.0916
      vertex 61.2473 94.4531 24.01
      vertex 59.4231 93.1829 24.01
    endloop
  endfacet
  facet normal -0.349567 0.501974 -0.791091
    outer loop
      vertex 61.2473 94.4531 24.01
      vertex 55.2739 166.068 72.0916
      vertex 59.5671 167.107 70.8538
    endloop
  endfacet
  facet normal -0.349523 0.501984 -0.791104
    outer loop
      vertex 62.5449 38.3462 -12.1651
      vertex 61.4951 56.7869 0
      vertex 62.1085 57.214 0
    endloop
  endfacet
  facet normal -0.28802 0.515406 -0.807094
    outer loop
      vertex 64.7235 59.0348 0
      vertex 68.8743 39.7272 -13.811
      vertex 65.6744 39.1033 -13.0675
    endloop
  endfacet
  facet normal -0.288061 0.515393 -0.807088
    outer loop
      vertex 68.8743 39.7272 -13.811
      vertex 64.7235 59.0348 0
      vertex 67.3561 60.5062 0
    endloop
  endfacet
  facet normal -0.288049 0.515397 -0.80709
    outer loop
      vertex 62.9761 95.6568 24.01
      vertex 59.5671 167.107 70.8538
      vertex 64.7167 96.6296 24.01
    endloop
  endfacet
  facet normal -0.767037 0.309677 -0.56192
    outer loop
      vertex 38.1928 62.9147 24.01
      vertex 26.4859 151.869 89.0134
      vertex 29.396 154.148 86.297
    endloop
  endfacet
  facet normal -0.767032 0.309681 -0.561925
    outer loop
      vertex 26.4859 151.869 89.0134
      vertex 38.1928 62.9147 24.01
      vertex 37.5148 61.2354 24.01
    endloop
  endfacet
  facet normal -0.000348446 0.76619 0.642614
    outer loop
      vertex 23.814 149.472 91.8698
      vertex 15.7202 138.923 104.443
      vertex 32.5318 156.301 83.7323
    endloop
  endfacet
  facet normal -0.22533 0.5262 -0.819963
    outer loop
      vertex 68.7993 61.2164 0
      vertex 72.1309 40.2153 -14.3927
      vertex 68.8743 39.7272 -13.811
    endloop
  endfacet
  facet normal -0.225327 0.526201 -0.819964
    outer loop
      vertex 72.1309 40.2153 -14.3927
      vertex 68.7993 61.2164 0
      vertex 71.4914 62.3692 0
    endloop
  endfacet
  facet normal -0.225299 0.526206 -0.819968
    outer loop
      vertex 68.6688 98.5747 24.01
      vertex 68.4242 168.632 69.0358
      vertex 70.4247 99.3265 24.01
    endloop
  endfacet
  facet normal -0.0972144 0.539793 -0.836165
    outer loop
      vertex 72.9501 169.113 68.4634
      vertex 76.4062 100.875 24.01
      vertex 74.274 100.491 24.01
    endloop
  endfacet
  facet normal -0.0972539 0.53979 -0.836163
    outer loop
      vertex 76.4062 100.875 24.01
      vertex 72.9501 169.113 68.4634
      vertex 77.5152 169.402 68.119
    endloop
  endfacet
  facet normal -0.0972213 0.539794 -0.836164
    outer loop
      vertex 75.4301 40.5654 -14.81
      vertex 74.9891 63.4273 0
      vertex 75.8025 63.5738 0
    endloop
  endfacet
  facet normal -0.349554 0.501977 -0.791095
    outer loop
      vertex 62.1085 57.214 0
      vertex 65.6744 39.1033 -13.0675
      vertex 62.5449 38.3462 -12.1651
    endloop
  endfacet
  facet normal -0.349528 0.501986 -0.7911
    outer loop
      vertex 65.6744 39.1033 -13.0675
      vertex 62.1085 57.214 0
      vertex 64.7235 59.0348 0
    endloop
  endfacet
  facet normal -0.349514 0.501986 -0.791107
    outer loop
      vertex 61.2473 94.4531 24.01
      vertex 59.5671 167.107 70.8538
      vertex 62.9761 95.6568 24.01
    endloop
  endfacet
  facet normal -2.29516e-05 0.76607 0.642757
    outer loop
      vertex 43.1545 161.904 77.054
      vertex 35.8799 158.316 81.3301
      vertex 51.0956 164.851 73.5419
    endloop
  endfacet
  facet normal 0 0.766152 0.642659
    outer loop
      vertex 128.32 158.316 81.3301
      vertex 124.129 156.301 83.7323
      vertex 131.668 156.301 83.7323
    endloop
  endfacet
  facet normal 6.55277e-05 0.766096 0.642726
    outer loop
      vertex 124.129 156.301 83.7323
      vertex 128.32 158.316 81.3301
      vertex 121.945 157.453 82.3594
    endloop
  endfacet
  facet normal -0.000454095 0.767678 0.640835
    outer loop
      vertex 121.945 157.453 82.3594
      vertex 128.32 158.316 81.3301
      vertex 121.678 157.593 82.1915
    endloop
  endfacet
  facet normal 0 0.765957 0.642892
    outer loop
      vertex 121.678 157.593 82.1915
      vertex 128.32 158.316 81.3301
      vertex 120.109 158.316 81.3301
    endloop
  endfacet
  facet normal -6.55307e-05 0.766096 0.642726
    outer loop
      vertex 35.8799 158.316 81.3301
      vertex 40.0707 156.301 83.7323
      vertex 42.2546 157.453 82.3594
    endloop
  endfacet
  facet normal 0.000454112 0.767678 0.640835
    outer loop
      vertex 35.8799 158.316 81.3301
      vertex 42.2546 157.453 82.3594
      vertex 42.5216 157.593 82.1915
    endloop
  endfacet
  facet normal -0 0.765957 0.642892
    outer loop
      vertex 35.8799 158.316 81.3301
      vertex 42.5216 157.593 82.1915
      vertex 44.0907 158.316 81.3301
    endloop
  endfacet
  facet normal 0 0.766152 0.642659
    outer loop
      vertex 40.0707 156.301 83.7323
      vertex 35.8799 158.316 81.3301
      vertex 32.5318 156.301 83.7323
    endloop
  endfacet
  facet normal 0.0324641 0.542521 -0.839414
    outer loop
      vertex 82.9339 64.2294 0
      vertex 82.1 40.8464 -15.1449
      vertex 82.1 64.2793 0
    endloop
  endfacet
  facet normal 0.0324608 0.542522 -0.839414
    outer loop
      vertex 82.1 101.429 24.01
      vertex 86.6848 169.402 68.119
      vertex 84.256 101.3 24.01
    endloop
  endfacet
  facet normal 0.0324147 0.542525 -0.839414
    outer loop
      vertex 86.6848 169.402 68.119
      vertex 82.1 101.429 24.01
      vertex 82.1 169.498 68.004
    endloop
  endfacet
  facet normal -0.0324641 0.542521 -0.839414
    outer loop
      vertex 82.1 40.8464 -15.1449
      vertex 81.2661 64.2294 0
      vertex 82.1 64.2793 0
    endloop
  endfacet
  facet normal -0.0324608 0.542522 -0.839414
    outer loop
      vertex 77.5152 169.402 68.119
      vertex 82.1 101.429 24.01
      vertex 79.944 101.3 24.01
    endloop
  endfacet
  facet normal -0.0324147 0.542525 -0.839414
    outer loop
      vertex 82.1 101.429 24.01
      vertex 77.5152 169.402 68.119
      vertex 82.1 169.498 68.004
    endloop
  endfacet
  facet normal 0 0.766441 0.642315
    outer loop
      vertex 82.1 169.498 68.004
      vertex 72.9501 169.113 68.4634
      vertex 91.2499 169.113 68.4634
    endloop
  endfacet
  facet normal 2.29566e-05 0.76607 0.642757
    outer loop
      vertex 121.045 161.904 77.054
      vertex 113.104 164.851 73.5419
      vertex 128.32 158.316 81.3301
    endloop
  endfacet
  facet normal 0.523953 0.446698 -0.725213
    outer loop
      vertex 107.65 36.4459 -9.90045
      vertex 111.544 47.9518 0
      vertex 110.49 35.3108 -8.54777
    endloop
  endfacet
  facet normal 0.52393 0.446712 -0.725221
    outer loop
      vertex 111.544 47.9518 0
      vertex 107.65 36.4459 -9.90045
      vertex 109.175 50.7303 0
    endloop
  endfacet
  facet normal 0.524082 0.446646 -0.725152
    outer loop
      vertex 114.504 83.4594 24.01
      vertex 112.874 85.372 24.01
      vertex 121.045 161.904 77.054
    endloop
  endfacet
  facet normal 0.349525 0.501986 -0.791102
    outer loop
      vertex 101.224 95.6568 24.01
      vertex 108.926 166.068 72.0916
      vertex 103.054 94.3826 24.01
    endloop
  endfacet
  facet normal 0.349582 0.501969 -0.791087
    outer loop
      vertex 108.926 166.068 72.0916
      vertex 101.224 95.6568 24.01
      vertex 104.633 167.107 70.8538
    endloop
  endfacet
  facet normal 0.349689 0.501948 -0.791054
    outer loop
      vertex 100.121 58.5858 0
      vertex 98.5256 39.1033 -13.0675
      vertex 99.4765 59.0348 0
    endloop
  endfacet
  facet normal 0.767047 0.309668 -0.561911
    outer loop
      vertex 137.714 151.869 89.0134
      vertex 126.007 62.9147 24.01
      vertex 134.804 154.148 86.297
    endloop
  endfacet
  facet normal 0.767031 0.309681 -0.561926
    outer loop
      vertex 126.007 62.9147 24.01
      vertex 137.714 151.869 89.0134
      vertex 126.685 61.2354 24.01
    endloop
  endfacet
  facet normal 0.724253 0.341036 -0.599293
    outer loop
      vertex 134.804 154.148 86.297
      vertex 122.489 70.846 24.01
      vertex 131.668 156.301 83.7323
    endloop
  endfacet
  facet normal 0.724129 0.341128 -0.599391
    outer loop
      vertex 122.489 70.846 24.01
      vertex 134.804 154.148 86.297
      vertex 123.333 69.0544 24.01
    endloop
  endfacet
  facet normal 0.724518 0.340807 -0.599103
    outer loop
      vertex 118.911 36.2529 0
      vertex 118.233 31.2259 -3.6796
      vertex 118.799 36.491 0
    endloop
  endfacet
  facet normal 0 0.766396 0.642369
    outer loop
      vertex 148.48 138.923 104.443
      vertex 142.287 140.223 102.892
      vertex 143.049 138.923 104.443
    endloop
  endfacet
  facet normal -0.000859294 0.764703 0.644382
    outer loop
      vertex 148.48 138.923 104.443
      vertex 142.166 140.431 102.645
      vertex 142.287 140.223 102.892
    endloop
  endfacet
  facet normal -3.49646e-05 0.766131 0.642684
    outer loop
      vertex 148.48 138.923 104.443
      vertex 142.023 140.634 102.403
      vertex 142.166 140.431 102.645
    endloop
  endfacet
  facet normal -7.76799e-05 0.766065 0.642764
    outer loop
      vertex 148.48 138.923 104.443
      vertex 140.41 142.922 99.6759
      vertex 142.023 140.634 102.403
    endloop
  endfacet
  facet normal -0.000681497 0.765561 0.643363
    outer loop
      vertex 148.48 138.923 104.443
      vertex 140.247 143.118 99.4425
      vertex 140.41 142.922 99.6759
    endloop
  endfacet
  facet normal -0.000180518 0.765967 0.64288
    outer loop
      vertex 148.48 138.923 104.443
      vertex 138.404 145.334 96.8017
      vertex 140.247 143.118 99.4425
    endloop
  endfacet
  facet normal -0.00263386 0.764369 0.644774
    outer loop
      vertex 148.48 138.923 104.443
      vertex 138.222 145.523 96.5769
      vertex 138.404 145.334 96.8017
    endloop
  endfacet
  facet normal -6.17535e-05 0.766026 0.64281
    outer loop
      vertex 131.668 156.301 83.7323
      vertex 138.222 145.523 96.5769
      vertex 148.48 138.923 104.443
    endloop
  endfacet
  facet normal -0.000765795 0.765849 0.64302
    outer loop
      vertex 138.222 145.523 96.5769
      vertex 131.668 156.301 83.7323
      vertex 136.158 147.656 94.034
    endloop
  endfacet
  facet normal 0.000271683 0.766072 0.642755
    outer loop
      vertex 136.158 147.656 94.034
      vertex 131.668 156.301 83.7323
      vertex 133.881 149.699 91.6
    endloop
  endfacet
  facet normal -0.00270427 0.765657 0.643244
    outer loop
      vertex 133.881 149.699 91.6
      vertex 131.668 156.301 83.7323
      vertex 133.68 149.879 91.3849
    endloop
  endfacet
  facet normal 0.00138911 0.766189 0.642614
    outer loop
      vertex 133.68 149.879 91.3849
      vertex 131.668 156.301 83.7323
      vertex 133.46 150.051 91.1803
    endloop
  endfacet
  facet normal -0.00015298 0.766007 0.642832
    outer loop
      vertex 133.46 150.051 91.1803
      vertex 131.668 156.301 83.7323
      vertex 130.981 151.993 88.8656
    endloop
  endfacet
  facet normal -3.33013e-05 0.765999 0.642842
    outer loop
      vertex 131.668 156.301 83.7323
      vertex 128.308 153.827 86.6801
      vertex 130.981 151.993 88.8656
    endloop
  endfacet
  facet normal -0.000246784 0.766119 0.642699
    outer loop
      vertex 131.668 156.301 83.7323
      vertex 128.072 153.989 86.4869
      vertex 128.308 153.827 86.6801
    endloop
  endfacet
  facet normal 0.000261059 0.765792 0.643088
    outer loop
      vertex 131.668 156.301 83.7323
      vertex 127.82 154.141 86.306
      vertex 128.072 153.989 86.4869
    endloop
  endfacet
  facet normal 4.86173e-06 0.765981 0.642863
    outer loop
      vertex 131.668 156.301 83.7323
      vertex 124.967 155.859 84.259
      vertex 127.82 154.141 86.306
    endloop
  endfacet
  facet normal 0 0.766011 0.642827
    outer loop
      vertex 124.967 155.859 84.259
      vertex 131.668 156.301 83.7323
      vertex 124.129 156.301 83.7323
    endloop
  endfacet
  facet normal 0 0.766192 0.642612
    outer loop
      vertex 22.0343 140.431 102.645
      vertex 15.7202 138.923 104.443
      vertex 21.1509 138.923 104.443
    endloop
  endfacet
  facet normal 3.49442e-05 0.766131 0.642684
    outer loop
      vertex 22.1769 140.634 102.403
      vertex 15.7202 138.923 104.443
      vertex 22.0343 140.431 102.645
    endloop
  endfacet
  facet normal 7.76865e-05 0.766064 0.642764
    outer loop
      vertex 23.7901 142.922 99.6759
      vertex 15.7202 138.923 104.443
      vertex 22.1769 140.634 102.403
    endloop
  endfacet
  facet normal 0.000203886 0.765959 0.642889
    outer loop
      vertex 25.6328 145.138 97.0351
      vertex 15.7202 138.923 104.443
      vertex 23.7901 142.922 99.6759
    endloop
  endfacet
  facet normal 0.000945656 0.76547 0.643471
    outer loop
      vertex 25.7957 145.334 96.8017
      vertex 15.7202 138.923 104.443
      vertex 25.6328 145.138 97.0351
    endloop
  endfacet
  facet normal 0.00264342 0.764363 0.644781
    outer loop
      vertex 25.9781 145.523 96.5769
      vertex 15.7202 138.923 104.443
      vertex 25.7957 145.334 96.8017
    endloop
  endfacet
  facet normal 0.000765536 0.765849 0.64302
    outer loop
      vertex 32.5318 156.301 83.7323
      vertex 25.9781 145.523 96.5769
      vertex 28.0423 147.656 94.034
    endloop
  endfacet
  facet normal -0.000271679 0.766072 0.642755
    outer loop
      vertex 32.5318 156.301 83.7323
      vertex 28.0423 147.656 94.034
      vertex 30.3192 149.699 91.6
    endloop
  endfacet
  facet normal 0.00270022 0.765657 0.643243
    outer loop
      vertex 32.5318 156.301 83.7323
      vertex 30.3192 149.699 91.6
      vertex 30.5204 149.879 91.3849
    endloop
  endfacet
  facet normal -0.00139569 0.766189 0.642613
    outer loop
      vertex 32.5318 156.301 83.7323
      vertex 30.5204 149.879 91.3849
      vertex 30.7396 150.051 91.1803
    endloop
  endfacet
  facet normal 0.000152922 0.766007 0.642832
    outer loop
      vertex 32.5318 156.301 83.7323
      vertex 30.7396 150.051 91.1803
      vertex 33.2194 151.993 88.8656
    endloop
  endfacet
  facet normal 6.17527e-05 0.766026 0.64281
    outer loop
      vertex 25.9781 145.523 96.5769
      vertex 32.5318 156.301 83.7323
      vertex 15.7202 138.923 104.443
    endloop
  endfacet
  facet normal 3.33075e-05 0.765999 0.642842
    outer loop
      vertex 35.8916 153.827 86.6801
      vertex 32.5318 156.301 83.7323
      vertex 33.2194 151.993 88.8656
    endloop
  endfacet
  facet normal 0.000246737 0.766119 0.642699
    outer loop
      vertex 36.1277 153.989 86.4869
      vertex 32.5318 156.301 83.7323
      vertex 35.8916 153.827 86.6801
    endloop
  endfacet
  facet normal -0.000260955 0.765792 0.643088
    outer loop
      vertex 36.3799 154.141 86.306
      vertex 32.5318 156.301 83.7323
      vertex 36.1277 153.989 86.4869
    endloop
  endfacet
  facet normal -4.86167e-06 0.765981 0.642863
    outer loop
      vertex 39.2329 155.859 84.259
      vertex 32.5318 156.301 83.7323
      vertex 36.3799 154.141 86.306
    endloop
  endfacet
  facet normal -0 0.766011 0.642827
    outer loop
      vertex 32.5318 156.301 83.7323
      vertex 39.2329 155.859 84.259
      vertex 40.0707 156.301 83.7323
    endloop
  endfacet
  facet normal 0 0.766001 0.64284
    outer loop
      vertex 152.05 121.492 125.216
      vertex 146.975 121.706 124.961
      vertex 146.943 121.492 125.216
    endloop
  endfacet
  facet normal 8.05127e-05 0.766789 0.641899
    outer loop
      vertex 152.05 121.492 125.216
      vertex 146.987 121.927 124.697
      vertex 146.975 121.706 124.961
    endloop
  endfacet
  facet normal -8.92295e-05 0.765974 0.642872
    outer loop
      vertex 152.05 121.492 125.216
      vertex 147.115 124.439 121.704
      vertex 146.987 121.927 124.697
    endloop
  endfacet
  facet normal 9.30281e-05 0.7661 0.642721
    outer loop
      vertex 152.05 121.492 125.216
      vertex 146.987 126.95 118.711
      vertex 147.115 124.439 121.704
    endloop
  endfacet
  facet normal 0.00137104 0.766589 0.642137
    outer loop
      vertex 152.05 121.492 125.216
      vertex 146.975 127.172 118.446
      vertex 146.987 126.95 118.711
    endloop
  endfacet
  facet normal -0.000328254 0.765962 0.642885
    outer loop
      vertex 152.05 121.492 125.216
      vertex 146.592 129.673 115.466
      vertex 146.975 127.172 118.446
    endloop
  endfacet
  facet normal -0.00218204 0.765449 0.643492
    outer loop
      vertex 152.05 121.492 125.216
      vertex 146.558 129.894 115.203
      vertex 146.592 129.673 115.466
    endloop
  endfacet
  facet normal -1.81586e-05 0.766036 0.642798
    outer loop
      vertex 148.48 138.923 104.443
      vertex 146.558 129.894 115.203
      vertex 152.05 121.492 125.216
    endloop
  endfacet
  facet normal 0.000145239 0.766022 0.642815
    outer loop
      vertex 146.558 129.894 115.203
      vertex 148.48 138.923 104.443
      vertex 145.922 132.373 112.249
    endloop
  endfacet
  facet normal -0.00452852 0.766767 0.641909
    outer loop
      vertex 145.922 132.373 112.249
      vertex 148.48 138.923 104.443
      vertex 145.865 132.592 111.987
    endloop
  endfacet
  facet normal -5.50023e-05 0.766012 0.642826
    outer loop
      vertex 145.865 132.592 111.987
      vertex 148.48 138.923 104.443
      vertex 144.978 135.039 109.071
    endloop
  endfacet
  facet normal -0.00146406 0.766536 0.642199
    outer loop
      vertex 144.978 135.039 109.071
      vertex 148.48 138.923 104.443
      vertex 144.899 135.255 108.813
    endloop
  endfacet
  facet normal -0.000892412 0.766306 0.642475
    outer loop
      vertex 144.899 135.255 108.813
      vertex 148.48 138.923 104.443
      vertex 144.799 135.467 108.56
    endloop
  endfacet
  facet normal -2.76797e-06 0.765915 0.642942
    outer loop
      vertex 144.799 135.467 108.56
      vertex 148.48 138.923 104.443
      vertex 143.664 137.872 105.695
    endloop
  endfacet
  facet normal 0 0.76591 0.642948
    outer loop
      vertex 143.664 137.872 105.695
      vertex 148.48 138.923 104.443
      vertex 143.049 138.923 104.443
    endloop
  endfacet
  facet normal 0 0.766001 0.64284
    outer loop
      vertex 17.2246 121.706 124.961
      vertex 12.1501 121.492 125.216
      vertex 17.2573 121.492 125.216
    endloop
  endfacet
  facet normal -8.05313e-05 0.766789 0.641899
    outer loop
      vertex 17.2133 121.927 124.697
      vertex 12.1501 121.492 125.216
      vertex 17.2246 121.706 124.961
    endloop
  endfacet
  facet normal 8.92263e-05 0.765974 0.642872
    outer loop
      vertex 17.0854 124.439 121.704
      vertex 12.1501 121.492 125.216
      vertex 17.2133 121.927 124.697
    endloop
  endfacet
  facet normal -9.302e-05 0.7661 0.642721
    outer loop
      vertex 17.2133 126.95 118.711
      vertex 12.1501 121.492 125.216
      vertex 17.0854 124.439 121.704
    endloop
  endfacet
  facet normal -0.00136605 0.766587 0.642139
    outer loop
      vertex 17.2246 127.172 118.446
      vertex 12.1501 121.492 125.216
      vertex 17.2133 126.95 118.711
    endloop
  endfacet
  facet normal 0.000328311 0.765962 0.642885
    outer loop
      vertex 17.6077 129.673 115.466
      vertex 12.1501 121.492 125.216
      vertex 17.2246 127.172 118.446
    endloop
  endfacet
  facet normal 0.00218032 0.76545 0.643492
    outer loop
      vertex 17.6416 129.894 115.203
      vertex 12.1501 121.492 125.216
      vertex 17.6077 129.673 115.466
    endloop
  endfacet
  facet normal 8.93326e-05 0.766042 0.64279
    outer loop
      vertex 15.7202 138.923 104.443
      vertex 17.6416 129.894 115.203
      vertex 17.6978 130.113 114.942
    endloop
  endfacet
  facet normal 0.00039919 0.766071 0.642756
    outer loop
      vertex 15.7202 138.923 104.443
      vertex 17.6978 130.113 114.942
      vertex 18.3346 132.592 111.987
    endloop
  endfacet
  facet normal 5.49916e-05 0.766012 0.642826
    outer loop
      vertex 15.7202 138.923 104.443
      vertex 18.3346 132.592 111.987
      vertex 19.2222 135.039 109.071
    endloop
  endfacet
  facet normal 0.00146674 0.766537 0.642198
    outer loop
      vertex 15.7202 138.923 104.443
      vertex 19.2222 135.039 109.071
      vertex 19.3007 135.255 108.813
    endloop
  endfacet
  facet normal 0.000168136 0.766014 0.642823
    outer loop
      vertex 15.7202 138.923 104.443
      vertex 19.3007 135.255 108.813
      vertex 20.4354 137.659 105.948
    endloop
  endfacet
  facet normal -0.000440066 0.765075 0.64394
    outer loop
      vertex 15.7202 138.923 104.443
      vertex 20.4354 137.659 105.948
      vertex 20.5357 137.872 105.695
    endloop
  endfacet
  facet normal -0 0.76584 0.643031
    outer loop
      vertex 15.7202 138.923 104.443
      vertex 20.6574 138.08 105.447
      vertex 21.1509 138.923 104.443
    endloop
  endfacet
  facet normal 1.81613e-05 0.766036 0.642798
    outer loop
      vertex 17.6416 129.894 115.203
      vertex 15.7202 138.923 104.443
      vertex 12.1501 121.492 125.216
    endloop
  endfacet
  facet normal 0.000131997 0.76616 0.64265
    outer loop
      vertex 20.6574 138.08 105.447
      vertex 15.7202 138.923 104.443
      vertex 20.5357 137.872 105.695
    endloop
  endfacet
  facet normal 0.966346 0.0499191 -0.252357
    outer loop
      vertex 150.853 133.229 111.227
      vertex 133.689 24.5845 24.01
      vertex 149.811 136.101 107.805
    endloop
  endfacet
  facet normal 0.966302 0.0500423 -0.252502
    outer loop
      vertex 133.689 24.5845 24.01
      vertex 150.853 133.229 111.227
      vertex 133.72 23.9859 24.01
    endloop
  endfacet
  facet normal 0.000677101 0.766095 0.642727
    outer loop
      vertex 151.6 130.32 114.694
      vertex 148.48 138.923 104.443
      vertex 152.05 121.492 125.216
    endloop
  endfacet
  facet normal -0.00106662 0.766058 0.642771
    outer loop
      vertex 152.2 124.439 121.704
      vertex 151.6 130.32 114.694
      vertex 152.05 121.492 125.216
    endloop
  endfacet
  facet normal 0.987504 -0.0324163 -0.154227
    outer loop
      vertex 152.05 127.386 118.192
      vertex 133.601 13.4603 24.01
      vertex 151.6 130.32 114.694
    endloop
  endfacet
  facet normal 0.987886 -0.034996 -0.151181
    outer loop
      vertex 133.601 13.4603 24.01
      vertex 152.05 127.386 118.192
      vertex 133.594 13.2627 24.01
    endloop
  endfacet
  facet normal -0 -0.766045 -0.642787
    outer loop
      vertex 34.0144 0 33.534
      vertex 59.499 -21.4591 59.108
      vertex 33.8823 0 33.534
    endloop
  endfacet
  facet normal -3.42889e-05 -0.766062 -0.642767
    outer loop
      vertex 59.499 -21.4591 59.108
      vertex 34.0144 0 33.534
      vertex 62.5449 -22.3462 60.1651
    endloop
  endfacet
  facet normal -0.987509 -0.157477 -0.00518839
    outer loop
      vertex 30.7339 8 32.8278
      vertex 12.5997 118.557 128.713
      vertex 30.7566 8 28.5073
    endloop
  endfacet
  facet normal -0.000139929 -0.766175 -0.642632
    outer loop
      vertex 53.7104 -19.3108 56.5478
      vertex 50.9923 -18.0588 55.0557
      vertex 56.55 -20.4459 57.9005
    endloop
  endfacet
  facet normal -0.928681 -0.319651 0.188084
    outer loop
      vertex 32.9156 8 50.5949
      vertex 15.7202 109.955 138.965
      vertex 32.7858 8 49.954
    endloop
  endfacet
  facet normal -0.928702 -0.319615 0.188038
    outer loop
      vertex 15.7202 109.955 138.965
      vertex 32.9156 8 50.5949
      vertex 17.336 107.195 142.254
    endloop
  endfacet
  facet normal -0.928656 -0.319699 0.188123
    outer loop
      vertex 34.172 0 43.2027
      vertex 34.1248 0 42.9697
      vertex 34.8898 -4.56979 38.9801
    endloop
  endfacet
  facet normal -2.03419e-05 0.765991 0.642851
    outer loop
      vertex 29.396 94.729 157.11
      vertex 23.814 99.4051 151.538
      vertex 26.4859 97.0083 154.394
    endloop
  endfacet
  facet normal -0.000413502 0.765797 0.643082
    outer loop
      vertex 39.4258 88.6907 164.307
      vertex 23.814 99.4051 151.538
      vertex 29.396 94.729 157.11
    endloop
  endfacet
  facet normal -0.00221933 0.765292 0.64368
    outer loop
      vertex 23.814 99.4051 151.538
      vertex 17.336 107.195 142.254
      vertex 19.2292 104.509 145.454
    endloop
  endfacet
  facet normal -0.67833 -0.560488 0.475102
    outer loop
      vertex 48.4074 -16.6953 53.4307
      vertex 44.515 0 67.5691
      vertex 45.9668 -15.2259 51.6796
    endloop
  endfacet
  facet normal -0.678322 -0.560492 0.475109
    outer loop
      vertex 44.515 0 67.5691
      vertex 48.4074 -16.6953 53.4307
      vertex 46.4574 0 70.3423
    endloop
  endfacet
  facet normal -0.678321 -0.560492 0.475109
    outer loop
      vertex 45.523 8 78.446
      vertex 35.8799 90.5613 162.077
      vertex 43.7522 8 75.9178
    endloop
  endfacet
  facet normal -0.724259 -0.530964 0.439916
    outer loop
      vertex 43.0723 8 74.9471
      vertex 29.396 94.729 157.11
      vertex 42.4666 8 73.9499
    endloop
  endfacet
  facet normal -0.72425 -0.53097 0.439924
    outer loop
      vertex 29.396 94.729 157.11
      vertex 43.0723 8 74.9471
      vertex 32.5318 92.5769 159.675
    endloop
  endfacet
  facet normal -0.724226 -0.530987 0.439942
    outer loop
      vertex 44.0693 0 66.9328
      vertex 43.6722 0 66.2791
      vertex 45.9668 -15.2259 51.6796
    endloop
  endfacet
  facet normal 0 0.766033 0.642801
    outer loop
      vertex 86.6848 79.4758 175.288
      vertex 77.5152 79.4758 175.288
      vertex 82.1 79.3793 175.403
    endloop
  endfacet
  facet normal 0 -0.766119 -0.642699
    outer loop
      vertex 82.1 -24.8464 63.1449
      vertex 78.7579 -24.7761 63.0611
      vertex 85.4421 -24.7761 63.0611
    endloop
  endfacet
  facet normal -0.966362 -0.239808 0.0929307
    outer loop
      vertex 31.3639 8 41.7466
      vertex 14.3886 112.777 135.602
      vertex 30.9679 8 37.6287
    endloop
  endfacet
  facet normal -0.966376 -0.239764 0.0928977
    outer loop
      vertex 32.66 0 34.5805
      vertex 32.5594 0 33.534
      vertex 32.7412 -0.501286 34.1314
    endloop
  endfacet
  facet normal -0.00149894 0.764567 0.644542
    outer loop
      vertex 47.05 85.4162 168.209
      vertex 39.4258 88.6907 164.307
      vertex 43.1545 86.9732 166.353
    endloop
  endfacet
  facet normal -0.577981 -0.613425 0.538189
    outer loop
      vertex 49.0356 0 73.5377
      vertex 53.7104 -19.3108 56.5478
      vertex 51.1563 0 75.8152
    endloop
  endfacet
  facet normal -0.577988 -0.613422 0.538184
    outer loop
      vertex 53.7104 -19.3108 56.5478
      vertex 49.0356 0 73.5377
      vertex 50.9923 -18.0588 55.0557
    endloop
  endfacet
  facet normal -0.577988 -0.613423 0.538184
    outer loop
      vertex 50.0982 8 83.7972
      vertex 39.4258 88.6907 164.307
      vertex 48.1688 8 81.7251
    endloop
  endfacet
  facet normal -0.979029 -0.198878 0.0441511
    outer loop
      vertex 30.9349 8 37.2856
      vertex 12.5997 118.557 128.713
      vertex 30.92 8 36.9552
    endloop
  endfacet
  facet normal -0.979029 -0.198881 0.0441547
    outer loop
      vertex 12.5997 118.557 128.713
      vertex 30.9349 8 37.2856
      vertex 13.347 115.648 132.18
    endloop
  endfacet
  facet normal 0.161635 -0.724276 0.670297
    outer loop
      vertex 91.2499 79.7648 174.944
      vertex 89.544 8 97.8113
      vertex 91.8153 8 97.2636
    endloop
  endfacet
  facet normal 0.161646 -0.724276 0.670295
    outer loop
      vertex 88.7699 -24.5654 62.81
      vertex 91.8783 0 88.6041
      vertex 89.3538 0 89.2129
    endloop
  endfacet
  facet normal 0.16164 -0.724276 0.670296
    outer loop
      vertex 91.8783 0 88.6041
      vertex 88.7699 -24.5654 62.81
      vertex 92.0691 -24.2153 62.3927
    endloop
  endfacet
  facet normal 0 -0.766045 -0.642787
    outer loop
      vertex 34.4585 0 33.534
      vertex 92.0691 -24.2153 62.3927
      vertex 72.1309 -24.2153 62.3927
    endloop
  endfacet
  facet normal 0 -0.766045 -0.642787
    outer loop
      vertex 92.0691 -24.2153 62.3927
      vertex 34.4585 0 33.534
      vertex 129.741 0 33.534
    endloop
  endfacet
  facet normal 0.161578 -0.724283 0.670303
    outer loop
      vertex 91.8153 8 97.2636
      vertex 95.7758 80.2451 174.372
      vertex 91.2499 79.7648 174.944
    endloop
  endfacet
  facet normal 0.161648 -0.724277 0.670293
    outer loop
      vertex 95.7758 80.2451 174.372
      vertex 91.8153 8 97.2636
      vertex 93.2123 8 96.9267
    endloop
  endfacet
  facet normal 0.161622 -0.724278 0.670298
    outer loop
      vertex 92.9284 0 88.3509
      vertex 91.8783 0 88.6041
      vertex 92.0691 -24.2153 62.3927
    endloop
  endfacet
  facet normal -6.16148e-05 0.766064 0.642765
    outer loop
      vertex 95.7758 80.2451 174.372
      vertex 86.6848 79.4758 175.288
      vertex 91.2499 79.7648 174.944
    endloop
  endfacet
  facet normal 0.409518 -0.675943 0.612696
    outer loop
      vertex 105.895 8 90.8102
      vertex 113.104 84.0262 169.866
      vertex 108.926 82.8093 171.316
    endloop
  endfacet
  facet normal 0.409539 -0.675937 0.612688
    outer loop
      vertex 113.104 84.0262 169.866
      vertex 105.895 8 90.8102
      vertex 107.048 8 90.0395
    endloop
  endfacet
  facet normal 0.40989 -0.67583 0.612571
    outer loop
      vertex 105.571 0 82.201
      vertex 104.701 -21.4591 59.108
      vertex 106.41 0 81.6396
    endloop
  endfacet
  facet normal -0.000148537 0.766202 0.6426
    outer loop
      vertex 124.774 88.6907 164.307
      vertex 108.926 82.8093 171.316
      vertex 113.104 84.0262 169.866
    endloop
  endfacet
  facet normal 0.225315 -0.716135 0.660593
    outer loop
      vertex 92.0691 -24.2153 62.3927
      vertex 95.4284 0 87.4982
      vertex 92.9284 0 88.3509
    endloop
  endfacet
  facet normal 0.22533 -0.716134 0.66059
    outer loop
      vertex 95.4284 0 87.4982
      vertex 92.0691 -24.2153 62.3927
      vertex 95.3257 -23.7272 61.811
    endloop
  endfacet
  facet normal 0.225323 -0.716135 0.660591
    outer loop
      vertex 95.7758 80.2451 174.372
      vertex 93.2123 8 96.9267
      vertex 95.463 8 96.159
    endloop
  endfacet
  facet normal 0.0015012 0.764565 0.644545
    outer loop
      vertex 124.774 88.6907 164.307
      vertex 117.15 85.4162 168.209
      vertex 121.045 86.9732 166.353
    endloop
  endfacet
  facet normal 0.987502 -0.157525 -0.00513558
    outer loop
      vertex 133.443 8 28.5073
      vertex 152.05 121.492 125.216
      vertex 151.6 118.557 128.713
    endloop
  endfacet
  facet normal 0.986825 -0.16179 0
    outer loop
      vertex 152.05 121.492 125.216
      vertex 133.443 8 28.5073
      vertex 133.443 8 28.3929
    endloop
  endfacet
  facet normal 0.903842 -0.358196 0.234019
    outer loop
      vertex 130.16 8 54.9387
      vertex 146.864 107.195 142.254
      vertex 144.971 104.509 145.454
    endloop
  endfacet
  facet normal 0.903959 -0.358035 0.233814
    outer loop
      vertex 146.864 107.195 142.254
      vertex 130.16 8 54.9387
      vertex 130.349 8 54.208
    endloop
  endfacet
  facet normal 0.903871 -0.358169 0.23395
    outer loop
      vertex 128.932 0 47.4356
      vertex 127.93 -6.52761 41.3133
      vertex 129.017 0 47.1072
    endloop
  endfacet
  facet normal -0.000233386 0.766078 0.642748
    outer loop
      vertex 149.811 112.777 135.602
      vertex 146.864 107.195 142.254
      vertex 148.48 109.955 138.965
    endloop
  endfacet
  facet normal 0.000413472 0.765797 0.643082
    outer loop
      vertex 140.386 99.4051 151.538
      vertex 124.774 88.6907 164.307
      vertex 134.804 94.729 157.11
    endloop
  endfacet
  facet normal -8.05509e-05 -0.766016 -0.642822
    outer loop
      vertex 127.93 -6.52761 41.3133
      vertex 124.588 -10.2485 45.7477
      vertex 129.31 -4.56979 38.9801
    endloop
  endfacet
  facet normal 0.00048924 0.766234 0.642561
    outer loop
      vertex 142.808 146.968 94.8539
      vertex 140.386 149.472 91.8698
      vertex 148.48 138.923 104.443
    endloop
  endfacet
  facet normal 0.000892219 0.766352 0.642421
    outer loop
      vertex 146.864 141.682 101.154
      vertex 142.808 146.968 94.8539
      vertex 148.48 138.923 104.443
    endloop
  endfacet
  facet normal 0.875006 0.20584 -0.438171
    outer loop
      vertex 130.854 46.9781 24.01
      vertex 129.917 50.9612 24.01
      vertex 142.808 146.968 94.8539
    endloop
  endfacet
  facet normal 0.903866 0.16823 -0.39335
    outer loop
      vertex 146.864 141.682 101.154
      vertex 131.165 45.6543 24.01
      vertex 144.971 144.368 97.9529
    endloop
  endfacet
  facet normal 0.90409 0.167896 -0.392979
    outer loop
      vertex 131.165 45.6543 24.01
      vertex 146.864 141.682 101.154
      vertex 131.402 44.3781 24.01
    endloop
  endfacet
  facet normal -0.928689 0.129705 -0.347437
    outer loop
      vertex 32.0338 40.2747 24.01
      vertex 15.7202 138.923 104.443
      vertex 17.336 141.682 101.154
    endloop
  endfacet
  facet normal -0.928691 0.129701 -0.347433
    outer loop
      vertex 15.7202 138.923 104.443
      vertex 32.0338 40.2747 24.01
      vertex 31.8784 39.162 24.01
    endloop
  endfacet
  facet normal -0.842649 0.241855 -0.481092
    outer loop
      vertex 34.2828 50.9612 24.01
      vertex 21.3916 146.968 94.8539
      vertex 35.3309 54.6129 24.01
    endloop
  endfacet
  facet normal -0.00156293 0.766227 0.642569
    outer loop
      vertex 13.347 133.229 111.227
      vertex 12.5997 130.32 114.694
      vertex 15.7202 138.923 104.443
    endloop
  endfacet
  facet normal -0.000886033 0.766111 0.642708
    outer loop
      vertex 14.3886 136.101 107.805
      vertex 13.347 133.229 111.227
      vertex 15.7202 138.923 104.443
    endloop
  endfacet
  facet normal -0.991755 -0.0740935 -0.10456
    outer loop
      vertex 31 8 24
      vertex 12 124.439 121.704
      vertex 12.1501 127.386 118.192
    endloop
  endfacet
  facet normal -0.991755 -0.115836 -0.0548138
    outer loop
      vertex 12.1501 121.492 125.216
      vertex 12 124.439 121.704
      vertex 31 8 24
    endloop
  endfacet
  facet normal -0.629492 0.398088 -0.667283
    outer loop
      vertex 44.1564 75.3224 24.01
      vertex 35.8799 158.316 81.3301
      vertex 45.6806 77.7326 24.01
    endloop
  endfacet
  facet normal -0.629488 0.398094 -0.667283
    outer loop
      vertex 47.6233 40.5583 0
      vertex 50.9923 34.0588 -7.05571
      vertex 48.4074 32.6953 -5.43067
    endloop
  endfacet
  facet normal -0.629501 0.398081 -0.667278
    outer loop
      vertex 50.9923 34.0588 -7.05571
      vertex 47.6233 40.5583 0
      vertex 49.7859 43.9781 0
    endloop
  endfacet
  facet normal 0.000172703 -0.766196 -0.642607
    outer loop
      vertex 53.7104 35.3108 -8.54777
      vertex 48.4074 32.6953 -5.43067
      vertex 50.9923 34.0588 -7.05571
    endloop
  endfacet
  facet normal -0.806593 0.276541 -0.52243
    outer loop
      vertex 37.5148 61.2354 24.01
      vertex 23.814 149.472 91.8698
      vertex 26.4859 151.869 89.0134
    endloop
  endfacet
  facet normal -0.8066 0.276535 -0.522423
    outer loop
      vertex 23.814 149.472 91.8698
      vertex 37.5148 61.2354 24.01
      vertex 36.9462 59.5769 24.01
    endloop
  endfacet
  facet normal -0.000186279 0.766104 0.642716
    outer loop
      vertex 26.4859 151.869 89.0134
      vertex 23.814 149.472 91.8698
      vertex 32.5318 156.301 83.7323
    endloop
  endfacet
  facet normal 0.000162061 0.765657 0.643249
    outer loop
      vertex 59.5671 167.107 70.8538
      vertex 55.2739 166.068 72.0916
      vertex 63.9568 167.963 69.8338
    endloop
  endfacet
  facet normal -0.161643 0.534343 -0.829668
    outer loop
      vertex 71.4914 62.3692 0
      vertex 75.4301 40.5654 -14.81
      vertex 72.1309 40.2153 -14.3927
    endloop
  endfacet
  facet normal -0.161655 0.534341 -0.829667
    outer loop
      vertex 75.4301 40.5654 -14.81
      vertex 71.4914 62.3692 0
      vertex 74.1926 63.1864 0
    endloop
  endfacet
  facet normal -0.161665 0.534343 -0.829664
    outer loop
      vertex 70.4247 99.3265 24.01
      vertex 68.4242 168.632 69.0358
      vertex 72.1864 99.8595 24.01
    endloop
  endfacet
  facet normal -4.23325e-05 -0.76593 -0.642923
    outer loop
      vertex 75.4301 40.5654 -14.81
      vertex 68.8743 39.7272 -13.811
      vertex 72.1309 40.2153 -14.3927
    endloop
  endfacet
  facet normal 9.97949e-07 -0.766071 -0.642757
    outer loop
      vertex 82.1 40.8464 -15.1449
      vertex 68.8743 39.7272 -13.811
      vertex 75.4301 40.5654 -14.81
    endloop
  endfacet
  facet normal 0.225292 0.526205 -0.819971
    outer loop
      vertex 96.1376 60.9009 0
      vertex 95.3257 39.7272 -13.811
      vertex 95.4007 61.2164 0
    endloop
  endfacet
  facet normal 0.225342 0.526198 -0.819961
    outer loop
      vertex 95.5312 98.5747 24.01
      vertex 100.243 167.963 69.8338
      vertex 97.5492 97.7105 24.01
    endloop
  endfacet
  facet normal 0.22528 0.526209 -0.819971
    outer loop
      vertex 100.243 167.963 69.8338
      vertex 95.5312 98.5747 24.01
      vertex 95.7758 168.632 69.0358
    endloop
  endfacet
  facet normal -0.161612 0.534346 -0.829672
    outer loop
      vertex 75.4301 40.5654 -14.81
      vertex 74.1926 63.1864 0
      vertex 74.9891 63.4273 0
    endloop
  endfacet
  facet normal -0.16164 0.534346 -0.829667
    outer loop
      vertex 68.4242 168.632 69.0358
      vertex 74.274 100.491 24.01
      vertex 72.1864 99.8595 24.01
    endloop
  endfacet
  facet normal -0.161716 0.534334 -0.829659
    outer loop
      vertex 74.274 100.491 24.01
      vertex 68.4242 168.632 69.0358
      vertex 72.9501 169.113 68.4634
    endloop
  endfacet
  facet normal -0.46777 0.467546 -0.750061
    outer loop
      vertex 55.9028 51.6812 0
      vertex 59.499 37.4591 -11.108
      vertex 56.55 36.4459 -9.90045
    endloop
  endfacet
  facet normal -0.467758 0.467552 -0.750065
    outer loop
      vertex 59.499 37.4591 -11.108
      vertex 55.9028 51.6812 0
      vertex 58.3963 54.1758 0
    endloop
  endfacet
  facet normal -0.46777 0.467547 -0.750061
    outer loop
      vertex 54.3334 88.629 24.01
      vertex 51.0956 164.851 73.5419
      vertex 56.0128 90.3092 24.01
    endloop
  endfacet
  facet normal -3.86842e-05 0.766085 0.642739
    outer loop
      vertex 51.0956 164.851 73.5419
      vertex 35.8799 158.316 81.3301
      vertex 55.2739 166.068 72.0916
    endloop
  endfacet
  facet normal -0.467832 0.467526 -0.750035
    outer loop
      vertex 56.55 36.4459 -9.90045
      vertex 55.4448 51.2229 0
      vertex 55.9028 51.6812 0
    endloop
  endfacet
  facet normal -0.467737 0.467559 -0.750074
    outer loop
      vertex 47.05 163.461 75.1984
      vertex 54.3334 88.629 24.01
      vertex 52.7644 87.0594 24.01
    endloop
  endfacet
  facet normal -0.467761 0.46755 -0.750064
    outer loop
      vertex 54.3334 88.629 24.01
      vertex 47.05 163.461 75.1984
      vertex 51.0956 164.851 73.5419
    endloop
  endfacet
  facet normal 0.000223993 -0.766331 -0.642446
    outer loop
      vertex 62.5449 38.3462 -12.1651
      vertex 56.55 36.4459 -9.90045
      vertex 59.499 37.4591 -11.108
    endloop
  endfacet
  facet normal -0.577982 0.423491 -0.697561
    outer loop
      vertex 50.3348 44.7834 0
      vertex 53.7104 35.3108 -8.54777
      vertex 50.9923 34.0588 -7.05571
    endloop
  endfacet
  facet normal -0.577983 0.42349 -0.697561
    outer loop
      vertex 53.7104 35.3108 -8.54777
      vertex 50.3348 44.7834 0
      vertex 52.6563 47.9518 0
    endloop
  endfacet
  facet normal -0.577979 0.423494 -0.697562
    outer loop
      vertex 48.0974 81.2782 24.01
      vertex 43.1545 161.904 77.054
      vertex 49.6956 83.4594 24.01
    endloop
  endfacet
  facet normal 0.00160608 0.764703 0.644381
    outer loop
      vertex 39.4258 160.187 79.1009
      vertex 35.8799 158.316 81.3301
      vertex 43.1545 161.904 77.054
    endloop
  endfacet
  facet normal -0.00160537 0.764703 0.64438
    outer loop
      vertex 124.774 160.187 79.1009
      vertex 121.045 161.904 77.054
      vertex 128.32 158.316 81.3301
    endloop
  endfacet
  facet normal 0.678291 0.370583 -0.634499
    outer loop
      vertex 131.668 156.301 83.7323
      vertex 120.044 75.3224 24.01
      vertex 128.32 158.316 81.3301
    endloop
  endfacet
  facet normal 0.678315 0.370568 -0.634483
    outer loop
      vertex 120.044 75.3224 24.01
      vertex 131.668 156.301 83.7323
      vertex 121.035 73.5084 24.01
    endloop
  endfacet
  facet normal 0.677957 0.37079 -0.634735
    outer loop
      vertex 116.76 40.2237 0
      vertex 115.793 32.6953 -5.43067
      vertex 116.577 40.5583 0
    endloop
  endfacet
  facet normal 0 0.765584 0.643336
    outer loop
      vertex 91.2499 169.113 68.4634
      vertex 68.4242 168.632 69.0358
      vertex 95.7758 168.632 69.0358
    endloop
  endfacet
  facet normal 0 0.765584 0.643336
    outer loop
      vertex 68.4242 168.632 69.0358
      vertex 91.2499 169.113 68.4634
      vertex 72.9501 169.113 68.4634
    endloop
  endfacet
  facet normal 0 0.765941 0.642911
    outer loop
      vertex 128.32 158.316 81.3301
      vertex 118.501 159.057 80.4473
      vertex 120.109 158.316 81.3301
    endloop
  endfacet
  facet normal 0.000230884 0.767204 0.641403
    outer loop
      vertex 128.32 158.316 81.3301
      vertex 118.22 159.186 80.2931
      vertex 118.501 159.057 80.4473
    endloop
  endfacet
  facet normal -0.000570209 0.763356 0.645978
    outer loop
      vertex 128.32 158.316 81.3301
      vertex 117.927 159.304 80.1534
      vertex 118.22 159.186 80.2931
    endloop
  endfacet
  facet normal 0.000123584 0.766379 0.642388
    outer loop
      vertex 128.32 158.316 81.3301
      vertex 114.607 160.63 78.5721
      vertex 117.927 159.304 80.1534
    endloop
  endfacet
  facet normal -3.80813e-05 0.765984 0.64286
    outer loop
      vertex 100.243 167.963 69.8338
      vertex 114.607 160.63 78.5721
      vertex 128.32 158.316 81.3301
    endloop
  endfacet
  facet normal 0.000281966 0.766243 0.642551
    outer loop
      vertex 114.607 160.63 78.5721
      vertex 100.243 167.963 69.8338
      vertex 111.16 161.815 77.1605
    endloop
  endfacet
  facet normal 0.00232785 0.767739 0.640759
    outer loop
      vertex 111.16 161.815 77.1605
      vertex 100.243 167.963 69.8338
      vertex 110.855 161.92 77.0358
    endloop
  endfacet
  facet normal -0.0031266 0.763778 0.645472
    outer loop
      vertex 110.855 161.92 77.0358
      vertex 100.243 167.963 69.8338
      vertex 110.541 162.011 76.9266
    endloop
  endfacet
  facet normal -5.15459e-05 0.765985 0.642859
    outer loop
      vertex 110.541 162.011 76.9266
      vertex 100.243 167.963 69.8338
      vertex 106.98 163.048 75.6907
    endloop
  endfacet
  facet normal -5.27209e-05 0.765984 0.64286
    outer loop
      vertex 106.98 163.048 75.6907
      vertex 100.243 167.963 69.8338
      vertex 103.322 163.933 74.6359
    endloop
  endfacet
  facet normal -4.28739e-05 0.766119 0.642699
    outer loop
      vertex 100.243 167.963 69.8338
      vertex 86.696 166.118 72.0322
      vertex 90.5861 165.872 72.3257
    endloop
  endfacet
  facet normal -2.60547e-05 0.766102 0.642719
    outer loop
      vertex 100.243 167.963 69.8338
      vertex 82.4453 166.222 71.9083
      vertex 86.3522 166.14 72.0062
    endloop
  endfacet
  facet normal -0.00055139 0.768316 0.64007
    outer loop
      vertex 82.4453 166.222 71.9083
      vertex 100.243 167.963 69.8338
      vertex 82.1 166.229 71.8996
    endloop
  endfacet
  facet normal 0.000272633 0.765161 0.643839
    outer loop
      vertex 86.696 166.118 72.0322
      vertex 100.243 167.963 69.8338
      vertex 86.3522 166.14 72.0062
    endloop
  endfacet
  facet normal -4.29402e-05 0.766119 0.642699
    outer loop
      vertex 94.4429 165.463 72.8135
      vertex 100.243 167.963 69.8338
      vertex 90.5861 165.872 72.3257
    endloop
  endfacet
  facet normal 0.0015099 0.764628 0.64447
    outer loop
      vertex 94.7837 165.426 72.8566
      vertex 100.243 167.963 69.8338
      vertex 94.4429 165.463 72.8135
    endloop
  endfacet
  facet normal -0.000760052 0.766649 0.642066
    outer loop
      vertex 95.1202 165.376 72.9167
      vertex 100.243 167.963 69.8338
      vertex 94.7837 165.426 72.8566
    endloop
  endfacet
  facet normal 7.22032e-05 0.765968 0.642878
    outer loop
      vertex 98.927 164.805 73.5966
      vertex 100.243 167.963 69.8338
      vertex 95.1202 165.376 72.9167
    endloop
  endfacet
  facet normal -0.0011568 0.766179 0.642626
    outer loop
      vertex 99.2576 164.741 73.6735
      vertex 100.243 167.963 69.8338
      vertex 98.927 164.805 73.5966
    endloop
  endfacet
  facet normal -7.15328e-05 0.766043 0.64279
    outer loop
      vertex 102.998 164.012 74.5427
      vertex 100.243 167.963 69.8338
      vertex 99.2576 164.741 73.6735
    endloop
  endfacet
  facet normal 0.00227788 0.766717 0.641981
    outer loop
      vertex 103.322 163.933 74.6359
      vertex 100.243 167.963 69.8338
      vertex 102.998 164.012 74.5427
    endloop
  endfacet
  facet normal 0 0.765941 0.642911
    outer loop
      vertex 45.699 159.057 80.4473
      vertex 35.8799 158.316 81.3301
      vertex 44.0907 158.316 81.3301
    endloop
  endfacet
  facet normal -0.000230849 0.767204 0.641404
    outer loop
      vertex 45.9798 159.186 80.2931
      vertex 35.8799 158.316 81.3301
      vertex 45.699 159.057 80.4473
    endloop
  endfacet
  facet normal 0.00057043 0.763355 0.645979
    outer loop
      vertex 46.2732 159.304 80.1534
      vertex 35.8799 158.316 81.3301
      vertex 45.9798 159.186 80.2931
    endloop
  endfacet
  facet normal -0.000123574 0.766379 0.642388
    outer loop
      vertex 49.5927 160.63 78.5721
      vertex 35.8799 158.316 81.3301
      vertex 46.2732 159.304 80.1534
    endloop
  endfacet
  facet normal -0.00028187 0.766242 0.642551
    outer loop
      vertex 63.9568 167.963 69.8338
      vertex 49.5927 160.63 78.5721
      vertex 53.0401 161.815 77.1605
    endloop
  endfacet
  facet normal -0.00233364 0.767743 0.640754
    outer loop
      vertex 63.9568 167.963 69.8338
      vertex 53.0401 161.815 77.1605
      vertex 53.3448 161.92 77.0358
    endloop
  endfacet
  facet normal 0.00311444 0.763787 0.645461
    outer loop
      vertex 63.9568 167.963 69.8338
      vertex 53.3448 161.92 77.0358
      vertex 53.6594 162.011 76.9266
    endloop
  endfacet
  facet normal 5.15545e-05 0.765984 0.642859
    outer loop
      vertex 63.9568 167.963 69.8338
      vertex 53.6594 162.011 76.9266
      vertex 57.22 163.048 75.6907
    endloop
  endfacet
  facet normal 5.27115e-05 0.765984 0.64286
    outer loop
      vertex 63.9568 167.963 69.8338
      vertex 57.22 163.048 75.6907
      vertex 60.8784 163.933 74.6359
    endloop
  endfacet
  facet normal -0.00228384 0.766719 0.641979
    outer loop
      vertex 63.9568 167.963 69.8338
      vertex 60.8784 163.933 74.6359
      vertex 61.2017 164.012 74.5427
    endloop
  endfacet
  facet normal 0.000109125 0.765999 0.642841
    outer loop
      vertex 63.9568 167.963 69.8338
      vertex 61.5323 164.076 74.4659
      vertex 65.273 164.805 73.5966
    endloop
  endfacet
  facet normal -0.000272631 0.765161 0.643839
    outer loop
      vertex 63.9568 167.963 69.8338
      vertex 77.504 166.118 72.0322
      vertex 77.8478 166.14 72.0062
    endloop
  endfacet
  facet normal 0.000551389 0.768316 0.64007
    outer loop
      vertex 63.9568 167.963 69.8338
      vertex 81.7547 166.222 71.9083
      vertex 82.1 166.229 71.8996
    endloop
  endfacet
  facet normal -0 0.765937 0.642916
    outer loop
      vertex 63.9568 167.963 69.8338
      vertex 82.1 166.229 71.8996
      vertex 100.243 167.963 69.8338
    endloop
  endfacet
  facet normal 2.60547e-05 0.766102 0.642719
    outer loop
      vertex 81.7547 166.222 71.9083
      vertex 63.9568 167.963 69.8338
      vertex 77.8478 166.14 72.0062
    endloop
  endfacet
  facet normal 3.80822e-05 0.765984 0.64286
    outer loop
      vertex 49.5927 160.63 78.5721
      vertex 63.9568 167.963 69.8338
      vertex 35.8799 158.316 81.3301
    endloop
  endfacet
  facet normal 0.00117673 0.765724 0.643169
    outer loop
      vertex 61.5323 164.076 74.4659
      vertex 63.9568 167.963 69.8338
      vertex 61.2017 164.012 74.5427
    endloop
  endfacet
  facet normal -7.22025e-05 0.765968 0.642878
    outer loop
      vertex 69.0798 165.376 72.9167
      vertex 63.9568 167.963 69.8338
      vertex 65.273 164.805 73.5966
    endloop
  endfacet
  facet normal 0.000760045 0.766649 0.642066
    outer loop
      vertex 69.4163 165.426 72.8566
      vertex 63.9568 167.963 69.8338
      vertex 69.0798 165.376 72.9167
    endloop
  endfacet
  facet normal -0.00150989 0.764628 0.64447
    outer loop
      vertex 69.7571 165.463 72.8135
      vertex 63.9568 167.963 69.8338
      vertex 69.4163 165.426 72.8566
    endloop
  endfacet
  facet normal 4.29399e-05 0.766119 0.642699
    outer loop
      vertex 73.6139 165.872 72.3257
      vertex 63.9568 167.963 69.8338
      vertex 69.7571 165.463 72.8135
    endloop
  endfacet
  facet normal 4.28737e-05 0.766119 0.642699
    outer loop
      vertex 77.504 166.118 72.0322
      vertex 63.9568 167.963 69.8338
      vertex 73.6139 165.872 72.3257
    endloop
  endfacet
  facet normal 0.161665 0.534343 -0.829664
    outer loop
      vertex 93.7753 99.3265 24.01
      vertex 92.0136 99.8595 24.01
      vertex 95.7758 168.632 69.0358
    endloop
  endfacet
  facet normal 0.161643 0.534343 -0.829668
    outer loop
      vertex 88.7699 40.5654 -14.81
      vertex 92.7086 62.3692 0
      vertex 92.0691 40.2153 -14.3927
    endloop
  endfacet
  facet normal 0.161655 0.534341 -0.829667
    outer loop
      vertex 92.7086 62.3692 0
      vertex 88.7699 40.5654 -14.81
      vertex 90.0074 63.1864 0
    endloop
  endfacet
  facet normal 0.000120654 -0.765882 -0.642982
    outer loop
      vertex 107.65 36.4459 -9.90045
      vertex 98.5256 39.1033 -13.0675
      vertex 101.655 38.3462 -12.1651
    endloop
  endfacet
  facet normal 0.724354 0.340966 -0.599211
    outer loop
      vertex 124.705 66.1397 24.01
      vertex 123.333 69.0544 24.01
      vertex 134.804 154.148 86.297
    endloop
  endfacet
  facet normal 0.724304 0.340961 -0.599274
    outer loop
      vertex 120.812 32.2146 0
      vertex 118.233 31.2259 -3.6796
      vertex 118.911 36.2529 0
    endloop
  endfacet
  facet normal 0.724217 0.34116 -0.599266
    outer loop
      vertex 118.233 31.2259 -3.6796
      vertex 120.812 32.2146 0
      vertex 120.519 29.6572 -1.81001
    endloop
  endfacet
  facet normal 0 -0.766046 -0.642786
    outer loop
      vertex 116.343 28.1384 0
      vertex 110.49 35.3108 -8.54777
      vertex 120.941 28.1384 0
    endloop
  endfacet
  facet normal 8.2439e-07 -0.766046 -0.642786
    outer loop
      vertex 110.49 35.3108 -8.54777
      vertex 116.343 28.1384 0
      vertex 82.1 40.8464 -15.1449
    endloop
  endfacet
  facet normal 0.409504 0.486017 -0.772071
    outer loop
      vertex 106.484 91.7441 24.01
      vertex 113.104 164.851 73.5419
      vertex 108.187 90.3092 24.01
    endloop
  endfacet
  facet normal 0.409565 0.485998 -0.772051
    outer loop
      vertex 113.104 164.851 73.5419
      vertex 106.484 91.7441 24.01
      vertex 108.926 166.068 72.0916
    endloop
  endfacet
  facet normal 0.409323 0.486065 -0.772137
    outer loop
      vertex 105.804 54.1758 0
      vertex 104.701 37.4591 -11.108
      vertex 105.265 54.6297 0
    endloop
  endfacet
  facet normal 0.46777 0.46755 -0.750058
    outer loop
      vertex 104.701 37.4591 -11.108
      vertex 108.297 51.6812 0
      vertex 107.65 36.4459 -9.90045
    endloop
  endfacet
  facet normal 0.467824 0.467524 -0.750042
    outer loop
      vertex 108.297 51.6812 0
      vertex 104.701 37.4591 -11.108
      vertex 105.804 54.1758 0
    endloop
  endfacet
  facet normal 0.467646 0.46759 -0.750111
    outer loop
      vertex 109.867 88.629 24.01
      vertex 108.187 90.3092 24.01
      vertex 113.104 164.851 73.5419
    endloop
  endfacet
  facet normal 0.806583 0.276549 -0.522441
    outer loop
      vertex 140.386 149.472 91.8698
      vertex 126.685 61.2354 24.01
      vertex 137.714 151.869 89.0134
    endloop
  endfacet
  facet normal 0.806449 0.276677 -0.522581
    outer loop
      vertex 126.685 61.2354 24.01
      vertex 140.386 149.472 91.8698
      vertex 127.254 59.5769 24.01
    endloop
  endfacet
  facet normal 0.00251445 0.767413 0.641149
    outer loop
      vertex 134.804 154.148 86.297
      vertex 131.668 156.301 83.7323
      vertex 137.714 151.869 89.0134
    endloop
  endfacet
  facet normal 0.979034 0.00892354 -0.203499
    outer loop
      vertex 133.769 18.5946 24.01
      vertex 133.725 23.422 24.01
      vertex 151.6 130.32 114.694
    endloop
  endfacet
  facet normal 0.987486 -0.0323117 -0.154358
    outer loop
      vertex 151.6 130.32 114.694
      vertex 133.601 13.4603 24.01
      vertex 133.769 18.5946 24.01
    endloop
  endfacet
  facet normal -0.00319098 0.765965 0.642875
    outer loop
      vertex 152.05 127.386 118.192
      vertex 151.6 130.32 114.694
      vertex 152.2 124.439 121.704
    endloop
  endfacet
  facet normal 0.991755 -0.074109 -0.104545
    outer loop
      vertex 152.2 124.439 121.704
      vertex 133.594 13.2627 24.01
      vertex 152.05 127.386 118.192
    endloop
  endfacet
  facet normal 0.991801 -0.0751771 -0.103338
    outer loop
      vertex 133.594 13.2627 24.01
      vertex 152.2 124.439 121.704
      vertex 133.58 13.078 24.01
    endloop
  endfacet
  facet normal -0.00208572 0.765839 0.643029
    outer loop
      vertex 13.347 115.648 132.18
      vertex 12.1501 121.492 125.216
      vertex 12.5997 118.557 128.713
    endloop
  endfacet
  facet normal -0.767053 -0.499596 0.402535
    outer loop
      vertex 40.8266 8 71.2502
      vertex 29.396 94.729 157.11
      vertex 39.2807 8 68.3044
    endloop
  endfacet
  facet normal -0.767046 -0.499601 0.402542
    outer loop
      vertex 43.681 -13.6572 49.81
      vertex 40.1925 0 60.1128
      vertex 41.5596 -11.9956 47.8299
    endloop
  endfacet
  facet normal -0.767057 -0.499594 0.402529
    outer loop
      vertex 40.1925 0 60.1128
      vertex 43.681 -13.6572 49.81
      vertex 41.881 0 63.3304
    endloop
  endfacet
  facet normal -0.288023 -0.705337 0.647722
    outer loop
      vertex 66.0753 8 95.1155
      vertex 59.5671 81.7706 172.554
      vertex 63.8631 8 94.1318
    endloop
  endfacet
  facet normal -0.288029 -0.705333 0.647722
    outer loop
      vertex 64.329 0 85.6274
      vertex 68.8743 -23.7272 61.811
      vertex 66.7811 0 86.7178
    endloop
  endfacet
  facet normal -0.288022 -0.705334 0.647724
    outer loop
      vertex 68.8743 -23.7272 61.811
      vertex 64.329 0 85.6274
      vertex 65.6744 -23.1033 61.0675
    endloop
  endfacet
  facet normal -0.979031 -0.198872 0.0441434
    outer loop
      vertex 30.92 8 36.9552
      vertex 12.5997 118.557 128.713
      vertex 30.7339 8 32.8278
    endloop
  endfacet
  facet normal 4.00934e-05 0.76607 0.642757
    outer loop
      vertex 39.4258 88.6907 164.307
      vertex 17.336 107.195 142.254
      vertex 23.814 99.4051 151.538
    endloop
  endfacet
  facet normal -0.000171999 0.765997 0.642844
    outer loop
      vertex 30.7396 98.8266 152.227
      vertex 39.4258 88.6907 164.307
      vertex 31.4787 98.2477 152.917
    endloop
  endfacet
  facet normal 0.00456101 0.767662 0.640839
    outer loop
      vertex 30.5204 98.9982 152.023
      vertex 39.4258 88.6907 164.307
      vertex 30.7396 98.8266 152.227
    endloop
  endfacet
  facet normal 0.00628896 0.770207 0.637764
    outer loop
      vertex 17.336 107.195 142.254
      vertex 30.5204 98.9982 152.023
      vertex 30.3192 99.1787 151.807
    endloop
  endfacet
  facet normal 0.000123069 0.766112 0.642707
    outer loop
      vertex 17.336 107.195 142.254
      vertex 30.3192 99.1787 151.807
      vertex 28.0423 101.221 149.373
    endloop
  endfacet
  facet normal -0.000369285 0.765747 0.643142
    outer loop
      vertex 17.336 107.195 142.254
      vertex 28.0423 101.221 149.373
      vertex 25.9781 103.355 146.831
    endloop
  endfacet
  facet normal 0.00244016 0.768352 0.640023
    outer loop
      vertex 17.336 107.195 142.254
      vertex 25.9781 103.355 146.831
      vertex 25.7957 103.543 146.606
    endloop
  endfacet
  facet normal -4.57438e-05 0.766028 0.642807
    outer loop
      vertex 30.5204 98.9982 152.023
      vertex 17.336 107.195 142.254
      vertex 39.4258 88.6907 164.307
    endloop
  endfacet
  facet normal 0.000951251 0.766933 0.641726
    outer loop
      vertex 25.6328 103.739 146.372
      vertex 17.336 107.195 142.254
      vertex 25.7957 103.543 146.606
    endloop
  endfacet
  facet normal -8.81719e-05 0.765903 0.642956
    outer loop
      vertex 23.7901 105.955 143.732
      vertex 17.336 107.195 142.254
      vertex 25.6328 103.739 146.372
    endloop
  endfacet
  facet normal -2.12365e-05 0.766047 0.642784
    outer loop
      vertex 22.1769 108.244 141.004
      vertex 17.336 107.195 142.254
      vertex 23.7901 105.955 143.732
    endloop
  endfacet
  facet normal -0.000176071 0.766342 0.642433
    outer loop
      vertex 22.0343 108.446 140.763
      vertex 17.336 107.195 142.254
      vertex 22.1769 108.244 141.004
    endloop
  endfacet
  facet normal -6.82747e-05 0.766175 0.642632
    outer loop
      vertex 21.9126 108.654 140.515
      vertex 17.336 107.195 142.254
      vertex 22.0343 108.446 140.763
    endloop
  endfacet
  facet normal 0.000101167 0.765955 0.642894
    outer loop
      vertex 20.5357 111.006 137.713
      vertex 17.336 107.195 142.254
      vertex 21.9126 108.654 140.515
    endloop
  endfacet
  facet normal -0.00320706 0.767098 0.641522
    outer loop
      vertex 20.4354 111.218 137.459
      vertex 17.336 107.195 142.254
      vertex 20.5357 111.006 137.713
    endloop
  endfacet
  facet normal 0.000425809 0.765947 0.642904
    outer loop
      vertex 20.0972 111.935 136.605
      vertex 17.336 107.195 142.254
      vertex 20.4354 111.218 137.459
    endloop
  endfacet
  facet normal 3.64554e-05 0.766041 0.642792
    outer loop
      vertex 17.336 107.195 142.254
      vertex 20.0972 111.935 136.605
      vertex 12.1501 121.492 125.216
    endloop
  endfacet
  facet normal -0.767028 -0.499616 0.402557
    outer loop
      vertex 39.2807 8 68.3044
      vertex 26.4859 97.0083 154.394
      vertex 38.7945 8 67.378
    endloop
  endfacet
  facet normal -0.767027 -0.499617 0.402558
    outer loop
      vertex 26.4859 97.0083 154.394
      vertex 39.2807 8 68.3044
      vertex 29.396 94.729 157.11
    endloop
  endfacet
  facet normal -0.767028 -0.499615 0.402558
    outer loop
      vertex 40.1925 0 60.1128
      vertex 39.9008 0 59.557
      vertex 41.5596 -11.9956 47.8299
    endloop
  endfacet
  facet normal -0.629492 -0.588018 0.507912
    outer loop
      vertex 48.1688 8 81.7251
      vertex 35.8799 90.5613 162.077
      vertex 47.3667 8 80.731
    endloop
  endfacet
  facet normal -0.629572 -0.587978 0.50786
    outer loop
      vertex 35.8799 90.5613 162.077
      vertex 48.1688 8 81.7251
      vertex 39.4258 88.6907 164.307
    endloop
  endfacet
  facet normal -0.629456 -0.588038 0.507933
    outer loop
      vertex 49.0356 0 73.5377
      vertex 48.4797 0 72.8488
      vertex 50.9923 -18.0588 55.0557
    endloop
  endfacet
  facet normal -0.678319 -0.560494 0.47511
    outer loop
      vertex 43.7522 8 75.9178
      vertex 32.5318 92.5769 159.675
      vertex 43.0723 8 74.9471
    endloop
  endfacet
  facet normal -0.678298 -0.560507 0.475125
    outer loop
      vertex 32.5318 92.5769 159.675
      vertex 43.7522 8 75.9178
      vertex 35.8799 90.5613 162.077
    endloop
  endfacet
  facet normal -0.678303 -0.560505 0.475121
    outer loop
      vertex 44.515 0 67.5691
      vertex 44.0693 0 66.9328
      vertex 45.9668 -15.2259 51.6796
    endloop
  endfacet
  facet normal -0.00116991 0.765227 0.643759
    outer loop
      vertex 39.4258 88.6907 164.307
      vertex 32.5318 92.5769 159.675
      vertex 35.8799 90.5613 162.077
    endloop
  endfacet
  facet normal 6.16148e-05 0.766064 0.642765
    outer loop
      vertex 77.5152 79.4758 175.288
      vertex 68.4242 80.2451 174.372
      vertex 72.9501 79.7648 174.944
    endloop
  endfacet
  facet normal -0.225323 -0.716135 0.660591
    outer loop
      vertex 70.9877 8 96.9267
      vertex 68.4242 80.2451 174.372
      vertex 68.737 8 96.159
    endloop
  endfacet
  facet normal -0.225315 -0.716135 0.660593
    outer loop
      vertex 68.7716 0 87.4982
      vertex 72.1309 -24.2153 62.3927
      vertex 71.2716 0 88.3509
    endloop
  endfacet
  facet normal -0.22533 -0.716134 0.66059
    outer loop
      vertex 72.1309 -24.2153 62.3927
      vertex 68.7716 0 87.4982
      vertex 68.8743 -23.7272 61.811
    endloop
  endfacet
  facet normal 0.0324606 -0.732454 0.680043
    outer loop
      vertex 82.1 -24.8464 63.1449
      vertex 85.7374 0 89.7326
      vertex 83.192 0 89.8541
    endloop
  endfacet
  facet normal 0.0324584 -0.732454 0.680043
    outer loop
      vertex 85.7374 0 89.7326
      vertex 82.1 -24.8464 63.1449
      vertex 85.4421 -24.7761 63.0611
    endloop
  endfacet
  facet normal 0.0324679 -0.732452 0.680044
    outer loop
      vertex 86.6848 79.4758 175.288
      vertex 83.5435 8 98.4539
      vertex 85.8328 8 98.3446
    endloop
  endfacet
  facet normal 0 -0.766041 -0.642791
    outer loop
      vertex 75.4301 -24.5654 62.81
      vertex 85.4421 -24.7761 63.0611
      vertex 78.7579 -24.7761 63.0611
    endloop
  endfacet
  facet normal 0 -0.766041 -0.642791
    outer loop
      vertex 85.4421 -24.7761 63.0611
      vertex 75.4301 -24.5654 62.81
      vertex 88.7699 -24.5654 62.81
    endloop
  endfacet
  facet normal -0.467761 -0.65748 0.590694
    outer loop
      vertex 54.7152 0 79.2051
      vertex 59.499 -21.4591 59.108
      vertex 56.9995 0 81.014
    endloop
  endfacet
  facet normal -0.46776 -0.65748 0.590695
    outer loop
      vertex 59.499 -21.4591 59.108
      vertex 54.7152 0 79.2051
      vertex 56.55 -20.4459 57.9005
    endloop
  endfacet
  facet normal -0.467774 -0.657476 0.590688
    outer loop
      vertex 56.0676 8 89.1806
      vertex 47.05 85.4162 168.209
      vertex 53.9973 8 87.5411
    endloop
  endfacet
  facet normal 0.00014849 0.766202 0.6426
    outer loop
      vertex 55.2739 82.8093 171.316
      vertex 39.4258 88.6907 164.307
      vertex 51.0956 84.0262 169.866
    endloop
  endfacet
  facet normal -8.76909e-06 -0.766039 -0.642794
    outer loop
      vertex 129.741 0 33.534
      vertex 101.655 -22.3462 60.1651
      vertex 92.0691 -24.2153 62.3927
    endloop
  endfacet
  facet normal 0 -0.766044 -0.642789
    outer loop
      vertex 101.655 -22.3462 60.1651
      vertex 129.741 0 33.534
      vertex 130.186 0 33.534
    endloop
  endfacet
  facet normal 0.409404 -0.675978 0.612733
    outer loop
      vertex 108.926 82.8093 171.316
      vertex 103.753 8 92.2414
      vertex 105.895 8 90.8102
    endloop
  endfacet
  facet normal 0.409425 -0.675969 0.612729
    outer loop
      vertex 101.655 -22.3462 60.1651
      vertex 105.571 0 82.201
      vertex 103.2 0 83.7853
    endloop
  endfacet
  facet normal 0.409495 -0.675953 0.6127
    outer loop
      vertex 105.571 0 82.201
      vertex 101.655 -22.3462 60.1651
      vertex 104.701 -21.4591 59.108
    endloop
  endfacet
  facet normal -3.28173e-05 -0.766009 -0.64283
    outer loop
      vertex 107.65 -20.4459 57.9005
      vertex 104.701 -21.4591 59.108
      vertex 113.208 -18.0588 55.0557
    endloop
  endfacet
  facet normal 0.467656 -0.657516 0.590738
    outer loop
      vertex 117.15 85.4162 168.209
      vertex 108.132 8 89.1806
      vertex 110.203 8 87.5411
    endloop
  endfacet
  facet normal 0.467804 -0.657471 0.59067
    outer loop
      vertex 104.701 -21.4591 59.108
      vertex 109.485 0 79.2051
      vertex 107.201 0 81.014
    endloop
  endfacet
  facet normal 0.467759 -0.657482 0.590693
    outer loop
      vertex 109.485 0 79.2051
      vertex 104.701 -21.4591 59.108
      vertex 107.65 -20.4459 57.9005
    endloop
  endfacet
  facet normal 0.949543 -0.280208 0.140899
    outer loop
      vertex 130.488 -2.55814 36.5827
      vertex 131.54 0 34.5805
      vertex 130.917 0 38.779
    endloop
  endfacet
  facet normal 0.949567 -0.27996 0.141228
    outer loop
      vertex 131.54 0 34.5805
      vertex 130.488 -2.55814 36.5827
      vertex 131.459 -0.501286 34.1314
    endloop
  endfacet
  facet normal 0.949568 -0.280097 0.140949
    outer loop
      vertex 149.811 112.777 135.602
      vertex 132.257 8 45.6473
      vertex 132.836 8 41.7466
    endloop
  endfacet
  facet normal 0.000172062 0.765997 0.642844
    outer loop
      vertex 124.774 88.6907 164.307
      vertex 133.46 98.8266 152.227
      vertex 132.721 98.2477 152.917
    endloop
  endfacet
  facet normal -0.00451093 0.767645 0.64086
    outer loop
      vertex 124.774 88.6907 164.307
      vertex 133.68 98.9982 152.023
      vertex 133.46 98.8266 152.227
    endloop
  endfacet
  facet normal 4.57504e-05 0.766028 0.642807
    outer loop
      vertex 146.864 107.195 142.254
      vertex 133.68 98.9982 152.023
      vertex 124.774 88.6907 164.307
    endloop
  endfacet
  facet normal -0.00627561 0.770198 0.637774
    outer loop
      vertex 133.68 98.9982 152.023
      vertex 146.864 107.195 142.254
      vertex 133.881 99.1787 151.807
    endloop
  endfacet
  facet normal -0.000123087 0.766112 0.642707
    outer loop
      vertex 133.881 99.1787 151.807
      vertex 146.864 107.195 142.254
      vertex 136.158 101.221 149.373
    endloop
  endfacet
  facet normal 0.000369265 0.765747 0.643142
    outer loop
      vertex 136.158 101.221 149.373
      vertex 146.864 107.195 142.254
      vertex 138.222 103.355 146.831
    endloop
  endfacet
  facet normal -0.000951524 0.766933 0.641726
    outer loop
      vertex 146.864 107.195 142.254
      vertex 138.567 103.739 146.372
      vertex 138.404 103.543 146.606
    endloop
  endfacet
  facet normal -0.00243618 0.768348 0.640027
    outer loop
      vertex 138.222 103.355 146.831
      vertex 146.864 107.195 142.254
      vertex 138.404 103.543 146.606
    endloop
  endfacet
  facet normal 8.81763e-05 0.765903 0.642956
    outer loop
      vertex 138.567 103.739 146.372
      vertex 146.864 107.195 142.254
      vertex 140.41 105.955 143.732
    endloop
  endfacet
  facet normal 2.12365e-05 0.766047 0.642784
    outer loop
      vertex 146.864 107.195 142.254
      vertex 142.023 108.244 141.004
      vertex 140.41 105.955 143.732
    endloop
  endfacet
  facet normal 0.000176003 0.766342 0.642433
    outer loop
      vertex 146.864 107.195 142.254
      vertex 142.166 108.446 140.763
      vertex 142.023 108.244 141.004
    endloop
  endfacet
  facet normal 6.83315e-05 0.766175 0.642632
    outer loop
      vertex 146.864 107.195 142.254
      vertex 142.287 108.654 140.515
      vertex 142.166 108.446 140.763
    endloop
  endfacet
  facet normal -0.000101159 0.765955 0.642894
    outer loop
      vertex 146.864 107.195 142.254
      vertex 143.664 111.006 137.713
      vertex 142.287 108.654 140.515
    endloop
  endfacet
  facet normal 0.000553152 0.766182 0.642623
    outer loop
      vertex 146.864 107.195 142.254
      vertex 144.103 111.935 136.605
      vertex 143.664 111.006 137.713
    endloop
  endfacet
  facet normal -3.64568e-05 0.766041 0.642792
    outer loop
      vertex 144.103 111.935 136.605
      vertex 146.864 107.195 142.254
      vertex 152.05 121.492 125.216
    endloop
  endfacet
  facet normal 0.987518 -0.157417 -0.00525701
    outer loop
      vertex 133.466 8 32.8278
      vertex 133.443 8 28.5073
      vertex 151.6 118.557 128.713
    endloop
  endfacet
  facet normal 0.979036 -0.19885 0.04412
    outer loop
      vertex 151.6 118.557 128.713
      vertex 133.28 8 36.9552
      vertex 133.466 8 32.8278
    endloop
  endfacet
  facet normal 0.0011694 0.765228 0.643759
    outer loop
      vertex 131.668 92.5769 159.675
      vertex 124.774 88.6907 164.307
      vertex 128.32 90.5613 162.077
    endloop
  endfacet
  facet normal 0.678309 -0.5605 0.475119
    outer loop
      vertex 118.677 8 78.446
      vertex 131.668 92.5769 159.675
      vertex 128.32 90.5613 162.077
    endloop
  endfacet
  facet normal 0.678521 -0.560378 0.474958
    outer loop
      vertex 131.668 92.5769 159.675
      vertex 118.677 8 78.446
      vertex 119.38 8 77.4417
    endloop
  endfacet
  facet normal 0.678735 -0.560242 0.474814
    outer loop
      vertex 117.743 0 70.3423
      vertex 115.793 -16.6953 53.4307
      vertex 118.218 0 69.6633
    endloop
  endfacet
  facet normal 0.767034 -0.499612 0.402551
    outer loop
      vertex 134.804 94.729 157.11
      vertex 123.373 8 71.2502
      vertex 124.919 8 68.3044
    endloop
  endfacet
  facet normal 0.766975 -0.499658 0.402605
    outer loop
      vertex 120.519 -13.6572 49.81
      vertex 124.008 0 60.1128
      vertex 122.319 0 63.3304
    endloop
  endfacet
  facet normal 0.7671 -0.499582 0.402461
    outer loop
      vertex 124.008 0 60.1128
      vertex 120.519 -13.6572 49.81
      vertex 122.64 -11.9956 47.8299
    endloop
  endfacet
  facet normal 1.15783e-05 -0.766048 -0.642784
    outer loop
      vertex 130.997 0 33.534
      vertex 124.588 -10.2485 45.7477
      vertex 120.519 -13.6572 49.81
    endloop
  endfacet
  facet normal 0 -0.766045 -0.642787
    outer loop
      vertex 124.588 -10.2485 45.7477
      vertex 130.997 0 33.534
      vertex 131.192 0 33.534
    endloop
  endfacet
  facet normal 0.903829 0.168281 -0.393413
    outer loop
      vertex 132.166 40.2747 24.01
      vertex 131.402 44.3781 24.01
      vertex 146.864 141.682 101.154
    endloop
  endfacet
  facet normal 0.875052 0.205788 -0.438105
    outer loop
      vertex 144.971 144.368 97.9529
      vertex 130.854 46.9781 24.01
      vertex 142.808 146.968 94.8539
    endloop
  endfacet
  facet normal 0.875197 0.20561 -0.437898
    outer loop
      vertex 130.854 46.9781 24.01
      vertex 144.971 144.368 97.9529
      vertex 131.165 45.6543 24.01
    endloop
  endfacet
  facet normal -0.00076324 0.765827 0.643046
    outer loop
      vertex 144.971 144.368 97.9529
      vertex 142.808 146.968 94.8539
      vertex 146.864 141.682 101.154
    endloop
  endfacet
  facet normal -0.928689 0.129706 -0.347438
    outer loop
      vertex 31.2764 34.8517 24.01
      vertex 15.7202 138.923 104.443
      vertex 31.8784 39.162 24.01
    endloop
  endfacet
  facet normal -0.90385 0.168253 -0.393378
    outer loop
      vertex 33.0353 45.6543 24.01
      vertex 17.336 141.682 101.154
      vertex 19.2292 144.368 97.9529
    endloop
  endfacet
  facet normal -0.903836 0.168274 -0.393401
    outer loop
      vertex 17.336 141.682 101.154
      vertex 33.0353 45.6543 24.01
      vertex 32.7977 44.3781 24.01
    endloop
  endfacet
  facet normal -0.979035 0.00892355 -0.203498
    outer loop
      vertex 30.4306 18.5946 24.01
      vertex 12.5997 130.32 114.694
      vertex 30.4746 23.422 24.01
    endloop
  endfacet
  facet normal -0.987512 -0.0324727 -0.154162
    outer loop
      vertex 30.5993 13.4603 24.01
      vertex 12.1501 127.386 118.192
      vertex 12.5997 130.32 114.694
    endloop
  endfacet
  facet normal -0.987513 -0.032484 -0.154149
    outer loop
      vertex 12.1501 127.386 118.192
      vertex 30.5993 13.4603 24.01
      vertex 30.6058 13.2627 24.01
    endloop
  endfacet
  facet normal 0 -0.76604 -0.642793
    outer loop
      vertex 43.681 29.6572 -1.81001
      vertex 41.7544 28.1384 0
      vertex 41.7419 28.1384 0
    endloop
  endfacet
  facet normal -0.000244072 -0.765912 -0.642945
    outer loop
      vertex 41.7544 28.1384 0
      vertex 43.681 29.6572 -1.81001
      vertex 45.9668 31.2259 -3.6796
    endloop
  endfacet
  facet normal -0.767049 0.309665 -0.561911
    outer loop
      vertex 43.681 29.6572 -1.81001
      vertex 41.7419 28.1384 0
      vertex 43.3875 32.2146 0
    endloop
  endfacet
  facet normal -0.767065 0.309656 -0.561894
    outer loop
      vertex 38.1928 62.9147 24.01
      vertex 29.396 154.148 86.297
      vertex 39.4947 66.1397 24.01
    endloop
  endfacet
  facet normal -0.000156602 -0.76592 -0.642936
    outer loop
      vertex 53.7104 35.3108 -8.54777
      vertex 45.9668 31.2259 -3.6796
      vertex 48.4074 32.6953 -5.43067
    endloop
  endfacet
  facet normal -0.678311 0.370572 -0.634484
    outer loop
      vertex 48.4074 32.6953 -5.43067
      vertex 45.5302 36.727 0
      vertex 47.6233 40.5583 0
    endloop
  endfacet
  facet normal -0.678323 0.370558 -0.63448
    outer loop
      vertex 45.5302 36.727 0
      vertex 48.4074 32.6953 -5.43067
      vertex 45.9668 31.2259 -3.6796
    endloop
  endfacet
  facet normal -0.678333 0.370555 -0.634471
    outer loop
      vertex 42.6813 72.6221 24.01
      vertex 35.8799 158.316 81.3301
      vertex 44.1564 75.3224 24.01
    endloop
  endfacet
  facet normal -0.806562 0.276569 -0.522462
    outer loop
      vertex 35.7764 56.1654 24.01
      vertex 23.814 149.472 91.8698
      vertex 36.9462 59.5769 24.01
    endloop
  endfacet
  facet normal -0.00251636 0.767414 0.641147
    outer loop
      vertex 29.396 154.148 86.297
      vertex 26.4859 151.869 89.0134
      vertex 32.5318 156.301 83.7323
    endloop
  endfacet
  facet normal 0.000765077 0.765826 0.643047
    outer loop
      vertex 19.2292 144.368 97.9529
      vertex 17.336 141.682 101.154
      vertex 21.3916 146.968 94.8539
    endloop
  endfacet
  facet normal -0.903844 0.168262 -0.393388
    outer loop
      vertex 32.0338 40.2747 24.01
      vertex 17.336 141.682 101.154
      vertex 32.7977 44.3781 24.01
    endloop
  endfacet
  facet normal -5.91934e-06 -0.766003 -0.642837
    outer loop
      vertex 82.1 40.8464 -15.1449
      vertex 75.4301 40.5654 -14.81
      vertex 78.7579 40.7761 -15.0611
    endloop
  endfacet
  facet normal -0.097267 0.539792 -0.83616
    outer loop
      vertex 78.7579 40.7761 -15.0611
      vertex 75.8025 63.5738 0
      vertex 78.5329 64.0658 0
    endloop
  endfacet
  facet normal -0.0972696 0.539792 -0.83616
    outer loop
      vertex 75.8025 63.5738 0
      vertex 78.7579 40.7761 -15.0611
      vertex 75.4301 40.5654 -14.81
    endloop
  endfacet
  facet normal -0.0973931 0.539784 -0.836151
    outer loop
      vertex 78.1742 101.194 24.01
      vertex 76.4062 100.875 24.01
      vertex 77.5152 169.402 68.119
    endloop
  endfacet
  facet normal -0.000125306 0.765211 0.64378
    outer loop
      vertex 86.6848 169.402 68.119
      vertex 82.1 169.498 68.004
      vertex 91.2499 169.113 68.4634
    endloop
  endfacet
  facet normal 0.000125306 0.765211 0.64378
    outer loop
      vertex 77.5152 169.402 68.119
      vertex 72.9501 169.113 68.4634
      vertex 82.1 169.498 68.004
    endloop
  endfacet
  facet normal -0.288021 0.515402 -0.807097
    outer loop
      vertex 68.8743 39.7272 -13.811
      vertex 67.3561 60.5062 0
      vertex 68.0624 60.9009 0
    endloop
  endfacet
  facet normal -0.288038 0.515399 -0.807092
    outer loop
      vertex 59.5671 167.107 70.8538
      vertex 66.6508 97.7105 24.01
      vertex 64.7167 96.6296 24.01
    endloop
  endfacet
  facet normal -0.288041 0.515398 -0.807092
    outer loop
      vertex 66.6508 97.7105 24.01
      vertex 59.5671 167.107 70.8538
      vertex 63.9568 167.963 69.8338
    endloop
  endfacet
  facet normal 1.86854e-05 -0.766069 -0.642758
    outer loop
      vertex 68.8743 39.7272 -13.811
      vertex 53.7104 35.3108 -8.54777
      vertex 65.6744 39.1033 -13.0675
    endloop
  endfacet
  facet normal -7.01231e-05 -0.765953 -0.642896
    outer loop
      vertex 65.6744 39.1033 -13.0675
      vertex 53.7104 35.3108 -8.54777
      vertex 56.55 36.4459 -9.90045
    endloop
  endfacet
  facet normal -0.000120631 -0.765882 -0.642982
    outer loop
      vertex 65.6744 39.1033 -13.0675
      vertex 56.55 36.4459 -9.90045
      vertex 62.5449 38.3462 -12.1651
    endloop
  endfacet
  facet normal -0.409542 0.486005 -0.772058
    outer loop
      vertex 51.0956 164.851 73.5419
      vertex 57.7156 91.7441 24.01
      vertex 56.0128 90.3092 24.01
    endloop
  endfacet
  facet normal -0.409541 0.486006 -0.772059
    outer loop
      vertex 57.7156 91.7441 24.01
      vertex 51.0956 164.851 73.5419
      vertex 55.2739 166.068 72.0916
    endloop
  endfacet
  facet normal -0.40957 0.485998 -0.772048
    outer loop
      vertex 59.499 37.4591 -11.108
      vertex 58.3963 54.1758 0
      vertex 58.9349 54.6297 0
    endloop
  endfacet
  facet normal -0.409528 0.486009 -0.772063
    outer loop
      vertex 57.7156 91.7441 24.01
      vertex 55.2739 166.068 72.0916
      vertex 59.4231 93.1829 24.01
    endloop
  endfacet
  facet normal -0.409502 0.486016 -0.772073
    outer loop
      vertex 58.9349 54.6297 0
      vertex 62.5449 38.3462 -12.1651
      vertex 59.499 37.4591 -11.108
    endloop
  endfacet
  facet normal -0.40951 0.486013 -0.772071
    outer loop
      vertex 62.5449 38.3462 -12.1651
      vertex 58.9349 54.6297 0
      vertex 61.4951 56.7869 0
    endloop
  endfacet
  facet normal -0.523926 0.446709 -0.725226
    outer loop
      vertex 56.55 36.4459 -9.90045
      vertex 55.0248 50.7303 0
      vertex 55.4448 51.2229 0
    endloop
  endfacet
  facet normal -0.524002 0.446678 -0.725191
    outer loop
      vertex 43.1545 161.904 77.054
      vertex 52.7644 87.0594 24.01
      vertex 51.326 85.372 24.01
    endloop
  endfacet
  facet normal -0.523982 0.446686 -0.725199
    outer loop
      vertex 52.7644 87.0594 24.01
      vertex 43.1545 161.904 77.054
      vertex 47.05 163.461 75.1984
    endloop
  endfacet
  facet normal -8.24921e-05 0.766136 0.642678
    outer loop
      vertex 47.05 163.461 75.1984
      vertex 43.1545 161.904 77.054
      vertex 51.0956 164.851 73.5419
    endloop
  endfacet
  facet normal -0.577997 0.423484 -0.697553
    outer loop
      vertex 50.9923 34.0588 -7.05571
      vertex 50.0451 44.388 0
      vertex 50.3348 44.7834 0
    endloop
  endfacet
  facet normal -0.577987 0.42349 -0.697558
    outer loop
      vertex 39.4258 160.187 79.1009
      vertex 48.0974 81.2782 24.01
      vertex 46.8217 79.5371 24.01
    endloop
  endfacet
  facet normal -0.577956 0.423505 -0.697575
    outer loop
      vertex 48.0974 81.2782 24.01
      vertex 39.4258 160.187 79.1009
      vertex 43.1545 161.904 77.054
    endloop
  endfacet
  facet normal -0.629509 0.398078 -0.667273
    outer loop
      vertex 35.8799 158.316 81.3301
      vertex 46.8217 79.5371 24.01
      vertex 45.6806 77.7326 24.01
    endloop
  endfacet
  facet normal -0.629528 0.398067 -0.667261
    outer loop
      vertex 46.8217 79.5371 24.01
      vertex 35.8799 158.316 81.3301
      vertex 39.4258 160.187 79.1009
    endloop
  endfacet
  facet normal -0.629515 0.398074 -0.667269
    outer loop
      vertex 50.9923 34.0588 -7.05571
      vertex 49.7859 43.9781 0
      vertex 50.0451 44.388 0
    endloop
  endfacet
  facet normal 0.57818 0.423399 -0.697453
    outer loop
      vertex 116.103 81.2782 24.01
      vertex 124.774 160.187 79.1009
      vertex 117.378 79.5371 24.01
    endloop
  endfacet
  facet normal 0.577925 0.423522 -0.697589
    outer loop
      vertex 124.774 160.187 79.1009
      vertex 116.103 81.2782 24.01
      vertex 121.045 161.904 77.054
    endloop
  endfacet
  facet normal 0.577638 0.423659 -0.697745
    outer loop
      vertex 114.155 44.388 0
      vertex 113.208 34.0588 -7.05571
      vertex 113.865 44.7834 0
    endloop
  endfacet
  facet normal 0.629359 0.398155 -0.667368
    outer loop
      vertex 118.921 77.0981 24.01
      vertex 117.378 79.5371 24.01
      vertex 124.774 160.187 79.1009
    endloop
  endfacet
  facet normal 0.629473 0.398097 -0.667295
    outer loop
      vertex 113.208 34.0588 -7.05571
      vertex 116.37 40.8859 0
      vertex 115.793 32.6953 -5.43067
    endloop
  endfacet
  facet normal 0.629453 0.398115 -0.667303
    outer loop
      vertex 116.37 40.8859 0
      vertex 113.208 34.0588 -7.05571
      vertex 114.155 44.388 0
    endloop
  endfacet
  facet normal 4.23325e-05 -0.76593 -0.642923
    outer loop
      vertex 95.3257 39.7272 -13.811
      vertex 88.7699 40.5654 -14.81
      vertex 92.0691 40.2153 -14.3927
    endloop
  endfacet
  facet normal -0.000161973 0.765657 0.643249
    outer loop
      vertex 104.633 167.107 70.8538
      vertex 100.243 167.963 69.8338
      vertex 108.926 166.068 72.0916
    endloop
  endfacet
  facet normal 0 0.766329 0.642449
    outer loop
      vertex 95.7758 168.632 69.0358
      vertex 63.9568 167.963 69.8338
      vertex 100.243 167.963 69.8338
    endloop
  endfacet
  facet normal 0 0.766329 0.642449
    outer loop
      vertex 63.9568 167.963 69.8338
      vertex 95.7758 168.632 69.0358
      vertex 68.4242 168.632 69.0358
    endloop
  endfacet
  facet normal 0.0972696 0.539792 -0.83616
    outer loop
      vertex 85.4421 40.7761 -15.0611
      vertex 88.3975 63.5738 0
      vertex 88.7699 40.5654 -14.81
    endloop
  endfacet
  facet normal 0.097267 0.539792 -0.83616
    outer loop
      vertex 88.3975 63.5738 0
      vertex 85.4421 40.7761 -15.0611
      vertex 85.6671 64.0658 0
    endloop
  endfacet
  facet normal 0.0973931 0.539784 -0.836151
    outer loop
      vertex 87.7938 100.875 24.01
      vertex 86.0258 101.194 24.01
      vertex 86.6848 169.402 68.119
    endloop
  endfacet
  facet normal 5.91934e-06 -0.766003 -0.642837
    outer loop
      vertex 88.7699 40.5654 -14.81
      vertex 82.1 40.8464 -15.1449
      vertex 85.4421 40.7761 -15.0611
    endloop
  endfacet
  facet normal 0 -0.766046 -0.642786
    outer loop
      vertex 120.941 28.1384 0
      vertex 110.49 35.3108 -8.54777
      vertex 122.403 28.1384 0
    endloop
  endfacet
  facet normal 0 -0.76605 -0.642781
    outer loop
      vertex 122.403 28.1384 0
      vertex 118.233 31.2259 -3.6796
      vertex 122.446 28.1384 0
    endloop
  endfacet
  facet normal -3.02246e-05 -0.766067 -0.642761
    outer loop
      vertex 118.233 31.2259 -3.6796
      vertex 122.403 28.1384 0
      vertex 110.49 35.3108 -8.54777
    endloop
  endfacet
  facet normal 0.467739 0.46756 -0.750072
    outer loop
      vertex 109.867 88.629 24.01
      vertex 117.15 163.461 75.1984
      vertex 111.436 87.0594 24.01
    endloop
  endfacet
  facet normal 0.467726 0.467565 -0.750077
    outer loop
      vertex 117.15 163.461 75.1984
      vertex 109.867 88.629 24.01
      vertex 113.104 164.851 73.5419
    endloop
  endfacet
  facet normal 0.467836 0.467529 -0.750031
    outer loop
      vertex 108.755 51.2229 0
      vertex 107.65 36.4459 -9.90045
      vertex 108.297 51.6812 0
    endloop
  endfacet
  facet normal 8.23693e-05 0.766136 0.642678
    outer loop
      vertex 117.15 163.461 75.1984
      vertex 113.104 164.851 73.5419
      vertex 121.045 161.904 77.054
    endloop
  endfacet
  facet normal -0.000223944 -0.766331 -0.642446
    outer loop
      vertex 107.65 36.4459 -9.90045
      vertex 101.655 38.3462 -12.1651
      vertex 104.701 37.4591 -11.108
    endloop
  endfacet
  facet normal 0.409626 0.485982 -0.772029
    outer loop
      vertex 106.484 91.7441 24.01
      vertex 104.777 93.1829 24.01
      vertex 108.926 166.068 72.0916
    endloop
  endfacet
  facet normal 0.409491 0.486021 -0.772076
    outer loop
      vertex 101.655 38.3462 -12.1651
      vertex 105.265 54.6297 0
      vertex 104.701 37.4591 -11.108
    endloop
  endfacet
  facet normal 0.409533 0.486003 -0.772065
    outer loop
      vertex 105.265 54.6297 0
      vertex 101.655 38.3462 -12.1651
      vertex 102.705 56.7869 0
    endloop
  endfacet
  facet normal 0.949609 0.0900793 -0.300214
    outer loop
      vertex 133.44 29.4133 24.01
      vertex 133.013 33.9147 24.01
      vertex 149.811 136.101 107.805
    endloop
  endfacet
  facet normal 5.1497e-05 0.766164 0.642645
    outer loop
      vertex 68.4242 80.2451 174.372
      vertex 55.2739 82.8093 171.316
      vertex 59.5671 81.7706 172.554
    endloop
  endfacet
  facet normal -0.161578 -0.724283 0.670303
    outer loop
      vertex 68.4242 80.2451 174.372
      vertex 72.3847 8 97.2636
      vertex 72.9501 79.7648 174.944
    endloop
  endfacet
  facet normal -0.161648 -0.724277 0.670293
    outer loop
      vertex 72.3847 8 97.2636
      vertex 68.4242 80.2451 174.372
      vertex 70.9877 8 96.9267
    endloop
  endfacet
  facet normal -0.161622 -0.724278 0.670298
    outer loop
      vertex 72.3217 0 88.6041
      vertex 71.2716 0 88.3509
      vertex 72.1309 -24.2153 62.3927
    endloop
  endfacet
  facet normal 2.7744e-05 -0.765971 -0.642875
    outer loop
      vertex 68.8743 -23.7272 61.811
      vertex 65.6744 -23.1033 61.0675
      vertex 72.1309 -24.2153 62.3927
    endloop
  endfacet
  facet normal -0.288031 -0.705335 0.64772
    outer loop
      vertex 59.5671 81.7706 172.554
      vertex 67.3834 8 95.6973
      vertex 63.9568 80.9147 173.574
    endloop
  endfacet
  facet normal -0.288079 -0.705327 0.647707
    outer loop
      vertex 67.3834 8 95.6973
      vertex 59.5671 81.7706 172.554
      vertex 66.0753 8 95.1155
    endloop
  endfacet
  facet normal -0.288097 -0.705321 0.647705
    outer loop
      vertex 67.7593 0 87.1529
      vertex 66.7811 0 86.7178
      vertex 68.8743 -23.7272 61.811
    endloop
  endfacet
  facet normal -0.524022 -0.636601 0.565809
    outer loop
      vertex 43.1545 86.9732 166.353
      vertex 53.9973 8 87.5411
      vertex 47.05 85.4162 168.209
    endloop
  endfacet
  facet normal -0.523966 -0.636621 0.565838
    outer loop
      vertex 53.9973 8 87.5411
      vertex 43.1545 86.9732 166.353
      vertex 53.0027 8 86.6201
    endloop
  endfacet
  facet normal -0.523967 -0.636622 0.565837
    outer loop
      vertex 54.7152 0 79.2051
      vertex 54.0003 0 78.5431
      vertex 56.55 -20.4459 57.9005
    endloop
  endfacet
  facet normal -0.523996 -0.63661 0.565823
    outer loop
      vertex 53.0027 8 86.6201
      vertex 43.1545 86.9732 166.353
      vertex 50.9979 8 84.7635
    endloop
  endfacet
  facet normal -0.524014 -0.636604 0.565813
    outer loop
      vertex 51.7925 0 76.4984
      vertex 56.55 -20.4459 57.9005
      vertex 54.0003 0 78.5431
    endloop
  endfacet
  facet normal -0.524013 -0.636604 0.565814
    outer loop
      vertex 56.55 -20.4459 57.9005
      vertex 51.7925 0 76.4984
      vertex 53.7104 -19.3108 56.5478
    endloop
  endfacet
  facet normal 0.000900845 0.766223 0.642574
    outer loop
      vertex 17.336 107.195 142.254
      vertex 13.347 115.648 132.18
      vertex 14.3886 112.777 135.602
    endloop
  endfacet
  facet normal -0.000280831 0.765993 0.642849
    outer loop
      vertex 17.336 107.195 142.254
      vertex 12.1501 121.492 125.216
      vertex 13.347 115.648 132.18
    endloop
  endfacet
  facet normal 0.000233972 0.766078 0.642748
    outer loop
      vertex 17.336 107.195 142.254
      vertex 14.3886 112.777 135.602
      vertex 15.7202 109.955 138.965
    endloop
  endfacet
  facet normal -0.949567 -0.280099 0.140948
    outer loop
      vertex 31.4312 8 42.2
      vertex 14.3886 112.777 135.602
      vertex 31.3639 8 41.7466
    endloop
  endfacet
  facet normal -0.949568 -0.280098 0.140947
    outer loop
      vertex 14.3886 112.777 135.602
      vertex 31.4312 8 42.2
      vertex 15.7202 109.955 138.965
    endloop
  endfacet
  facet normal -0.950403 -0.27832 0.138823
    outer loop
      vertex 32.6639 0 34.6072
      vertex 32.66 0 34.5805
      vertex 32.7412 -0.501286 34.1314
    endloop
  endfacet
  facet normal -0.875154 -0.395594 0.278587
    outer loop
      vertex 34.2765 8 55.6807
      vertex 19.2292 104.509 145.454
      vertex 34.0403 8 54.9387
    endloop
  endfacet
  facet normal -0.875126 -0.395627 0.278627
    outer loop
      vertex 19.2292 104.509 145.454
      vertex 34.2765 8 55.6807
      vertex 21.3916 101.909 148.554
    endloop
  endfacet
  facet normal -0.875001 -0.395779 0.278803
    outer loop
      vertex 35.3742 0 47.7689
      vertex 35.268 0 47.4356
      vertex 36.2698 -6.52761 41.3133
    endloop
  endfacet
  facet normal -0.903835 -0.358207 0.23403
    outer loop
      vertex 34.0403 8 54.9387
      vertex 17.336 107.195 142.254
      vertex 33.8511 8 54.208
    endloop
  endfacet
  facet normal -0.903826 -0.358219 0.234046
    outer loop
      vertex 17.336 107.195 142.254
      vertex 34.0403 8 54.9387
      vertex 19.2292 104.509 145.454
    endloop
  endfacet
  facet normal -0.90388 -0.358145 0.233952
    outer loop
      vertex 35.268 0 47.4356
      vertex 35.183 0 47.1072
      vertex 36.2698 -6.52761 41.3133
    endloop
  endfacet
  facet normal -0.032474 -0.732452 0.680044
    outer loop
      vertex 77.5152 79.4758 175.288
      vertex 82.1 8 98.5228
      vertex 82.1 79.3793 175.403
    endloop
  endfacet
  facet normal -0.0324594 -0.732452 0.680045
    outer loop
      vertex 82.1 8 98.5228
      vertex 77.5152 79.4758 175.288
      vertex 80.6565 8 98.4539
    endloop
  endfacet
  facet normal -0.0325074 -0.732454 0.68004
    outer loop
      vertex 82.1 0 89.9063
      vertex 81.008 0 89.8541
      vertex 82.1 -24.8464 63.1449
    endloop
  endfacet
  facet normal 0.032474 -0.732452 0.680044
    outer loop
      vertex 82.1 8 98.5228
      vertex 86.6848 79.4758 175.288
      vertex 82.1 79.3793 175.403
    endloop
  endfacet
  facet normal 0.0324594 -0.732452 0.680045
    outer loop
      vertex 86.6848 79.4758 175.288
      vertex 82.1 8 98.5228
      vertex 83.5435 8 98.4539
    endloop
  endfacet
  facet normal 0.0325074 -0.732454 0.68004
    outer loop
      vertex 82.1 0 89.9063
      vertex 82.1 -24.8464 63.1449
      vertex 83.192 0 89.8541
    endloop
  endfacet
  facet normal -0.0324679 -0.732452 0.680044
    outer loop
      vertex 80.6565 8 98.4539
      vertex 77.5152 79.4758 175.288
      vertex 78.3672 8 98.3446
    endloop
  endfacet
  facet normal -0.0324606 -0.732454 0.680043
    outer loop
      vertex 78.4626 0 89.7326
      vertex 82.1 -24.8464 63.1449
      vertex 81.008 0 89.8541
    endloop
  endfacet
  facet normal -0.0324584 -0.732454 0.680043
    outer loop
      vertex 82.1 -24.8464 63.1449
      vertex 78.4626 0 89.7326
      vertex 78.7579 -24.7761 63.0611
    endloop
  endfacet
  facet normal -0.0972642 -0.729722 0.676791
    outer loop
      vertex 77.5152 79.4758 175.288
      vertex 76.0828 8 98.0163
      vertex 78.3672 8 98.3446
    endloop
  endfacet
  facet normal -0.0972476 -0.729725 0.67679
    outer loop
      vertex 75.9224 0 89.3676
      vertex 78.7579 -24.7761 63.0611
      vertex 78.4626 0 89.7326
    endloop
  endfacet
  facet normal -0.0972697 -0.729724 0.676787
    outer loop
      vertex 78.7579 -24.7761 63.0611
      vertex 75.9224 0 89.3676
      vertex 75.4301 -24.5654 62.81
    endloop
  endfacet
  facet normal 0.467783 -0.657473 0.590684
    outer loop
      vertex 107.048 8 90.0395
      vertex 117.15 85.4162 168.209
      vertex 113.104 84.0262 169.866
    endloop
  endfacet
  facet normal 0.467962 -0.657417 0.590605
    outer loop
      vertex 117.15 85.4162 168.209
      vertex 107.048 8 90.0395
      vertex 108.132 8 89.1806
    endloop
  endfacet
  facet normal 0.467324 -0.657626 0.590877
    outer loop
      vertex 106.41 0 81.6396
      vertex 104.701 -21.4591 59.108
      vertex 107.201 0 81.014
    endloop
  endfacet
  facet normal 0.523961 -0.636623 0.565841
    outer loop
      vertex 121.045 86.9732 166.353
      vertex 111.197 8 86.6201
      vertex 113.202 8 84.7635
    endloop
  endfacet
  facet normal 0.523979 -0.636621 0.565827
    outer loop
      vertex 107.65 -20.4459 57.9005
      vertex 112.408 0 76.4984
      vertex 110.2 0 78.5431
    endloop
  endfacet
  facet normal 0.523959 -0.636627 0.565838
    outer loop
      vertex 112.408 0 76.4984
      vertex 107.65 -20.4459 57.9005
      vertex 110.49 -19.3108 56.5478
    endloop
  endfacet
  facet normal 7.29498e-05 -0.766212 -0.642588
    outer loop
      vertex 98.5256 -23.1033 61.0675
      vertex 92.0691 -24.2153 62.3927
      vertex 101.655 -22.3462 60.1651
    endloop
  endfacet
  facet normal -5.14891e-05 0.766164 0.642645
    outer loop
      vertex 108.926 82.8093 171.316
      vertex 95.7758 80.2451 174.372
      vertex 104.633 81.7706 172.554
    endloop
  endfacet
  facet normal 0.842679 -0.431754 0.321682
    outer loop
      vertex 128.491 8 60.0165
      vertex 142.808 101.909 148.554
      vertex 140.386 99.4051 151.538
    endloop
  endfacet
  facet normal 0.8427 -0.431733 0.321657
    outer loop
      vertex 142.808 101.909 148.554
      vertex 128.491 8 60.0165
      vertex 128.803 8 59.1991
    endloop
  endfacet
  facet normal 0.842764 -0.431658 0.321589
    outer loop
      vertex 127.45 0 52.0064
      vertex 126.354 -8.42322 43.5724
      vertex 127.61 0 51.5871
    endloop
  endfacet
  facet normal 0.842638 -0.431798 0.321731
    outer loop
      vertex 140.386 99.4051 151.538
      vertex 127.217 8 63.3532
      vertex 128.491 8 60.0165
    endloop
  endfacet
  facet normal 0.842696 -0.431755 0.32164
    outer loop
      vertex 124.588 -10.2485 45.7477
      vertex 127.45 0 52.0064
      vertex 126.065 0 55.6351
    endloop
  endfacet
  facet normal 0.842626 -0.431805 0.321754
    outer loop
      vertex 127.45 0 52.0064
      vertex 124.588 -10.2485 45.7477
      vertex 126.354 -8.42322 43.5724
    endloop
  endfacet
  facet normal 1.83976e-05 -0.76605 -0.642781
    outer loop
      vertex 131.192 0 33.534
      vertex 129.31 -4.56979 38.9801
      vertex 124.588 -10.2485 45.7477
    endloop
  endfacet
  facet normal 0 -0.766047 -0.642785
    outer loop
      vertex 129.31 -4.56979 38.9801
      vertex 131.192 0 33.534
      vertex 131.467 0 33.534
    endloop
  endfacet
  facet normal 0.875072 -0.395694 0.278702
    outer loop
      vertex 129.923 8 55.6807
      vertex 144.971 104.509 145.454
      vertex 142.808 101.909 148.554
    endloop
  endfacet
  facet normal 0.874618 -0.396235 0.279359
    outer loop
      vertex 144.971 104.509 145.454
      vertex 129.923 8 55.6807
      vertex 130.16 8 54.9387
    endloop
  endfacet
  facet normal 0.875291 -0.395444 0.27837
    outer loop
      vertex 128.826 0 47.7689
      vertex 127.93 -6.52761 41.3133
      vertex 128.932 0 47.4356
    endloop
  endfacet
  facet normal 2.03526e-05 0.765991 0.642851
    outer loop
      vertex 140.386 99.4051 151.538
      vertex 134.804 94.729 157.11
      vertex 137.714 97.0083 154.394
    endloop
  endfacet
  facet normal 0.000102922 0.76601 0.642828
    outer loop
      vertex 134.804 94.729 157.11
      vertex 124.774 88.6907 164.307
      vertex 131.668 92.5769 159.675
    endloop
  endfacet
  facet normal 0.000328644 -0.766259 -0.642532
    outer loop
      vertex 118.233 -15.2259 51.6796
      vertex 115.793 -16.6953 53.4307
      vertex 120.519 -13.6572 49.81
    endloop
  endfacet
  facet normal 0.724221 -0.53099 0.439946
    outer loop
      vertex 134.804 94.729 157.11
      vertex 121.733 8 73.9499
      vertex 123.373 8 71.2502
    endloop
  endfacet
  facet normal 0.724258 -0.530974 0.439905
    outer loop
      vertex 118.233 -15.2259 51.6796
      vertex 122.319 0 63.3304
      vertex 120.528 0 66.2791
    endloop
  endfacet
  facet normal 0.724205 -0.531002 0.43996
    outer loop
      vertex 122.319 0 63.3304
      vertex 118.233 -15.2259 51.6796
      vertex 120.519 -13.6572 49.81
    endloop
  endfacet
  facet normal 0.00221802 0.765292 0.643679
    outer loop
      vertex 146.864 107.195 142.254
      vertex 140.386 99.4051 151.538
      vertex 144.971 104.509 145.454
    endloop
  endfacet
  facet normal -4.00922e-05 0.76607 0.642757
    outer loop
      vertex 146.864 107.195 142.254
      vertex 124.774 88.6907 164.307
      vertex 140.386 99.4051 151.538
    endloop
  endfacet
  facet normal -0.842649 0.241855 -0.481092
    outer loop
      vertex 35.7764 56.1654 24.01
      vertex 21.3916 146.968 94.8539
      vertex 23.814 149.472 91.8698
    endloop
  endfacet
  facet normal -0.842686 0.241814 -0.481047
    outer loop
      vertex 21.3916 146.968 94.8539
      vertex 35.7764 56.1654 24.01
      vertex 35.3309 54.6129 24.01
    endloop
  endfacet
  facet normal -0.000488804 0.766234 0.642561
    outer loop
      vertex 21.3916 146.968 94.8539
      vertex 15.7202 138.923 104.443
      vertex 23.814 149.472 91.8698
    endloop
  endfacet
  facet normal -0.875105 0.20572 -0.43803
    outer loop
      vertex 33.3465 46.9781 24.01
      vertex 19.2292 144.368 97.9529
      vertex 21.3916 146.968 94.8539
    endloop
  endfacet
  facet normal -0.875105 0.20572 -0.43803
    outer loop
      vertex 19.2292 144.368 97.9529
      vertex 33.3465 46.9781 24.01
      vertex 33.0353 45.6543 24.01
    endloop
  endfacet
  facet normal -0.875113 0.205711 -0.438018
    outer loop
      vertex 33.3465 46.9781 24.01
      vertex 21.3916 146.968 94.8539
      vertex 34.2828 50.9612 24.01
    endloop
  endfacet
  facet normal -0.000172799 -0.766196 -0.642607
    outer loop
      vertex 115.793 32.6953 -5.43067
      vertex 110.49 35.3108 -8.54777
      vertex 113.208 34.0588 -7.05571
    endloop
  endfacet
  facet normal 0.577801 0.423576 -0.69766
    outer loop
      vertex 116.103 81.2782 24.01
      vertex 114.504 83.4594 24.01
      vertex 121.045 161.904 77.054
    endloop
  endfacet
  facet normal 0.577998 0.423503 -0.697541
    outer loop
      vertex 110.49 35.3108 -8.54777
      vertex 113.865 44.7834 0
      vertex 113.208 34.0588 -7.05571
    endloop
  endfacet
  facet normal 0.578062 0.423457 -0.697516
    outer loop
      vertex 113.865 44.7834 0
      vertex 110.49 35.3108 -8.54777
      vertex 111.544 47.9518 0
    endloop
  endfacet
  facet normal 7.01496e-05 -0.765953 -0.642896
    outer loop
      vertex 110.49 35.3108 -8.54777
      vertex 98.5256 39.1033 -13.0675
      vertex 107.65 36.4459 -9.90045
    endloop
  endfacet
  facet normal 0.22533 0.5262 -0.819963
    outer loop
      vertex 92.0691 40.2153 -14.3927
      vertex 95.4007 61.2164 0
      vertex 95.3257 39.7272 -13.811
    endloop
  endfacet
  facet normal 0.225327 0.526201 -0.819964
    outer loop
      vertex 95.4007 61.2164 0
      vertex 92.0691 40.2153 -14.3927
      vertex 92.7086 62.3692 0
    endloop
  endfacet
  facet normal 0.225299 0.526206 -0.819968
    outer loop
      vertex 95.5312 98.5747 24.01
      vertex 93.7753 99.3265 24.01
      vertex 95.7758 168.632 69.0358
    endloop
  endfacet
  facet normal 0.16164 0.534346 -0.829667
    outer loop
      vertex 89.926 100.491 24.01
      vertex 95.7758 168.632 69.0358
      vertex 92.0136 99.8595 24.01
    endloop
  endfacet
  facet normal 0.161716 0.534334 -0.829659
    outer loop
      vertex 95.7758 168.632 69.0358
      vertex 89.926 100.491 24.01
      vertex 91.2499 169.113 68.4634
    endloop
  endfacet
  facet normal 0.161632 0.534344 -0.82967
    outer loop
      vertex 90.0074 63.1864 0
      vertex 88.7699 40.5654 -14.81
      vertex 89.211 63.4273 0
    endloop
  endfacet
  facet normal 0.0972144 0.539793 -0.836165
    outer loop
      vertex 87.7938 100.875 24.01
      vertex 91.2499 169.113 68.4634
      vertex 89.926 100.491 24.01
    endloop
  endfacet
  facet normal 0.0972539 0.53979 -0.836163
    outer loop
      vertex 91.2499 169.113 68.4634
      vertex 87.7938 100.875 24.01
      vertex 86.6848 169.402 68.119
    endloop
  endfacet
  facet normal 0.0972095 0.539794 -0.836165
    outer loop
      vertex 88.7699 40.5654 -14.81
      vertex 88.3975 63.5738 0
      vertex 89.211 63.4273 0
    endloop
  endfacet
  facet normal 0.767043 0.309671 -0.561915
    outer loop
      vertex 126.007 62.9147 24.01
      vertex 124.705 66.1397 24.01
      vertex 134.804 154.148 86.297
    endloop
  endfacet
  facet normal 0.767076 0.309751 -0.561826
    outer loop
      vertex 122.458 28.1384 0
      vertex 120.519 29.6572 -1.81001
      vertex 120.812 32.2146 0
    endloop
  endfacet
  facet normal 0 -0.76604 -0.642793
    outer loop
      vertex 122.446 28.1384 0
      vertex 120.519 29.6572 -1.81001
      vertex 122.458 28.1384 0
    endloop
  endfacet
  facet normal 0.000244248 -0.765912 -0.642945
    outer loop
      vertex 120.519 29.6572 -1.81001
      vertex 122.446 28.1384 0
      vertex 118.233 31.2259 -3.6796
    endloop
  endfacet
  facet normal 0.806526 0.276604 -0.522499
    outer loop
      vertex 128.424 56.1654 24.01
      vertex 127.254 59.5769 24.01
      vertex 140.386 149.472 91.8698
    endloop
  endfacet
  facet normal 0 -0.766095 -0.642727
    outer loop
      vertex 72.1309 -24.2153 62.3927
      vertex 88.7699 -24.5654 62.81
      vertex 75.4301 -24.5654 62.81
    endloop
  endfacet
  facet normal 0 -0.766095 -0.642727
    outer loop
      vertex 88.7699 -24.5654 62.81
      vertex 72.1309 -24.2153 62.3927
      vertex 92.0691 -24.2153 62.3927
    endloop
  endfacet
  facet normal -0.349545 -0.69191 0.631726
    outer loop
      vertex 61.9058 0 84.2866
      vertex 65.6744 -23.1033 61.0675
      vertex 64.329 0 85.6274
    endloop
  endfacet
  facet normal -0.349549 -0.69191 0.631725
    outer loop
      vertex 65.6744 -23.1033 61.0675
      vertex 61.9058 0 84.2866
      vertex 62.5449 -22.3462 60.1651
    endloop
  endfacet
  facet normal -0.349542 -0.691913 0.631725
    outer loop
      vertex 63.8631 8 94.1318
      vertex 59.5671 81.7706 172.554
      vertex 61.677 8 92.9222
    endloop
  endfacet
  facet normal -7.29556e-05 -0.766212 -0.642588
    outer loop
      vertex 65.6744 -23.1033 61.0675
      vertex 62.5449 -22.3462 60.1651
      vertex 72.1309 -24.2153 62.3927
    endloop
  endfacet
  facet normal -0 -0.766044 -0.642788
    outer loop
      vertex 33.4118 0 33.534
      vertex 43.681 -13.6572 49.81
      vertex 33.2032 0 33.534
    endloop
  endfacet
  facet normal 9.79957e-06 -0.766041 -0.642792
    outer loop
      vertex 43.681 -13.6572 49.81
      vertex 33.4118 0 33.534
      vertex 48.4074 -16.6953 53.4307
    endloop
  endfacet
  facet normal -0.80655 -0.466511 0.363103
    outer loop
      vertex 37.3787 8 64.2326
      vertex 23.814 99.4051 151.538
      vertex 36.9828 8 63.3532
    endloop
  endfacet
  facet normal -0.806567 -0.466496 0.363085
    outer loop
      vertex 23.814 99.4051 151.538
      vertex 37.3787 8 64.2326
      vertex 26.4859 97.0083 154.394
    endloop
  endfacet
  facet normal -0.806605 -0.466461 0.363046
    outer loop
      vertex 38.3577 0 56.129
      vertex 38.1354 0 55.6351
      vertex 39.6119 -10.2485 45.7477
    endloop
  endfacet
  facet normal 0.0972476 -0.729725 0.67679
    outer loop
      vertex 85.4421 -24.7761 63.0611
      vertex 88.2776 0 89.3676
      vertex 85.7374 0 89.7326
    endloop
  endfacet
  facet normal 0.0972697 -0.729724 0.676787
    outer loop
      vertex 88.2776 0 89.3676
      vertex 85.4421 -24.7761 63.0611
      vertex 88.7699 -24.5654 62.81
    endloop
  endfacet
  facet normal 0.0972642 -0.729722 0.676791
    outer loop
      vertex 86.6848 79.4758 175.288
      vertex 85.8328 8 98.3446
      vertex 88.1172 8 98.0163
    endloop
  endfacet
  facet normal 0.578063 -0.613389 0.538142
    outer loop
      vertex 124.774 88.6907 164.307
      vertex 114.102 8 83.7972
      vertex 116.031 8 81.7251
    endloop
  endfacet
  facet normal 0.578101 -0.613371 0.538122
    outer loop
      vertex 110.49 -19.3108 56.5478
      vertex 115.164 0 73.5377
      vertex 113.044 0 75.8152
    endloop
  endfacet
  facet normal 0.578003 -0.613405 0.538188
    outer loop
      vertex 115.164 0 73.5377
      vertex 110.49 -19.3108 56.5478
      vertex 113.208 -18.0588 55.0557
    endloop
  endfacet
  facet normal 0.000139746 -0.766175 -0.642632
    outer loop
      vertex 110.49 -19.3108 56.5478
      vertex 107.65 -20.4459 57.9005
      vertex 113.208 -18.0588 55.0557
    endloop
  endfacet
  facet normal 3.42874e-05 -0.766062 -0.642767
    outer loop
      vertex 130.186 0 33.534
      vertex 104.701 -21.4591 59.108
      vertex 101.655 -22.3462 60.1651
    endloop
  endfacet
  facet normal 0 -0.766045 -0.642787
    outer loop
      vertex 104.701 -21.4591 59.108
      vertex 130.186 0 33.534
      vertex 130.318 0 33.534
    endloop
  endfacet
  facet normal 3.77985e-06 -0.766047 -0.642785
    outer loop
      vertex 130.318 0 33.534
      vertex 113.208 -18.0588 55.0557
      vertex 104.701 -21.4591 59.108
    endloop
  endfacet
  facet normal 0 -0.766045 -0.642787
    outer loop
      vertex 113.208 -18.0588 55.0557
      vertex 130.318 0 33.534
      vertex 130.678 0 33.534
    endloop
  endfacet
  facet normal 0.288029 -0.705333 0.647722
    outer loop
      vertex 95.3257 -23.7272 61.811
      vertex 99.871 0 85.6274
      vertex 97.4189 0 86.7178
    endloop
  endfacet
  facet normal 0.288022 -0.705334 0.647724
    outer loop
      vertex 99.871 0 85.6274
      vertex 95.3257 -23.7272 61.811
      vertex 98.5256 -23.1033 61.0675
    endloop
  endfacet
  facet normal 0.288011 -0.705339 0.647724
    outer loop
      vertex 104.633 81.7706 172.554
      vertex 98.1247 8 95.1155
      vertex 100.337 8 94.1318
    endloop
  endfacet
  facet normal 0.22533 -0.716134 0.66059
    outer loop
      vertex 95.4284 0 87.4982
      vertex 95.3257 -23.7272 61.811
      vertex 96.4407 0 87.1529
    endloop
  endfacet
  facet normal 0.225347 -0.716131 0.660587
    outer loop
      vertex 95.463 8 96.159
      vertex 100.243 80.9147 173.574
      vertex 95.7758 80.2451 174.372
    endloop
  endfacet
  facet normal 0.225306 -0.716137 0.660595
    outer loop
      vertex 100.243 80.9147 173.574
      vertex 95.463 8 96.159
      vertex 96.8167 8 95.6973
    endloop
  endfacet
  facet normal 0.96634 -0.23987 0.093004
    outer loop
      vertex 133.232 8 37.6287
      vertex 150.853 115.648 132.18
      vertex 149.811 112.777 135.602
    endloop
  endfacet
  facet normal 0.966357 -0.239822 0.0929461
    outer loop
      vertex 150.853 115.648 132.18
      vertex 133.232 8 37.6287
      vertex 133.265 8 37.2856
    endloop
  endfacet
  facet normal -0.000901997 0.766223 0.642574
    outer loop
      vertex 150.853 115.648 132.18
      vertex 146.864 107.195 142.254
      vertex 149.811 112.777 135.602
    endloop
  endfacet
  facet normal -4.14679e-05 -0.76603 -0.642805
    outer loop
      vertex 126.354 -8.42322 43.5724
      vertex 124.588 -10.2485 45.7477
      vertex 127.93 -6.52761 41.3133
    endloop
  endfacet
  facet normal 2.002e-05 -0.76605 -0.64278
    outer loop
      vertex 131.467 0 33.534
      vertex 130.488 -2.55814 36.5827
      vertex 129.31 -4.56979 38.9801
    endloop
  endfacet
  facet normal 0 -0.766047 -0.642784
    outer loop
      vertex 130.488 -2.55814 36.5827
      vertex 131.467 0 33.534
      vertex 131.555 0 33.534
    endloop
  endfacet
  facet normal 0.000480796 -0.766279 -0.642508
    outer loop
      vertex 122.64 -11.9956 47.8299
      vertex 120.519 -13.6572 49.81
      vertex 124.588 -10.2485 45.7477
    endloop
  endfacet
  facet normal 0.806682 -0.466395 0.362961
    outer loop
      vertex 140.386 99.4051 151.538
      vertex 125.826 8 66.4447
      vertex 127.217 8 63.3532
    endloop
  endfacet
  facet normal 0.806484 -0.466573 0.363171
    outer loop
      vertex 122.64 -11.9956 47.8299
      vertex 126.065 0 55.6351
      vertex 124.551 0 58.9972
    endloop
  endfacet
  facet normal 0.806536 -0.46654 0.363097
    outer loop
      vertex 126.065 0 55.6351
      vertex 122.64 -11.9956 47.8299
      vertex 124.588 -10.2485 45.7477
    endloop
  endfacet
  facet normal 0.724229 -0.530982 0.439943
    outer loop
      vertex 121.128 8 74.9471
      vertex 134.804 94.729 157.11
      vertex 131.668 92.5769 159.675
    endloop
  endfacet
  facet normal 0.724608 -0.530735 0.439619
    outer loop
      vertex 134.804 94.729 157.11
      vertex 121.128 8 74.9471
      vertex 121.733 8 73.9499
    endloop
  endfacet
  facet normal 0.724295 -0.53095 0.439873
    outer loop
      vertex 120.131 0 66.9328
      vertex 118.233 -15.2259 51.6796
      vertex 120.528 0 66.2791
    endloop
  endfacet
  facet normal 0.678243 -0.560526 0.47518
    outer loop
      vertex 115.793 -16.6953 53.4307
      vertex 120.131 0 66.9328
      vertex 118.218 0 69.6633
    endloop
  endfacet
  facet normal 0.678417 -0.560447 0.475026
    outer loop
      vertex 120.131 0 66.9328
      vertex 115.793 -16.6953 53.4307
      vertex 118.233 -15.2259 51.6796
    endloop
  endfacet
  facet normal 0.678182 -0.560575 0.475211
    outer loop
      vertex 131.668 92.5769 159.675
      vertex 119.38 8 77.4417
      vertex 121.128 8 74.9471
    endloop
  endfacet
  facet normal -0.949548 -0.280179 0.14092
    outer loop
      vertex 33.7119 -2.55814 36.5827
      vertex 32.6639 0 34.6072
      vertex 32.7412 -0.501286 34.1314
    endloop
  endfacet
  facet normal -0.949552 -0.280137 0.140978
    outer loop
      vertex 32.6639 0 34.6072
      vertex 33.7119 -2.55814 36.5827
      vertex 33.3028 0 38.9105
    endloop
  endfacet
  facet normal -0.949566 -0.280103 0.140952
    outer loop
      vertex 32.0235 8 46.1902
      vertex 15.7202 109.955 138.965
      vertex 31.4312 8 42.2
    endloop
  endfacet
  facet normal -0 -0.766039 -0.642794
    outer loop
      vertex 32.6455 0 33.534
      vertex 32.7412 -0.501286 34.1314
      vertex 32.5594 0 33.534
    endloop
  endfacet
  facet normal 8.38387e-05 -0.766033 -0.642801
    outer loop
      vertex 32.7412 -0.501286 34.1314
      vertex 32.6455 0 33.534
      vertex 33.7119 -2.55814 36.5827
    endloop
  endfacet
  facet normal -1.86864e-05 -0.766069 -0.642758
    outer loop
      vertex 110.49 35.3108 -8.54777
      vertex 95.3257 39.7272 -13.811
      vertex 98.5256 39.1033 -13.0675
    endloop
  endfacet
  facet normal 6.65392e-06 -0.766033 -0.642801
    outer loop
      vertex 110.49 35.3108 -8.54777
      vertex 82.1 40.8464 -15.1449
      vertex 95.3257 39.7272 -13.811
    endloop
  endfacet
  facet normal -0 -0.766045 -0.642787
    outer loop
      vertex 33.8823 0 33.534
      vertex 50.9923 -18.0588 55.0557
      vertex 33.522 0 33.534
    endloop
  endfacet
  facet normal -3.78007e-06 -0.766047 -0.642785
    outer loop
      vertex 50.9923 -18.0588 55.0557
      vertex 33.8823 0 33.534
      vertex 59.499 -21.4591 59.108
    endloop
  endfacet
  facet normal 3.28102e-05 -0.766009 -0.64283
    outer loop
      vertex 56.55 -20.4459 57.9005
      vertex 50.9923 -18.0588 55.0557
      vertex 59.499 -21.4591 59.108
    endloop
  endfacet
  facet normal -0.724234 -0.530982 0.439935
    outer loop
      vertex 45.9668 -15.2259 51.6796
      vertex 41.881 0 63.3304
      vertex 43.681 -13.6572 49.81
    endloop
  endfacet
  facet normal -0.724232 -0.530983 0.439938
    outer loop
      vertex 41.881 0 63.3304
      vertex 45.9668 -15.2259 51.6796
      vertex 43.6722 0 66.2791
    endloop
  endfacet
  facet normal -0.724223 -0.530988 0.439947
    outer loop
      vertex 42.4666 8 73.9499
      vertex 29.396 94.729 157.11
      vertex 40.8266 8 71.2502
    endloop
  endfacet
  facet normal -0.842653 -0.431783 0.321714
    outer loop
      vertex 36.9828 8 63.3532
      vertex 21.3916 101.909 148.554
      vertex 36.6474 8 62.4747
    endloop
  endfacet
  facet normal -0.842641 -0.431795 0.32173
    outer loop
      vertex 21.3916 101.909 148.554
      vertex 36.9828 8 63.3532
      vertex 23.814 99.4051 151.538
    endloop
  endfacet
  facet normal -0.842626 -0.431809 0.321749
    outer loop
      vertex 38.1354 0 55.6351
      vertex 37.947 0 55.1417
      vertex 39.6119 -10.2485 45.7477
    endloop
  endfacet
  facet normal -0.90384 -0.3582 0.234021
    outer loop
      vertex 33.8511 8 54.208
      vertex 17.336 107.195 142.254
      vertex 32.9156 8 50.5949
    endloop
  endfacet
  facet normal -0.90384 -0.358205 0.234013
    outer loop
      vertex 36.2698 -6.52761 41.3133
      vertex 34.172 0 43.2027
      vertex 34.8898 -4.56979 38.9801
    endloop
  endfacet
  facet normal -0.903834 -0.358208 0.234032
    outer loop
      vertex 34.172 0 43.2027
      vertex 36.2698 -6.52761 41.3133
      vertex 35.183 0 47.1072
    endloop
  endfacet
  facet normal 8.05398e-05 -0.766016 -0.642822
    outer loop
      vertex 36.2698 -6.52761 41.3133
      vertex 34.8898 -4.56979 38.9801
      vertex 39.6119 -10.2485 45.7477
    endloop
  endfacet
  facet normal -2.00206e-05 -0.766037 -0.642796
    outer loop
      vertex 130.678 0 33.534
      vertex 115.793 -16.6953 53.4307
      vertex 113.208 -18.0588 55.0557
    endloop
  endfacet
  facet normal 0 -0.766045 -0.642787
    outer loop
      vertex 115.793 -16.6953 53.4307
      vertex 130.678 0 33.534
      vertex 130.788 0 33.534
    endloop
  endfacet
  facet normal 0.629495 -0.588019 0.507908
    outer loop
      vertex 124.774 88.6907 164.307
      vertex 116.031 8 81.7251
      vertex 117.897 8 79.4124
    endloop
  endfacet
  facet normal 0.629507 -0.588001 0.507914
    outer loop
      vertex 113.208 -18.0588 55.0557
      vertex 117.215 0 70.9957
      vertex 115.164 0 73.5377
    endloop
  endfacet
  facet normal 0.629467 -0.588018 0.507944
    outer loop
      vertex 117.215 0 70.9957
      vertex 113.208 -18.0588 55.0557
      vertex 115.793 -16.6953 53.4307
    endloop
  endfacet
  facet normal 0.34957 -0.691904 0.631719
    outer loop
      vertex 98.5256 -23.1033 61.0675
      vertex 102.294 0 84.2866
      vertex 99.871 0 85.6274
    endloop
  endfacet
  facet normal 0.349559 -0.691906 0.631723
    outer loop
      vertex 102.294 0 84.2866
      vertex 98.5256 -23.1033 61.0675
      vertex 101.655 -22.3462 60.1651
    endloop
  endfacet
  facet normal 0.349556 -0.69191 0.631721
    outer loop
      vertex 104.633 81.7706 172.554
      vertex 100.337 8 94.1318
      vertex 102.523 8 92.9222
    endloop
  endfacet
  facet normal 0.349579 -0.691904 0.631715
    outer loop
      vertex 102.523 8 92.9222
      vertex 108.926 82.8093 171.316
      vertex 104.633 81.7706 172.554
    endloop
  endfacet
  facet normal 0.349641 -0.69189 0.631696
    outer loop
      vertex 108.926 82.8093 171.316
      vertex 102.523 8 92.9222
      vertex 103.753 8 92.2414
    endloop
  endfacet
  facet normal 0.349542 -0.691911 0.631728
    outer loop
      vertex 102.294 0 84.2866
      vertex 101.655 -22.3462 60.1651
      vertex 103.2 0 83.7853
    endloop
  endfacet
  facet normal 0.979039 -0.19884 0.0441061
    outer loop
      vertex 133.265 8 37.2856
      vertex 151.6 118.557 128.713
      vertex 150.853 115.648 132.18
    endloop
  endfacet
  facet normal 0.978969 -0.199109 0.0444447
    outer loop
      vertex 151.6 118.557 128.713
      vertex 133.265 8 37.2856
      vertex 133.28 8 36.9552
    endloop
  endfacet
  facet normal 0.00209055 0.765838 0.64303
    outer loop
      vertex 152.05 121.492 125.216
      vertex 150.853 115.648 132.18
      vertex 151.6 118.557 128.713
    endloop
  endfacet
  facet normal 0.928687 -0.319642 0.188066
    outer loop
      vertex 132.063 8 46.7481
      vertex 148.48 109.955 138.965
      vertex 146.864 107.195 142.254
    endloop
  endfacet
  facet normal 0.928672 -0.319669 0.188098
    outer loop
      vertex 148.48 109.955 138.965
      vertex 132.063 8 46.7481
      vertex 132.176 8 46.1902
    endloop
  endfacet
  facet normal 0.92985 -0.317641 0.185695
    outer loop
      vertex 130.87 0 39.0457
      vertex 130.488 -2.55814 36.5827
      vertex 130.897 0 38.9105
    endloop
  endfacet
  facet normal 0.949603 -0.280025 0.140853
    outer loop
      vertex 132.176 8 46.1902
      vertex 149.811 112.777 135.602
      vertex 148.48 109.955 138.965
    endloop
  endfacet
  facet normal 0.949305 -0.280642 0.141635
    outer loop
      vertex 149.811 112.777 135.602
      vertex 132.176 8 46.1902
      vertex 132.257 8 45.6473
    endloop
  endfacet
  facet normal 0.948261 -0.282846 0.144222
    outer loop
      vertex 130.897 0 38.9105
      vertex 130.488 -2.55814 36.5827
      vertex 130.917 0 38.779
    endloop
  endfacet
  facet normal -8.39739e-05 -0.766033 -0.642801
    outer loop
      vertex 131.555 0 33.534
      vertex 131.459 -0.501286 34.1314
      vertex 130.488 -2.55814 36.5827
    endloop
  endfacet
  facet normal 0 -0.766039 -0.642794
    outer loop
      vertex 131.459 -0.501286 34.1314
      vertex 131.555 0 33.534
      vertex 131.641 0 33.534
    endloop
  endfacet
  facet normal 0.966356 -0.239704 0.0932651
    outer loop
      vertex 131.54 0 34.5805
      vertex 131.459 -0.501286 34.1314
      vertex 131.641 0 33.534
    endloop
  endfacet
  facet normal 0.966363 -0.239805 0.0929308
    outer loop
      vertex 149.811 112.777 135.602
      vertex 132.836 8 41.7466
      vertex 133.232 8 37.6287
    endloop
  endfacet
  facet normal 0.928688 -0.319641 0.188065
    outer loop
      vertex 146.864 107.195 142.254
      vertex 131.284 8 50.5949
      vertex 132.063 8 46.7481
    endloop
  endfacet
  facet normal 0.928655 -0.319717 0.188099
    outer loop
      vertex 129.31 -4.56979 38.9801
      vertex 130.87 0 39.0457
      vertex 130.028 0 43.2027
    endloop
  endfacet
  facet normal 0.928666 -0.31972 0.188038
    outer loop
      vertex 130.87 0 39.0457
      vertex 129.31 -4.56979 38.9801
      vertex 130.488 -2.55814 36.5827
    endloop
  endfacet
  facet normal 0.903903 -0.358113 0.233912
    outer loop
      vertex 146.864 107.195 142.254
      vertex 130.349 8 54.208
      vertex 131.284 8 50.5949
    endloop
  endfacet
  facet normal 0.903825 -0.358232 0.234029
    outer loop
      vertex 127.93 -6.52761 41.3133
      vertex 130.028 0 43.2027
      vertex 129.017 0 47.1072
    endloop
  endfacet
  facet normal 0.903837 -0.358226 0.233994
    outer loop
      vertex 130.028 0 43.2027
      vertex 127.93 -6.52761 41.3133
      vertex 129.31 -4.56979 38.9801
    endloop
  endfacet
  facet normal 0.767037 -0.499609 0.402547
    outer loop
      vertex 124.919 8 68.3044
      vertex 137.714 97.0083 154.394
      vertex 134.804 94.729 157.11
    endloop
  endfacet
  facet normal 0.76714 -0.49953 0.40245
    outer loop
      vertex 137.714 97.0083 154.394
      vertex 124.919 8 68.3044
      vertex 125.405 8 67.378
    endloop
  endfacet
  facet normal 0.767683 -0.49911 0.401935
    outer loop
      vertex 124.008 0 60.1128
      vertex 122.64 -11.9956 47.8299
      vertex 124.299 0 59.557
    endloop
  endfacet
  facet normal 0.806557 -0.466506 0.363094
    outer loop
      vertex 125.405 8 67.378
      vertex 140.386 99.4051 151.538
      vertex 137.714 97.0083 154.394
    endloop
  endfacet
  facet normal 0.806088 -0.46691 0.363616
    outer loop
      vertex 140.386 99.4051 151.538
      vertex 125.405 8 67.378
      vertex 125.826 8 66.4447
    endloop
  endfacet
  facet normal 0.806563 -0.466504 0.363083
    outer loop
      vertex 124.299 0 59.557
      vertex 122.64 -11.9956 47.8299
      vertex 124.551 0 58.9972
    endloop
  endfacet
  facet normal -0.62948 -0.588024 0.507921
    outer loop
      vertex 50.9923 -18.0588 55.0557
      vertex 46.4574 0 70.3423
      vertex 48.4074 -16.6953 53.4307
    endloop
  endfacet
  facet normal -0.629506 -0.588013 0.5079
    outer loop
      vertex 46.4574 0 70.3423
      vertex 50.9923 -18.0588 55.0557
      vertex 48.4797 0 72.8488
    endloop
  endfacet
  facet normal -0.629488 -0.58802 0.507915
    outer loop
      vertex 47.3667 8 80.731
      vertex 35.8799 90.5613 162.077
      vertex 45.523 8 78.446
    endloop
  endfacet
  facet normal -0 -0.766045 -0.642787
    outer loop
      vertex 33.522 0 33.534
      vertex 48.4074 -16.6953 53.4307
      vertex 33.4118 0 33.534
    endloop
  endfacet
  facet normal 2.00225e-05 -0.766037 -0.642796
    outer loop
      vertex 48.4074 -16.6953 53.4307
      vertex 33.522 0 33.534
      vertex 50.9923 -18.0588 55.0557
    endloop
  endfacet
  facet normal -0.806591 -0.466474 0.363061
    outer loop
      vertex 38.7945 8 67.378
      vertex 26.4859 97.0083 154.394
      vertex 37.3787 8 64.2326
    endloop
  endfacet
  facet normal -0.806581 -0.466483 0.36307
    outer loop
      vertex 41.5596 -11.9956 47.8299
      vertex 38.3577 0 56.129
      vertex 39.6119 -10.2485 45.7477
    endloop
  endfacet
  facet normal -0.806576 -0.466487 0.363077
    outer loop
      vertex 38.3577 0 56.129
      vertex 41.5596 -11.9956 47.8299
      vertex 39.9008 0 59.557
    endloop
  endfacet
  facet normal -0.00032778 -0.766258 -0.642533
    outer loop
      vertex 45.9668 -15.2259 51.6796
      vertex 43.681 -13.6572 49.81
      vertex 48.4074 -16.6953 53.4307
    endloop
  endfacet
  facet normal 1.17812e-05 0.766013 0.642825
    outer loop
      vertex 104.633 81.7706 172.554
      vertex 95.7758 80.2451 174.372
      vertex 100.243 80.9147 173.574
    endloop
  endfacet
  facet normal 0.288097 -0.705321 0.647705
    outer loop
      vertex 96.4407 0 87.1529
      vertex 95.3257 -23.7272 61.811
      vertex 97.4189 0 86.7178
    endloop
  endfacet
  facet normal 0.288013 -0.705338 0.647725
    outer loop
      vertex 96.8167 8 95.6973
      vertex 104.633 81.7706 172.554
      vertex 100.243 80.9147 173.574
    endloop
  endfacet
  facet normal 0.288099 -0.705323 0.647702
    outer loop
      vertex 104.633 81.7706 172.554
      vertex 96.8167 8 95.6973
      vertex 98.1247 8 95.1155
    endloop
  endfacet
  facet normal 4.15496e-05 -0.76603 -0.642805
    outer loop
      vertex 37.8461 -8.42322 43.5724
      vertex 36.2698 -6.52761 41.3133
      vertex 39.6119 -10.2485 45.7477
    endloop
  endfacet
  facet normal -0 -0.766047 -0.642785
    outer loop
      vertex 33.0077 0 33.534
      vertex 34.8898 -4.56979 38.9801
      vertex 32.7332 0 33.534
    endloop
  endfacet
  facet normal -1.83978e-05 -0.76605 -0.642781
    outer loop
      vertex 34.8898 -4.56979 38.9801
      vertex 33.0077 0 33.534
      vertex 39.6119 -10.2485 45.7477
    endloop
  endfacet
  facet normal -0.000479571 -0.766278 -0.642508
    outer loop
      vertex 41.5596 -11.9956 47.8299
      vertex 39.6119 -10.2485 45.7477
      vertex 43.681 -13.6572 49.81
    endloop
  endfacet
  facet normal -0 -0.766045 -0.642787
    outer loop
      vertex 33.2032 0 33.534
      vertex 39.6119 -10.2485 45.7477
      vertex 33.0077 0 33.534
    endloop
  endfacet
  facet normal -1.15771e-05 -0.766048 -0.642784
    outer loop
      vertex 39.6119 -10.2485 45.7477
      vertex 33.2032 0 33.534
      vertex 43.681 -13.6572 49.81
    endloop
  endfacet
  facet normal -0.928678 -0.319656 0.188089
    outer loop
      vertex 32.7858 8 49.954
      vertex 15.7202 109.955 138.965
      vertex 32.0235 8 46.1902
    endloop
  endfacet
  facet normal -0.928684 -0.31965 0.188068
    outer loop
      vertex 34.8898 -4.56979 38.9801
      vertex 33.3028 0 38.9105
      vertex 33.7119 -2.55814 36.5827
    endloop
  endfacet
  facet normal -0.928685 -0.31965 0.188062
    outer loop
      vertex 33.3028 0 38.9105
      vertex 34.8898 -4.56979 38.9801
      vertex 34.1248 0 42.9697
    endloop
  endfacet
  facet normal -0 -0.766047 -0.642784
    outer loop
      vertex 32.7332 0 33.534
      vertex 33.7119 -2.55814 36.5827
      vertex 32.6455 0 33.534
    endloop
  endfacet
  facet normal -2.00134e-05 -0.76605 -0.64278
    outer loop
      vertex 33.7119 -2.55814 36.5827
      vertex 32.7332 0 33.534
      vertex 34.8898 -4.56979 38.9801
    endloop
  endfacet
  facet normal -0.101822 0 -0.994803
    outer loop
      vertex 62.2962 0 120.424
      vertex 62.4916 8 120.404
      vertex 62.4916 0 120.404
    endloop
  endfacet
  facet normal -0.101822 0 -0.994803
    outer loop
      vertex 62.4916 8 120.404
      vertex 62.2962 0 120.424
      vertex 62.2962 8 120.424
    endloop
  endfacet
  facet normal -0.995138 0 0.0984931
    outer loop
      vertex 65.0743 0 117.039
      vertex 65.0936 8 117.234
      vertex 65.0743 8 117.039
    endloop
  endfacet
  facet normal -0.995138 0 0.0984931
    outer loop
      vertex 65.0936 8 117.234
      vertex 65.0743 0 117.039
      vertex 65.0936 0 117.234
    endloop
  endfacet
  facet normal -0.999467 0 0.0326357
    outer loop
      vertex 65.0936 0 117.234
      vertex 65.1 8 117.43
      vertex 65.0936 8 117.234
    endloop
  endfacet
  facet normal -0.999467 0 0.0326357
    outer loop
      vertex 65.1 8 117.43
      vertex 65.0936 0 117.234
      vertex 65.1 0 117.43
    endloop
  endfacet
  facet normal -0.986749 0 0.162254
    outer loop
      vertex 65.0424 0 116.845
      vertex 65.0743 8 117.039
      vertex 65.0424 8 116.845
    endloop
  endfacet
  facet normal -0.986749 0 0.162254
    outer loop
      vertex 65.0743 8 117.039
      vertex 65.0424 0 116.845
      vertex 65.0743 0 117.039
    endloop
  endfacet
  facet normal 0.935994 0 -0.352015
    outer loop
      vertex 59.3284 0 118.578
      vertex 59.2592 8 118.394
      vertex 59.3284 8 118.578
    endloop
  endfacet
  facet normal 0.935994 0 -0.352015
    outer loop
      vertex 59.2592 8 118.394
      vertex 59.3284 0 118.578
      vertex 59.2592 0 118.394
    endloop
  endfacet
  facet normal -0.81197 0 0.583699
    outer loop
      vertex 64.4801 0 115.604
      vertex 64.5944 8 115.763
      vertex 64.4801 8 115.604
    endloop
  endfacet
  facet normal -0.81197 0 0.583699
    outer loop
      vertex 64.5944 8 115.763
      vertex 64.4801 0 115.604
      vertex 64.5944 0 115.763
    endloop
  endfacet
  facet normal -0.773368 0 -0.633958
    outer loop
      vertex 64.4801 0 119.256
      vertex 64.3555 8 119.408
      vertex 64.4801 8 119.256
    endloop
  endfacet
  facet normal -0.773368 -0 -0.633958
    outer loop
      vertex 64.3555 8 119.408
      vertex 64.4801 0 119.256
      vertex 64.3555 0 119.408
    endloop
  endfacet
  facet normal -0.973804 0 0.227391
    outer loop
      vertex 64.9978 0 116.654
      vertex 65.0424 8 116.845
      vertex 64.9978 8 116.654
    endloop
  endfacet
  facet normal -0.973804 0 0.227391
    outer loop
      vertex 65.0424 8 116.845
      vertex 64.9978 0 116.654
      vertex 65.0424 0 116.845
    endloop
  endfacet
  facet normal -0.47328 0 -0.880912
    outer loop
      vertex 63.4269 0 120.121
      vertex 63.6 8 120.028
      vertex 63.6 0 120.028
    endloop
  endfacet
  facet normal -0.47328 0 -0.880912
    outer loop
      vertex 63.6 8 120.028
      vertex 63.4269 0 120.121
      vertex 63.4269 8 120.121
    endloop
  endfacet
  facet normal -0.224264 0 -0.974528
    outer loop
      vertex 62.6853 0 120.372
      vertex 62.8765 8 120.328
      vertex 62.8765 0 120.328
    endloop
  endfacet
  facet normal -0.224264 0 -0.974528
    outer loop
      vertex 62.8765 8 120.328
      vertex 62.6853 0 120.372
      vertex 62.6853 8 120.372
    endloop
  endfacet
  facet normal -0.290432 0 0.956896
    outer loop
      vertex 62.8765 8 114.532
      vertex 63.0643 0 114.589
      vertex 63.0643 8 114.589
    endloop
  endfacet
  facet normal -0.290432 0 0.956896
    outer loop
      vertex 63.0643 0 114.589
      vertex 62.8765 8 114.532
      vertex 62.8765 0 114.532
    endloop
  endfacet
  facet normal 0.47328 0 -0.880912
    outer loop
      vertex 60.6 0 120.028
      vertex 60.7731 8 120.121
      vertex 60.7731 0 120.121
    endloop
  endfacet
  facet normal 0.47328 0 -0.880912
    outer loop
      vertex 60.7731 8 120.121
      vertex 60.6 0 120.028
      vertex 60.6 8 120.028
    endloop
  endfacet
  facet normal 0.999467 -0 0.0326357
    outer loop
      vertex 59.1 0 117.43
      vertex 59.1064 8 117.234
      vertex 59.1 8 117.43
    endloop
  endfacet
  facet normal 0.999467 0 0.0326357
    outer loop
      vertex 59.1064 8 117.234
      vertex 59.1 0 117.43
      vertex 59.1064 0 117.234
    endloop
  endfacet
  facet normal -0.351458 0 0.936204
    outer loop
      vertex 63.0643 8 114.589
      vertex 63.2481 0 114.658
      vertex 63.2481 8 114.658
    endloop
  endfacet
  facet normal -0.351458 0 0.936204
    outer loop
      vertex 63.2481 0 114.658
      vertex 63.0643 8 114.589
      vertex 63.0643 0 114.589
    endloop
  endfacet
  facet normal 0.351626 0 -0.936141
    outer loop
      vertex 60.952 0 120.202
      vertex 61.1357 8 120.271
      vertex 61.1357 0 120.271
    endloop
  endfacet
  facet normal 0.351626 0 -0.936141
    outer loop
      vertex 61.1357 8 120.271
      vertex 60.952 0 120.202
      vertex 60.952 8 120.202
    endloop
  endfacet
  facet normal 0.956982 -0 0.290149
    outer loop
      vertex 59.2022 0 116.654
      vertex 59.2592 8 116.466
      vertex 59.2022 8 116.654
    endloop
  endfacet
  facet normal 0.956982 0 0.290149
    outer loop
      vertex 59.2592 8 116.466
      vertex 59.2022 0 116.654
      vertex 59.2592 0 116.466
    endloop
  endfacet
  facet normal -0.290432 0 -0.956896
    outer loop
      vertex 62.8765 0 120.328
      vertex 63.0643 8 120.271
      vertex 63.0643 0 120.271
    endloop
  endfacet
  facet normal -0.290432 0 -0.956896
    outer loop
      vertex 63.0643 8 120.271
      vertex 62.8765 0 120.328
      vertex 62.8765 8 120.328
    endloop
  endfacet
  facet normal 0.973804 -0 0.227391
    outer loop
      vertex 59.1576 0 116.845
      vertex 59.2022 8 116.654
      vertex 59.1576 8 116.845
    endloop
  endfacet
  facet normal 0.973804 0 0.227391
    outer loop
      vertex 59.2022 8 116.654
      vertex 59.1576 0 116.845
      vertex 59.2022 0 116.654
    endloop
  endfacet
  facet normal -0.525634 0 -0.850711
    outer loop
      vertex 63.6 0 120.028
      vertex 63.7667 8 119.925
      vertex 63.7667 0 119.925
    endloop
  endfacet
  facet normal -0.525634 0 -0.850711
    outer loop
      vertex 63.7667 8 119.925
      vertex 63.6 0 120.028
      vertex 63.6 8 120.028
    endloop
  endfacet
  facet normal -0.999467 0 -0.0326357
    outer loop
      vertex 65.1 0 117.43
      vertex 65.0936 8 117.626
      vertex 65.1 8 117.43
    endloop
  endfacet
  facet normal -0.999467 -0 -0.0326357
    outer loop
      vertex 65.0936 8 117.626
      vertex 65.1 0 117.43
      vertex 65.0936 0 117.626
    endloop
  endfacet
  facet normal 0.729187 -0 0.684314
    outer loop
      vertex 59.8445 0 115.452
      vertex 59.9787 8 115.309
      vertex 59.8445 8 115.452
    endloop
  endfacet
  facet normal 0.729187 0 0.684314
    outer loop
      vertex 59.9787 8 115.309
      vertex 59.8445 0 115.452
      vertex 59.9787 0 115.309
    endloop
  endfacet
  facet normal 0.911062 0 -0.412268
    outer loop
      vertex 59.4094 0 118.757
      vertex 59.3284 8 118.578
      vertex 59.4094 8 118.757
    endloop
  endfacet
  facet normal 0.911062 0 -0.412268
    outer loop
      vertex 59.3284 8 118.578
      vertex 59.4094 0 118.757
      vertex 59.3284 0 118.578
    endloop
  endfacet
  facet normal 0.101822 0 -0.994803
    outer loop
      vertex 61.7084 0 120.404
      vertex 61.9038 8 120.424
      vertex 61.9038 0 120.424
    endloop
  endfacet
  facet normal 0.101822 0 -0.994803
    outer loop
      vertex 61.9038 8 120.424
      vertex 61.7084 0 120.404
      vertex 61.7084 8 120.404
    endloop
  endfacet
  facet normal -0.956982 0 0.290149
    outer loop
      vertex 64.9408 0 116.466
      vertex 64.9978 8 116.654
      vertex 64.9408 8 116.466
    endloop
  endfacet
  facet normal -0.956982 0 0.290149
    outer loop
      vertex 64.9978 8 116.654
      vertex 64.9408 0 116.466
      vertex 64.9978 0 116.654
    endloop
  endfacet
  facet normal 0.881859 -0 0.471514
    outer loop
      vertex 59.4094 0 116.103
      vertex 59.5019 8 115.93
      vertex 59.4094 8 116.103
    endloop
  endfacet
  facet normal 0.881859 0 0.471514
    outer loop
      vertex 59.5019 8 115.93
      vertex 59.4094 0 116.103
      vertex 59.5019 0 115.93
    endloop
  endfacet
  facet normal -0.635921 0 0.771754
    outer loop
      vertex 63.9263 8 115.05
      vertex 64.078 0 115.175
      vertex 64.078 8 115.175
    endloop
  endfacet
  facet normal -0.635921 0 0.771754
    outer loop
      vertex 64.078 0 115.175
      vertex 63.9263 8 115.05
      vertex 63.9263 0 115.05
    endloop
  endfacet
  facet normal -0.849538 0 -0.527527
    outer loop
      vertex 64.6981 0 118.93
      vertex 64.5944 8 119.097
      vertex 64.6981 8 118.93
    endloop
  endfacet
  facet normal -0.849538 -0 -0.527527
    outer loop
      vertex 64.5944 8 119.097
      vertex 64.6981 0 118.93
      vertex 64.5944 0 119.097
    endloop
  endfacet
  facet normal -0.469317 0 0.88303
    outer loop
      vertex 63.4269 8 114.74
      vertex 63.6 0 114.832
      vertex 63.6 8 114.832
    endloop
  endfacet
  facet normal -0.469317 0 0.88303
    outer loop
      vertex 63.6 0 114.832
      vertex 63.4269 8 114.74
      vertex 63.4269 0 114.74
    endloop
  endfacet
  facet normal -0.162995 0 -0.986627
    outer loop
      vertex 62.4916 0 120.404
      vertex 62.6853 8 120.372
      vertex 62.6853 0 120.372
    endloop
  endfacet
  facet normal -0.162995 0 -0.986627
    outer loop
      vertex 62.6853 8 120.372
      vertex 62.4916 0 120.404
      vertex 62.4916 8 120.404
    endloop
  endfacet
  facet normal 0.0305668 0 -0.999533
    outer loop
      vertex 61.9038 0 120.424
      vertex 62.1 8 120.43
      vertex 62.1 0 120.43
    endloop
  endfacet
  facet normal 0.0305668 0 -0.999533
    outer loop
      vertex 62.1 8 120.43
      vertex 61.9038 0 120.424
      vertex 61.9038 8 120.424
    endloop
  endfacet
  facet normal 0.632876 0 -0.774253
    outer loop
      vertex 60.122 0 119.686
      vertex 60.2737 8 119.81
      vertex 60.2737 0 119.81
    endloop
  endfacet
  facet normal 0.632876 0 -0.774253
    outer loop
      vertex 60.2737 8 119.81
      vertex 60.122 0 119.686
      vertex 60.122 8 119.686
    endloop
  endfacet
  facet normal 0.849538 -0 0.527527
    outer loop
      vertex 59.5019 0 115.93
      vertex 59.6056 8 115.763
      vertex 59.5019 8 115.93
    endloop
  endfacet
  facet normal 0.849538 0 0.527527
    outer loop
      vertex 59.6056 8 115.763
      vertex 59.5019 0 115.93
      vertex 59.6056 0 115.763
    endloop
  endfacet
  facet normal -0.95655 0 -0.291569
    outer loop
      vertex 64.9978 0 118.207
      vertex 64.9408 8 118.394
      vertex 64.9978 8 118.207
    endloop
  endfacet
  facet normal -0.95655 -0 -0.291569
    outer loop
      vertex 64.9408 8 118.394
      vertex 64.9978 0 118.207
      vertex 64.9408 0 118.394
    endloop
  endfacet
  facet normal 0.881859 0 -0.471514
    outer loop
      vertex 59.5019 0 118.93
      vertex 59.4094 8 118.757
      vertex 59.5019 8 118.93
    endloop
  endfacet
  facet normal 0.881859 0 -0.471514
    outer loop
      vertex 59.4094 8 118.757
      vertex 59.5019 0 118.93
      vertex 59.4094 0 118.757
    endloop
  endfacet
  facet normal -0.911062 0 0.412268
    outer loop
      vertex 64.7906 0 116.103
      vertex 64.8716 8 116.282
      vertex 64.7906 8 116.103
    endloop
  endfacet
  facet normal -0.911062 0 0.412268
    outer loop
      vertex 64.8716 8 116.282
      vertex 64.7906 0 116.103
      vertex 64.8716 0 116.282
    endloop
  endfacet
  facet normal 0.849538 0 -0.527527
    outer loop
      vertex 59.6056 0 119.097
      vertex 59.5019 8 118.93
      vertex 59.6056 8 119.097
    endloop
  endfacet
  facet normal 0.849538 0 -0.527527
    outer loop
      vertex 59.5019 8 118.93
      vertex 59.6056 0 119.097
      vertex 59.5019 0 118.93
    endloop
  endfacet
  facet normal -0.849538 0 0.527527
    outer loop
      vertex 64.5944 0 115.763
      vertex 64.6981 8 115.93
      vertex 64.5944 8 115.763
    endloop
  endfacet
  facet normal -0.849538 0 0.527527
    outer loop
      vertex 64.6981 8 115.93
      vertex 64.5944 0 115.763
      vertex 64.6981 0 115.93
    endloop
  endfacet
  facet normal -0.995187 0 -0.0979954
    outer loop
      vertex 65.0936 0 117.626
      vertex 65.0743 8 117.822
      vertex 65.0936 8 117.626
    endloop
  endfacet
  facet normal -0.995187 -0 -0.0979954
    outer loop
      vertex 65.0743 8 117.822
      vertex 65.0936 0 117.626
      vertex 65.0743 0 117.822
    endloop
  endfacet
  facet normal 0.09678 0 0.995306
    outer loop
      vertex 61.7084 8 114.456
      vertex 61.9038 0 114.437
      vertex 61.9038 8 114.437
    endloop
  endfacet
  facet normal 0.09678 0 0.995306
    outer loop
      vertex 61.9038 0 114.437
      vertex 61.7084 8 114.456
      vertex 61.7084 0 114.456
    endloop
  endfacet
  facet normal -0.729187 0 0.684314
    outer loop
      vertex 64.2213 0 115.309
      vertex 64.3555 8 115.452
      vertex 64.2213 8 115.309
    endloop
  endfacet
  facet normal -0.729187 0 0.684314
    outer loop
      vertex 64.3555 8 115.452
      vertex 64.2213 0 115.309
      vertex 64.3555 0 115.452
    endloop
  endfacet
  facet normal 0.290432 0 0.956896
    outer loop
      vertex 61.1357 8 114.589
      vertex 61.3235 0 114.532
      vertex 61.3235 8 114.532
    endloop
  endfacet
  facet normal 0.290432 0 0.956896
    outer loop
      vertex 61.3235 0 114.532
      vertex 61.1357 8 114.589
      vertex 61.1357 0 114.589
    endloop
  endfacet
  facet normal -0.412651 0 -0.910889
    outer loop
      vertex 63.2481 0 120.202
      vertex 63.4269 8 120.121
      vertex 63.4269 0 120.121
    endloop
  endfacet
  facet normal -0.412651 0 -0.910889
    outer loop
      vertex 63.4269 8 120.121
      vertex 63.2481 0 120.202
      vertex 63.2481 8 120.202
    endloop
  endfacet
  facet normal 0.416672 0 0.909057
    outer loop
      vertex 60.7731 8 114.74
      vertex 60.952 0 114.658
      vertex 60.952 8 114.658
    endloop
  endfacet
  facet normal 0.416672 0 0.909057
    outer loop
      vertex 60.952 0 114.658
      vertex 60.7731 8 114.74
      vertex 60.7731 0 114.74
    endloop
  endfacet
  facet normal -0.529313 0 0.848427
    outer loop
      vertex 63.6 8 114.832
      vertex 63.7667 0 114.936
      vertex 63.7667 8 114.936
    endloop
  endfacet
  facet normal -0.529313 0 0.848427
    outer loop
      vertex 63.7667 0 114.936
      vertex 63.6 8 114.832
      vertex 63.6 0 114.832
    endloop
  endfacet
  facet normal -0.416865 0 0.908969
    outer loop
      vertex 63.2481 8 114.658
      vertex 63.4269 0 114.74
      vertex 63.4269 8 114.74
    endloop
  endfacet
  facet normal -0.416865 0 0.908969
    outer loop
      vertex 63.4269 0 114.74
      vertex 63.2481 8 114.658
      vertex 63.2481 0 114.658
    endloop
  endfacet
  facet normal 0.986749 -0 0.162254
    outer loop
      vertex 59.1257 0 117.039
      vertex 59.1576 8 116.845
      vertex 59.1257 8 117.039
    endloop
  endfacet
  facet normal 0.986749 0 0.162254
    outer loop
      vertex 59.1576 8 116.845
      vertex 59.1257 0 117.039
      vertex 59.1576 0 116.845
    endloop
  endfacet
  facet normal -0.162995 0 0.986627
    outer loop
      vertex 62.4916 8 114.456
      vertex 62.6853 0 114.488
      vertex 62.6853 8 114.488
    endloop
  endfacet
  facet normal -0.162995 0 0.986627
    outer loop
      vertex 62.6853 0 114.488
      vertex 62.4916 8 114.456
      vertex 62.4916 0 114.456
    endloop
  endfacet
  facet normal 0.773368 0 -0.633958
    outer loop
      vertex 59.8445 0 119.408
      vertex 59.7199 8 119.256
      vertex 59.8445 8 119.408
    endloop
  endfacet
  facet normal 0.773368 0 -0.633958
    outer loop
      vertex 59.7199 8 119.256
      vertex 59.8445 0 119.408
      vertex 59.7199 0 119.256
    endloop
  endfacet
  facet normal -0.683008 0 0.730411
    outer loop
      vertex 64.078 8 115.175
      vertex 64.2213 0 115.309
      vertex 64.2213 8 115.309
    endloop
  endfacet
  facet normal -0.683008 0 0.730411
    outer loop
      vertex 64.2213 0 115.309
      vertex 64.078 8 115.175
      vertex 64.078 0 115.175
    endloop
  endfacet
  facet normal -0.351458 0 -0.936204
    outer loop
      vertex 63.0643 0 120.271
      vertex 63.2481 8 120.202
      vertex 63.2481 0 120.202
    endloop
  endfacet
  facet normal -0.351458 0 -0.936204
    outer loop
      vertex 63.2481 8 120.202
      vertex 63.0643 0 120.271
      vertex 63.0643 8 120.271
    endloop
  endfacet
  facet normal 0.581238 0 0.813733
    outer loop
      vertex 60.2737 8 115.05
      vertex 60.4333 0 114.936
      vertex 60.4333 8 114.936
    endloop
  endfacet
  facet normal 0.581238 0 0.813733
    outer loop
      vertex 60.4333 0 114.936
      vertex 60.2737 8 115.05
      vertex 60.2737 0 115.05
    endloop
  endfacet
  facet normal -0.584599 0 -0.811322
    outer loop
      vertex 63.7667 0 119.925
      vertex 63.9263 8 119.81
      vertex 63.9263 0 119.81
    endloop
  endfacet
  facet normal -0.584599 0 -0.811322
    outer loop
      vertex 63.9263 8 119.81
      vertex 63.7667 0 119.925
      vertex 63.7667 8 119.925
    endloop
  endfacet
  facet normal -0.881859 0 0.471514
    outer loop
      vertex 64.6981 0 115.93
      vertex 64.7906 8 116.103
      vertex 64.6981 8 115.93
    endloop
  endfacet
  facet normal -0.881859 0 0.471514
    outer loop
      vertex 64.7906 8 116.103
      vertex 64.6981 0 115.93
      vertex 64.7906 0 116.103
    endloop
  endfacet
  facet normal 0.41246 0 -0.910976
    outer loop
      vertex 60.7731 0 120.121
      vertex 60.952 8 120.202
      vertex 60.952 0 120.202
    endloop
  endfacet
  facet normal 0.41246 0 -0.910976
    outer loop
      vertex 60.952 8 120.202
      vertex 60.7731 0 120.121
      vertex 60.7731 8 120.121
    endloop
  endfacet
  facet normal 0.0356552 0 0.999364
    outer loop
      vertex 61.9038 8 114.437
      vertex 62.1 0 114.43
      vertex 62.1 8 114.43
    endloop
  endfacet
  facet normal 0.0356552 0 0.999364
    outer loop
      vertex 62.1 0 114.43
      vertex 61.9038 8 114.437
      vertex 61.9038 0 114.437
    endloop
  endfacet
  facet normal 0.685713 0 -0.727872
    outer loop
      vertex 59.9787 0 119.551
      vertex 60.122 8 119.686
      vertex 60.122 0 119.686
    endloop
  endfacet
  facet normal 0.685713 0 -0.727872
    outer loop
      vertex 60.122 8 119.686
      vertex 59.9787 0 119.551
      vertex 59.9787 8 119.551
    endloop
  endfacet
  facet normal -0.685713 0 -0.727872
    outer loop
      vertex 64.078 0 119.686
      vertex 64.2213 8 119.551
      vertex 64.2213 0 119.551
    endloop
  endfacet
  facet normal -0.685713 0 -0.727872
    outer loop
      vertex 64.2213 8 119.551
      vertex 64.078 0 119.686
      vertex 64.078 8 119.686
    endloop
  endfacet
  facet normal -0.729187 0 -0.684314
    outer loop
      vertex 64.3555 0 119.408
      vertex 64.2213 8 119.551
      vertex 64.3555 8 119.408
    endloop
  endfacet
  facet normal -0.729187 -0 -0.684314
    outer loop
      vertex 64.2213 8 119.551
      vertex 64.3555 0 119.408
      vertex 64.2213 0 119.551
    endloop
  endfacet
  facet normal 0.773368 -0 0.633958
    outer loop
      vertex 59.7199 0 115.604
      vertex 59.8445 8 115.452
      vertex 59.7199 8 115.604
    endloop
  endfacet
  facet normal 0.773368 0 0.633958
    outer loop
      vertex 59.8445 8 115.452
      vertex 59.7199 0 115.604
      vertex 59.8445 0 115.452
    endloop
  endfacet
  facet normal -0.581238 0 0.813733
    outer loop
      vertex 63.7667 8 114.936
      vertex 63.9263 0 115.05
      vertex 63.9263 8 115.05
    endloop
  endfacet
  facet normal -0.581238 0 0.813733
    outer loop
      vertex 63.9263 0 115.05
      vertex 63.7667 8 114.936
      vertex 63.7667 0 114.936
    endloop
  endfacet
  facet normal 0.974065 0 -0.226267
    outer loop
      vertex 59.2022 0 118.207
      vertex 59.1576 8 118.015
      vertex 59.2022 8 118.207
    endloop
  endfacet
  facet normal 0.974065 0 -0.226267
    outer loop
      vertex 59.1576 8 118.015
      vertex 59.2022 0 118.207
      vertex 59.1576 0 118.015
    endloop
  endfacet
  facet normal -0.881859 0 -0.471514
    outer loop
      vertex 64.7906 0 118.757
      vertex 64.6981 8 118.93
      vertex 64.7906 8 118.757
    endloop
  endfacet
  facet normal -0.881859 -0 -0.471514
    outer loop
      vertex 64.6981 8 118.93
      vertex 64.7906 0 118.757
      vertex 64.6981 0 118.93
    endloop
  endfacet
  facet normal 0.95655 0 -0.291569
    outer loop
      vertex 59.2592 0 118.394
      vertex 59.2022 8 118.207
      vertex 59.2592 8 118.394
    endloop
  endfacet
  facet normal 0.95655 0 -0.291569
    outer loop
      vertex 59.2022 8 118.207
      vertex 59.2592 0 118.394
      vertex 59.2022 0 118.207
    endloop
  endfacet
  facet normal -0.935994 0 0.352015
    outer loop
      vertex 64.8716 0 116.282
      vertex 64.9408 8 116.466
      vertex 64.8716 8 116.282
    endloop
  endfacet
  facet normal -0.935994 0 0.352015
    outer loop
      vertex 64.9408 8 116.466
      vertex 64.8716 0 116.282
      vertex 64.9408 0 116.466
    endloop
  endfacet
  facet normal 0.525634 0 -0.850711
    outer loop
      vertex 60.4333 0 119.925
      vertex 60.6 8 120.028
      vertex 60.6 0 120.028
    endloop
  endfacet
  facet normal 0.525634 0 -0.850711
    outer loop
      vertex 60.6 8 120.028
      vertex 60.4333 0 119.925
      vertex 60.4333 8 119.925
    endloop
  endfacet
  facet normal 0.224264 0 0.974528
    outer loop
      vertex 61.3235 8 114.532
      vertex 61.5147 0 114.488
      vertex 61.5147 8 114.488
    endloop
  endfacet
  facet normal 0.224264 0 0.974528
    outer loop
      vertex 61.5147 0 114.488
      vertex 61.3235 8 114.532
      vertex 61.3235 0 114.532
    endloop
  endfacet
  facet normal 0.81197 0 -0.583699
    outer loop
      vertex 59.7199 0 119.256
      vertex 59.6056 8 119.097
      vertex 59.7199 8 119.256
    endloop
  endfacet
  facet normal 0.81197 0 -0.583699
    outer loop
      vertex 59.6056 8 119.097
      vertex 59.7199 0 119.256
      vertex 59.6056 0 119.097
    endloop
  endfacet
  facet normal 0.635921 0 0.771754
    outer loop
      vertex 60.122 8 115.175
      vertex 60.2737 0 115.05
      vertex 60.2737 8 115.05
    endloop
  endfacet
  facet normal 0.635921 0 0.771754
    outer loop
      vertex 60.2737 0 115.05
      vertex 60.122 8 115.175
      vertex 60.122 0 115.175
    endloop
  endfacet
  facet normal 0.162995 0 -0.986627
    outer loop
      vertex 61.5147 0 120.372
      vertex 61.7084 8 120.404
      vertex 61.7084 0 120.404
    endloop
  endfacet
  facet normal 0.162995 0 -0.986627
    outer loop
      vertex 61.7084 8 120.404
      vertex 61.5147 0 120.372
      vertex 61.5147 8 120.372
    endloop
  endfacet
  facet normal 0.529313 0 0.848427
    outer loop
      vertex 60.4333 8 114.936
      vertex 60.6 0 114.832
      vertex 60.6 8 114.832
    endloop
  endfacet
  facet normal 0.529313 0 0.848427
    outer loop
      vertex 60.6 0 114.832
      vertex 60.4333 8 114.936
      vertex 60.4333 0 114.936
    endloop
  endfacet
  facet normal 0.683008 0 0.730411
    outer loop
      vertex 59.9787 8 115.309
      vertex 60.122 0 115.175
      vertex 60.122 8 115.175
    endloop
  endfacet
  facet normal 0.683008 0 0.730411
    outer loop
      vertex 60.122 0 115.175
      vertex 59.9787 8 115.309
      vertex 59.9787 0 115.309
    endloop
  endfacet
  facet normal 0.162995 0 0.986627
    outer loop
      vertex 61.5147 8 114.488
      vertex 61.7084 0 114.456
      vertex 61.7084 8 114.456
    endloop
  endfacet
  facet normal 0.162995 0 0.986627
    outer loop
      vertex 61.7084 0 114.456
      vertex 61.5147 8 114.488
      vertex 61.5147 0 114.488
    endloop
  endfacet
  facet normal 0.986614 0 -0.163072
    outer loop
      vertex 59.1576 0 118.015
      vertex 59.1257 8 117.822
      vertex 59.1576 8 118.015
    endloop
  endfacet
  facet normal 0.986614 0 -0.163072
    outer loop
      vertex 59.1257 8 117.822
      vertex 59.1576 0 118.015
      vertex 59.1257 0 117.822
    endloop
  endfacet
  facet normal -0.974065 0 -0.226267
    outer loop
      vertex 65.0424 0 118.015
      vertex 64.9978 8 118.207
      vertex 65.0424 8 118.015
    endloop
  endfacet
  facet normal -0.974065 -0 -0.226267
    outer loop
      vertex 64.9978 8 118.207
      vertex 65.0424 0 118.015
      vertex 64.9978 0 118.207
    endloop
  endfacet
  facet normal 0.995138 -0 0.0984931
    outer loop
      vertex 59.1064 0 117.234
      vertex 59.1257 8 117.039
      vertex 59.1064 8 117.234
    endloop
  endfacet
  facet normal 0.995138 0 0.0984931
    outer loop
      vertex 59.1257 8 117.039
      vertex 59.1064 0 117.234
      vertex 59.1257 0 117.039
    endloop
  endfacet
  facet normal -0.986614 0 -0.163072
    outer loop
      vertex 65.0743 0 117.822
      vertex 65.0424 8 118.015
      vertex 65.0743 8 117.822
    endloop
  endfacet
  facet normal -0.986614 -0 -0.163072
    outer loop
      vertex 65.0424 8 118.015
      vertex 65.0743 0 117.822
      vertex 65.0424 0 118.015
    endloop
  endfacet
  facet normal -0.0305668 0 -0.999533
    outer loop
      vertex 62.1 0 120.43
      vertex 62.2962 8 120.424
      vertex 62.2962 0 120.424
    endloop
  endfacet
  facet normal -0.0305668 0 -0.999533
    outer loop
      vertex 62.2962 8 120.424
      vertex 62.1 0 120.43
      vertex 62.1 8 120.43
    endloop
  endfacet
  facet normal 0.729187 0 -0.684314
    outer loop
      vertex 59.9787 0 119.551
      vertex 59.8445 8 119.408
      vertex 59.9787 8 119.551
    endloop
  endfacet
  facet normal 0.729187 0 -0.684314
    outer loop
      vertex 59.8445 8 119.408
      vertex 59.9787 0 119.551
      vertex 59.8445 0 119.408
    endloop
  endfacet
  facet normal 0.995187 0 -0.0979954
    outer loop
      vertex 59.1257 0 117.822
      vertex 59.1064 8 117.626
      vertex 59.1257 8 117.822
    endloop
  endfacet
  facet normal 0.995187 0 -0.0979954
    outer loop
      vertex 59.1064 8 117.626
      vertex 59.1257 0 117.822
      vertex 59.1064 0 117.626
    endloop
  endfacet
  facet normal -0.632876 0 -0.774253
    outer loop
      vertex 63.9263 0 119.81
      vertex 64.078 8 119.686
      vertex 64.078 0 119.686
    endloop
  endfacet
  facet normal -0.632876 0 -0.774253
    outer loop
      vertex 64.078 8 119.686
      vertex 63.9263 0 119.81
      vertex 63.9263 8 119.81
    endloop
  endfacet
  facet normal -0.09678 0 0.995306
    outer loop
      vertex 62.2962 8 114.437
      vertex 62.4916 0 114.456
      vertex 62.4916 8 114.456
    endloop
  endfacet
  facet normal -0.09678 0 0.995306
    outer loop
      vertex 62.4916 0 114.456
      vertex 62.2962 8 114.437
      vertex 62.2962 0 114.437
    endloop
  endfacet
  facet normal -0.0356552 0 0.999364
    outer loop
      vertex 62.1 8 114.43
      vertex 62.2962 0 114.437
      vertex 62.2962 8 114.437
    endloop
  endfacet
  facet normal -0.0356552 0 0.999364
    outer loop
      vertex 62.2962 0 114.437
      vertex 62.1 8 114.43
      vertex 62.1 0 114.43
    endloop
  endfacet
  facet normal 0.469317 0 0.88303
    outer loop
      vertex 60.6 8 114.832
      vertex 60.7731 0 114.74
      vertex 60.7731 8 114.74
    endloop
  endfacet
  facet normal 0.469317 0 0.88303
    outer loop
      vertex 60.7731 0 114.74
      vertex 60.6 8 114.832
      vertex 60.6 0 114.832
    endloop
  endfacet
  facet normal -0.81197 0 -0.583699
    outer loop
      vertex 64.5944 0 119.097
      vertex 64.4801 8 119.256
      vertex 64.5944 8 119.097
    endloop
  endfacet
  facet normal -0.81197 -0 -0.583699
    outer loop
      vertex 64.4801 8 119.256
      vertex 64.5944 0 119.097
      vertex 64.4801 0 119.256
    endloop
  endfacet
  facet normal -0.773368 0 0.633958
    outer loop
      vertex 64.3555 0 115.452
      vertex 64.4801 8 115.604
      vertex 64.3555 8 115.452
    endloop
  endfacet
  facet normal -0.773368 0 0.633958
    outer loop
      vertex 64.4801 8 115.604
      vertex 64.3555 0 115.452
      vertex 64.4801 0 115.604
    endloop
  endfacet
  facet normal 0.584599 0 -0.811322
    outer loop
      vertex 60.2737 0 119.81
      vertex 60.4333 8 119.925
      vertex 60.4333 0 119.925
    endloop
  endfacet
  facet normal 0.584599 0 -0.811322
    outer loop
      vertex 60.4333 8 119.925
      vertex 60.2737 0 119.81
      vertex 60.2737 8 119.81
    endloop
  endfacet
  facet normal 0.351626 0 0.936141
    outer loop
      vertex 60.952 8 114.658
      vertex 61.1357 0 114.589
      vertex 61.1357 8 114.589
    endloop
  endfacet
  facet normal 0.351626 0 0.936141
    outer loop
      vertex 61.1357 0 114.589
      vertex 60.952 8 114.658
      vertex 60.952 0 114.658
    endloop
  endfacet
  facet normal -0.224264 0 0.974528
    outer loop
      vertex 62.6853 8 114.488
      vertex 62.8765 0 114.532
      vertex 62.8765 8 114.532
    endloop
  endfacet
  facet normal -0.224264 0 0.974528
    outer loop
      vertex 62.8765 0 114.532
      vertex 62.6853 8 114.488
      vertex 62.6853 0 114.488
    endloop
  endfacet
  facet normal 0.999467 0 -0.0326357
    outer loop
      vertex 59.1064 0 117.626
      vertex 59.1 8 117.43
      vertex 59.1064 8 117.626
    endloop
  endfacet
  facet normal 0.999467 0 -0.0326357
    outer loop
      vertex 59.1 8 117.43
      vertex 59.1064 0 117.626
      vertex 59.1 0 117.43
    endloop
  endfacet
  facet normal 0.290432 0 -0.956896
    outer loop
      vertex 61.1357 0 120.271
      vertex 61.3235 8 120.328
      vertex 61.3235 0 120.328
    endloop
  endfacet
  facet normal 0.290432 0 -0.956896
    outer loop
      vertex 61.3235 8 120.328
      vertex 61.1357 0 120.271
      vertex 61.1357 8 120.271
    endloop
  endfacet
  facet normal 0.224264 0 -0.974528
    outer loop
      vertex 61.3235 0 120.328
      vertex 61.5147 8 120.372
      vertex 61.5147 0 120.372
    endloop
  endfacet
  facet normal 0.224264 0 -0.974528
    outer loop
      vertex 61.5147 8 120.372
      vertex 61.3235 0 120.328
      vertex 61.3235 8 120.328
    endloop
  endfacet
  facet normal 0.935994 -0 0.352015
    outer loop
      vertex 59.2592 0 116.466
      vertex 59.3284 8 116.282
      vertex 59.2592 8 116.466
    endloop
  endfacet
  facet normal 0.935994 0 0.352015
    outer loop
      vertex 59.3284 8 116.282
      vertex 59.2592 0 116.466
      vertex 59.3284 0 116.282
    endloop
  endfacet
  facet normal -0.911062 0 -0.412268
    outer loop
      vertex 64.8716 0 118.578
      vertex 64.7906 8 118.757
      vertex 64.8716 8 118.578
    endloop
  endfacet
  facet normal -0.911062 -0 -0.412268
    outer loop
      vertex 64.7906 8 118.757
      vertex 64.8716 0 118.578
      vertex 64.7906 0 118.757
    endloop
  endfacet
  facet normal 0.81197 -0 0.583699
    outer loop
      vertex 59.6056 0 115.763
      vertex 59.7199 8 115.604
      vertex 59.6056 8 115.763
    endloop
  endfacet
  facet normal 0.81197 0 0.583699
    outer loop
      vertex 59.7199 8 115.604
      vertex 59.6056 0 115.763
      vertex 59.7199 0 115.604
    endloop
  endfacet
  facet normal -0.935994 0 -0.352015
    outer loop
      vertex 64.9408 0 118.394
      vertex 64.8716 8 118.578
      vertex 64.9408 8 118.394
    endloop
  endfacet
  facet normal -0.935994 -0 -0.352015
    outer loop
      vertex 64.8716 8 118.578
      vertex 64.9408 0 118.394
      vertex 64.8716 0 118.578
    endloop
  endfacet
  facet normal 0.911062 -0 0.412268
    outer loop
      vertex 59.3284 0 116.282
      vertex 59.4094 8 116.103
      vertex 59.3284 8 116.282
    endloop
  endfacet
  facet normal 0.911062 0 0.412268
    outer loop
      vertex 59.4094 8 116.103
      vertex 59.3284 0 116.282
      vertex 59.4094 0 116.103
    endloop
  endfacet
  facet normal -0.101514 0 -0.994834
    outer loop
      vertex 102.296 0 120.424
      vertex 102.492 8 120.404
      vertex 102.492 0 120.404
    endloop
  endfacet
  facet normal -0.101514 0 -0.994834
    outer loop
      vertex 102.492 8 120.404
      vertex 102.296 0 120.424
      vertex 102.296 8 120.424
    endloop
  endfacet
  facet normal -0.994781 0 0.102029
    outer loop
      vertex 105.074 0 117.039
      vertex 105.094 8 117.234
      vertex 105.074 8 117.039
    endloop
  endfacet
  facet normal -0.994781 0 0.102029
    outer loop
      vertex 105.094 8 117.234
      vertex 105.074 0 117.039
      vertex 105.094 0 117.234
    endloop
  endfacet
  facet normal -0.999532 0 0.0305979
    outer loop
      vertex 105.094 0 117.234
      vertex 105.1 8 117.43
      vertex 105.094 8 117.234
    endloop
  endfacet
  facet normal -0.999532 0 0.0305979
    outer loop
      vertex 105.1 8 117.43
      vertex 105.094 0 117.234
      vertex 105.1 0 117.43
    endloop
  endfacet
  facet normal -0.986667 0 0.162749
    outer loop
      vertex 105.042 0 116.845
      vertex 105.074 8 117.039
      vertex 105.042 8 116.845
    endloop
  endfacet
  facet normal -0.986667 0 0.162749
    outer loop
      vertex 105.074 8 117.039
      vertex 105.042 0 116.845
      vertex 105.074 0 117.039
    endloop
  endfacet
  facet normal 0.935994 0 -0.352015
    outer loop
      vertex 99.3284 0 118.578
      vertex 99.2592 8 118.394
      vertex 99.3284 8 118.578
    endloop
  endfacet
  facet normal 0.935994 0 -0.352015
    outer loop
      vertex 99.2592 8 118.394
      vertex 99.3284 0 118.578
      vertex 99.2592 0 118.394
    endloop
  endfacet
  facet normal -0.812696 0 0.582688
    outer loop
      vertex 104.48 0 115.604
      vertex 104.594 8 115.763
      vertex 104.48 8 115.604
    endloop
  endfacet
  facet normal -0.812696 0 0.582688
    outer loop
      vertex 104.594 8 115.763
      vertex 104.48 0 115.604
      vertex 104.594 0 115.763
    endloop
  endfacet
  facet normal -0.774865 0 -0.632127
    outer loop
      vertex 104.48 0 119.256
      vertex 104.356 8 119.408
      vertex 104.48 8 119.256
    endloop
  endfacet
  facet normal -0.774865 -0 -0.632127
    outer loop
      vertex 104.356 8 119.408
      vertex 104.48 0 119.256
      vertex 104.356 0 119.408
    endloop
  endfacet
  facet normal -0.974477 0 0.224487
    outer loop
      vertex 104.998 0 116.654
      vertex 105.042 8 116.845
      vertex 104.998 8 116.654
    endloop
  endfacet
  facet normal -0.974477 0 0.224487
    outer loop
      vertex 105.042 8 116.845
      vertex 104.998 0 116.654
      vertex 105.042 0 116.845
    endloop
  endfacet
  facet normal -0.473492 0 -0.880798
    outer loop
      vertex 103.427 0 120.121
      vertex 103.6 8 120.028
      vertex 103.6 0 120.028
    endloop
  endfacet
  facet normal -0.473492 0 -0.880798
    outer loop
      vertex 103.6 8 120.028
      vertex 103.427 0 120.121
      vertex 103.427 8 120.121
    endloop
  endfacet
  facet normal -0.224487 0 -0.974477
    outer loop
      vertex 102.685 0 120.372
      vertex 102.876 8 120.328
      vertex 102.876 0 120.328
    endloop
  endfacet
  facet normal -0.224487 0 -0.974477
    outer loop
      vertex 102.876 8 120.328
      vertex 102.685 0 120.372
      vertex 102.685 8 120.372
    endloop
  endfacet
  facet normal -0.290149 0 0.956982
    outer loop
      vertex 102.876 8 114.532
      vertex 103.064 0 114.589
      vertex 103.064 8 114.589
    endloop
  endfacet
  facet normal -0.290149 0 0.956982
    outer loop
      vertex 103.064 0 114.589
      vertex 102.876 8 114.532
      vertex 102.876 0 114.532
    endloop
  endfacet
  facet normal 0.473492 0 -0.880798
    outer loop
      vertex 100.6 0 120.028
      vertex 100.773 8 120.121
      vertex 100.773 0 120.121
    endloop
  endfacet
  facet normal 0.473492 0 -0.880798
    outer loop
      vertex 100.773 8 120.121
      vertex 100.6 0 120.028
      vertex 100.6 8 120.028
    endloop
  endfacet
  facet normal 0.999467 -0 0.0326357
    outer loop
      vertex 99.1 0 117.43
      vertex 99.1064 8 117.234
      vertex 99.1 8 117.43
    endloop
  endfacet
  facet normal 0.999467 0 0.0326357
    outer loop
      vertex 99.1064 8 117.234
      vertex 99.1 0 117.43
      vertex 99.1064 0 117.234
    endloop
  endfacet
  facet normal -0.351123 0 0.936329
    outer loop
      vertex 103.064 8 114.589
      vertex 103.248 0 114.658
      vertex 103.248 8 114.658
    endloop
  endfacet
  facet normal -0.351123 0 0.936329
    outer loop
      vertex 103.248 0 114.658
      vertex 103.064 8 114.589
      vertex 103.064 0 114.589
    endloop
  endfacet
  facet normal 0.351123 0 -0.936329
    outer loop
      vertex 100.952 0 120.202
      vertex 101.136 8 120.271
      vertex 101.136 0 120.271
    endloop
  endfacet
  facet normal 0.351123 0 -0.936329
    outer loop
      vertex 101.136 8 120.271
      vertex 100.952 0 120.202
      vertex 100.952 8 120.202
    endloop
  endfacet
  facet normal 0.956982 -0 0.290149
    outer loop
      vertex 99.2022 0 116.654
      vertex 99.2592 8 116.466
      vertex 99.2022 8 116.654
    endloop
  endfacet
  facet normal 0.956982 0 0.290149
    outer loop
      vertex 99.2592 8 116.466
      vertex 99.2022 0 116.654
      vertex 99.2592 0 116.466
    endloop
  endfacet
  facet normal -0.290149 0 -0.956982
    outer loop
      vertex 102.876 0 120.328
      vertex 103.064 8 120.271
      vertex 103.064 0 120.271
    endloop
  endfacet
  facet normal -0.290149 0 -0.956982
    outer loop
      vertex 103.064 8 120.271
      vertex 102.876 0 120.328
      vertex 102.876 8 120.328
    endloop
  endfacet
  facet normal 0.973804 -0 0.227391
    outer loop
      vertex 99.1576 0 116.845
      vertex 99.2022 8 116.654
      vertex 99.1576 8 116.845
    endloop
  endfacet
  facet normal 0.973804 0 0.227391
    outer loop
      vertex 99.2022 8 116.654
      vertex 99.1576 0 116.845
      vertex 99.2022 0 116.654
    endloop
  endfacet
  facet normal -0.52495 0 -0.851133
    outer loop
      vertex 103.6 0 120.028
      vertex 103.767 8 119.925
      vertex 103.767 0 119.925
    endloop
  endfacet
  facet normal -0.52495 0 -0.851133
    outer loop
      vertex 103.767 8 119.925
      vertex 103.6 0 120.028
      vertex 103.6 8 120.028
    endloop
  endfacet
  facet normal -0.999532 0 -0.0305979
    outer loop
      vertex 105.1 0 117.43
      vertex 105.094 8 117.626
      vertex 105.1 8 117.43
    endloop
  endfacet
  facet normal -0.999532 -0 -0.0305979
    outer loop
      vertex 105.094 8 117.626
      vertex 105.1 0 117.43
      vertex 105.094 0 117.626
    endloop
  endfacet
  facet normal 0.729187 -0 0.684314
    outer loop
      vertex 99.8445 0 115.452
      vertex 99.9787 8 115.309
      vertex 99.8445 8 115.452
    endloop
  endfacet
  facet normal 0.729187 0 0.684314
    outer loop
      vertex 99.9787 8 115.309
      vertex 99.8445 0 115.452
      vertex 99.9787 0 115.309
    endloop
  endfacet
  facet normal 0.911062 0 -0.412268
    outer loop
      vertex 99.4094 0 118.757
      vertex 99.3284 8 118.578
      vertex 99.4094 8 118.757
    endloop
  endfacet
  facet normal 0.911062 0 -0.412268
    outer loop
      vertex 99.3284 8 118.578
      vertex 99.4094 0 118.757
      vertex 99.3284 0 118.578
    endloop
  endfacet
  facet normal 0.101514 0 -0.994834
    outer loop
      vertex 101.708 0 120.404
      vertex 101.904 8 120.424
      vertex 101.904 0 120.424
    endloop
  endfacet
  facet normal 0.101514 0 -0.994834
    outer loop
      vertex 101.904 8 120.424
      vertex 101.708 0 120.404
      vertex 101.708 8 120.404
    endloop
  endfacet
  facet normal -0.956982 0 0.290149
    outer loop
      vertex 104.941 0 116.466
      vertex 104.998 8 116.654
      vertex 104.941 8 116.466
    endloop
  endfacet
  facet normal -0.956982 0 0.290149
    outer loop
      vertex 104.998 8 116.654
      vertex 104.941 0 116.466
      vertex 104.998 0 116.654
    endloop
  endfacet
  facet normal 0.881859 -0 0.471514
    outer loop
      vertex 99.4094 0 116.103
      vertex 99.5019 8 115.93
      vertex 99.4094 8 116.103
    endloop
  endfacet
  facet normal 0.881859 0 0.471514
    outer loop
      vertex 99.5019 8 115.93
      vertex 99.4094 0 116.103
      vertex 99.5019 0 115.93
    endloop
  endfacet
  facet normal -0.635173 0 0.77237
    outer loop
      vertex 103.926 8 115.05
      vertex 104.078 0 115.175
      vertex 104.078 8 115.175
    endloop
  endfacet
  facet normal -0.635173 0 0.77237
    outer loop
      vertex 104.078 0 115.175
      vertex 103.926 8 115.05
      vertex 103.926 0 115.05
    endloop
  endfacet
  facet normal -0.848854 0 -0.528628
    outer loop
      vertex 104.698 0 118.93
      vertex 104.594 8 119.097
      vertex 104.698 8 118.93
    endloop
  endfacet
  facet normal -0.848854 -0 -0.528628
    outer loop
      vertex 104.594 8 119.097
      vertex 104.698 0 118.93
      vertex 104.594 0 119.097
    endloop
  endfacet
  facet normal -0.469528 0 0.882917
    outer loop
      vertex 103.427 8 114.74
      vertex 103.6 0 114.832
      vertex 103.6 8 114.832
    endloop
  endfacet
  facet normal -0.469528 0 0.882917
    outer loop
      vertex 103.6 0 114.832
      vertex 103.427 8 114.74
      vertex 103.427 0 114.74
    endloop
  endfacet
  facet normal -0.16357 0 -0.986532
    outer loop
      vertex 102.492 0 120.404
      vertex 102.685 8 120.372
      vertex 102.685 0 120.372
    endloop
  endfacet
  facet normal -0.16357 0 -0.986532
    outer loop
      vertex 102.685 8 120.372
      vertex 102.492 0 120.404
      vertex 102.492 8 120.404
    endloop
  endfacet
  facet normal 0.0305979 0 -0.999532
    outer loop
      vertex 101.904 0 120.424
      vertex 102.1 8 120.43
      vertex 102.1 0 120.43
    endloop
  endfacet
  facet normal 0.0305979 0 -0.999532
    outer loop
      vertex 102.1 8 120.43
      vertex 101.904 0 120.424
      vertex 101.904 8 120.424
    endloop
  endfacet
  facet normal 0.632127 0 -0.774865
    outer loop
      vertex 100.122 0 119.686
      vertex 100.274 8 119.81
      vertex 100.274 0 119.81
    endloop
  endfacet
  facet normal 0.632127 0 -0.774865
    outer loop
      vertex 100.274 8 119.81
      vertex 100.122 0 119.686
      vertex 100.122 8 119.686
    endloop
  endfacet
  facet normal 0.849538 -0 0.527527
    outer loop
      vertex 99.5019 0 115.93
      vertex 99.6056 8 115.763
      vertex 99.5019 8 115.93
    endloop
  endfacet
  facet normal 0.849538 0 0.527527
    outer loop
      vertex 99.6056 8 115.763
      vertex 99.5019 0 115.93
      vertex 99.6056 0 115.763
    endloop
  endfacet
  facet normal -0.95655 0 -0.291569
    outer loop
      vertex 104.998 0 118.207
      vertex 104.941 8 118.394
      vertex 104.998 8 118.207
    endloop
  endfacet
  facet normal -0.95655 -0 -0.291569
    outer loop
      vertex 104.941 8 118.394
      vertex 104.998 0 118.207
      vertex 104.941 0 118.394
    endloop
  endfacet
  facet normal 0.881859 0 -0.471514
    outer loop
      vertex 99.5019 0 118.93
      vertex 99.4094 8 118.757
      vertex 99.5019 8 118.93
    endloop
  endfacet
  facet normal 0.881859 0 -0.471514
    outer loop
      vertex 99.4094 8 118.757
      vertex 99.5019 0 118.93
      vertex 99.4094 0 118.757
    endloop
  endfacet
  facet normal -0.911062 0 0.412268
    outer loop
      vertex 104.791 0 116.103
      vertex 104.872 8 116.282
      vertex 104.791 8 116.103
    endloop
  endfacet
  facet normal -0.911062 0 0.412268
    outer loop
      vertex 104.872 8 116.282
      vertex 104.791 0 116.103
      vertex 104.872 0 116.282
    endloop
  endfacet
  facet normal 0.849538 0 -0.527527
    outer loop
      vertex 99.6056 0 119.097
      vertex 99.5019 8 118.93
      vertex 99.6056 8 119.097
    endloop
  endfacet
  facet normal 0.849538 0 -0.527527
    outer loop
      vertex 99.5019 8 118.93
      vertex 99.6056 0 119.097
      vertex 99.5019 0 118.93
    endloop
  endfacet
  facet normal -0.848854 0 0.528628
    outer loop
      vertex 104.594 0 115.763
      vertex 104.698 8 115.93
      vertex 104.594 8 115.763
    endloop
  endfacet
  facet normal -0.848854 0 0.528628
    outer loop
      vertex 104.698 8 115.93
      vertex 104.594 0 115.763
      vertex 104.698 0 115.93
    endloop
  endfacet
  facet normal -0.994834 0 -0.101514
    outer loop
      vertex 105.094 0 117.626
      vertex 105.074 8 117.822
      vertex 105.094 8 117.626
    endloop
  endfacet
  facet normal -0.994834 -0 -0.101514
    outer loop
      vertex 105.074 8 117.822
      vertex 105.094 0 117.626
      vertex 105.074 0 117.822
    endloop
  endfacet
  facet normal 0.0964865 0 0.995334
    outer loop
      vertex 101.708 8 114.456
      vertex 101.904 0 114.437
      vertex 101.904 8 114.437
    endloop
  endfacet
  facet normal 0.0964865 0 0.995334
    outer loop
      vertex 101.904 0 114.437
      vertex 101.708 8 114.456
      vertex 101.708 0 114.456
    endloop
  endfacet
  facet normal -0.727154 0 0.686474
    outer loop
      vertex 104.221 0 115.309
      vertex 104.356 8 115.452
      vertex 104.221 8 115.309
    endloop
  endfacet
  facet normal -0.727154 0 0.686474
    outer loop
      vertex 104.356 8 115.452
      vertex 104.221 0 115.309
      vertex 104.356 0 115.452
    endloop
  endfacet
  facet normal 0.290149 0 0.956982
    outer loop
      vertex 101.136 8 114.589
      vertex 101.324 0 114.532
      vertex 101.324 8 114.532
    endloop
  endfacet
  facet normal 0.290149 0 0.956982
    outer loop
      vertex 101.324 0 114.532
      vertex 101.136 8 114.589
      vertex 101.136 0 114.589
    endloop
  endfacet
  facet normal -0.412268 0 -0.911062
    outer loop
      vertex 103.248 0 120.202
      vertex 103.427 8 120.121
      vertex 103.427 0 120.121
    endloop
  endfacet
  facet normal -0.412268 0 -0.911062
    outer loop
      vertex 103.427 8 120.121
      vertex 103.248 0 120.202
      vertex 103.248 8 120.202
    endloop
  endfacet
  facet normal 0.41648 0 0.909145
    outer loop
      vertex 100.773 8 114.74
      vertex 100.952 0 114.658
      vertex 100.952 8 114.658
    endloop
  endfacet
  facet normal 0.41648 0 0.909145
    outer loop
      vertex 100.952 0 114.658
      vertex 100.773 8 114.74
      vertex 100.773 0 114.74
    endloop
  endfacet
  facet normal -0.528628 0 0.848854
    outer loop
      vertex 103.6 8 114.832
      vertex 103.767 0 114.936
      vertex 103.767 8 114.936
    endloop
  endfacet
  facet normal -0.528628 0 0.848854
    outer loop
      vertex 103.767 0 114.936
      vertex 103.6 8 114.832
      vertex 103.6 0 114.832
    endloop
  endfacet
  facet normal -0.41648 0 0.909145
    outer loop
      vertex 103.248 8 114.658
      vertex 103.427 0 114.74
      vertex 103.427 8 114.74
    endloop
  endfacet
  facet normal -0.41648 0 0.909145
    outer loop
      vertex 103.427 0 114.74
      vertex 103.248 8 114.658
      vertex 103.248 0 114.658
    endloop
  endfacet
  facet normal 0.986749 -0 0.162254
    outer loop
      vertex 99.1257 0 117.039
      vertex 99.1576 8 116.845
      vertex 99.1257 8 117.039
    endloop
  endfacet
  facet normal 0.986749 0 0.162254
    outer loop
      vertex 99.1576 8 116.845
      vertex 99.1257 0 117.039
      vertex 99.1576 0 116.845
    endloop
  endfacet
  facet normal -0.16357 0 0.986532
    outer loop
      vertex 102.492 8 114.456
      vertex 102.685 0 114.488
      vertex 102.685 8 114.488
    endloop
  endfacet
  facet normal -0.16357 0 0.986532
    outer loop
      vertex 102.685 0 114.488
      vertex 102.492 8 114.456
      vertex 102.492 0 114.456
    endloop
  endfacet
  facet normal 0.773368 0 -0.633958
    outer loop
      vertex 99.8445 0 119.408
      vertex 99.7199 8 119.256
      vertex 99.8445 8 119.408
    endloop
  endfacet
  facet normal 0.773368 0 -0.633958
    outer loop
      vertex 99.7199 8 119.256
      vertex 99.8445 0 119.408
      vertex 99.7199 0 119.256
    endloop
  endfacet
  facet normal -0.683771 0 0.729696
    outer loop
      vertex 104.078 8 115.175
      vertex 104.221 0 115.309
      vertex 104.221 8 115.309
    endloop
  endfacet
  facet normal -0.683771 0 0.729696
    outer loop
      vertex 104.221 0 115.309
      vertex 104.078 8 115.175
      vertex 104.078 0 115.175
    endloop
  endfacet
  facet normal -0.351123 0 -0.936329
    outer loop
      vertex 103.064 0 120.271
      vertex 103.248 8 120.202
      vertex 103.248 0 120.202
    endloop
  endfacet
  facet normal -0.351123 0 -0.936329
    outer loop
      vertex 103.248 8 120.202
      vertex 103.064 0 120.271
      vertex 103.064 8 120.271
    endloop
  endfacet
  facet normal 0.582688 0 0.812696
    outer loop
      vertex 100.274 8 115.05
      vertex 100.433 0 114.936
      vertex 100.433 8 114.936
    endloop
  endfacet
  facet normal 0.582688 0 0.812696
    outer loop
      vertex 100.433 0 114.936
      vertex 100.274 8 115.05
      vertex 100.274 0 115.05
    endloop
  endfacet
  facet normal -0.586049 0 -0.810276
    outer loop
      vertex 103.767 0 119.925
      vertex 103.926 8 119.81
      vertex 103.926 0 119.81
    endloop
  endfacet
  facet normal -0.586049 0 -0.810276
    outer loop
      vertex 103.926 8 119.81
      vertex 103.767 0 119.925
      vertex 103.767 8 119.925
    endloop
  endfacet
  facet normal -0.880798 0 0.473492
    outer loop
      vertex 104.698 0 115.93
      vertex 104.791 8 116.103
      vertex 104.698 8 115.93
    endloop
  endfacet
  facet normal -0.880798 0 0.473492
    outer loop
      vertex 104.791 8 116.103
      vertex 104.698 0 115.93
      vertex 104.791 0 116.103
    endloop
  endfacet
  facet normal 0.412268 0 -0.911062
    outer loop
      vertex 100.773 0 120.121
      vertex 100.952 8 120.202
      vertex 100.952 0 120.202
    endloop
  endfacet
  facet normal 0.412268 0 -0.911062
    outer loop
      vertex 100.952 8 120.202
      vertex 100.773 0 120.121
      vertex 100.773 8 120.121
    endloop
  endfacet
  facet normal 0.0356915 0 0.999363
    outer loop
      vertex 101.904 8 114.437
      vertex 102.1 0 114.43
      vertex 102.1 8 114.43
    endloop
  endfacet
  facet normal 0.0356915 0 0.999363
    outer loop
      vertex 102.1 0 114.43
      vertex 101.904 8 114.437
      vertex 101.904 0 114.437
    endloop
  endfacet
  facet normal 0.685713 0 -0.727872
    outer loop
      vertex 99.9787 0 119.551
      vertex 100.122 8 119.686
      vertex 100.122 0 119.686
    endloop
  endfacet
  facet normal 0.685713 0 -0.727872
    outer loop
      vertex 100.122 8 119.686
      vertex 99.9787 0 119.551
      vertex 99.9787 8 119.551
    endloop
  endfacet
  facet normal -0.686474 0 -0.727154
    outer loop
      vertex 104.078 0 119.686
      vertex 104.221 8 119.551
      vertex 104.221 0 119.551
    endloop
  endfacet
  facet normal -0.686474 0 -0.727154
    outer loop
      vertex 104.221 8 119.551
      vertex 104.078 0 119.686
      vertex 104.078 8 119.686
    endloop
  endfacet
  facet normal -0.727154 0 -0.686474
    outer loop
      vertex 104.356 0 119.408
      vertex 104.221 8 119.551
      vertex 104.356 8 119.408
    endloop
  endfacet
  facet normal -0.727154 -0 -0.686474
    outer loop
      vertex 104.221 8 119.551
      vertex 104.356 0 119.408
      vertex 104.221 0 119.551
    endloop
  endfacet
  facet normal 0.773368 -0 0.633958
    outer loop
      vertex 99.7199 0 115.604
      vertex 99.8445 8 115.452
      vertex 99.7199 8 115.604
    endloop
  endfacet
  facet normal 0.773368 0 0.633958
    outer loop
      vertex 99.8445 8 115.452
      vertex 99.7199 0 115.604
      vertex 99.8445 0 115.452
    endloop
  endfacet
  facet normal -0.582688 0 0.812696
    outer loop
      vertex 103.767 8 114.936
      vertex 103.926 0 115.05
      vertex 103.926 8 115.05
    endloop
  endfacet
  facet normal -0.582688 0 0.812696
    outer loop
      vertex 103.926 0 115.05
      vertex 103.767 8 114.936
      vertex 103.767 0 114.936
    endloop
  endfacet
  facet normal 0.974065 0 -0.226267
    outer loop
      vertex 99.2022 0 118.207
      vertex 99.1576 8 118.015
      vertex 99.2022 8 118.207
    endloop
  endfacet
  facet normal 0.974065 0 -0.226267
    outer loop
      vertex 99.1576 8 118.015
      vertex 99.2022 0 118.207
      vertex 99.1576 0 118.015
    endloop
  endfacet
  facet normal -0.880798 0 -0.473492
    outer loop
      vertex 104.791 0 118.757
      vertex 104.698 8 118.93
      vertex 104.791 8 118.757
    endloop
  endfacet
  facet normal -0.880798 -0 -0.473492
    outer loop
      vertex 104.698 8 118.93
      vertex 104.791 0 118.757
      vertex 104.698 0 118.93
    endloop
  endfacet
  facet normal 0.95655 0 -0.291569
    outer loop
      vertex 99.2592 0 118.394
      vertex 99.2022 8 118.207
      vertex 99.2592 8 118.394
    endloop
  endfacet
  facet normal 0.95655 0 -0.291569
    outer loop
      vertex 99.2022 8 118.207
      vertex 99.2592 0 118.394
      vertex 99.2022 0 118.207
    endloop
  endfacet
  facet normal 0.16357 0 0.986532
    outer loop
      vertex 101.515 8 114.488
      vertex 101.708 0 114.456
      vertex 101.708 8 114.456
    endloop
  endfacet
  facet normal 0.16357 0 0.986532
    outer loop
      vertex 101.708 0 114.456
      vertex 101.515 8 114.488
      vertex 101.515 0 114.488
    endloop
  endfacet
  facet normal -0.936329 0 0.351123
    outer loop
      vertex 104.872 0 116.282
      vertex 104.941 8 116.466
      vertex 104.872 8 116.282
    endloop
  endfacet
  facet normal -0.936329 0 0.351123
    outer loop
      vertex 104.941 8 116.466
      vertex 104.872 0 116.282
      vertex 104.941 0 116.466
    endloop
  endfacet
  facet normal 0.52495 0 -0.851133
    outer loop
      vertex 100.433 0 119.925
      vertex 100.6 8 120.028
      vertex 100.6 0 120.028
    endloop
  endfacet
  facet normal 0.52495 0 -0.851133
    outer loop
      vertex 100.6 8 120.028
      vertex 100.433 0 119.925
      vertex 100.433 8 119.925
    endloop
  endfacet
  facet normal 0.224487 0 0.974477
    outer loop
      vertex 101.324 8 114.532
      vertex 101.515 0 114.488
      vertex 101.515 8 114.488
    endloop
  endfacet
  facet normal 0.224487 0 0.974477
    outer loop
      vertex 101.515 0 114.488
      vertex 101.324 8 114.532
      vertex 101.324 0 114.532
    endloop
  endfacet
  facet normal 0.81197 0 -0.583699
    outer loop
      vertex 99.7199 0 119.256
      vertex 99.6056 8 119.097
      vertex 99.7199 8 119.256
    endloop
  endfacet
  facet normal 0.81197 0 -0.583699
    outer loop
      vertex 99.6056 8 119.097
      vertex 99.7199 0 119.256
      vertex 99.6056 0 119.097
    endloop
  endfacet
  facet normal 0.635173 0 0.77237
    outer loop
      vertex 100.122 8 115.175
      vertex 100.274 0 115.05
      vertex 100.274 8 115.05
    endloop
  endfacet
  facet normal 0.635173 0 0.77237
    outer loop
      vertex 100.274 0 115.05
      vertex 100.122 8 115.175
      vertex 100.122 0 115.175
    endloop
  endfacet
  facet normal 0.16357 0 -0.986532
    outer loop
      vertex 101.515 0 120.372
      vertex 101.708 8 120.404
      vertex 101.708 0 120.404
    endloop
  endfacet
  facet normal 0.16357 0 -0.986532
    outer loop
      vertex 101.708 8 120.404
      vertex 101.515 0 120.372
      vertex 101.515 8 120.372
    endloop
  endfacet
  facet normal 0.528628 0 0.848854
    outer loop
      vertex 100.433 8 114.936
      vertex 100.6 0 114.832
      vertex 100.6 8 114.832
    endloop
  endfacet
  facet normal 0.528628 0 0.848854
    outer loop
      vertex 100.6 0 114.832
      vertex 100.433 8 114.936
      vertex 100.433 0 114.936
    endloop
  endfacet
  facet normal 0.683008 0 0.730411
    outer loop
      vertex 99.9787 8 115.309
      vertex 100.122 0 115.175
      vertex 100.122 8 115.175
    endloop
  endfacet
  facet normal 0.683008 0 0.730411
    outer loop
      vertex 100.122 0 115.175
      vertex 99.9787 8 115.309
      vertex 99.9787 0 115.309
    endloop
  endfacet
  facet normal 0.986614 0 -0.163072
    outer loop
      vertex 99.1576 0 118.015
      vertex 99.1257 8 117.822
      vertex 99.1576 8 118.015
    endloop
  endfacet
  facet normal 0.986614 0 -0.163072
    outer loop
      vertex 99.1257 8 117.822
      vertex 99.1576 0 118.015
      vertex 99.1257 0 117.822
    endloop
  endfacet
  facet normal -0.974732 0 -0.223376
    outer loop
      vertex 105.042 0 118.015
      vertex 104.998 8 118.207
      vertex 105.042 8 118.015
    endloop
  endfacet
  facet normal -0.974732 -0 -0.223376
    outer loop
      vertex 104.998 8 118.207
      vertex 105.042 0 118.015
      vertex 104.998 0 118.207
    endloop
  endfacet
  facet normal 0.995138 -0 0.0984931
    outer loop
      vertex 99.1064 0 117.234
      vertex 99.1257 8 117.039
      vertex 99.1064 8 117.234
    endloop
  endfacet
  facet normal 0.995138 0 0.0984931
    outer loop
      vertex 99.1257 8 117.039
      vertex 99.1064 0 117.234
      vertex 99.1257 0 117.039
    endloop
  endfacet
  facet normal -0.986532 0 -0.16357
    outer loop
      vertex 105.074 0 117.822
      vertex 105.042 8 118.015
      vertex 105.074 8 117.822
    endloop
  endfacet
  facet normal -0.986532 -0 -0.16357
    outer loop
      vertex 105.042 8 118.015
      vertex 105.074 0 117.822
      vertex 105.042 0 118.015
    endloop
  endfacet
  facet normal -0.0305979 0 -0.999532
    outer loop
      vertex 102.1 0 120.43
      vertex 102.296 8 120.424
      vertex 102.296 0 120.424
    endloop
  endfacet
  facet normal -0.0305979 0 -0.999532
    outer loop
      vertex 102.296 8 120.424
      vertex 102.1 0 120.43
      vertex 102.1 8 120.43
    endloop
  endfacet
  facet normal 0.729187 0 -0.684314
    outer loop
      vertex 99.9787 0 119.551
      vertex 99.8445 8 119.408
      vertex 99.9787 8 119.551
    endloop
  endfacet
  facet normal 0.729187 0 -0.684314
    outer loop
      vertex 99.8445 8 119.408
      vertex 99.9787 0 119.551
      vertex 99.8445 0 119.408
    endloop
  endfacet
  facet normal 0.995187 0 -0.0979954
    outer loop
      vertex 99.1257 0 117.822
      vertex 99.1064 8 117.626
      vertex 99.1257 8 117.822
    endloop
  endfacet
  facet normal 0.995187 0 -0.0979954
    outer loop
      vertex 99.1064 8 117.626
      vertex 99.1257 0 117.822
      vertex 99.1064 0 117.626
    endloop
  endfacet
  facet normal -0.632127 0 -0.774865
    outer loop
      vertex 103.926 0 119.81
      vertex 104.078 8 119.686
      vertex 104.078 0 119.686
    endloop
  endfacet
  facet normal -0.632127 0 -0.774865
    outer loop
      vertex 104.078 8 119.686
      vertex 103.926 0 119.81
      vertex 103.926 8 119.81
    endloop
  endfacet
  facet normal -0.0964865 0 0.995334
    outer loop
      vertex 102.296 8 114.437
      vertex 102.492 0 114.456
      vertex 102.492 8 114.456
    endloop
  endfacet
  facet normal -0.0964865 0 0.995334
    outer loop
      vertex 102.492 0 114.456
      vertex 102.296 8 114.437
      vertex 102.296 0 114.437
    endloop
  endfacet
  facet normal -0.0356915 0 0.999363
    outer loop
      vertex 102.1 8 114.43
      vertex 102.296 0 114.437
      vertex 102.296 8 114.437
    endloop
  endfacet
  facet normal -0.0356915 0 0.999363
    outer loop
      vertex 102.296 0 114.437
      vertex 102.1 8 114.43
      vertex 102.1 0 114.43
    endloop
  endfacet
  facet normal 0.469528 0 0.882917
    outer loop
      vertex 100.6 8 114.832
      vertex 100.773 0 114.74
      vertex 100.773 8 114.74
    endloop
  endfacet
  facet normal 0.469528 0 0.882917
    outer loop
      vertex 100.773 0 114.74
      vertex 100.6 8 114.832
      vertex 100.6 0 114.832
    endloop
  endfacet
  facet normal -0.812696 0 -0.582688
    outer loop
      vertex 104.594 0 119.097
      vertex 104.48 8 119.256
      vertex 104.594 8 119.097
    endloop
  endfacet
  facet normal -0.812696 -0 -0.582688
    outer loop
      vertex 104.48 8 119.256
      vertex 104.594 0 119.097
      vertex 104.48 0 119.256
    endloop
  endfacet
  facet normal -0.774865 0 0.632127
    outer loop
      vertex 104.356 0 115.452
      vertex 104.48 8 115.604
      vertex 104.356 8 115.452
    endloop
  endfacet
  facet normal -0.774865 0 0.632127
    outer loop
      vertex 104.48 8 115.604
      vertex 104.356 0 115.452
      vertex 104.48 0 115.604
    endloop
  endfacet
  facet normal 0.586049 0 -0.810276
    outer loop
      vertex 100.274 0 119.81
      vertex 100.433 8 119.925
      vertex 100.433 0 119.925
    endloop
  endfacet
  facet normal 0.586049 0 -0.810276
    outer loop
      vertex 100.433 8 119.925
      vertex 100.274 0 119.81
      vertex 100.274 8 119.81
    endloop
  endfacet
  facet normal 0.351123 0 0.936329
    outer loop
      vertex 100.952 8 114.658
      vertex 101.136 0 114.589
      vertex 101.136 8 114.589
    endloop
  endfacet
  facet normal 0.351123 0 0.936329
    outer loop
      vertex 101.136 0 114.589
      vertex 100.952 8 114.658
      vertex 100.952 0 114.658
    endloop
  endfacet
  facet normal -0.224487 0 0.974477
    outer loop
      vertex 102.685 8 114.488
      vertex 102.876 0 114.532
      vertex 102.876 8 114.532
    endloop
  endfacet
  facet normal -0.224487 0 0.974477
    outer loop
      vertex 102.876 0 114.532
      vertex 102.685 8 114.488
      vertex 102.685 0 114.488
    endloop
  endfacet
  facet normal 0.999467 0 -0.0326357
    outer loop
      vertex 99.1064 0 117.626
      vertex 99.1 8 117.43
      vertex 99.1064 8 117.626
    endloop
  endfacet
  facet normal 0.999467 0 -0.0326357
    outer loop
      vertex 99.1 8 117.43
      vertex 99.1064 0 117.626
      vertex 99.1 0 117.43
    endloop
  endfacet
  facet normal 0.290149 0 -0.956982
    outer loop
      vertex 101.136 0 120.271
      vertex 101.324 8 120.328
      vertex 101.324 0 120.328
    endloop
  endfacet
  facet normal 0.290149 0 -0.956982
    outer loop
      vertex 101.324 8 120.328
      vertex 101.136 0 120.271
      vertex 101.136 8 120.271
    endloop
  endfacet
  facet normal 0.224487 0 -0.974477
    outer loop
      vertex 101.324 0 120.328
      vertex 101.515 8 120.372
      vertex 101.515 0 120.372
    endloop
  endfacet
  facet normal 0.224487 0 -0.974477
    outer loop
      vertex 101.515 8 120.372
      vertex 101.324 0 120.328
      vertex 101.324 8 120.328
    endloop
  endfacet
  facet normal 0.935994 -0 0.352015
    outer loop
      vertex 99.2592 0 116.466
      vertex 99.3284 8 116.282
      vertex 99.2592 8 116.466
    endloop
  endfacet
  facet normal 0.935994 0 0.352015
    outer loop
      vertex 99.3284 8 116.282
      vertex 99.2592 0 116.466
      vertex 99.3284 0 116.282
    endloop
  endfacet
  facet normal -0.911062 0 -0.412268
    outer loop
      vertex 104.872 0 118.578
      vertex 104.791 8 118.757
      vertex 104.872 8 118.578
    endloop
  endfacet
  facet normal -0.911062 -0 -0.412268
    outer loop
      vertex 104.791 8 118.757
      vertex 104.872 0 118.578
      vertex 104.791 0 118.757
    endloop
  endfacet
  facet normal 0.81197 -0 0.583699
    outer loop
      vertex 99.6056 0 115.763
      vertex 99.7199 8 115.604
      vertex 99.6056 8 115.763
    endloop
  endfacet
  facet normal 0.81197 0 0.583699
    outer loop
      vertex 99.7199 8 115.604
      vertex 99.6056 0 115.763
      vertex 99.7199 0 115.604
    endloop
  endfacet
  facet normal -0.936329 0 -0.351123
    outer loop
      vertex 104.941 0 118.394
      vertex 104.872 8 118.578
      vertex 104.941 8 118.394
    endloop
  endfacet
  facet normal -0.936329 -0 -0.351123
    outer loop
      vertex 104.872 8 118.578
      vertex 104.941 0 118.394
      vertex 104.872 0 118.578
    endloop
  endfacet
  facet normal 0.911062 -0 0.412268
    outer loop
      vertex 99.3284 0 116.282
      vertex 99.4094 8 116.103
      vertex 99.3284 8 116.282
    endloop
  endfacet
  facet normal 0.911062 0 0.412268
    outer loop
      vertex 99.4094 8 116.103
      vertex 99.3284 0 116.282
      vertex 99.4094 0 116.103
    endloop
  endfacet
  facet normal 0.964504 0.249714 0.0858805
    outer loop
      vertex 17.2584 121.485 125.224
      vertex 17.2246 121.706 124.961
      vertex 17.2573 121.492 125.216
    endloop
  endfacet
  facet normal 0.988597 0.150584 -0.000515078
    outer loop
      vertex 17.2584 121.485 125.224
      vertex 34.103 10.5741 30.2666
      vertex 17.2246 121.706 124.961
    endloop
  endfacet
  facet normal 0.98858 0.150696 -0.000649031
    outer loop
      vertex 34.103 10.5741 30.2666
      vertex 17.2584 121.485 125.224
      vertex 34.4115 8.56065 32.6662
    endloop
  endfacet
  facet normal 0 0.766046 0.642785
    outer loop
      vertex 88.3783 43.2498 -8.67478
      vertex 66.6388 41.8735 -7.03456
      vertex 97.5612 41.8735 -7.03456
    endloop
  endfacet
  facet normal 0 0.766046 0.642785
    outer loop
      vertex 66.6388 41.8735 -7.03456
      vertex 88.3783 43.2498 -8.67478
      vertex 75.8217 43.2498 -8.67478
    endloop
  endfacet
  facet normal -0 0.766023 0.642813
    outer loop
      vertex 129.871 15.8241 24.01
      vertex 130.097 14.6184 25.4468
      vertex 129.912 15.8241 24.01
    endloop
  endfacet
  facet normal 0.000508233 0.766062 0.642766
    outer loop
      vertex 130.097 14.6184 25.4468
      vertex 129.871 15.8241 24.01
      vertex 130.2 12.5963 27.8567
    endloop
  endfacet
  facet normal -0.99283 0.0672117 0.0988476
    outer loop
      vertex 147.115 124.439 121.704
      vertex 146.987 126.95 118.711
      vertex 130.2 12.5963 27.8567
    endloop
  endfacet
  facet normal -0.992768 0.0660241 0.100266
    outer loop
      vertex 130.097 14.6184 25.4468
      vertex 146.987 126.95 118.711
      vertex 146.975 127.172 118.446
    endloop
  endfacet
  facet normal -0.992831 0.0672202 0.0988371
    outer loop
      vertex 146.987 126.95 118.711
      vertex 130.097 14.6184 25.4468
      vertex 130.2 12.5963 27.8567
    endloop
  endfacet
  facet normal -0.98856 0.150827 -0.000801978
    outer loop
      vertex 146.558 118.984 128.204
      vertex 146.942 121.485 125.224
      vertex 129.788 8.56065 32.6662
    endloop
  endfacet
  facet normal -1.02211e-05 0.76604 0.642793
    outer loop
      vertex 55.3771 -13.1112 58.4937
      vertex 60.8259 -15.1333 60.9036
      vertex 34.4115 8.56065 32.6662
    endloop
  endfacet
  facet normal -8.26177e-07 0.766045 0.642786
    outer loop
      vertex 103.374 -15.1333 60.9036
      vertex 129.788 8.56065 32.6662
      vertex 85.2459 -18.2556 64.6246
    endloop
  endfacet
  facet normal 1.54e-05 0.766006 0.642833
    outer loop
      vertex 94.5492 -17.2683 63.4479
      vertex 103.374 -15.1333 60.9036
      vertex 85.2459 -18.2556 64.6246
    endloop
  endfacet
  facet normal 0.000142357 0.765995 0.642847
    outer loop
      vertex 125.24 -1.07845 44.1536
      vertex 126.539 0.764428 41.9574
      vertex 122.094 -4.5809 48.3277
    endloop
  endfacet
  facet normal -0.409685 -0.49358 0.767162
    outer loop
      vertex 101.616 54.5168 3
      vertex 101.233 54.8347 3
      vertex 100.507 41.1609 -6.18522
    endloop
  endfacet
  facet normal -0.409939 -0.493502 0.767077
    outer loop
      vertex 102.894 86.112 24.01
      vertex 110.541 162.011 76.9266
      vertex 106.98 163.048 75.6907
    endloop
  endfacet
  facet normal -0.410004 -0.49348 0.767055
    outer loop
      vertex 110.541 162.011 76.9266
      vertex 102.894 86.112 24.01
      vertex 104.152 85.0668 24.01
    endloop
  endfacet
  facet normal 1.27989e-06 0.766049 0.642782
    outer loop
      vertex 116.112 34.4587 1.80215
      vertex 106.15 39.3721 -4.05348
      vertex 97.5612 41.8735 -7.03456
    endloop
  endfacet
  facet normal -0.032504 0.726292 -0.686618
    outer loop
      vertex 86.3522 82.7376 171.401
      vertex 85.2459 -18.2556 64.6246
      vertex 82.4453 82.6554 171.499
    endloop
  endfacet
  facet normal -0.904819 0.351633 -0.240116
    outer loop
      vertex 125.24 -1.07845 44.1536
      vertex 142.166 108.446 140.763
      vertex 126.539 0.764428 41.9574
    endloop
  endfacet
  facet normal -0.904235 0.352439 -0.241132
    outer loop
      vertex 142.166 108.446 140.763
      vertex 125.24 -1.07845 44.1536
      vertex 142.023 108.244 141.004
    endloop
  endfacet
  facet normal -0.725121 0.524529 -0.446172
    outer loop
      vertex 116.112 -9.26612 53.9113
      vertex 128.308 95.0504 156.727
      vertex 118.263 -7.78944 52.1515
    endloop
  endfacet
  facet normal -0.726019 0.52391 -0.445437
    outer loop
      vertex 128.308 95.0504 156.727
      vertex 116.112 -9.26612 53.9113
      vertex 128.072 94.8883 156.921
    endloop
  endfacet
  facet normal -0.988525 0.0251692 0.148944
    outer loop
      vertex 129.964 17.8151 24.01
      vertex 146.592 129.673 115.466
      vertex 146.558 129.894 115.203
    endloop
  endfacet
  facet normal -0.988509 0.0258174 0.148944
    outer loop
      vertex 130.097 14.6184 25.4468
      vertex 129.964 17.8151 24.01
      vertex 129.912 15.8241 24.01
    endloop
  endfacet
  facet normal -0.98859 0.0255888 0.148443
    outer loop
      vertex 129.964 17.8151 24.01
      vertex 130.097 14.6184 25.4468
      vertex 146.592 129.673 115.466
    endloop
  endfacet
  facet normal 0.0973691 -0.547335 0.83123
    outer loop
      vertex 76.065 61.0235 3
      vertex 78.9541 43.4482 -8.91112
      vertex 78.7913 61.5085 3
    endloop
  endfacet
  facet normal 0.0973834 -0.547332 0.83123
    outer loop
      vertex 78.9541 43.4482 -8.91112
      vertex 76.065 61.0235 3
      vertex 75.8217 43.2498 -8.67478
    endloop
  endfacet
  facet normal 0.0978814 -0.547302 0.831192
    outer loop
      vertex 77.504 166.118 72.0322
      vertex 78.504 93.3651 24.01
      vertex 77.8478 166.14 72.0062
    endloop
  endfacet
  facet normal 0.0973767 -0.547334 0.83123
    outer loop
      vertex 78.504 93.3651 24.01
      vertex 77.504 166.118 72.0322
      vertex 76.503 93.0091 24.01
    endloop
  endfacet
  facet normal -0.0325037 -0.550068 0.834487
    outer loop
      vertex 82.1 43.5144 -8.99001
      vertex 84.8331 61.5425 3
      vertex 82.1 61.704 3
    endloop
  endfacet
  facet normal -0.0325017 -0.550068 0.834487
    outer loop
      vertex 84.8331 61.5425 3
      vertex 82.1 43.5144 -8.99001
      vertex 85.2459 43.4482 -8.91112
    endloop
  endfacet
  facet normal -0.0321768 -0.550074 0.834496
    outer loop
      vertex 82.1 93.5776 24.01
      vertex 82.4453 166.222 71.9083
      vertex 82.1 166.229 71.8996
    endloop
  endfacet
  facet normal -0.0325086 -0.550067 0.834487
    outer loop
      vertex 82.4453 166.222 71.9083
      vertex 82.1 93.5776 24.01
      vertex 84.1051 93.4591 24.01
    endloop
  endfacet
  facet normal -4.98409e-05 0.766089 0.642735
    outer loop
      vertex 58.05 39.3721 -4.05348
      vertex 52.8186 37.1252 -1.37576
      vertex 50.3855 35.8417 0.153881
    endloop
  endfacet
  facet normal -0.57863 0.607125 -0.544598
    outer loop
      vertex 118.501 89.8205 162.96
      vertex 121.678 91.284 161.216
      vertex 111.381 -11.9327 57.0892
    endloop
  endfacet
  facet normal -0.410805 0.669473 -0.618906
    outer loop
      vertex 107.295 85.9209 167.607
      vertex 100.507 -15.9683 61.8987
      vertex 106.98 85.8293 167.717
    endloop
  endfacet
  facet normal -0.409968 0.669718 -0.619196
    outer loop
      vertex 100.507 -15.9683 61.8987
      vertex 107.295 85.9209 167.607
      vertex 103.374 -15.1333 60.9036
    endloop
  endfacet
  facet normal 0.950589 0.273465 -0.14696
    outer loop
      vertex 20.0972 111.935 136.605
      vertex 35.639 4.59408 37.3934
      vertex 19.3007 113.623 134.594
    endloop
  endfacet
  facet normal 0.950611 0.273417 -0.146905
    outer loop
      vertex 35.639 4.59408 37.3934
      vertex 20.0972 111.935 136.605
      vertex 20.4354 111.218 137.459
    endloop
  endfacet
  facet normal 0.98858 0.150696 -0.00064868
    outer loop
      vertex 17.6416 118.984 128.204
      vertex 34.4115 8.56065 32.6662
      vertex 17.2584 121.485 125.224
    endloop
  endfacet
  facet normal 0.950576 -0.0972675 0.294865
    outer loop
      vertex 19.3007 135.255 108.813
      vertex 34.6518 28.1995 24.01
      vertex 20.4354 137.659 105.948
    endloop
  endfacet
  facet normal 0.950566 -0.0972886 0.294889
    outer loop
      vertex 34.6518 28.1995 24.01
      vertex 19.3007 135.255 108.813
      vertex 34.6117 27.8077 24.01
    endloop
  endfacet
  facet normal -0.967392 0.233164 -0.0989337
    outer loop
      vertex 144.899 113.623 134.594
      vertex 145.787 116.07 131.678
      vertex 128.561 4.59408 37.3934
    endloop
  endfacet
  facet normal 0.225579 0.709953 -0.667144
    outer loop
      vertex 69.4163 83.4511 170.551
      vertex 72.7162 -17.7277 63.9955
      vertex 65.6094 84.0217 169.871
    endloop
  endfacet
  facet normal -4.60825e-05 0.766065 0.642763
    outer loop
      vertex 123.756 -2.86277 46.2801
      vertex 125.24 -1.07845 44.1536
      vertex 122.094 -4.5809 48.3277
    endloop
  endfacet
  facet normal 0 0.766018 0.642819
    outer loop
      vertex 116.112 34.4587 1.80215
      vertex 112.498 33.4535 3
      vertex 117.232 33.4535 3
    endloop
  endfacet
  facet normal -1.19199e-05 0.766036 0.642798
    outer loop
      vertex 112.498 33.4535 3
      vertex 116.112 34.4587 1.80215
      vertex 97.5612 41.8735 -7.03456
    endloop
  endfacet
  facet normal 0 0.766041 0.642792
    outer loop
      vertex 130.2 12.5963 27.8567
      vertex 129.371 15.8241 24.01
      vertex 129.029 15.8241 24.01
    endloop
  endfacet
  facet normal 0.0975576 0.723551 -0.683342
    outer loop
      vertex 78.9541 -18.2556 64.6246
      vertex 73.6139 83.0057 171.082
      vertex 73.9577 82.9839 171.108
    endloop
  endfacet
  facet normal 0.0973783 0.72356 -0.683359
    outer loop
      vertex 73.6139 83.0057 171.082
      vertex 78.9541 -18.2556 64.6246
      vertex 75.8217 -18.0573 64.3882
    endloop
  endfacet
  facet normal -0.000398167 0.766028 0.642808
    outer loop
      vertex 34.103 10.5741 30.2666
      vertex 34.4115 8.56065 32.6662
      vertex 34 12.5963 27.8567
    endloop
  endfacet
  facet normal 0.992824 0.109145 0.0488713
    outer loop
      vertex 34.103 10.5741 30.2666
      vertex 17.2133 121.927 124.697
      vertex 17.2246 121.706 124.961
    endloop
  endfacet
  facet normal 0.992831 0.109006 0.0490356
    outer loop
      vertex 17.2133 121.927 124.697
      vertex 34.103 10.5741 30.2666
      vertex 34 12.5963 27.8567
    endloop
  endfacet
  facet normal 0 0.766041 0.642792
    outer loop
      vertex 35.1709 15.8241 24.01
      vertex 34.8291 15.8241 24.01
      vertex 34 12.5963 27.8567
    endloop
  endfacet
  facet normal 0 0.766041 0.642792
    outer loop
      vertex 34.8291 15.8241 24.01
      vertex 34.3291 15.8241 24.01
      vertex 34 12.5963 27.8567
    endloop
  endfacet
  facet normal 0.992832 0.108993 0.0490504
    outer loop
      vertex 17.2133 121.927 124.697
      vertex 34 12.5963 27.8567
      vertex 17.0854 124.439 121.704
    endloop
  endfacet
  facet normal 0.000307886 0.765709 0.643187
    outer loop
      vertex 106.15 -14.1796 59.7669
      vertex 108.823 -13.1112 58.4937
      vertex 103.374 -15.1333 60.9036
    endloop
  endfacet
  facet normal -3.15658e-06 0.766045 0.642786
    outer loop
      vertex 122.094 -4.5809 48.3277
      vertex 129.788 8.56065 32.6662
      vertex 113.815 -10.6492 55.5596
    endloop
  endfacet
  facet normal -0.28834 0.699143 -0.654262
    outer loop
      vertex 99.2576 84.1366 169.734
      vertex 102.998 84.866 168.865
      vertex 97.5612 -16.681 62.748
    endloop
  endfacet
  facet normal -0.350578 0.685546 -0.638061
    outer loop
      vertex 103.322 84.9442 168.771
      vertex 97.5612 -16.681 62.748
      vertex 102.998 84.866 168.865
    endloop
  endfacet
  facet normal -0.349912 0.685708 -0.638252
    outer loop
      vertex 97.5612 -16.681 62.748
      vertex 103.322 84.9442 168.771
      vertex 100.507 -15.9683 61.8987
    endloop
  endfacet
  facet normal 2.47262e-05 0.766075 0.642751
    outer loop
      vertex 63.6929 -15.9683 61.8987
      vertex 69.6508 -17.2683 63.4479
      vertex 60.8259 -15.1333 60.9036
    endloop
  endfacet
  facet normal 0.161432 0.718148 -0.676907
    outer loop
      vertex 75.8217 -18.0573 64.3882
      vertex 73.273 83.0418 171.039
      vertex 73.6139 83.0057 171.082
    endloop
  endfacet
  facet normal 0.161807 0.718108 -0.67686
    outer loop
      vertex 73.273 83.0418 171.039
      vertex 75.8217 -18.0573 64.3882
      vertex 72.7162 -17.7277 63.9955
    endloop
  endfacet
  facet normal 0.46865 0.651107 -0.597015
    outer loop
      vertex 60.8259 -15.1333 60.9036
      vertex 53.0401 87.0626 166.247
      vertex 53.3448 86.9579 166.372
    endloop
  endfacet
  facet normal 0.468275 0.651236 -0.597168
    outer loop
      vertex 53.0401 87.0626 166.247
      vertex 60.8259 -15.1333 60.9036
      vertex 58.05 -14.1796 59.7669
    endloop
  endfacet
  facet normal -6.95208e-05 0.765691 0.643208
    outer loop
      vertex 75.8217 -18.0573 64.3882
      vertex 78.9541 -18.2556 64.6246
      vertex 72.7162 -17.7277 63.9955
    endloop
  endfacet
  facet normal -0.950507 0.27364 -0.147167
    outer loop
      vertex 144.103 111.935 136.605
      vertex 127.647 2.65797 39.7007
      vertex 143.664 111.006 137.713
    endloop
  endfacet
  facet normal -0.950602 0.27344 -0.146925
    outer loop
      vertex 127.647 2.65797 39.7007
      vertex 144.103 111.935 136.605
      vertex 144.799 113.41 134.847
    endloop
  endfacet
  facet normal -0.578242 0.607303 -0.544812
    outer loop
      vertex 118.501 89.8205 162.96
      vertex 108.823 -13.1112 58.4937
      vertex 118.22 89.6911 163.114
    endloop
  endfacet
  facet normal -0.578694 0.607094 -0.544564
    outer loop
      vertex 108.823 -13.1112 58.4937
      vertex 118.501 89.8205 162.96
      vertex 111.381 -11.9327 57.0892
    endloop
  endfacet
  facet normal -5.12897e-05 0.766053 0.642778
    outer loop
      vertex 129.276 6.56445 35.0452
      vertex 129.788 8.56065 32.6662
      vertex 128.561 4.59408 37.3934
    endloop
  endfacet
  facet normal -0.288749 0.699063 -0.654167
    outer loop
      vertex 99.2576 84.1366 169.734
      vertex 94.5492 -17.2683 63.4479
      vertex 98.927 84.0721 169.811
    endloop
  endfacet
  facet normal -0.288354 0.699141 -0.654259
    outer loop
      vertex 94.5492 -17.2683 63.4479
      vertex 99.2576 84.1366 169.734
      vertex 97.5612 -16.681 62.748
    endloop
  endfacet
  facet normal -0.097283 0.723564 -0.683367
    outer loop
      vertex 86.3522 82.7376 171.401
      vertex 90.2423 82.9839 171.108
      vertex 85.2459 -18.2556 64.6246
    endloop
  endfacet
  facet normal -0.980126 0.192004 -0.0498756
    outer loop
      vertex 145.922 116.505 131.159
      vertex 146.558 118.984 128.204
      vertex 129.788 8.56065 32.6662
    endloop
  endfacet
  facet normal 4.99424e-05 0.766089 0.642735
    outer loop
      vertex 113.815 35.8417 0.153881
      vertex 111.381 37.1252 -1.37576
      vertex 106.15 39.3721 -4.05348
    endloop
  endfacet
  facet normal -0.950562 -0.0973018 0.294896
    outer loop
      vertex 129.076 32.8196 24.01
      vertex 144.799 135.467 108.56
      vertex 143.664 137.872 105.695
    endloop
  endfacet
  facet normal -0.951235 -0.0958104 0.293211
    outer loop
      vertex 144.799 135.467 108.56
      vertex 129.076 32.8196 24.01
      vertex 129.129 32.2934 24.01
    endloop
  endfacet
  facet normal 0.000114056 0.765886 0.642977
    outer loop
      vertex 66.6388 41.8735 -7.03456
      vertex 63.6929 41.1609 -6.18522
      vertex 58.05 39.3721 -4.05348
    endloop
  endfacet
  facet normal 0.980091 0.192138 -0.0500378
    outer loop
      vertex 18.3346 116.286 131.42
      vertex 34.9242 6.56445 35.0452
      vertex 17.6978 118.765 128.466
    endloop
  endfacet
  facet normal 0.967414 0.233104 -0.0988588
    outer loop
      vertex 19.3007 113.623 134.594
      vertex 35.639 4.59408 37.3934
      vertex 18.4131 116.07 131.678
    endloop
  endfacet
  facet normal 0.980141 0.191947 -0.0497994
    outer loop
      vertex 34.9242 6.56445 35.0452
      vertex 17.6416 118.984 128.204
      vertex 17.6978 118.765 128.466
    endloop
  endfacet
  facet normal 0.980096 0.192119 -0.0500153
    outer loop
      vertex 17.6416 118.984 128.204
      vertex 34.9242 6.56445 35.0452
      vertex 34.4115 8.56065 32.6662
    endloop
  endfacet
  facet normal 0 0.766041 0.642792
    outer loop
      vertex 129.029 15.8241 24.01
      vertex 85.0947 12.5963 27.8567
      vertex 130.2 12.5963 27.8567
    endloop
  endfacet
  facet normal 1.93768e-05 0.765932 0.642922
    outer loop
      vertex 85.0947 12.5963 27.8567
      vertex 129.029 15.8241 24.01
      vertex 85.1 12.7578 27.6643
    endloop
  endfacet
  facet normal -1.74018e-05 0.76615 0.642662
    outer loop
      vertex 85.1 12.7578 27.6643
      vertex 129.029 15.8241 24.01
      vertex 85.0936 12.954 27.4304
    endloop
  endfacet
  facet normal 1.81894e-06 0.766028 0.642807
    outer loop
      vertex 85.0936 13.8038 26.4177
      vertex 85.0936 12.954 27.4304
      vertex 129.029 15.8241 24.01
    endloop
  endfacet
  facet normal -0.00208231 0.766026 0.642806
    outer loop
      vertex 85.0936 12.954 27.4304
      vertex 85.0936 13.8038 26.4177
      vertex 85.0743 13.1493 27.1976
    endloop
  endfacet
  facet normal 0.000570157 0.766025 0.642811
    outer loop
      vertex 85.0743 13.1493 27.1976
      vertex 85.0743 13.6084 26.6505
      vertex 85.0424 13.343 26.9668
    endloop
  endfacet
  facet normal 0.000736148 0.766234 0.642561
    outer loop
      vertex 85.0424 13.343 26.9668
      vertex 85.0424 13.4147 26.8813
      vertex 85.034 13.3789 26.924
    endloop
  endfacet
  facet normal -0.00364931 0.766229 0.642557
    outer loop
      vertex 85.0424 13.343 26.9668
      vertex 85.0743 13.6084 26.6505
      vertex 85.0424 13.4147 26.8813
    endloop
  endfacet
  facet normal -0.00180351 0.766023 0.64281
    outer loop
      vertex 85.0743 13.1493 27.1976
      vertex 85.0936 13.8038 26.4177
      vertex 85.0743 13.6084 26.6505
    endloop
  endfacet
  facet normal -1.17546e-05 0.76615 0.642662
    outer loop
      vertex 85.0936 13.8038 26.4177
      vertex 129.029 15.8241 24.01
      vertex 85.1 14 26.1838
    endloop
  endfacet
  facet normal 1.86057e-06 0.766015 0.642823
    outer loop
      vertex 85.1 14 26.1838
      vertex 129.029 15.8241 24.01
      vertex 85.0936 14.1962 25.95
    endloop
  endfacet
  facet normal 7.527e-06 0.765951 0.642898
    outer loop
      vertex 85.0936 14.1962 25.95
      vertex 129.029 15.8241 24.01
      vertex 85.0743 14.3916 25.7172
    endloop
  endfacet
  facet normal -5.9774e-06 0.766123 0.642694
    outer loop
      vertex 85.0743 14.3916 25.7172
      vertex 129.029 15.8241 24.01
      vertex 85.0424 14.5853 25.4863
    endloop
  endfacet
  facet normal 5.30991e-06 0.765957 0.642892
    outer loop
      vertex 85.0424 14.5853 25.4863
      vertex 129.029 15.8241 24.01
      vertex 84.9978 14.7765 25.2585
    endloop
  endfacet
  facet normal -6.89338e-06 0.766169 0.642639
    outer loop
      vertex 84.9978 14.7765 25.2585
      vertex 129.029 15.8241 24.01
      vertex 84.9408 14.9643 25.0346
    endloop
  endfacet
  facet normal -6.07961e-06 0.766152 0.64266
    outer loop
      vertex 84.9408 14.9643 25.0346
      vertex 129.029 15.8241 24.01
      vertex 84.8716 15.148 24.8156
    endloop
  endfacet
  facet normal 3.63174e-06 0.76589 0.642972
    outer loop
      vertex 84.8716 15.148 24.8156
      vertex 129.029 15.8241 24.01
      vertex 84.7906 15.3269 24.6025
    endloop
  endfacet
  facet normal -8.85272e-07 0.766056 0.642774
    outer loop
      vertex 84.7906 15.3269 24.6025
      vertex 129.029 15.8241 24.01
      vertex 84.6981 15.5 24.3962
    endloop
  endfacet
  facet normal -1.65625e-06 0.766099 0.642722
    outer loop
      vertex 84.6981 15.5 24.3962
      vertex 129.029 15.8241 24.01
      vertex 84.5944 15.6667 24.1975
    endloop
  endfacet
  facet normal 0 0.765906 0.642953
    outer loop
      vertex 84.5944 15.6667 24.1975
      vertex 129.029 15.8241 24.01
      vertex 84.4817 15.8241 24.01
    endloop
  endfacet
  facet normal -1.93768e-05 0.765932 0.642922
    outer loop
      vertex 35.1709 15.8241 24.01
      vertex 79.1053 12.5963 27.8567
      vertex 79.1 12.7578 27.6643
    endloop
  endfacet
  facet normal 1.74017e-05 0.76615 0.642662
    outer loop
      vertex 35.1709 15.8241 24.01
      vertex 79.1 12.7578 27.6643
      vertex 79.1064 12.954 27.4304
    endloop
  endfacet
  facet normal 0.00208231 0.766026 0.642806
    outer loop
      vertex 79.1064 13.8038 26.4177
      vertex 79.1064 12.954 27.4304
      vertex 79.1257 13.1493 27.1976
    endloop
  endfacet
  facet normal -0.000570157 0.766025 0.642811
    outer loop
      vertex 79.1257 13.6084 26.6505
      vertex 79.1257 13.1493 27.1976
      vertex 79.1576 13.343 26.9668
    endloop
  endfacet
  facet normal -0.000736148 0.766234 0.642561
    outer loop
      vertex 79.1576 13.4147 26.8813
      vertex 79.1576 13.343 26.9668
      vertex 79.166 13.3789 26.924
    endloop
  endfacet
  facet normal 0.00364931 0.766229 0.642557
    outer loop
      vertex 79.1257 13.6084 26.6505
      vertex 79.1576 13.343 26.9668
      vertex 79.1576 13.4147 26.8813
    endloop
  endfacet
  facet normal 0.00180351 0.766023 0.64281
    outer loop
      vertex 79.1064 13.8038 26.4177
      vertex 79.1257 13.1493 27.1976
      vertex 79.1257 13.6084 26.6505
    endloop
  endfacet
  facet normal -1.81894e-06 0.766028 0.642807
    outer loop
      vertex 79.1064 12.954 27.4304
      vertex 79.1064 13.8038 26.4177
      vertex 35.1709 15.8241 24.01
    endloop
  endfacet
  facet normal 1.17546e-05 0.76615 0.642662
    outer loop
      vertex 35.1709 15.8241 24.01
      vertex 79.1064 13.8038 26.4177
      vertex 79.1 14 26.1838
    endloop
  endfacet
  facet normal -1.86056e-06 0.766015 0.642823
    outer loop
      vertex 35.1709 15.8241 24.01
      vertex 79.1 14 26.1838
      vertex 79.1064 14.1962 25.95
    endloop
  endfacet
  facet normal -7.52698e-06 0.765951 0.642898
    outer loop
      vertex 35.1709 15.8241 24.01
      vertex 79.1064 14.1962 25.95
      vertex 79.1257 14.3916 25.7172
    endloop
  endfacet
  facet normal 5.97739e-06 0.766123 0.642694
    outer loop
      vertex 35.1709 15.8241 24.01
      vertex 79.1257 14.3916 25.7172
      vertex 79.1576 14.5853 25.4863
    endloop
  endfacet
  facet normal -5.3099e-06 0.765957 0.642892
    outer loop
      vertex 35.1709 15.8241 24.01
      vertex 79.1576 14.5853 25.4863
      vertex 79.2022 14.7765 25.2585
    endloop
  endfacet
  facet normal 6.89336e-06 0.766169 0.642639
    outer loop
      vertex 35.1709 15.8241 24.01
      vertex 79.2022 14.7765 25.2585
      vertex 79.2592 14.9643 25.0346
    endloop
  endfacet
  facet normal 6.07959e-06 0.766152 0.64266
    outer loop
      vertex 35.1709 15.8241 24.01
      vertex 79.2592 14.9643 25.0346
      vertex 79.3284 15.148 24.8156
    endloop
  endfacet
  facet normal -3.63173e-06 0.76589 0.642972
    outer loop
      vertex 35.1709 15.8241 24.01
      vertex 79.3284 15.148 24.8156
      vertex 79.4094 15.3269 24.6025
    endloop
  endfacet
  facet normal 8.8527e-07 0.766056 0.642774
    outer loop
      vertex 35.1709 15.8241 24.01
      vertex 79.4094 15.3269 24.6025
      vertex 79.5019 15.5 24.3962
    endloop
  endfacet
  facet normal 1.65624e-06 0.766099 0.642722
    outer loop
      vertex 35.1709 15.8241 24.01
      vertex 79.5019 15.5 24.3962
      vertex 79.6056 15.6667 24.1975
    endloop
  endfacet
  facet normal -0 0.765906 0.642953
    outer loop
      vertex 35.1709 15.8241 24.01
      vertex 79.6056 15.6667 24.1975
      vertex 79.7183 15.8241 24.01
    endloop
  endfacet
  facet normal 0 0.766041 0.642792
    outer loop
      vertex 79.1053 12.5963 27.8567
      vertex 35.1709 15.8241 24.01
      vertex 34 12.5963 27.8567
    endloop
  endfacet
  facet normal -0.525326 -0.453816 0.719781
    outer loop
      vertex 107.136 49.418 3
      vertex 106.872 49.7236 3
      vertex 106.15 39.3721 -4.05348
    endloop
  endfacet
  facet normal -0.524428 -0.454175 0.720208
    outer loop
      vertex 109.022 80.5571 24.01
      vertex 117.927 159.304 80.1534
      vertex 114.607 160.63 78.5721
    endloop
  endfacet
  facet normal -0.524348 -0.45421 0.720245
    outer loop
      vertex 117.927 159.304 80.1534
      vertex 109.022 80.5571 24.01
      vertex 110.075 79.3415 24.01
    endloop
  endfacet
  facet normal 0.52456 -0.454122 0.720146
    outer loop
      vertex 54.7232 46.7147 3
      vertex 58.05 39.3721 -4.05348
      vertex 57.0635 49.418 3
    endloop
  endfacet
  facet normal 0.524565 -0.454117 0.720145
    outer loop
      vertex 58.05 39.3721 -4.05348
      vertex 54.7232 46.7147 3
      vertex 55.3771 38.3037 -2.78022
    endloop
  endfacet
  facet normal 0.525258 -0.453826 0.719824
    outer loop
      vertex 45.9798 159.186 80.2931
      vertex 54.1252 79.3415 24.01
      vertex 46.2732 159.304 80.1534
    endloop
  endfacet
  facet normal 0.524565 -0.454121 0.720143
    outer loop
      vertex 54.1252 79.3415 24.01
      vertex 45.9798 159.186 80.2931
      vertex 52.3466 77.287 24.01
    endloop
  endfacet
  facet normal -0.409902 0.669738 -0.619218
    outer loop
      vertex 107.295 85.9209 167.607
      vertex 110.855 86.9579 166.372
      vertex 103.374 -15.1333 60.9036
    endloop
  endfacet
  facet normal -0.807431 0.460055 -0.36933
    outer loop
      vertex 133.881 99.1787 151.807
      vertex 136.158 101.221 149.373
      vertex 122.094 -4.5809 48.3277
    endloop
  endfacet
  facet normal -0.349831 0.685729 -0.638274
    outer loop
      vertex 103.322 84.9442 168.771
      vertex 106.98 85.8293 167.717
      vertex 100.507 -15.9683 61.8987
    endloop
  endfacet
  facet normal -2.42532e-05 0.766057 0.642772
    outer loop
      vertex 118.263 -7.78944 52.1515
      vertex 122.094 -4.5809 48.3277
      vertex 113.815 -10.6492 55.5596
    endloop
  endfacet
  facet normal 6.95208e-05 0.765691 0.643208
    outer loop
      vertex 88.3783 -18.0573 64.3882
      vertex 91.4838 -17.7277 63.9955
      vertex 85.2459 -18.2556 64.6246
    endloop
  endfacet
  facet normal 0.161855 0.718102 -0.676855
    outer loop
      vertex 73.273 83.0418 171.039
      vertex 72.7162 -17.7277 63.9955
      vertex 69.4163 83.4511 170.551
    endloop
  endfacet
  facet normal 0.630414 0.581578 -0.514144
    outer loop
      vertex 52.8186 -11.9327 57.0892
      vertex 39.2329 93.0189 159.148
      vertex 39.4999 92.878 159.316
    endloop
  endfacet
  facet normal 0.630177 0.581699 -0.5143
    outer loop
      vertex 39.2329 93.0189 159.148
      vertex 52.8186 -11.9327 57.0892
      vertex 50.3855 -10.6492 55.5596
    endloop
  endfacet
  facet normal 0.032504 0.726292 -0.686618
    outer loop
      vertex 81.7547 82.6554 171.499
      vertex 78.9541 -18.2556 64.6246
      vertex 77.8478 82.7376 171.401
    endloop
  endfacet
  facet normal 0.9297 0.313023 -0.194102
    outer loop
      vertex 21.9126 108.654 140.515
      vertex 36.5527 2.65797 39.7007
      vertex 20.5357 111.006 137.713
    endloop
  endfacet
  facet normal 0.097283 0.723564 -0.683367
    outer loop
      vertex 77.8478 82.7376 171.401
      vertex 78.9541 -18.2556 64.6246
      vertex 73.9577 82.9839 171.108
    endloop
  endfacet
  facet normal 0.409855 0.669752 -0.619234
    outer loop
      vertex 56.9053 85.9209 167.607
      vertex 60.8259 -15.1333 60.9036
      vertex 53.3448 86.9579 166.372
    endloop
  endfacet
  facet normal 0.288749 0.699071 -0.654159
    outer loop
      vertex 69.6508 -17.2683 63.4479
      vertex 61.2017 84.866 168.865
      vertex 61.5323 84.8015 168.942
    endloop
  endfacet
  facet normal 0.288354 0.699141 -0.654258
    outer loop
      vertex 61.2017 84.866 168.865
      vertex 69.6508 -17.2683 63.4479
      vertex 66.6388 -16.681 62.748
    endloop
  endfacet
  facet normal -0.0330398 0.72628 -0.686605
    outer loop
      vertex 82.4453 82.6554 171.499
      vertex 82.1 -18.3218 64.7035
      vertex 82.1 82.6482 171.508
    endloop
  endfacet
  facet normal -0.0325041 0.726292 -0.686618
    outer loop
      vertex 82.1 -18.3218 64.7035
      vertex 82.4453 82.6554 171.499
      vertex 85.2459 -18.2556 64.6246
    endloop
  endfacet
  facet normal 0 0.766053 0.642777
    outer loop
      vertex 129.788 8.56065 32.6662
      vertex 82.1 9.75776 31.2395
      vertex 34.4115 8.56065 32.6662
    endloop
  endfacet
  facet normal -7.30834e-05 0.764849 0.644209
    outer loop
      vertex 129.788 8.56065 32.6662
      vertex 82.2962 9.76418 31.2319
      vertex 82.1 9.75776 31.2395
    endloop
  endfacet
  facet normal 3.96115e-05 0.766687 0.642021
    outer loop
      vertex 129.788 8.56065 32.6662
      vertex 82.4916 9.78343 31.2089
      vertex 82.2962 9.76418 31.2319
    endloop
  endfacet
  facet normal -7.21472e-07 0.766043 0.642789
    outer loop
      vertex 129.788 8.56065 32.6662
      vertex 82.6853 9.8154 31.1708
      vertex 82.4916 9.78343 31.2089
    endloop
  endfacet
  facet normal -1.0362e-05 0.765894 0.642967
    outer loop
      vertex 129.788 8.56065 32.6662
      vertex 82.8765 9.85998 31.1177
      vertex 82.6853 9.8154 31.1708
    endloop
  endfacet
  facet normal -5.4004e-06 0.765968 0.642879
    outer loop
      vertex 129.788 8.56065 32.6662
      vertex 83.0643 9.91697 31.0498
      vertex 82.8765 9.85998 31.1177
    endloop
  endfacet
  facet normal -2.45524e-06 0.76601 0.642829
    outer loop
      vertex 129.788 8.56065 32.6662
      vertex 83.248 9.98612 30.9674
      vertex 83.0643 9.91697 31.0498
    endloop
  endfacet
  facet normal 2.1008e-05 0.766326 0.642452
    outer loop
      vertex 129.788 8.56065 32.6662
      vertex 83.4269 10.0671 30.8708
      vertex 83.248 9.98612 30.9674
    endloop
  endfacet
  facet normal -1.30752e-05 0.765893 0.642968
    outer loop
      vertex 129.788 8.56065 32.6662
      vertex 83.6 10.1597 30.7605
      vertex 83.4269 10.0671 30.8708
    endloop
  endfacet
  facet normal -1.7603e-05 0.765839 0.643033
    outer loop
      vertex 129.788 8.56065 32.6662
      vertex 83.7667 10.2634 30.637
      vertex 83.6 10.1597 30.7605
    endloop
  endfacet
  facet normal 1.71056e-05 0.766226 0.642571
    outer loop
      vertex 129.788 8.56065 32.6662
      vertex 83.9263 10.3777 30.5007
      vertex 83.7667 10.2634 30.637
    endloop
  endfacet
  facet normal 4.88263e-06 0.766099 0.642723
    outer loop
      vertex 129.788 8.56065 32.6662
      vertex 84.078 10.5022 30.3523
      vertex 83.9263 10.3777 30.5007
    endloop
  endfacet
  facet normal -7.17148e-06 0.765982 0.642862
    outer loop
      vertex 129.788 8.56065 32.6662
      vertex 84.2213 10.6364 30.1924
      vertex 84.078 10.5022 30.3523
    endloop
  endfacet
  facet normal 4.01792e-06 0.766083 0.642742
    outer loop
      vertex 129.788 8.56065 32.6662
      vertex 84.3555 10.7797 30.0216
      vertex 84.2213 10.6364 30.1924
    endloop
  endfacet
  facet normal -2.1628e-06 0.766031 0.642804
    outer loop
      vertex 129.788 8.56065 32.6662
      vertex 84.4801 10.9315 29.8407
      vertex 84.3555 10.7797 30.0216
    endloop
  endfacet
  facet normal 2.6863e-06 0.766069 0.642758
    outer loop
      vertex 129.788 8.56065 32.6662
      vertex 84.5944 11.091 29.6506
      vertex 84.4801 10.9315 29.8407
    endloop
  endfacet
  facet normal -1.82592e-05 0.765915 0.642942
    outer loop
      vertex 129.788 8.56065 32.6662
      vertex 84.6981 11.2578 29.4519
      vertex 84.5944 11.091 29.6506
    endloop
  endfacet
  facet normal 2.13193e-06 0.766055 0.642775
    outer loop
      vertex 129.788 8.56065 32.6662
      vertex 84.7906 11.4309 29.2456
      vertex 84.6981 11.2578 29.4519
    endloop
  endfacet
  facet normal 3.64902e-06 0.766065 0.642763
    outer loop
      vertex 129.788 8.56065 32.6662
      vertex 84.8716 11.6097 29.0325
      vertex 84.7906 11.4309 29.2456
    endloop
  endfacet
  facet normal 1.75632e-05 0.76615 0.642662
    outer loop
      vertex 129.788 8.56065 32.6662
      vertex 84.9408 11.7934 28.8135
      vertex 84.8716 11.6097 29.0325
    endloop
  endfacet
  facet normal -8.1823e-06 0.766002 0.642838
    outer loop
      vertex 129.788 8.56065 32.6662
      vertex 84.9978 11.9813 28.5896
      vertex 84.9408 11.7934 28.8135
    endloop
  endfacet
  facet normal -1.63628e-05 0.765958 0.642891
    outer loop
      vertex 129.788 8.56065 32.6662
      vertex 85.0424 12.1725 28.3618
      vertex 84.9978 11.9813 28.5896
    endloop
  endfacet
  facet normal 1.5652e-05 0.766122 0.642695
    outer loop
      vertex 129.788 8.56065 32.6662
      vertex 85.0743 12.3662 28.1309
      vertex 85.0424 12.1725 28.3618
    endloop
  endfacet
  facet normal -1.93792e-05 0.765952 0.642898
    outer loop
      vertex 129.788 8.56065 32.6662
      vertex 85.0936 12.5616 27.8981
      vertex 85.0743 12.3662 28.1309
    endloop
  endfacet
  facet normal 6.57763e-07 0.766044 0.642788
    outer loop
      vertex 130.2 12.5963 27.8567
      vertex 85.0936 12.5616 27.8981
      vertex 129.788 8.56065 32.6662
    endloop
  endfacet
  facet normal 0 0.766397 0.642367
    outer loop
      vertex 85.0936 12.5616 27.8981
      vertex 130.2 12.5963 27.8567
      vertex 85.0947 12.5963 27.8567
    endloop
  endfacet
  facet normal 7.30829e-05 0.764849 0.64421
    outer loop
      vertex 81.9038 9.76418 31.2319
      vertex 34.4115 8.56065 32.6662
      vertex 82.1 9.75776 31.2395
    endloop
  endfacet
  facet normal -3.96111e-05 0.766687 0.642021
    outer loop
      vertex 81.7084 9.78343 31.2089
      vertex 34.4115 8.56065 32.6662
      vertex 81.9038 9.76418 31.2319
    endloop
  endfacet
  facet normal 7.21465e-07 0.766043 0.642789
    outer loop
      vertex 81.5147 9.8154 31.1708
      vertex 34.4115 8.56065 32.6662
      vertex 81.7084 9.78343 31.2089
    endloop
  endfacet
  facet normal 1.03619e-05 0.765894 0.642967
    outer loop
      vertex 81.3235 9.85998 31.1177
      vertex 34.4115 8.56065 32.6662
      vertex 81.5147 9.8154 31.1708
    endloop
  endfacet
  facet normal 5.40035e-06 0.765968 0.642879
    outer loop
      vertex 81.1357 9.91697 31.0498
      vertex 34.4115 8.56065 32.6662
      vertex 81.3235 9.85998 31.1177
    endloop
  endfacet
  facet normal 2.45522e-06 0.76601 0.642829
    outer loop
      vertex 80.952 9.98612 30.9674
      vertex 34.4115 8.56065 32.6662
      vertex 81.1357 9.91697 31.0498
    endloop
  endfacet
  facet normal -2.10078e-05 0.766326 0.642452
    outer loop
      vertex 80.7731 10.0671 30.8708
      vertex 34.4115 8.56065 32.6662
      vertex 80.952 9.98612 30.9674
    endloop
  endfacet
  facet normal 1.30751e-05 0.765893 0.642968
    outer loop
      vertex 80.6 10.1597 30.7605
      vertex 34.4115 8.56065 32.6662
      vertex 80.7731 10.0671 30.8708
    endloop
  endfacet
  facet normal 1.76028e-05 0.765839 0.643033
    outer loop
      vertex 80.4333 10.2634 30.637
      vertex 34.4115 8.56065 32.6662
      vertex 80.6 10.1597 30.7605
    endloop
  endfacet
  facet normal -1.71054e-05 0.766226 0.642571
    outer loop
      vertex 80.2737 10.3777 30.5007
      vertex 34.4115 8.56065 32.6662
      vertex 80.4333 10.2634 30.637
    endloop
  endfacet
  facet normal -4.88257e-06 0.766099 0.642723
    outer loop
      vertex 80.122 10.5022 30.3523
      vertex 34.4115 8.56065 32.6662
      vertex 80.2737 10.3777 30.5007
    endloop
  endfacet
  facet normal 7.17141e-06 0.765982 0.642862
    outer loop
      vertex 79.9787 10.6364 30.1924
      vertex 34.4115 8.56065 32.6662
      vertex 80.122 10.5022 30.3523
    endloop
  endfacet
  facet normal -4.01787e-06 0.766083 0.642742
    outer loop
      vertex 79.8445 10.7797 30.0216
      vertex 34.4115 8.56065 32.6662
      vertex 79.9787 10.6364 30.1924
    endloop
  endfacet
  facet normal 2.16278e-06 0.766031 0.642804
    outer loop
      vertex 79.7199 10.9315 29.8407
      vertex 34.4115 8.56065 32.6662
      vertex 79.8445 10.7797 30.0216
    endloop
  endfacet
  facet normal -2.68628e-06 0.766069 0.642758
    outer loop
      vertex 79.6056 11.091 29.6506
      vertex 34.4115 8.56065 32.6662
      vertex 79.7199 10.9315 29.8407
    endloop
  endfacet
  facet normal 1.8259e-05 0.765915 0.642942
    outer loop
      vertex 79.5019 11.2578 29.4519
      vertex 34.4115 8.56065 32.6662
      vertex 79.6056 11.091 29.6506
    endloop
  endfacet
  facet normal -2.13191e-06 0.766055 0.642775
    outer loop
      vertex 79.4094 11.4309 29.2456
      vertex 34.4115 8.56065 32.6662
      vertex 79.5019 11.2578 29.4519
    endloop
  endfacet
  facet normal -3.64898e-06 0.766065 0.642763
    outer loop
      vertex 79.3284 11.6097 29.0325
      vertex 34.4115 8.56065 32.6662
      vertex 79.4094 11.4309 29.2456
    endloop
  endfacet
  facet normal -1.7563e-05 0.76615 0.642662
    outer loop
      vertex 79.2592 11.7934 28.8135
      vertex 34.4115 8.56065 32.6662
      vertex 79.3284 11.6097 29.0325
    endloop
  endfacet
  facet normal 8.18221e-06 0.766002 0.642838
    outer loop
      vertex 79.2022 11.9813 28.5896
      vertex 34.4115 8.56065 32.6662
      vertex 79.2592 11.7934 28.8135
    endloop
  endfacet
  facet normal 1.63626e-05 0.765958 0.642891
    outer loop
      vertex 79.1576 12.1725 28.3618
      vertex 34.4115 8.56065 32.6662
      vertex 79.2022 11.9813 28.5896
    endloop
  endfacet
  facet normal -1.56518e-05 0.766122 0.642695
    outer loop
      vertex 79.1257 12.3662 28.1309
      vertex 34.4115 8.56065 32.6662
      vertex 79.1576 12.1725 28.3618
    endloop
  endfacet
  facet normal 1.9379e-05 0.765952 0.642898
    outer loop
      vertex 79.1064 12.5616 27.8981
      vertex 34.4115 8.56065 32.6662
      vertex 79.1257 12.3662 28.1309
    endloop
  endfacet
  facet normal -7.69282e-05 0.766396 0.642368
    outer loop
      vertex 79.1053 12.5963 27.8567
      vertex 34.4115 8.56065 32.6662
      vertex 79.1064 12.5616 27.8981
    endloop
  endfacet
  facet normal 0 0.766044 0.642788
    outer loop
      vertex 34.4115 8.56065 32.6662
      vertex 79.1053 12.5963 27.8567
      vertex 34 12.5963 27.8567
    endloop
  endfacet
  facet normal -0.876037 0.389145 -0.284824
    outer loop
      vertex 123.756 -2.86277 46.2801
      vertex 138.567 103.739 146.372
      vertex 125.24 -1.07845 44.1536
    endloop
  endfacet
  facet normal -0.876211 0.388936 -0.284576
    outer loop
      vertex 138.567 103.739 146.372
      vertex 123.756 -2.86277 46.2801
      vertex 138.404 103.543 146.606
    endloop
  endfacet
  facet normal -0.950562 0.273522 -0.147031
    outer loop
      vertex 127.647 2.65797 39.7007
      vertex 144.899 113.623 134.594
      vertex 128.561 4.59408 37.3934
    endloop
  endfacet
  facet normal -0.950896 0.272826 -0.146157
    outer loop
      vertex 144.899 113.623 134.594
      vertex 127.647 2.65797 39.7007
      vertex 144.799 113.41 134.847
    endloop
  endfacet
  facet normal -0.992831 0.109008 0.0490369
    outer loop
      vertex 130.097 10.5741 30.2666
      vertex 146.987 121.927 124.697
      vertex 130.2 12.5963 27.8567
    endloop
  endfacet
  facet normal -0.992755 0.110444 0.0473298
    outer loop
      vertex 146.987 121.927 124.697
      vertex 130.097 10.5741 30.2666
      vertex 146.975 121.706 124.961
    endloop
  endfacet
  facet normal -0.99283 0.109012 0.0490326
    outer loop
      vertex 146.987 121.927 124.697
      vertex 147.115 124.439 121.704
      vertex 130.2 12.5963 27.8567
    endloop
  endfacet
  facet normal -0.950712 -0.0969658 0.294524
    outer loop
      vertex 129.129 32.2934 24.01
      vertex 144.899 135.255 108.813
      vertex 144.799 135.467 108.56
    endloop
  endfacet
  facet normal -0.950575 -0.0972678 0.294865
    outer loop
      vertex 144.899 135.255 108.813
      vertex 129.129 32.2934 24.01
      vertex 129.588 27.8077 24.01
    endloop
  endfacet
  facet normal -0.980122 -0.0157979 0.197764
    outer loop
      vertex 129.963 17.8811 24.01
      vertex 146.558 129.894 115.203
      vertex 145.922 132.373 112.249
    endloop
  endfacet
  facet normal -0.980362 -0.014854 0.196648
    outer loop
      vertex 146.558 129.894 115.203
      vertex 129.963 17.8811 24.01
      vertex 129.964 17.8151 24.01
    endloop
  endfacet
  facet normal 0 0.766041 0.642792
    outer loop
      vertex 130.2 12.5963 27.8567
      vertex 129.871 15.8241 24.01
      vertex 129.371 15.8241 24.01
    endloop
  endfacet
  facet normal -0.350194 -0.509419 0.786038
    outer loop
      vertex 101.233 54.8347 3
      vertex 100.827 55.1138 3
      vertex 100.507 41.1609 -6.18522
    endloop
  endfacet
  facet normal -0.34994 -0.509478 0.786113
    outer loop
      vertex 101.559 87.0293 24.01
      vertex 106.98 163.048 75.6907
      vertex 103.322 163.933 74.6359
    endloop
  endfacet
  facet normal -0.350051 -0.509449 0.786083
    outer loop
      vertex 106.98 163.048 75.6907
      vertex 101.559 87.0293 24.01
      vertex 102.894 86.112 24.01
    endloop
  endfacet
  facet normal 0.349972 -0.509472 0.786103
    outer loop
      vertex 63.6929 41.1609 -6.18522
      vertex 63.3731 55.1138 3
      vertex 62.9668 54.8347 3
    endloop
  endfacet
  facet normal 0.349906 -0.509486 0.786123
    outer loop
      vertex 57.22 163.048 75.6907
      vertex 62.6414 87.0293 24.01
      vertex 60.8784 163.933 74.6359
    endloop
  endfacet
  facet normal 0.349917 -0.509483 0.786121
    outer loop
      vertex 62.6414 87.0293 24.01
      vertex 57.22 163.048 75.6907
      vertex 61.3058 86.112 24.01
    endloop
  endfacet
  facet normal -0.16181 -0.541879 0.824733
    outer loop
      vertex 88.3783 43.2498 -8.67478
      vertex 91.9427 59.9543 3
      vertex 89.2472 60.7592 3
    endloop
  endfacet
  facet normal -0.161803 -0.541881 0.824733
    outer loop
      vertex 91.9427 59.9543 3
      vertex 88.3783 43.2498 -8.67478
      vertex 91.4838 42.9203 -8.28201
    endloop
  endfacet
  facet normal -0.163096 -0.541716 0.824587
    outer loop
      vertex 90.8108 92.2691 24.01
      vertex 94.7837 165.426 72.8566
      vertex 94.4429 165.463 72.8135
    endloop
  endfacet
  facet normal -0.161804 -0.541883 0.824732
    outer loop
      vertex 94.7837 165.426 72.8566
      vertex 90.8108 92.2691 24.01
      vertex 92.7971 91.676 24.01
    endloop
  endfacet
  facet normal -0.349893 -0.509488 0.786128
    outer loop
      vertex 97.5612 41.8735 -7.03456
      vertex 100.827 55.1138 3
      vertex 98.23 56.8973 3
    endloop
  endfacet
  facet normal -0.349904 -0.509483 0.786126
    outer loop
      vertex 100.827 55.1138 3
      vertex 97.5612 41.8735 -7.03456
      vertex 100.507 41.1609 -6.18522
    endloop
  endfacet
  facet normal -0.350302 -0.509388 0.78601
    outer loop
      vertex 99.6303 88.3536 24.01
      vertex 103.322 163.933 74.6359
      vertex 102.998 164.012 74.5427
    endloop
  endfacet
  facet normal -0.349838 -0.509501 0.786144
    outer loop
      vertex 103.322 163.933 74.6359
      vertex 99.6303 88.3536 24.01
      vertex 101.559 87.0293 24.01
    endloop
  endfacet
  facet normal 6.92963e-05 0.766106 0.642714
    outer loop
      vertex 116.112 34.4587 1.80215
      vertex 113.815 35.8417 0.153881
      vertex 106.15 39.3721 -4.05348
    endloop
  endfacet
  facet normal 0.992831 0.0672261 0.0988265
    outer loop
      vertex 34 12.5963 27.8567
      vertex 17.2133 126.95 118.711
      vertex 17.0854 124.439 121.704
    endloop
  endfacet
  facet normal -0.904813 -0.175416 0.387999
    outer loop
      vertex 127.383 42.753 24.01
      vertex 142.023 140.634 102.403
      vertex 140.41 142.922 99.6759
    endloop
  endfacet
  facet normal -0.904655 -0.17565 0.388261
    outer loop
      vertex 142.023 140.634 102.403
      vertex 127.383 42.753 24.01
      vertex 127.54 41.9444 24.01
    endloop
  endfacet
  facet normal -0 0.766018 0.642819
    outer loop
      vertex 117.483 33.4535 3
      vertex 117.576 33.4535 3
      vertex 116.112 34.4587 1.80215
    endloop
  endfacet
  facet normal -0.725162 -0.348338 0.59397
    outer loop
      vertex 117.576 33.4535 3
      vertex 116.281 36.1494 3
      vertex 116.112 34.4587 1.80215
    endloop
  endfacet
  facet normal -0.72525 -0.348218 0.593932
    outer loop
      vertex 119.248 65.8045 24.01
      vertex 128.308 153.827 86.6801
      vertex 128.072 153.989 86.4869
    endloop
  endfacet
  facet normal -0.724879 -0.348473 0.594236
    outer loop
      vertex 128.308 153.827 86.6801
      vertex 119.248 65.8045 24.01
      vertex 120.735 62.7113 24.01
    endloop
  endfacet
  facet normal 0 0.766044 0.642788
    outer loop
      vertex 97.5612 41.8735 -7.03456
      vertex 51.702 33.4535 3
      vertex 112.498 33.4535 3
    endloop
  endfacet
  facet normal 0 0.766044 0.642788
    outer loop
      vertex 51.702 33.4535 3
      vertex 97.5612 41.8735 -7.03456
      vertex 66.6388 41.8735 -7.03456
    endloop
  endfacet
  facet normal 0.904794 -0.175444 0.388031
    outer loop
      vertex 22.1769 140.634 102.403
      vertex 36.817 42.753 24.01
      vertex 23.7901 142.922 99.6759
    endloop
  endfacet
  facet normal 0.904788 -0.175452 0.38804
    outer loop
      vertex 36.817 42.753 24.01
      vertex 22.1769 140.634 102.403
      vertex 36.6602 41.9444 24.01
    endloop
  endfacet
  facet normal 0.929819 -0.136584 0.341732
    outer loop
      vertex 20.5357 137.872 105.695
      vertex 35.7598 37.1379 24.01
      vertex 20.6574 138.08 105.447
    endloop
  endfacet
  facet normal 0.9297 -0.136797 0.341972
    outer loop
      vertex 35.7598 37.1379 24.01
      vertex 20.5357 137.872 105.695
      vertex 35.1244 32.8196 24.01
    endloop
  endfacet
  facet normal 0.679121 -0.37788 0.629286
    outer loop
      vertex 50.3855 35.8417 0.153881
      vertex 50.0081 39.9031 3
      vertex 49.9228 39.7498 3
    endloop
  endfacet
  facet normal 0.679086 -0.377901 0.629311
    outer loop
      vertex 36.3799 154.141 86.306
      vertex 47.2221 69.8841 24.01
      vertex 39.2329 155.859 84.259
    endloop
  endfacet
  facet normal 0.679044 -0.377928 0.62934
    outer loop
      vertex 47.2221 69.8841 24.01
      vertex 36.3799 154.141 86.306
      vertex 46.5072 68.5996 24.01
    endloop
  endfacet
  facet normal 0.578616 -0.430902 0.692478
    outer loop
      vertex 52.8186 37.1252 -1.37576
      vertex 52.4378 43.6459 3
      vertex 52.2794 43.4332 3
    endloop
  endfacet
  facet normal 0.578629 -0.4309 0.692469
    outer loop
      vertex 44.0907 158.316 81.3301
      vertex 50.6097 74.9548 24.01
      vertex 45.699 159.057 80.4473
    endloop
  endfacet
  facet normal 0.578674 -0.430879 0.692445
    outer loop
      vertex 42.5216 157.593 82.1915
      vertex 50.6097 74.9548 24.01
      vertex 44.0907 158.316 81.3301
    endloop
  endfacet
  facet normal 0.578629 -0.430901 0.692469
    outer loop
      vertex 50.6097 74.9548 24.01
      vertex 42.5216 157.593 82.1915
      vertex 49.6906 73.7206 24.01
    endloop
  endfacet
  facet normal -0.468361 0.651205 -0.597135
    outer loop
      vertex 111.16 87.0626 166.247
      vertex 114.607 88.247 164.835
      vertex 106.15 -14.1796 59.7669
    endloop
  endfacet
  facet normal -0.929691 0.313037 -0.194119
    outer loop
      vertex 142.287 108.654 140.515
      vertex 143.664 111.006 137.713
      vertex 127.647 2.65797 39.7007
    endloop
  endfacet
  facet normal -0.468292 0.651231 -0.597161
    outer loop
      vertex 111.16 87.0626 166.247
      vertex 103.374 -15.1333 60.9036
      vertex 110.855 86.9579 166.372
    endloop
  endfacet
  facet normal -0.468262 0.651241 -0.597173
    outer loop
      vertex 103.374 -15.1333 60.9036
      vertex 111.16 87.0626 166.247
      vertex 106.15 -14.1796 59.7669
    endloop
  endfacet
  facet normal -0.525294 0.630067 -0.57191
    outer loop
      vertex 118.22 89.6911 163.114
      vertex 106.15 -14.1796 59.7669
      vertex 117.927 89.5739 163.254
    endloop
  endfacet
  facet normal -0.524543 0.630353 -0.572285
    outer loop
      vertex 106.15 -14.1796 59.7669
      vertex 118.22 89.6911 163.114
      vertex 108.823 -13.1112 58.4937
    endloop
  endfacet
  facet normal -0.524577 0.630342 -0.572267
    outer loop
      vertex 106.15 -14.1796 59.7669
      vertex 115.717 88.6907 164.307
      vertex 117.927 89.5739 163.254
    endloop
  endfacet
  facet normal -0.52429 0.630455 -0.572404
    outer loop
      vertex 115.717 88.6907 164.307
      vertex 106.15 -14.1796 59.7669
      vertex 114.607 88.247 164.835
    endloop
  endfacet
  facet normal 3.83343e-05 0.765956 0.642894
    outer loop
      vertex 97.5612 -16.681 62.748
      vertex 100.507 -15.9683 61.8987
      vertex 94.5492 -17.2683 63.4479
    endloop
  endfacet
  facet normal -2.47279e-05 0.766075 0.642751
    outer loop
      vertex 100.507 -15.9683 61.8987
      vertex 103.374 -15.1333 60.9036
      vertex 94.5492 -17.2683 63.4479
    endloop
  endfacet
  facet normal -0.161855 0.718102 -0.676855
    outer loop
      vertex 94.7837 83.4511 170.551
      vertex 91.4838 -17.7277 63.9955
      vertex 90.927 83.0418 171.039
    endloop
  endfacet
  facet normal -0.225579 0.709953 -0.667144
    outer loop
      vertex 94.7837 83.4511 170.551
      vertex 98.5906 84.0217 169.871
      vertex 91.4838 -17.7277 63.9955
    endloop
  endfacet
  facet normal -0.161432 0.718148 -0.676907
    outer loop
      vertex 90.927 83.0418 171.039
      vertex 88.3783 -18.0573 64.3882
      vertex 90.5861 83.0057 171.082
    endloop
  endfacet
  facet normal -0.161807 0.718108 -0.67686
    outer loop
      vertex 88.3783 -18.0573 64.3882
      vertex 90.927 83.0418 171.039
      vertex 91.4838 -17.7277 63.9955
    endloop
  endfacet
  facet normal -0.0975576 0.723551 -0.683342
    outer loop
      vertex 90.5861 83.0057 171.082
      vertex 85.2459 -18.2556 64.6246
      vertex 90.2423 82.9839 171.108
    endloop
  endfacet
  facet normal -0.0973783 0.72356 -0.683359
    outer loop
      vertex 85.2459 -18.2556 64.6246
      vertex 90.5861 83.0057 171.082
      vertex 88.3783 -18.0573 64.3882
    endloop
  endfacet
  facet normal 8.26174e-07 0.766045 0.642786
    outer loop
      vertex 60.8259 -15.1333 60.9036
      vertex 78.9541 -18.2556 64.6246
      vertex 34.4115 8.56065 32.6662
    endloop
  endfacet
  facet normal 0 0.766045 0.642787
    outer loop
      vertex 129.788 8.56065 32.6662
      vertex 78.9541 -18.2556 64.6246
      vertex 85.2459 -18.2556 64.6246
    endloop
  endfacet
  facet normal 0 0.766045 0.642787
    outer loop
      vertex 78.9541 -18.2556 64.6246
      vertex 129.788 8.56065 32.6662
      vertex 34.4115 8.56065 32.6662
    endloop
  endfacet
  facet normal 4.60247e-05 0.766065 0.642763
    outer loop
      vertex 40.4442 -2.86277 46.2801
      vertex 42.1063 -4.5809 48.3277
      vertex 38.9604 -1.07845 44.1536
    endloop
  endfacet
  facet normal 0.725876 0.524011 -0.445552
    outer loop
      vertex 48.0882 -9.26612 53.9113
      vertex 35.8916 95.0504 156.727
      vertex 36.1277 94.8883 156.921
    endloop
  endfacet
  facet normal 0.72501 0.524607 -0.44626
    outer loop
      vertex 35.8916 95.0504 156.727
      vertex 48.0882 -9.26612 53.9113
      vertex 45.9365 -7.78944 52.1515
    endloop
  endfacet
  facet normal 0.904666 0.351846 -0.240383
    outer loop
      vertex 38.9604 -1.07845 44.1536
      vertex 22.0343 108.446 140.763
      vertex 22.1769 108.244 141.004
    endloop
  endfacet
  facet normal 0.904819 0.351634 -0.240116
    outer loop
      vertex 22.0343 108.446 140.763
      vertex 38.9604 -1.07845 44.1536
      vertex 37.6614 0.764428 41.9574
    endloop
  endfacet
  facet normal 8.87118e-06 0.766047 0.642785
    outer loop
      vertex 37.6614 0.764428 41.9574
      vertex 42.1063 -4.5809 48.3277
      vertex 34.4115 8.56065 32.6662
    endloop
  endfacet
  facet normal -0.000142378 0.765995 0.642847
    outer loop
      vertex 38.9604 -1.07845 44.1536
      vertex 42.1063 -4.5809 48.3277
      vertex 37.6614 0.764428 41.9574
    endloop
  endfacet
  facet normal -0.000137713 0.765977 0.642867
    outer loop
      vertex 43.9397 -6.22547 50.2876
      vertex 45.9365 -7.78944 52.1515
      vertex 42.1063 -4.5809 48.3277
    endloop
  endfacet
  facet normal 0 0.766068 0.642759
    outer loop
      vertex 82.1 -18.3218 64.7035
      vertex 85.2459 -18.2556 64.6246
      vertex 78.9541 -18.2556 64.6246
    endloop
  endfacet
  facet normal 0.0330398 0.72628 -0.686605
    outer loop
      vertex 82.1 -18.3218 64.7035
      vertex 81.7547 82.6554 171.499
      vertex 82.1 82.6482 171.508
    endloop
  endfacet
  facet normal 0.0325041 0.726292 -0.686618
    outer loop
      vertex 81.7547 82.6554 171.499
      vertex 82.1 -18.3218 64.7035
      vertex 78.9541 -18.2556 64.6246
    endloop
  endfacet
  facet normal -1.54001e-05 0.766006 0.642833
    outer loop
      vertex 69.6508 -17.2683 63.4479
      vertex 78.9541 -18.2556 64.6246
      vertex 60.8259 -15.1333 60.9036
    endloop
  endfacet
  facet normal 3.58009e-05 0.766206 0.642595
    outer loop
      vertex 72.7162 -17.7277 63.9955
      vertex 78.9541 -18.2556 64.6246
      vertex 69.6508 -17.2683 63.4479
    endloop
  endfacet
  facet normal -0.980132 0.191982 -0.0498502
    outer loop
      vertex 129.276 6.56445 35.0452
      vertex 145.922 116.505 131.159
      vertex 129.788 8.56065 32.6662
    endloop
  endfacet
  facet normal -0.979746 0.193476 -0.0516259
    outer loop
      vertex 145.922 116.505 131.159
      vertex 129.276 6.56445 35.0452
      vertex 145.865 116.286 131.42
    endloop
  endfacet
  facet normal -0.967396 0.233152 -0.0989232
    outer loop
      vertex 128.561 4.59408 37.3934
      vertex 145.865 116.286 131.42
      vertex 129.276 6.56445 35.0452
    endloop
  endfacet
  facet normal -0.967672 0.232403 -0.0979821
    outer loop
      vertex 145.865 116.286 131.42
      vertex 128.561 4.59408 37.3934
      vertex 145.787 116.07 131.678
    endloop
  endfacet
  facet normal 1.02203e-05 0.76604 0.642793
    outer loop
      vertex 108.823 -13.1112 58.4937
      vertex 129.788 8.56065 32.6662
      vertex 103.374 -15.1333 60.9036
    endloop
  endfacet
  facet normal 7.96354e-07 0.766044 0.642788
    outer loop
      vertex 113.815 -10.6492 55.5596
      vertex 129.788 8.56065 32.6662
      vertex 108.823 -13.1112 58.4937
    endloop
  endfacet
  facet normal -0.843586 0.425274 -0.327879
    outer loop
      vertex 122.094 -4.5809 48.3277
      vertex 138.404 103.543 146.606
      vertex 123.756 -2.86277 46.2801
    endloop
  endfacet
  facet normal -0.843878 0.424981 -0.327508
    outer loop
      vertex 138.404 103.543 146.606
      vertex 122.094 -4.5809 48.3277
      vertex 138.222 103.355 146.831
    endloop
  endfacet
  facet normal -0.929772 0.312896 -0.193959
    outer loop
      vertex 126.539 0.764428 41.9574
      vertex 142.287 108.654 140.515
      vertex 127.647 2.65797 39.7007
    endloop
  endfacet
  facet normal -0.930465 0.311706 -0.192546
    outer loop
      vertex 142.287 108.654 140.515
      vertex 126.539 0.764428 41.9574
      vertex 142.166 108.446 140.763
    endloop
  endfacet
  facet normal 0.000387707 0.76596 0.642888
    outer loop
      vertex 127.647 2.65797 39.7007
      vertex 128.561 4.59408 37.3934
      vertex 126.539 0.764428 41.9574
    endloop
  endfacet
  facet normal -0.630038 0.58177 -0.514389
    outer loop
      vertex 111.381 -11.9327 57.0892
      vertex 124.967 93.0189 159.148
      vertex 113.815 -10.6492 55.5596
    endloop
  endfacet
  facet normal -0.630414 0.581579 -0.514143
    outer loop
      vertex 124.967 93.0189 159.148
      vertex 111.381 -11.9327 57.0892
      vertex 124.7 92.878 159.316
    endloop
  endfacet
  facet normal -0.990656 -0.0135706 -0.135706
    outer loop
      vertex 146.975 121.706 124.961
      vertex 146.942 121.485 125.224
      vertex 146.943 121.492 125.216
    endloop
  endfacet
  facet normal -0.988818 0.149122 0.00123585
    outer loop
      vertex 130.097 10.5741 30.2666
      vertex 146.942 121.485 125.224
      vertex 146.975 121.706 124.961
    endloop
  endfacet
  facet normal -0.988564 0.150799 -0.000767151
    outer loop
      vertex 146.942 121.485 125.224
      vertex 130.097 10.5741 30.2666
      vertex 129.788 8.56065 32.6662
    endloop
  endfacet
  facet normal 0.000397202 0.766028 0.642808
    outer loop
      vertex 130.097 10.5741 30.2666
      vertex 130.2 12.5963 27.8567
      vertex 129.788 8.56065 32.6662
    endloop
  endfacet
  facet normal 0.161768 -0.541884 0.824738
    outer loop
      vertex 75.8217 43.2498 -8.67478
      vertex 75.5035 60.9236 3
      vertex 74.9528 60.7592 3
    endloop
  endfacet
  facet normal 0.161776 -0.541883 0.824737
    outer loop
      vertex 69.7571 165.463 72.8135
      vertex 74.9308 92.7295 24.01
      vertex 73.6139 165.872 72.3257
    endloop
  endfacet
  facet normal 0.161832 -0.541875 0.824731
    outer loop
      vertex 74.9308 92.7295 24.01
      vertex 69.7571 165.463 72.8135
      vertex 73.3892 92.2691 24.01
    endloop
  endfacet
  facet normal 0 0.765936 0.642917
    outer loop
      vertex 88.3783 43.2498 -8.67478
      vertex 82.1 43.5144 -8.99001
      vertex 75.8217 43.2498 -8.67478
    endloop
  endfacet
  facet normal -6.01919e-05 0.76588 0.642983
    outer loop
      vertex 97.5612 41.8735 -7.03456
      vertex 91.4838 42.9203 -8.28201
      vertex 88.3783 43.2498 -8.67478
    endloop
  endfacet
  facet normal -9.36193e-06 0.765844 0.643026
    outer loop
      vertex 88.3783 43.2498 -8.67478
      vertex 85.2459 43.4482 -8.91112
      vertex 82.1 43.5144 -8.99001
    endloop
  endfacet
  facet normal -0.467989 -0.475107 0.745158
    outer loop
      vertex 106.872 49.7236 3
      vertex 106.585 50.0063 3
      vertex 106.15 39.3721 -4.05348
    endloop
  endfacet
  facet normal -0.468375 -0.474977 0.744998
    outer loop
      vertex 107.881 81.6822 24.01
      vertex 114.607 160.63 78.5721
      vertex 111.16 161.815 77.1605
    endloop
  endfacet
  facet normal -0.468362 -0.474981 0.745003
    outer loop
      vertex 114.607 160.63 78.5721
      vertex 107.881 81.6822 24.01
      vertex 109.022 80.5571 24.01
    endloop
  endfacet
  facet normal -0.578671 -0.430873 0.692451
    outer loop
      vertex 108.823 38.3037 -2.78022
      vertex 111.762 43.6459 3
      vertex 109.477 46.7147 3
    endloop
  endfacet
  facet normal -0.578687 -0.430859 0.692447
    outer loop
      vertex 111.762 43.6459 3
      vertex 108.823 38.3037 -2.78022
      vertex 111.381 37.1252 -1.37576
    endloop
  endfacet
  facet normal -0.578088 -0.431146 0.692768
    outer loop
      vertex 111.853 77.287 24.01
      vertex 118.501 159.057 80.4473
      vertex 118.22 159.186 80.2931
    endloop
  endfacet
  facet normal -0.578579 -0.43092 0.692498
    outer loop
      vertex 118.501 159.057 80.4473
      vertex 111.853 77.287 24.01
      vertex 113.59 74.9548 24.01
    endloop
  endfacet
  facet normal 0.225568 -0.533728 0.815017
    outer loop
      vertex 69.5748 58.8206 3
      vertex 72.7162 42.9203 -8.28201
      vertex 72.2573 59.9543 3
    endloop
  endfacet
  facet normal 0.225577 -0.533726 0.815017
    outer loop
      vertex 72.7162 42.9203 -8.28201
      vertex 69.5748 58.8206 3
      vertex 69.6508 42.4608 -7.73449
    endloop
  endfacet
  facet normal 0.224906 -0.533828 0.815135
    outer loop
      vertex 69.0798 165.376 72.9167
      vertex 71.4028 91.676 24.01
      vertex 69.4163 165.426 72.8566
    endloop
  endfacet
  facet normal 0.225592 -0.533725 0.815013
    outer loop
      vertex 71.4028 91.676 24.01
      vertex 69.0798 165.376 72.9167
      vertex 69.4261 90.8405 24.01
    endloop
  endfacet
  facet normal 0.992836 0.0673113 0.0987251
    outer loop
      vertex 17.2133 126.95 118.711
      vertex 34.103 14.6184 25.4468
      vertex 17.2246 127.172 118.446
    endloop
  endfacet
  facet normal 0.992831 0.0672186 0.0988358
    outer loop
      vertex 34.103 14.6184 25.4468
      vertex 17.2133 126.95 118.711
      vertex 34 12.5963 27.8567
    endloop
  endfacet
  facet normal 0.980097 -0.0158886 0.197881
    outer loop
      vertex 17.6978 130.113 114.942
      vertex 34.3172 22.7984 24.01
      vertex 18.3346 132.592 111.987
    endloop
  endfacet
  facet normal 0.980034 -0.016147 0.198174
    outer loop
      vertex 34.3172 22.7984 24.01
      vertex 17.6978 130.113 114.942
      vertex 34.3136 22.5799 24.01
    endloop
  endfacet
  facet normal -0.988583 0.025546 0.148496
    outer loop
      vertex 146.975 127.172 118.446
      vertex 146.592 129.673 115.466
      vertex 130.097 14.6184 25.4468
    endloop
  endfacet
  facet normal -0.979841 -0.0168786 0.199063
    outer loop
      vertex 129.883 22.7984 24.01
      vertex 145.922 132.373 112.249
      vertex 145.865 132.592 111.987
    endloop
  endfacet
  facet normal -0.980083 -0.0159451 0.197948
    outer loop
      vertex 145.922 132.373 112.249
      vertex 129.883 22.7984 24.01
      vertex 129.963 17.8811 24.01
    endloop
  endfacet
  facet normal -0.967446 -0.0567899 0.246625
    outer loop
      vertex 129.869 23.0285 24.01
      vertex 145.865 132.592 111.987
      vertex 144.978 135.039 109.071
    endloop
  endfacet
  facet normal -0.966711 -0.0588177 0.249017
    outer loop
      vertex 145.865 132.592 111.987
      vertex 129.869 23.0285 24.01
      vertex 129.883 22.7984 24.01
    endloop
  endfacet
  facet normal -0.967094 -0.0577498 0.247777
    outer loop
      vertex 129.588 27.8077 24.01
      vertex 144.978 135.039 109.071
      vertex 144.899 135.255 108.813
    endloop
  endfacet
  facet normal -0.967411 -0.0568804 0.246738
    outer loop
      vertex 144.978 135.039 109.071
      vertex 129.588 27.8077 24.01
      vertex 129.869 23.0285 24.01
    endloop
  endfacet
  facet normal -0.767964 -0.316894 0.556605
    outer loop
      vertex 121.312 61.51 24.01
      vertex 133.46 150.051 91.1803
      vertex 130.981 151.993 88.8656
    endloop
  endfacet
  facet normal -0.767973 -0.316887 0.556597
    outer loop
      vertex 133.46 150.051 91.1803
      vertex 121.312 61.51 24.01
      vertex 121.81 60.3031 24.01
    endloop
  endfacet
  facet normal -0.844325 -0.248254 0.474853
    outer loop
      vertex 125.1 51.3478 24.01
      vertex 138.404 145.334 96.8017
      vertex 138.222 145.523 96.5769
    endloop
  endfacet
  facet normal -0.843571 -0.249068 0.475766
    outer loop
      vertex 138.404 145.334 96.8017
      vertex 125.1 51.3478 24.01
      vertex 126.2 47.6222 24.01
    endloop
  endfacet
  facet normal -0.766931 -0.317734 0.557549
    outer loop
      vertex 121.81 60.3031 24.01
      vertex 133.68 149.879 91.3849
      vertex 133.46 150.051 91.1803
    endloop
  endfacet
  facet normal -0.767768 -0.31705 0.556787
    outer loop
      vertex 133.68 149.879 91.3849
      vertex 121.81 60.3031 24.01
      vertex 123.162 57.0291 24.01
    endloop
  endfacet
  facet normal -0.807508 -0.283763 0.517117
    outer loop
      vertex 123.162 57.0291 24.01
      vertex 133.881 149.699 91.6
      vertex 133.68 149.879 91.3849
    endloop
  endfacet
  facet normal -0.807453 -0.283811 0.517175
    outer loop
      vertex 133.881 149.699 91.6
      vertex 123.162 57.0291 24.01
      vertex 124.421 53.4472 24.01
    endloop
  endfacet
  facet normal 0.288372 -0.522909 0.802127
    outer loop
      vertex 65.97 56.8973 3
      vertex 69.6508 42.4608 -7.73449
      vertex 68.5906 58.3425 3
    endloop
  endfacet
  facet normal 0.28836 -0.522914 0.802128
    outer loop
      vertex 69.6508 42.4608 -7.73449
      vertex 65.97 56.8973 3
      vertex 66.6388 41.8735 -7.03456
    endloop
  endfacet
  facet normal 0.287635 -0.523069 0.802287
    outer loop
      vertex 61.2017 164.012 74.5427
      vertex 66.5156 89.4267 24.01
      vertex 61.5323 164.076 74.4659
    endloop
  endfacet
  facet normal 0.288367 -0.522909 0.802128
    outer loop
      vertex 66.5156 89.4267 24.01
      vertex 61.2017 164.012 74.5427
      vertex 64.5697 88.3536 24.01
    endloop
  endfacet
  facet normal 6.01919e-05 0.76588 0.642983
    outer loop
      vertex 75.8217 43.2498 -8.67478
      vertex 72.7162 42.9203 -8.28201
      vertex 66.6388 41.8735 -7.03456
    endloop
  endfacet
  facet normal -1.27985e-06 0.766049 0.642782
    outer loop
      vertex 66.6388 41.8735 -7.03456
      vertex 58.05 39.3721 -4.05348
      vertex 48.0882 34.4587 1.80215
    endloop
  endfacet
  facet normal 0 0.766018 0.642819
    outer loop
      vertex 51.702 33.4535 3
      vertex 48.0882 34.4587 1.80215
      vertex 46.9676 33.4535 3
    endloop
  endfacet
  facet normal 1.19204e-05 0.766036 0.642798
    outer loop
      vertex 48.0882 34.4587 1.80215
      vertex 51.702 33.4535 3
      vertex 66.6388 41.8735 -7.03456
    endloop
  endfacet
  facet normal 1.82822e-05 0.766023 0.642813
    outer loop
      vertex 58.05 39.3721 -4.05348
      vertex 55.3771 38.3037 -2.78022
      vertex 52.8186 37.1252 -1.37576
    endloop
  endfacet
  facet normal 0.578612 -0.430904 0.692481
    outer loop
      vertex 52.4378 43.6459 3
      vertex 55.3771 38.3037 -2.78022
      vertex 54.7232 46.7147 3
    endloop
  endfacet
  facet normal 0.578613 -0.430904 0.692481
    outer loop
      vertex 55.3771 38.3037 -2.78022
      vertex 52.4378 43.6459 3
      vertex 52.8186 37.1252 -1.37576
    endloop
  endfacet
  facet normal 0.57836 -0.431023 0.692617
    outer loop
      vertex 45.699 159.057 80.4473
      vertex 52.3466 77.287 24.01
      vertex 45.9798 159.186 80.2931
    endloop
  endfacet
  facet normal 0.578601 -0.430912 0.692485
    outer loop
      vertex 52.3466 77.287 24.01
      vertex 45.699 159.057 80.4473
      vertex 50.6097 74.9548 24.01
    endloop
  endfacet
  facet normal 0.349904 -0.509485 0.786125
    outer loop
      vertex 63.3731 55.1138 3
      vertex 66.6388 41.8735 -7.03456
      vertex 65.97 56.8973 3
    endloop
  endfacet
  facet normal 0.349893 -0.509489 0.786127
    outer loop
      vertex 66.6388 41.8735 -7.03456
      vertex 63.3731 55.1138 3
      vertex 63.6929 41.1609 -6.18522
    endloop
  endfacet
  facet normal 0.350966 -0.509229 0.785817
    outer loop
      vertex 60.8784 163.933 74.6359
      vertex 64.5697 88.3536 24.01
      vertex 61.2017 164.012 74.5427
    endloop
  endfacet
  facet normal 0.349901 -0.509487 0.786125
    outer loop
      vertex 64.5697 88.3536 24.01
      vertex 60.8784 163.933 74.6359
      vertex 62.6414 87.0293 24.01
    endloop
  endfacet
  facet normal 0.876063 -0.21289 0.432656
    outer loop
      vertex 23.7901 142.922 99.6759
      vertex 37.0191 43.585 24.01
      vertex 25.6328 145.138 97.0351
    endloop
  endfacet
  facet normal 0.876123 -0.212818 0.432571
    outer loop
      vertex 37.0191 43.585 24.01
      vertex 23.7901 142.922 99.6759
      vertex 36.817 42.753 24.01
    endloop
  endfacet
  facet normal -0.843565 0.425296 -0.327905
    outer loop
      vertex 136.158 101.221 149.373
      vertex 138.222 103.355 146.831
      vertex 122.094 -4.5809 48.3277
    endloop
  endfacet
  facet normal -0.225369 0.709981 -0.667185
    outer loop
      vertex 98.927 84.0721 169.811
      vertex 91.4838 -17.7277 63.9955
      vertex 98.5906 84.0217 169.871
    endloop
  endfacet
  facet normal -0.225576 0.709954 -0.667144
    outer loop
      vertex 91.4838 -17.7277 63.9955
      vertex 98.927 84.0721 169.811
      vertex 94.5492 -17.2683 63.4479
    endloop
  endfacet
  facet normal -3.58009e-05 0.766206 0.642595
    outer loop
      vertex 91.4838 -17.7277 63.9955
      vertex 94.5492 -17.2683 63.4479
      vertex 85.2459 -18.2556 64.6246
    endloop
  endfacet
  facet normal 0.87633 0.388794 -0.284404
    outer loop
      vertex 40.4442 -2.86277 46.2801
      vertex 25.6328 103.739 146.372
      vertex 25.7957 103.543 146.606
    endloop
  endfacet
  facet normal 0.876063 0.389116 -0.284785
    outer loop
      vertex 25.6328 103.739 146.372
      vertex 40.4442 -2.86277 46.2801
      vertex 38.9604 -1.07845 44.1536
    endloop
  endfacet
  facet normal 0.468319 0.65122 -0.597151
    outer loop
      vertex 53.0401 87.0626 166.247
      vertex 58.05 -14.1796 59.7669
      vertex 49.5927 88.247 164.835
    endloop
  endfacet
  facet normal 0.929803 0.312846 -0.193892
    outer loop
      vertex 37.6614 0.764428 41.9574
      vertex 21.9126 108.654 140.515
      vertex 22.0343 108.446 140.763
    endloop
  endfacet
  facet normal 0.929699 0.313024 -0.194103
    outer loop
      vertex 21.9126 108.654 140.515
      vertex 37.6614 0.764428 41.9574
      vertex 36.5527 2.65797 39.7007
    endloop
  endfacet
  facet normal 0.950554 0.27354 -0.147048
    outer loop
      vertex 36.5527 2.65797 39.7007
      vertex 20.4354 111.218 137.459
      vertex 20.5357 111.006 137.713
    endloop
  endfacet
  facet normal 0.950588 0.273468 -0.146963
    outer loop
      vertex 20.4354 111.218 137.459
      vertex 36.5527 2.65797 39.7007
      vertex 35.639 4.59408 37.3934
    endloop
  endfacet
  facet normal 0.724972 0.524634 -0.44629
    outer loop
      vertex 35.8916 95.0504 156.727
      vertex 45.9365 -7.78944 52.1515
      vertex 33.2194 96.8843 154.542
    endloop
  endfacet
  facet normal 0.843542 0.42532 -0.327933
    outer loop
      vertex 28.0423 101.221 149.373
      vertex 42.1063 -4.5809 48.3277
      vertex 25.9781 103.355 146.831
    endloop
  endfacet
  facet normal 0.843364 0.425499 -0.328159
    outer loop
      vertex 42.1063 -4.5809 48.3277
      vertex 25.7957 103.543 146.606
      vertex 25.9781 103.355 146.831
    endloop
  endfacet
  facet normal 0.843572 0.42529 -0.327894
    outer loop
      vertex 25.7957 103.543 146.606
      vertex 42.1063 -4.5809 48.3277
      vertex 40.4442 -2.86277 46.2801
    endloop
  endfacet
  facet normal -0.000385916 0.76596 0.642888
    outer loop
      vertex 36.5527 2.65797 39.7007
      vertex 37.6614 0.764428 41.9574
      vertex 35.639 4.59408 37.3934
    endloop
  endfacet
  facet normal 2.04102e-05 0.766049 0.642782
    outer loop
      vertex 35.639 4.59408 37.3934
      vertex 37.6614 0.764428 41.9574
      vertex 34.4115 8.56065 32.6662
    endloop
  endfacet
  facet normal 0.349797 0.685737 -0.638284
    outer loop
      vertex 60.8784 84.9442 168.771
      vertex 63.6929 -15.9683 61.8987
      vertex 57.22 85.8293 167.717
    endloop
  endfacet
  facet normal 0.411129 0.669377 -0.618795
    outer loop
      vertex 63.6929 -15.9683 61.8987
      vertex 56.9053 85.9209 167.607
      vertex 57.22 85.8293 167.717
    endloop
  endfacet
  facet normal 0.409968 0.669717 -0.619197
    outer loop
      vertex 56.9053 85.9209 167.607
      vertex 63.6929 -15.9683 61.8987
      vertex 60.8259 -15.1333 60.9036
    endloop
  endfacet
  facet normal 0.225369 0.709981 -0.667185
    outer loop
      vertex 72.7162 -17.7277 63.9955
      vertex 65.273 84.0721 169.811
      vertex 65.6094 84.0217 169.871
    endloop
  endfacet
  facet normal 0.225576 0.709954 -0.667144
    outer loop
      vertex 65.273 84.0721 169.811
      vertex 72.7162 -17.7277 63.9955
      vertex 69.6508 -17.2683 63.4479
    endloop
  endfacet
  facet normal 0.288319 0.699148 -0.654266
    outer loop
      vertex 65.273 84.0721 169.811
      vertex 69.6508 -17.2683 63.4479
      vertex 61.5323 84.8015 168.942
    endloop
  endfacet
  facet normal 6.53356e-05 0.76599 0.642852
    outer loop
      vertex 111.381 -11.9327 57.0892
      vertex 113.815 -10.6492 55.5596
      vertex 108.823 -13.1112 58.4937
    endloop
  endfacet
  facet normal -0.630177 0.5817 -0.514298
    outer loop
      vertex 121.678 91.284 161.216
      vertex 124.7 92.878 159.316
      vertex 111.381 -11.9327 57.0892
    endloop
  endfacet
  facet normal -0.767851 0.493212 -0.408836
    outer loop
      vertex 118.263 -7.78944 52.1515
      vertex 133.68 98.9982 152.023
      vertex 120.26 -6.22547 50.2876
    endloop
  endfacet
  facet normal -0.766221 0.494443 -0.410403
    outer loop
      vertex 133.68 98.9982 152.023
      vertex 118.263 -7.78944 52.1515
      vertex 133.46 98.8266 152.227
    endloop
  endfacet
  facet normal 0.000104018 0.765975 0.642871
    outer loop
      vertex 116.112 -9.26612 53.9113
      vertex 118.263 -7.78944 52.1515
      vertex 113.815 -10.6492 55.5596
    endloop
  endfacet
  facet normal -0.161768 -0.541884 0.824738
    outer loop
      vertex 89.2472 60.7592 3
      vertex 88.6965 60.9236 3
      vertex 88.3783 43.2498 -8.67478
    endloop
  endfacet
  facet normal -0.161776 -0.541883 0.824737
    outer loop
      vertex 89.2692 92.7295 24.01
      vertex 94.4429 165.463 72.8135
      vertex 90.5861 165.872 72.3257
    endloop
  endfacet
  facet normal -0.161832 -0.541875 0.824731
    outer loop
      vertex 94.4429 165.463 72.8135
      vertex 89.2692 92.7295 24.01
      vertex 90.8108 92.2691 24.01
    endloop
  endfacet
  facet normal 9.36193e-06 0.765844 0.643026
    outer loop
      vertex 82.1 43.5144 -8.99001
      vertex 78.9541 43.4482 -8.91112
      vertex 75.8217 43.2498 -8.67478
    endloop
  endfacet
  facet normal 0.0325037 -0.550068 0.834487
    outer loop
      vertex 79.3669 61.5425 3
      vertex 82.1 43.5144 -8.99001
      vertex 82.1 61.704 3
    endloop
  endfacet
  facet normal 0.0325017 -0.550068 0.834487
    outer loop
      vertex 82.1 43.5144 -8.99001
      vertex 79.3669 61.5425 3
      vertex 78.9541 43.4482 -8.91112
    endloop
  endfacet
  facet normal 0.0321768 -0.550074 0.834496
    outer loop
      vertex 81.7547 166.222 71.9083
      vertex 82.1 93.5776 24.01
      vertex 82.1 166.229 71.8996
    endloop
  endfacet
  facet normal 0.0325086 -0.550067 0.834487
    outer loop
      vertex 82.1 93.5776 24.01
      vertex 81.7547 166.222 71.9083
      vertex 80.0949 93.4591 24.01
    endloop
  endfacet
  facet normal 0.0324919 -0.550068 0.834488
    outer loop
      vertex 78.9541 43.4482 -8.91112
      vertex 79.3669 61.5425 3
      vertex 78.7913 61.5085 3
    endloop
  endfacet
  facet normal 0.0324559 -0.550067 0.834489
    outer loop
      vertex 77.8478 166.14 72.0062
      vertex 80.0949 93.4591 24.01
      vertex 81.7547 166.222 71.9083
    endloop
  endfacet
  facet normal 0.0325012 -0.550066 0.834489
    outer loop
      vertex 80.0949 93.4591 24.01
      vertex 77.8478 166.14 72.0062
      vertex 78.504 93.3651 24.01
    endloop
  endfacet
  facet normal -0.288351 -0.522915 0.80213
    outer loop
      vertex 98.23 56.8973 3
      vertex 97.7721 57.1498 3
      vertex 97.5612 41.8735 -7.03456
    endloop
  endfacet
  facet normal -0.288319 -0.522921 0.802138
    outer loop
      vertex 98.2138 89.1348 24.01
      vertex 102.998 164.012 74.5427
      vertex 99.2576 164.741 73.6735
    endloop
  endfacet
  facet normal -0.288383 -0.522907 0.802124
    outer loop
      vertex 102.998 164.012 74.5427
      vertex 98.2138 89.1348 24.01
      vertex 99.6303 88.3536 24.01
    endloop
  endfacet
  facet normal 9.15894e-05 0.766244 0.642549
    outer loop
      vertex 97.5612 41.8735 -7.03456
      vertex 94.5492 42.4608 -7.73449
      vertex 91.4838 42.9203 -8.28201
    endloop
  endfacet
  facet normal -0.225568 -0.533728 0.815017
    outer loop
      vertex 91.4838 42.9203 -8.28201
      vertex 94.6252 58.8206 3
      vertex 91.9427 59.9543 3
    endloop
  endfacet
  facet normal -0.225577 -0.533726 0.815017
    outer loop
      vertex 94.6252 58.8206 3
      vertex 91.4838 42.9203 -8.28201
      vertex 94.5492 42.4608 -7.73449
    endloop
  endfacet
  facet normal -0.224906 -0.533828 0.815135
    outer loop
      vertex 92.7971 91.676 24.01
      vertex 95.1202 165.376 72.9167
      vertex 94.7837 165.426 72.8566
    endloop
  endfacet
  facet normal -0.225581 -0.533726 0.815015
    outer loop
      vertex 95.1202 165.376 72.9167
      vertex 92.7971 91.676 24.01
      vertex 94.7739 90.8405 24.01
    endloop
  endfacet
  facet normal -7.69618e-05 0.765934 0.642919
    outer loop
      vertex 106.15 39.3721 -4.05348
      vertex 103.374 40.3259 -5.19011
      vertex 100.507 41.1609 -6.18522
    endloop
  endfacet
  facet normal -0.000114079 0.765886 0.642977
    outer loop
      vertex 106.15 39.3721 -4.05348
      vertex 100.507 41.1609 -6.18522
      vertex 97.5612 41.8735 -7.03456
    endloop
  endfacet
  facet normal -0.67909 -0.377985 0.629257
    outer loop
      vertex 113.815 35.8417 0.153881
      vertex 116.281 36.1494 3
      vertex 114.277 39.7498 3
    endloop
  endfacet
  facet normal -0.679103 -0.377948 0.629265
    outer loop
      vertex 116.281 36.1494 3
      vertex 113.815 35.8417 0.153881
      vertex 116.112 34.4587 1.80215
    endloop
  endfacet
  facet normal -0.67941 -0.377699 0.629083
    outer loop
      vertex 117.693 68.5996 24.01
      vertex 128.072 153.989 86.4869
      vertex 127.82 154.141 86.306
    endloop
  endfacet
  facet normal -0.679177 -0.377847 0.629246
    outer loop
      vertex 128.072 153.989 86.4869
      vertex 117.693 68.5996 24.01
      vertex 119.248 65.8045 24.01
    endloop
  endfacet
  facet normal -1.82537e-05 0.766023 0.642813
    outer loop
      vertex 111.381 37.1252 -1.37576
      vertex 108.823 38.3037 -2.78022
      vertex 106.15 39.3721 -4.05348
    endloop
  endfacet
  facet normal -0.524468 -0.454178 0.720177
    outer loop
      vertex 106.15 39.3721 -4.05348
      vertex 109.477 46.7147 3
      vertex 107.136 49.418 3
    endloop
  endfacet
  facet normal -0.524551 -0.454119 0.720154
    outer loop
      vertex 109.477 46.7147 3
      vertex 106.15 39.3721 -4.05348
      vertex 108.823 38.3037 -2.78022
    endloop
  endfacet
  facet normal -0.525774 -0.453607 0.719585
    outer loop
      vertex 110.075 79.3415 24.01
      vertex 118.22 159.186 80.2931
      vertex 117.927 159.304 80.1534
    endloop
  endfacet
  facet normal -0.524685 -0.454072 0.720086
    outer loop
      vertex 118.22 159.186 80.2931
      vertex 110.075 79.3415 24.01
      vertex 111.853 77.287 24.01
    endloop
  endfacet
  facet normal 0.950556 -0.097311 0.294915
    outer loop
      vertex 20.4354 137.659 105.948
      vertex 35.1244 32.8196 24.01
      vertex 20.5357 137.872 105.695
    endloop
  endfacet
  facet normal 0.95059 -0.0972379 0.294828
    outer loop
      vertex 35.1244 32.8196 24.01
      vertex 20.4354 137.659 105.948
      vertex 34.6518 28.1995 24.01
    endloop
  endfacet
  facet normal 0.92968 -0.136832 0.342012
    outer loop
      vertex 21.1509 138.923 104.443
      vertex 35.8587 37.8099 24.01
      vertex 22.0343 140.431 102.645
    endloop
  endfacet
  facet normal 0.929663 -0.136862 0.342046
    outer loop
      vertex 20.6574 138.08 105.447
      vertex 35.8587 37.8099 24.01
      vertex 21.1509 138.923 104.443
    endloop
  endfacet
  facet normal 0.929684 -0.136824 0.342004
    outer loop
      vertex 35.8587 37.8099 24.01
      vertex 20.6574 138.08 105.447
      vertex 35.7598 37.1379 24.01
    endloop
  endfacet
  facet normal 0.905379 -0.174582 0.387053
    outer loop
      vertex 22.0343 140.431 102.645
      vertex 36.6602 41.9444 24.01
      vertex 22.1769 140.634 102.403
    endloop
  endfacet
  facet normal 0.904822 -0.175406 0.387982
    outer loop
      vertex 36.6602 41.9444 24.01
      vertex 22.0343 140.431 102.645
      vertex 35.8587 37.8099 24.01
    endloop
  endfacet
  facet normal 0.980118 -0.0158039 0.197784
    outer loop
      vertex 17.6416 129.894 115.203
      vertex 34.3136 22.5799 24.01
      vertex 17.6978 130.113 114.942
    endloop
  endfacet
  facet normal 0.980095 -0.0159002 0.197893
    outer loop
      vertex 34.3136 22.5799 24.01
      vertex 17.6416 129.894 115.203
      vertex 34.2363 17.8151 24.01
    endloop
  endfacet
  facet normal 0.988553 0.0253553 0.148728
    outer loop
      vertex 17.6077 129.673 115.466
      vertex 34.2363 17.8151 24.01
      vertex 17.6416 129.894 115.203
    endloop
  endfacet
  facet normal 0.98858 0.0255306 0.148518
    outer loop
      vertex 34.103 14.6184 25.4468
      vertex 34.2363 17.8151 24.01
      vertex 17.6077 129.673 115.466
    endloop
  endfacet
  facet normal 0.988583 0.0255214 0.148498
    outer loop
      vertex 34.2363 17.8151 24.01
      vertex 34.103 14.6184 25.4468
      vertex 34.2877 15.8241 24.01
    endloop
  endfacet
  facet normal -0.000507925 0.766062 0.642766
    outer loop
      vertex 34.3291 15.8241 24.01
      vertex 34.103 14.6184 25.4468
      vertex 34 12.5963 27.8567
    endloop
  endfacet
  facet normal 0 0.766023 0.642813
    outer loop
      vertex 34.103 14.6184 25.4468
      vertex 34.3291 15.8241 24.01
      vertex 34.2877 15.8241 24.01
    endloop
  endfacet
  facet normal 0.98858 0.0255319 0.148517
    outer loop
      vertex 34.103 14.6184 25.4468
      vertex 17.6077 129.673 115.466
      vertex 17.2246 127.172 118.446
    endloop
  endfacet
  facet normal -0.930136 -0.136053 0.341083
    outer loop
      vertex 128.341 37.8099 24.01
      vertex 142.287 140.223 102.892
      vertex 142.166 140.431 102.645
    endloop
  endfacet
  facet normal -0.929656 -0.136871 0.34206
    outer loop
      vertex 142.287 140.223 102.892
      vertex 128.341 37.8099 24.01
      vertex 128.995 33.3678 24.01
    endloop
  endfacet
  facet normal -0.904951 -0.175214 0.387767
    outer loop
      vertex 127.54 41.9444 24.01
      vertex 142.166 140.431 102.645
      vertex 142.023 140.634 102.403
    endloop
  endfacet
  facet normal -0.904887 -0.175309 0.387874
    outer loop
      vertex 142.166 140.431 102.645
      vertex 127.54 41.9444 24.01
      vertex 128.341 37.8099 24.01
    endloop
  endfacet
  facet normal -0.724914 -0.34845 0.594207
    outer loop
      vertex 120.735 62.7113 24.01
      vertex 130.981 151.993 88.8656
      vertex 128.308 153.827 86.6801
    endloop
  endfacet
  facet normal -0.725138 -0.348293 0.594027
    outer loop
      vertex 130.981 151.993 88.8656
      vertex 120.735 62.7113 24.01
      vertex 121.312 61.51 24.01
    endloop
  endfacet
  facet normal -0.680315 -0.377213 0.628397
    outer loop
      vertex 114.277 39.7498 3
      vertex 114.192 39.9031 3
      vertex 113.815 35.8417 0.153881
    endloop
  endfacet
  facet normal -0.679087 -0.377902 0.62931
    outer loop
      vertex 116.978 69.8841 24.01
      vertex 127.82 154.141 86.306
      vertex 124.967 155.859 84.259
    endloop
  endfacet
  facet normal -0.679001 -0.377957 0.62937
    outer loop
      vertex 127.82 154.141 86.306
      vertex 116.978 69.8841 24.01
      vertex 117.693 68.5996 24.01
    endloop
  endfacet
  facet normal -9.15894e-05 0.766244 0.642549
    outer loop
      vertex 72.7162 42.9203 -8.28201
      vertex 69.6508 42.4608 -7.73449
      vertex 66.6388 41.8735 -7.03456
    endloop
  endfacet
  facet normal 0.16181 -0.541879 0.824733
    outer loop
      vertex 72.2573 59.9543 3
      vertex 75.8217 43.2498 -8.67478
      vertex 74.9528 60.7592 3
    endloop
  endfacet
  facet normal 0.161803 -0.541881 0.824733
    outer loop
      vertex 75.8217 43.2498 -8.67478
      vertex 72.2573 59.9543 3
      vertex 72.7162 42.9203 -8.28201
    endloop
  endfacet
  facet normal 0.163096 -0.541716 0.824587
    outer loop
      vertex 69.4163 165.426 72.8566
      vertex 73.3892 92.2691 24.01
      vertex 69.7571 165.463 72.8135
    endloop
  endfacet
  facet normal 0.161796 -0.541884 0.824732
    outer loop
      vertex 73.3892 92.2691 24.01
      vertex 69.4163 165.426 72.8566
      vertex 71.4028 91.676 24.01
    endloop
  endfacet
  facet normal 0.46811 -0.475065 0.745108
    outer loop
      vertex 58.05 39.3721 -4.05348
      vertex 57.6149 50.0063 3
      vertex 57.328 49.7236 3
    endloop
  endfacet
  facet normal 0.468332 -0.474992 0.745015
    outer loop
      vertex 49.5927 160.63 78.5721
      vertex 56.3188 81.6822 24.01
      vertex 53.0401 161.815 77.1605
    endloop
  endfacet
  facet normal 0.468271 -0.475014 0.74504
    outer loop
      vertex 56.3188 81.6822 24.01
      vertex 49.5927 160.63 78.5721
      vertex 55.1775 80.5571 24.01
    endloop
  endfacet
  facet normal 0.524645 -0.454086 0.720107
    outer loop
      vertex 58.05 39.3721 -4.05348
      vertex 57.328 49.7236 3
      vertex 57.0635 49.418 3
    endloop
  endfacet
  facet normal 0.524485 -0.454154 0.72018
    outer loop
      vertex 46.2732 159.304 80.1534
      vertex 55.1775 80.5571 24.01
      vertex 49.5927 160.63 78.5721
    endloop
  endfacet
  facet normal 0.524582 -0.454111 0.720136
    outer loop
      vertex 55.1775 80.5571 24.01
      vertex 46.2732 159.304 80.1534
      vertex 54.1252 79.3415 24.01
    endloop
  endfacet
  facet normal 0.468272 -0.475014 0.745039
    outer loop
      vertex 57.6149 50.0063 3
      vertex 60.8259 40.3259 -5.19011
      vertex 60.0808 52.4372 3
    endloop
  endfacet
  facet normal 0.468279 -0.47501 0.745037
    outer loop
      vertex 60.8259 40.3259 -5.19011
      vertex 57.6149 50.0063 3
      vertex 58.05 39.3721 -4.05348
    endloop
  endfacet
  facet normal 0.468528 -0.474923 0.744936
    outer loop
      vertex 53.0401 161.815 77.1605
      vertex 58.1692 83.5063 24.01
      vertex 53.3448 161.92 77.0358
    endloop
  endfacet
  facet normal 0.468263 -0.475014 0.745045
    outer loop
      vertex 58.1692 83.5063 24.01
      vertex 53.0401 161.815 77.1605
      vertex 56.3188 81.6822 24.01
    endloop
  endfacet
  facet normal 0.409942 -0.493504 0.767073
    outer loop
      vertex 63.6929 41.1609 -6.18522
      vertex 62.9668 54.8347 3
      vertex 62.5841 54.5168 3
    endloop
  endfacet
  facet normal 0.409977 -0.493491 0.767063
    outer loop
      vertex 53.6594 162.011 76.9266
      vertex 61.3058 86.112 24.01
      vertex 57.22 163.048 75.6907
    endloop
  endfacet
  facet normal 0.40998 -0.49349 0.767062
    outer loop
      vertex 61.3058 86.112 24.01
      vertex 53.6594 162.011 76.9266
      vertex 60.0477 85.0668 24.01
    endloop
  endfacet
  facet normal 0.843542 -0.249095 0.475803
    outer loop
      vertex 25.9781 145.523 96.5769
      vertex 39.408 52.3903 24.01
      vertex 28.0423 147.656 94.034
    endloop
  endfacet
  facet normal 0.843569 -0.249065 0.47577
    outer loop
      vertex 39.408 52.3903 24.01
      vertex 25.9781 145.523 96.5769
      vertex 39.1002 51.3478 24.01
    endloop
  endfacet
  facet normal 0.87606 -0.212894 0.432661
    outer loop
      vertex 25.6328 145.138 97.0351
      vertex 38.0002 47.6222 24.01
      vertex 25.7957 145.334 96.8017
    endloop
  endfacet
  facet normal 0.876059 -0.212895 0.432663
    outer loop
      vertex 38.0002 47.6222 24.01
      vertex 25.6328 145.138 97.0351
      vertex 37.0191 43.585 24.01
    endloop
  endfacet
  facet normal -0.767947 0.493136 -0.408748
    outer loop
      vertex 118.263 -7.78944 52.1515
      vertex 132.721 98.2477 152.917
      vertex 133.46 98.8266 152.227
    endloop
  endfacet
  facet normal -0.768023 0.493077 -0.408676
    outer loop
      vertex 132.721 98.2477 152.917
      vertex 118.263 -7.78944 52.1515
      vertex 130.981 96.8843 154.542
    endloop
  endfacet
  facet normal -0.72487 0.524706 -0.44637
    outer loop
      vertex 128.308 95.0504 156.727
      vertex 130.981 96.8843 154.542
      vertex 118.263 -7.78944 52.1515
    endloop
  endfacet
  facet normal -0.679109 0.554113 -0.481425
    outer loop
      vertex 113.815 -10.6492 55.5596
      vertex 125.219 93.1707 158.968
      vertex 116.112 -9.26612 53.9113
    endloop
  endfacet
  facet normal -0.678337 0.554578 -0.481977
    outer loop
      vertex 125.219 93.1707 158.968
      vertex 113.815 -10.6492 55.5596
      vertex 124.967 93.0189 159.148
    endloop
  endfacet
  facet normal -0.679057 0.554145 -0.481461
    outer loop
      vertex 125.219 93.1707 158.968
      vertex 128.072 94.8883 156.921
      vertex 116.112 -9.26612 53.9113
    endloop
  endfacet
  facet normal 0.876038 0.389147 -0.28482
    outer loop
      vertex 25.6328 103.739 146.372
      vertex 38.9604 -1.07845 44.1536
      vertex 23.7901 105.955 143.732
    endloop
  endfacet
  facet normal 0.679057 0.554147 -0.481459
    outer loop
      vertex 38.9807 93.1707 158.968
      vertex 48.0882 -9.26612 53.9113
      vertex 36.1277 94.8883 156.921
    endloop
  endfacet
  facet normal 5.15086e-05 0.766053 0.642778
    outer loop
      vertex 34.9242 6.56445 35.0452
      vertex 35.639 4.59408 37.3934
      vertex 34.4115 8.56065 32.6662
    endloop
  endfacet
  facet normal 0.967358 0.233255 -0.0990483
    outer loop
      vertex 35.639 4.59408 37.3934
      vertex 18.3346 116.286 131.42
      vertex 18.4131 116.07 131.678
    endloop
  endfacet
  facet normal 0.967409 0.233117 -0.0988746
    outer loop
      vertex 18.3346 116.286 131.42
      vertex 35.639 4.59408 37.3934
      vertex 34.9242 6.56445 35.0452
    endloop
  endfacet
  facet normal 0.807443 0.460045 -0.369317
    outer loop
      vertex 30.3192 99.1787 151.807
      vertex 42.1063 -4.5809 48.3277
      vertex 28.0423 101.221 149.373
    endloop
  endfacet
  facet normal -6.50685e-05 0.76599 0.642852
    outer loop
      vertex 52.8186 -11.9327 57.0892
      vertex 55.3771 -13.1112 58.4937
      vertex 50.3855 -10.6492 55.5596
    endloop
  endfacet
  facet normal 0.767899 0.493172 -0.408795
    outer loop
      vertex 45.9365 -7.78944 52.1515
      vertex 31.4787 98.2477 152.917
      vertex 33.2194 96.8843 154.542
    endloop
  endfacet
  facet normal 0.767905 0.493167 -0.408789
    outer loop
      vertex 31.4787 98.2477 152.917
      vertex 45.9365 -7.78944 52.1515
      vertex 30.7396 98.8266 152.227
    endloop
  endfacet
  facet normal -3.83397e-05 0.765956 0.642894
    outer loop
      vertex 66.6388 -16.681 62.748
      vertex 69.6508 -17.2683 63.4479
      vertex 63.6929 -15.9683 61.8987
    endloop
  endfacet
  facet normal 0.351243 0.685383 -0.63787
    outer loop
      vertex 66.6388 -16.681 62.748
      vertex 60.8784 84.9442 168.771
      vertex 61.2017 84.866 168.865
    endloop
  endfacet
  facet normal 0.349902 0.68571 -0.638256
    outer loop
      vertex 60.8784 84.9442 168.771
      vertex 66.6388 -16.681 62.748
      vertex 63.6929 -15.9683 61.8987
    endloop
  endfacet
  facet normal -8.86832e-06 0.766047 0.642785
    outer loop
      vertex 126.539 0.764428 41.9574
      vertex 129.788 8.56065 32.6662
      vertex 122.094 -4.5809 48.3277
    endloop
  endfacet
  facet normal -2.04082e-05 0.766049 0.642782
    outer loop
      vertex 128.561 4.59408 37.3934
      vertex 129.788 8.56065 32.6662
      vertex 126.539 0.764428 41.9574
    endloop
  endfacet
  facet normal 0.0973794 -0.547333 0.831231
    outer loop
      vertex 75.8217 43.2498 -8.67478
      vertex 76.065 61.0235 3
      vertex 75.5035 60.9236 3
    endloop
  endfacet
  facet normal 0.0973271 -0.547336 0.831234
    outer loop
      vertex 73.6139 165.872 72.3257
      vertex 76.503 93.0091 24.01
      vertex 77.504 166.118 72.0322
    endloop
  endfacet
  facet normal 0.0973381 -0.547335 0.831234
    outer loop
      vertex 76.503 93.0091 24.01
      vertex 73.6139 165.872 72.3257
      vertex 74.9308 92.7295 24.01
    endloop
  endfacet
  facet normal -0.0973623 -0.547334 0.831232
    outer loop
      vertex 88.3783 43.2498 -8.67478
      vertex 88.6965 60.9236 3
      vertex 88.1349 61.0235 3
    endloop
  endfacet
  facet normal -0.0973381 -0.547335 0.831234
    outer loop
      vertex 90.5861 165.872 72.3257
      vertex 87.697 93.0091 24.01
      vertex 89.2692 92.7295 24.01
    endloop
  endfacet
  facet normal -0.0973271 -0.547336 0.831234
    outer loop
      vertex 87.697 93.0091 24.01
      vertex 90.5861 165.872 72.3257
      vertex 86.696 166.118 72.0322
    endloop
  endfacet
  facet normal -0.225593 -0.533723 0.815013
    outer loop
      vertex 95.127 58.6085 3
      vertex 94.6252 58.8206 3
      vertex 94.5492 42.4608 -7.73449
    endloop
  endfacet
  facet normal -0.225617 -0.533722 0.815008
    outer loop
      vertex 94.7739 90.8405 24.01
      vertex 98.927 164.805 73.5966
      vertex 95.1202 165.376 72.9167
    endloop
  endfacet
  facet normal -0.225576 -0.533729 0.815015
    outer loop
      vertex 98.927 164.805 73.5966
      vertex 94.7739 90.8405 24.01
      vertex 96.2579 90.2133 24.01
    endloop
  endfacet
  facet normal -0.288371 -0.52291 0.802127
    outer loop
      vertex 94.5492 42.4608 -7.73449
      vertex 97.7721 57.1498 3
      vertex 95.127 58.6085 3
    endloop
  endfacet
  facet normal -0.28836 -0.522914 0.802128
    outer loop
      vertex 97.7721 57.1498 3
      vertex 94.5492 42.4608 -7.73449
      vertex 97.5612 41.8735 -7.03456
    endloop
  endfacet
  facet normal -0.287857 -0.523011 0.802245
    outer loop
      vertex 96.2579 90.2133 24.01
      vertex 99.2576 164.741 73.6735
      vertex 98.927 164.805 73.5966
    endloop
  endfacet
  facet normal -0.288341 -0.522917 0.802133
    outer loop
      vertex 99.2576 164.741 73.6735
      vertex 96.2579 90.2133 24.01
      vertex 98.2138 89.1348 24.01
    endloop
  endfacet
  facet normal -0.410005 -0.49348 0.767055
    outer loop
      vertex 100.507 41.1609 -6.18522
      vertex 104.119 52.4372 3
      vertex 101.616 54.5168 3
    endloop
  endfacet
  facet normal -0.409969 -0.493498 0.767063
    outer loop
      vertex 104.119 52.4372 3
      vertex 100.507 41.1609 -6.18522
      vertex 103.374 40.3259 -5.19011
    endloop
  endfacet
  facet normal -0.409814 -0.49354 0.767119
    outer loop
      vertex 104.152 85.0668 24.01
      vertex 110.855 161.92 77.0358
      vertex 110.541 162.011 76.9266
    endloop
  endfacet
  facet normal -0.409868 -0.493523 0.767101
    outer loop
      vertex 110.855 161.92 77.0358
      vertex 104.152 85.0668 24.01
      vertex 106.031 83.5063 24.01
    endloop
  endfacet
  facet normal -0.46826 -0.475021 0.745042
    outer loop
      vertex 103.374 40.3259 -5.19011
      vertex 106.585 50.0063 3
      vertex 104.119 52.4372 3
    endloop
  endfacet
  facet normal -0.468266 -0.475018 0.74504
    outer loop
      vertex 106.585 50.0063 3
      vertex 103.374 40.3259 -5.19011
      vertex 106.15 39.3721 -4.05348
    endloop
  endfacet
  facet normal -0.468169 -0.475047 0.745083
    outer loop
      vertex 106.031 83.5063 24.01
      vertex 111.16 161.815 77.1605
      vertex 110.855 161.92 77.0358
    endloop
  endfacet
  facet normal -0.468339 -0.474988 0.745013
    outer loop
      vertex 111.16 161.815 77.1605
      vertex 106.031 83.5063 24.01
      vertex 107.881 81.6822 24.01
    endloop
  endfacet
  facet normal -0.630206 -0.4054 0.662187
    outer loop
      vertex 111.381 37.1252 -1.37576
      vertex 114.096 40.0521 3
      vertex 111.921 43.4332 3
    endloop
  endfacet
  facet normal -0.630048 -0.405593 0.662219
    outer loop
      vertex 114.096 40.0521 3
      vertex 111.381 37.1252 -1.37576
      vertex 113.815 35.8417 0.153881
    endloop
  endfacet
  facet normal -0.629476 -0.405842 0.66261
    outer loop
      vertex 114.509 73.7206 24.01
      vertex 121.945 157.453 82.3594
      vertex 121.678 157.593 82.1915
    endloop
  endfacet
  facet normal -0.630123 -0.405502 0.662204
    outer loop
      vertex 121.945 157.453 82.3594
      vertex 114.509 73.7206 24.01
      vertex 116.174 71.1333 24.01
    endloop
  endfacet
  facet normal -0.577227 -0.431495 0.693268
    outer loop
      vertex 111.921 43.4332 3
      vertex 111.762 43.6459 3
      vertex 111.381 37.1252 -1.37576
    endloop
  endfacet
  facet normal -0.578698 -0.430868 0.692431
    outer loop
      vertex 113.59 74.9548 24.01
      vertex 121.678 157.593 82.1915
      vertex 120.109 158.316 81.3301
    endloop
  endfacet
  facet normal -0.5787 -0.430867 0.69243
    outer loop
      vertex 113.59 74.9548 24.01
      vertex 120.109 158.316 81.3301
      vertex 118.501 159.057 80.4473
    endloop
  endfacet
  facet normal -0.578668 -0.430883 0.692448
    outer loop
      vertex 121.678 157.593 82.1915
      vertex 113.59 74.9548 24.01
      vertex 114.509 73.7206 24.01
    endloop
  endfacet
  facet normal 0.967414 -0.0568779 0.24673
    outer loop
      vertex 19.2222 135.039 109.071
      vertex 34.6117 27.8077 24.01
      vertex 19.3007 135.255 108.813
    endloop
  endfacet
  facet normal 0.967413 -0.0568804 0.246733
    outer loop
      vertex 34.6117 27.8077 24.01
      vertex 19.2222 135.039 109.071
      vertex 34.3307 23.0285 24.01
    endloop
  endfacet
  facet normal 0.967412 -0.0568828 0.246736
    outer loop
      vertex 18.3346 132.592 111.987
      vertex 34.3307 23.0285 24.01
      vertex 19.2222 135.039 109.071
    endloop
  endfacet
  facet normal 0.967456 -0.0567608 0.246592
    outer loop
      vertex 34.3307 23.0285 24.01
      vertex 18.3346 132.592 111.987
      vertex 34.3172 22.7984 24.01
    endloop
  endfacet
  facet normal -0.929668 -0.136852 0.342037
    outer loop
      vertex 128.995 33.3678 24.01
      vertex 143.049 138.923 104.443
      vertex 142.287 140.223 102.892
    endloop
  endfacet
  facet normal -0.929732 -0.136744 0.341906
    outer loop
      vertex 128.995 33.3678 24.01
      vertex 143.664 137.872 105.695
      vertex 143.049 138.923 104.443
    endloop
  endfacet
  facet normal -0.929396 -0.137324 0.342587
    outer loop
      vertex 143.664 137.872 105.695
      vertex 128.995 33.3678 24.01
      vertex 129.076 32.8196 24.01
    endloop
  endfacet
  facet normal -0 0.766018 0.642819
    outer loop
      vertex 117.232 33.4535 3
      vertex 117.483 33.4535 3
      vertex 116.112 34.4587 1.80215
    endloop
  endfacet
  facet normal -0.843565 -0.24907 0.475776
    outer loop
      vertex 124.792 52.3903 24.01
      vertex 138.222 145.523 96.5769
      vertex 136.158 147.656 94.034
    endloop
  endfacet
  facet normal -0.843451 -0.249192 0.475913
    outer loop
      vertex 138.222 145.523 96.5769
      vertex 124.792 52.3903 24.01
      vertex 125.1 51.3478 24.01
    endloop
  endfacet
  facet normal -0.807462 -0.283804 0.517165
    outer loop
      vertex 124.421 53.4472 24.01
      vertex 136.158 147.656 94.034
      vertex 133.881 149.699 91.6
    endloop
  endfacet
  facet normal -0.807749 -0.283542 0.516861
    outer loop
      vertex 136.158 147.656 94.034
      vertex 124.421 53.4472 24.01
      vertex 124.792 52.3903 24.01
    endloop
  endfacet
  facet normal -0.876032 -0.212931 0.432699
    outer loop
      vertex 126.2 47.6222 24.01
      vertex 140.247 143.118 99.4425
      vertex 138.404 145.334 96.8017
    endloop
  endfacet
  facet normal -0.875877 -0.213125 0.432917
    outer loop
      vertex 140.247 143.118 99.4425
      vertex 126.2 47.6222 24.01
      vertex 126.427 46.6893 24.01
    endloop
  endfacet
  facet normal -0.875941 -0.213045 0.432826
    outer loop
      vertex 126.427 46.6893 24.01
      vertex 140.41 142.922 99.6759
      vertex 140.247 143.118 99.4425
    endloop
  endfacet
  facet normal -0.876147 -0.212788 0.432537
    outer loop
      vertex 140.41 142.922 99.6759
      vertex 126.427 46.6893 24.01
      vertex 127.383 42.753 24.01
    endloop
  endfacet
  facet normal 0.288341 -0.522916 0.802134
    outer loop
      vertex 69.6508 42.4608 -7.73449
      vertex 69.073 58.6085 3
      vertex 68.5906 58.3425 3
    endloop
  endfacet
  facet normal 0.288317 -0.522923 0.802137
    outer loop
      vertex 61.5323 164.076 74.4659
      vertex 67.9421 90.2133 24.01
      vertex 65.273 164.805 73.5966
    endloop
  endfacet
  facet normal 0.288346 -0.522916 0.802131
    outer loop
      vertex 67.9421 90.2133 24.01
      vertex 61.5323 164.076 74.4659
      vertex 66.5156 89.4267 24.01
    endloop
  endfacet
  facet normal 0.225593 -0.533723 0.815013
    outer loop
      vertex 69.6508 42.4608 -7.73449
      vertex 69.5748 58.8206 3
      vertex 69.073 58.6085 3
    endloop
  endfacet
  facet normal 0.225617 -0.533722 0.815008
    outer loop
      vertex 65.273 164.805 73.5966
      vertex 69.4261 90.8405 24.01
      vertex 69.0798 165.376 72.9167
    endloop
  endfacet
  facet normal 0.225576 -0.533729 0.815015
    outer loop
      vertex 69.4261 90.8405 24.01
      vertex 65.273 164.805 73.5966
      vertex 67.9421 90.2133 24.01
    endloop
  endfacet
  facet normal 0.767864 -0.316973 0.556698
    outer loop
      vertex 30.7396 150.051 91.1803
      vertex 42.8881 61.51 24.01
      vertex 33.2194 151.993 88.8656
    endloop
  endfacet
  facet normal 0.767868 -0.316971 0.556694
    outer loop
      vertex 42.8881 61.51 24.01
      vertex 30.7396 150.051 91.1803
      vertex 42.3899 60.3031 24.01
    endloop
  endfacet
  facet normal 0.807474 -0.283792 0.517154
    outer loop
      vertex 28.0423 147.656 94.034
      vertex 39.7795 53.4472 24.01
      vertex 30.3192 149.699 91.6
    endloop
  endfacet
  facet normal 0.807446 -0.283817 0.517183
    outer loop
      vertex 39.7795 53.4472 24.01
      vertex 28.0423 147.656 94.034
      vertex 39.408 52.3903 24.01
    endloop
  endfacet
  facet normal 0.67905 -0.377925 0.629336
    outer loop
      vertex 47.919 36.1494 3
      vertex 50.3855 35.8417 0.153881
      vertex 49.9228 39.7498 3
    endloop
  endfacet
  facet normal 0.679051 -0.377923 0.629336
    outer loop
      vertex 50.3855 35.8417 0.153881
      vertex 47.919 36.1494 3
      vertex 48.0882 34.4587 1.80215
    endloop
  endfacet
  facet normal 0.679124 -0.377878 0.629285
    outer loop
      vertex 36.1277 153.989 86.4869
      vertex 46.5072 68.5996 24.01
      vertex 36.3799 154.141 86.306
    endloop
  endfacet
  facet normal 0.679052 -0.377923 0.629335
    outer loop
      vertex 46.5072 68.5996 24.01
      vertex 36.1277 153.989 86.4869
      vertex 44.9516 65.8045 24.01
    endloop
  endfacet
  facet normal 0.807235 -0.284005 0.51741
    outer loop
      vertex 30.3192 149.699 91.6
      vertex 41.0385 57.0291 24.01
      vertex 30.5204 149.879 91.3849
    endloop
  endfacet
  facet normal 0.807452 -0.283811 0.517178
    outer loop
      vertex 41.0385 57.0291 24.01
      vertex 30.3192 149.699 91.6
      vertex 39.7795 53.4472 24.01
    endloop
  endfacet
  facet normal -6.9345e-05 0.766106 0.642714
    outer loop
      vertex 58.05 39.3721 -4.05348
      vertex 50.3855 35.8417 0.153881
      vertex 48.0882 34.4587 1.80215
    endloop
  endfacet
  facet normal 0.630071 -0.405529 0.662236
    outer loop
      vertex 50.3855 35.8417 0.153881
      vertex 50.104 40.0521 3
      vertex 50.0081 39.9031 3
    endloop
  endfacet
  facet normal 0.630164 -0.405479 0.662178
    outer loop
      vertex 40.0707 156.301 83.7323
      vertex 48.0259 71.1333 24.01
      vertex 42.2546 157.453 82.3594
    endloop
  endfacet
  facet normal 0.630192 -0.405464 0.662161
    outer loop
      vertex 39.2329 155.859 84.259
      vertex 48.0259 71.1333 24.01
      vertex 40.0707 156.301 83.7323
    endloop
  endfacet
  facet normal 0.630163 -0.40548 0.662178
    outer loop
      vertex 48.0259 71.1333 24.01
      vertex 39.2329 155.859 84.259
      vertex 47.2221 69.8841 24.01
    endloop
  endfacet
  facet normal 0.63019 -0.405464 0.662163
    outer loop
      vertex 50.104 40.0521 3
      vertex 52.8186 37.1252 -1.37576
      vertex 52.2794 43.4332 3
    endloop
  endfacet
  facet normal 0.630183 -0.405473 0.662164
    outer loop
      vertex 52.8186 37.1252 -1.37576
      vertex 50.104 40.0521 3
      vertex 50.3855 35.8417 0.153881
    endloop
  endfacet
  facet normal 0.629476 -0.405842 0.66261
    outer loop
      vertex 42.2546 157.453 82.3594
      vertex 49.6906 73.7206 24.01
      vertex 42.5216 157.593 82.1915
    endloop
  endfacet
  facet normal 0.630185 -0.405469 0.662165
    outer loop
      vertex 49.6906 73.7206 24.01
      vertex 42.2546 157.453 82.3594
      vertex 48.0259 71.1333 24.01
    endloop
  endfacet
  facet normal 0.725017 -0.348376 0.594125
    outer loop
      vertex 48.0882 34.4587 1.80215
      vertex 47.919 36.1494 3
      vertex 46.6236 33.4535 3
    endloop
  endfacet
  facet normal 0.725107 -0.348317 0.59405
    outer loop
      vertex 35.8916 153.827 86.6801
      vertex 44.9516 65.8045 24.01
      vertex 36.1277 153.989 86.4869
    endloop
  endfacet
  facet normal 0.72502 -0.348376 0.594121
    outer loop
      vertex 44.9516 65.8045 24.01
      vertex 35.8916 153.827 86.6801
      vertex 43.4653 62.7113 24.01
    endloop
  endfacet
  facet normal 0.725016 -0.348379 0.594125
    outer loop
      vertex 33.2194 151.993 88.8656
      vertex 43.4653 62.7113 24.01
      vertex 35.8916 153.827 86.6801
    endloop
  endfacet
  facet normal 0.725036 -0.348365 0.594108
    outer loop
      vertex 43.4653 62.7113 24.01
      vertex 33.2194 151.993 88.8656
      vertex 42.8881 61.51 24.01
    endloop
  endfacet
  facet normal 0.409968 -0.493496 0.767064
    outer loop
      vertex 60.0808 52.4372 3
      vertex 63.6929 41.1609 -6.18522
      vertex 62.5841 54.5168 3
    endloop
  endfacet
  facet normal 0.409969 -0.493495 0.767064
    outer loop
      vertex 63.6929 41.1609 -6.18522
      vertex 60.0808 52.4372 3
      vertex 60.8259 40.3259 -5.19011
    endloop
  endfacet
  facet normal 0.409166 -0.493745 0.767333
    outer loop
      vertex 53.3448 161.92 77.0358
      vertex 60.0477 85.0668 24.01
      vertex 53.6594 162.011 76.9266
    endloop
  endfacet
  facet normal 0.409955 -0.493496 0.767072
    outer loop
      vertex 60.0477 85.0668 24.01
      vertex 53.3448 161.92 77.0358
      vertex 58.1692 83.5063 24.01
    endloop
  endfacet
  facet normal 7.69464e-05 0.765934 0.642919
    outer loop
      vertex 63.6929 41.1609 -6.18522
      vertex 60.8259 40.3259 -5.19011
      vertex 58.05 39.3721 -4.05348
    endloop
  endfacet
  facet normal 0.843812 -0.248805 0.475476
    outer loop
      vertex 25.7957 145.334 96.8017
      vertex 39.1002 51.3478 24.01
      vertex 25.9781 145.523 96.5769
    endloop
  endfacet
  facet normal 0.843568 -0.249067 0.475771
    outer loop
      vertex 39.1002 51.3478 24.01
      vertex 25.7957 145.334 96.8017
      vertex 38.0002 47.6222 24.01
    endloop
  endfacet
  facet normal 0.768054 -0.316818 0.556524
    outer loop
      vertex 30.5204 149.879 91.3849
      vertex 42.3899 60.3031 24.01
      vertex 30.7396 150.051 91.1803
    endloop
  endfacet
  facet normal 0.767885 -0.316958 0.556679
    outer loop
      vertex 42.3899 60.3031 24.01
      vertex 30.5204 149.879 91.3849
      vertex 41.0385 57.0291 24.01
    endloop
  endfacet
  facet normal 0.000137915 0.765977 0.642868
    outer loop
      vertex 120.26 -6.22547 50.2876
      vertex 122.094 -4.5809 48.3277
      vertex 118.263 -7.78944 52.1515
    endloop
  endfacet
  facet normal -0.807359 0.460121 -0.369404
    outer loop
      vertex 120.26 -6.22547 50.2876
      vertex 133.881 99.1787 151.807
      vertex 122.094 -4.5809 48.3277
    endloop
  endfacet
  facet normal -0.808308 0.459267 -0.36839
    outer loop
      vertex 133.881 99.1787 151.807
      vertex 120.26 -6.22547 50.2876
      vertex 133.68 98.9982 152.023
    endloop
  endfacet
  facet normal 0.904848 0.351594 -0.240067
    outer loop
      vertex 23.7901 105.955 143.732
      vertex 38.9604 -1.07845 44.1536
      vertex 22.1769 108.244 141.004
    endloop
  endfacet
  facet normal -7.96497e-07 0.766044 0.642788
    outer loop
      vertex 50.3855 -10.6492 55.5596
      vertex 55.3771 -13.1112 58.4937
      vertex 34.4115 8.56065 32.6662
    endloop
  endfacet
  facet normal 0.630215 0.58168 -0.514274
    outer loop
      vertex 42.5216 91.284 161.216
      vertex 52.8186 -11.9327 57.0892
      vertex 39.4999 92.878 159.316
    endloop
  endfacet
  facet normal 0.767347 0.493591 -0.409325
    outer loop
      vertex 45.9365 -7.78944 52.1515
      vertex 30.5204 98.9982 152.023
      vertex 30.7396 98.8266 152.227
    endloop
  endfacet
  facet normal 0.767882 0.493186 -0.408809
    outer loop
      vertex 30.5204 98.9982 152.023
      vertex 45.9365 -7.78944 52.1515
      vertex 43.9397 -6.22547 50.2876
    endloop
  endfacet
  facet normal 0.808037 0.45951 -0.368683
    outer loop
      vertex 43.9397 -6.22547 50.2876
      vertex 30.3192 99.1787 151.807
      vertex 30.5204 98.9982 152.023
    endloop
  endfacet
  facet normal 0.807449 0.460039 -0.36931
    outer loop
      vertex 30.3192 99.1787 151.807
      vertex 43.9397 -6.22547 50.2876
      vertex 42.1063 -4.5809 48.3277
    endloop
  endfacet
  facet normal -0.904867 0.351565 -0.240036
    outer loop
      vertex 140.41 105.955 143.732
      vertex 142.023 108.244 141.004
      vertex 125.24 -1.07845 44.1536
    endloop
  endfacet
  facet normal -0.876006 0.389183 -0.284867
    outer loop
      vertex 138.567 103.739 146.372
      vertex 140.41 105.955 143.732
      vertex 125.24 -1.07845 44.1536
    endloop
  endfacet
  facet normal -0.0324919 -0.550068 0.834488
    outer loop
      vertex 85.2459 43.4482 -8.91112
      vertex 85.4087 61.5085 3
      vertex 84.8331 61.5425 3
    endloop
  endfacet
  facet normal -0.0325012 -0.550066 0.834489
    outer loop
      vertex 86.3522 166.14 72.0062
      vertex 84.1051 93.4591 24.01
      vertex 85.696 93.3651 24.01
    endloop
  endfacet
  facet normal -0.0324559 -0.550067 0.834489
    outer loop
      vertex 84.1051 93.4591 24.01
      vertex 86.3522 166.14 72.0062
      vertex 82.4453 166.222 71.9083
    endloop
  endfacet
  facet normal -0.0973726 -0.547335 0.83123
    outer loop
      vertex 85.2459 43.4482 -8.91112
      vertex 88.1349 61.0235 3
      vertex 85.4087 61.5085 3
    endloop
  endfacet
  facet normal -0.0973834 -0.547333 0.83123
    outer loop
      vertex 88.1349 61.0235 3
      vertex 85.2459 43.4482 -8.91112
      vertex 88.3783 43.2498 -8.67478
    endloop
  endfacet
  facet normal -0.0978814 -0.547302 0.831192
    outer loop
      vertex 85.696 93.3651 24.01
      vertex 86.696 166.118 72.0322
      vertex 86.3522 166.14 72.0062
    endloop
  endfacet
  facet normal -0.0973767 -0.547334 0.83123
    outer loop
      vertex 86.696 166.118 72.0322
      vertex 85.696 93.3651 24.01
      vertex 87.697 93.0091 24.01
    endloop
  endfacet
  facet normal -0.629748 -0.405744 0.662412
    outer loop
      vertex 114.192 39.9031 3
      vertex 114.096 40.0521 3
      vertex 113.815 35.8417 0.153881
    endloop
  endfacet
  facet normal -0.630103 -0.405513 0.662216
    outer loop
      vertex 116.174 71.1333 24.01
      vertex 124.967 155.859 84.259
      vertex 124.129 156.301 83.7323
    endloop
  endfacet
  facet normal -0.630147 -0.405489 0.662188
    outer loop
      vertex 116.174 71.1333 24.01
      vertex 124.129 156.301 83.7323
      vertex 121.945 157.453 82.3594
    endloop
  endfacet
  facet normal -0.630078 -0.405526 0.662231
    outer loop
      vertex 124.967 155.859 84.259
      vertex 116.174 71.1333 24.01
      vertex 116.978 69.8841 24.01
    endloop
  endfacet
  facet normal 0 0.766018 0.642819
    outer loop
      vertex 46.7168 33.4535 3
      vertex 48.0882 34.4587 1.80215
      vertex 46.6236 33.4535 3
    endloop
  endfacet
  facet normal 0 0.766018 0.642819
    outer loop
      vertex 46.9676 33.4535 3
      vertex 48.0882 34.4587 1.80215
      vertex 46.7168 33.4535 3
    endloop
  endfacet
  facet normal 0.678049 0.554754 -0.48218
    outer loop
      vertex 50.3855 -10.6492 55.5596
      vertex 38.9807 93.1707 158.968
      vertex 39.2329 93.0189 159.148
    endloop
  endfacet
  facet normal 0.679062 0.554144 -0.481456
    outer loop
      vertex 38.9807 93.1707 158.968
      vertex 50.3855 -10.6492 55.5596
      vertex 48.0882 -9.26612 53.9113
    endloop
  endfacet
  facet normal -0.000104149 0.765975 0.642871
    outer loop
      vertex 48.0882 -9.26612 53.9113
      vertex 50.3855 -10.6492 55.5596
      vertex 45.9365 -7.78944 52.1515
    endloop
  endfacet
  facet normal 0.578582 0.607147 -0.544625
    outer loop
      vertex 45.699 89.8205 162.96
      vertex 52.8186 -11.9327 57.0892
      vertex 42.5216 91.284 161.216
    endloop
  endfacet
  facet normal 0.578514 0.607177 -0.544662
    outer loop
      vertex 55.3771 -13.1112 58.4937
      vertex 45.699 89.8205 162.96
      vertex 45.9798 89.6911 163.114
    endloop
  endfacet
  facet normal 0.57862 0.607129 -0.544605
    outer loop
      vertex 45.699 89.8205 162.96
      vertex 55.3771 -13.1112 58.4937
      vertex 52.8186 -11.9327 57.0892
    endloop
  endfacet
  facet normal -0.000307895 0.765709 0.643187
    outer loop
      vertex 58.05 -14.1796 59.7669
      vertex 60.8259 -15.1333 60.9036
      vertex 55.3771 -13.1112 58.4937
    endloop
  endfacet
  facet normal 2.42131e-05 0.766057 0.642772
    outer loop
      vertex 45.9365 -7.78944 52.1515
      vertex 50.3855 -10.6492 55.5596
      vertex 42.1063 -4.5809 48.3277
    endloop
  endfacet
  facet normal 3.15669e-06 0.766045 0.642786
    outer loop
      vertex 42.1063 -4.5809 48.3277
      vertex 50.3855 -10.6492 55.5596
      vertex 34.4115 8.56065 32.6662
    endloop
  endfacet
  facet normal 0.524779 0.630264 -0.572166
    outer loop
      vertex 58.05 -14.1796 59.7669
      vertex 45.9798 89.6911 163.114
      vertex 46.2732 89.5739 163.254
    endloop
  endfacet
  facet normal 0.524557 0.630348 -0.572277
    outer loop
      vertex 45.9798 89.6911 163.114
      vertex 58.05 -14.1796 59.7669
      vertex 55.3771 -13.1112 58.4937
    endloop
  endfacet
  facet normal 0.52429 0.630456 -0.572403
    outer loop
      vertex 58.05 -14.1796 59.7669
      vertex 48.4827 88.6907 164.307
      vertex 49.5927 88.247 164.835
    endloop
  endfacet
  facet normal 0.524662 0.630308 -0.572225
    outer loop
      vertex 48.4827 88.6907 164.307
      vertex 58.05 -14.1796 59.7669
      vertex 46.2732 89.5739 163.254
    endloop
  endfacet
  facet normal -0.995153 -0.0983433 0
    outer loop
      vertex 85.0936 12.954 25
      vertex 85.0743 13.1493 27.1976
      vertex 85.0743 13.1493 25
    endloop
  endfacet
  facet normal -0.995153 -0.0983433 0
    outer loop
      vertex 85.0743 13.1493 27.1976
      vertex 85.0936 12.954 25
      vertex 85.0936 12.954 27.4304
    endloop
  endfacet
  facet normal -0.999468 -0.0326024 0
    outer loop
      vertex 85.1 12.7578 25
      vertex 85.0936 12.954 27.4304
      vertex 85.0936 12.954 25
    endloop
  endfacet
  facet normal -0.999468 -0.0326024 0
    outer loop
      vertex 85.0936 12.954 27.4304
      vertex 85.1 12.7578 25
      vertex 85.1 12.7578 27.6643
    endloop
  endfacet
  facet normal -0.986709 -0.162499 0
    outer loop
      vertex 85.0743 13.1493 25
      vertex 85.0424 13.343 26.9668
      vertex 85.0424 13.343 25
    endloop
  endfacet
  facet normal -0.986709 -0.162499 0
    outer loop
      vertex 85.0424 13.343 26.9668
      vertex 85.0743 13.1493 25
      vertex 85.0743 13.1493 27.1976
    endloop
  endfacet
  facet normal 0.812837 0.582491 -0
    outer loop
      vertex 79.7199 10.9315 25
      vertex 79.6056 11.091 29.6506
      vertex 79.7199 10.9315 29.8407
    endloop
  endfacet
  facet normal 0.812837 0.582491 0
    outer loop
      vertex 79.6056 11.091 29.6506
      vertex 79.7199 10.9315 25
      vertex 79.6056 11.091 25
    endloop
  endfacet
  facet normal -0.772958 0.634457 0
    outer loop
      vertex 84.3555 10.7797 25
      vertex 84.4801 10.9315 29.8407
      vertex 84.4801 10.9315 25
    endloop
  endfacet
  facet normal -0.772958 0.634457 0
    outer loop
      vertex 84.4801 10.9315 29.8407
      vertex 84.3555 10.7797 25
      vertex 84.3555 10.7797 30.0216
    endloop
  endfacet
  facet normal 0.849254 0.527984 -0
    outer loop
      vertex 79.6056 11.091 25
      vertex 79.5019 11.2578 29.4519
      vertex 79.6056 11.091 29.6506
    endloop
  endfacet
  facet normal 0.849254 0.527984 0
    outer loop
      vertex 79.5019 11.2578 29.4519
      vertex 79.6056 11.091 25
      vertex 79.5019 11.2578 25
    endloop
  endfacet
  facet normal -0.973701 -0.22783 0
    outer loop
      vertex 85.0424 13.343 25
      vertex 85.034 13.3789 26.924
      vertex 85.034 13.3789 25
    endloop
  endfacet
  facet normal -0.973701 -0.22783 0
    outer loop
      vertex 85.034 13.3789 26.924
      vertex 85.0424 13.343 25
      vertex 85.0424 13.343 26.9668
    endloop
  endfacet
  facet normal -0.956939 0.29029 0
    outer loop
      vertex 84.9408 11.7934 25
      vertex 84.9978 11.9813 28.5896
      vertex 84.9978 11.9813 25
    endloop
  endfacet
  facet normal -0.956939 0.29029 0
    outer loop
      vertex 84.9978 11.9813 28.5896
      vertex 84.9408 11.7934 25
      vertex 84.9408 11.7934 28.8135
    endloop
  endfacet
  facet normal -0.162846 0.986652 0
    outer loop
      vertex 82.4916 9.78343 25
      vertex 82.6853 9.8154 31.1708
      vertex 82.6853 9.8154 25
    endloop
  endfacet
  facet normal -0.162846 0.986652 0
    outer loop
      vertex 82.6853 9.8154 31.1708
      vertex 82.4916 9.78343 25
      vertex 82.4916 9.78343 31.2089
    endloop
  endfacet
  facet normal 0.528212 0.849112 -0
    outer loop
      vertex 80.6 10.1597 25
      vertex 80.4333 10.2634 30.637
      vertex 80.6 10.1597 30.7605
    endloop
  endfacet
  facet normal 0.528212 0.849112 0
    outer loop
      vertex 80.4333 10.2634 30.637
      vertex 80.6 10.1597 25
      vertex 80.4333 10.2634 25
    endloop
  endfacet
  facet normal -0.352296 0.935889 0
    outer loop
      vertex 83.0643 9.91697 25
      vertex 83.248 9.98612 30.9674
      vertex 83.248 9.98612 25
    endloop
  endfacet
  facet normal -0.352296 0.935889 0
    outer loop
      vertex 83.248 9.98612 30.9674
      vertex 83.0643 9.91697 25
      vertex 83.0643 9.91697 31.0498
    endloop
  endfacet
  facet normal -0.812837 0.582491 0
    outer loop
      vertex 84.4801 10.9315 25
      vertex 84.5944 11.091 29.6506
      vertex 84.5944 11.091 25
    endloop
  endfacet
  facet normal -0.812837 0.582491 0
    outer loop
      vertex 84.5944 11.091 29.6506
      vertex 84.4801 10.9315 25
      vertex 84.4801 10.9315 29.8407
    endloop
  endfacet
  facet normal 0.986709 0.162499 -0
    outer loop
      vertex 79.1576 12.1725 25
      vertex 79.1257 12.3662 28.1309
      vertex 79.1576 12.1725 28.3618
    endloop
  endfacet
  facet normal 0.986709 0.162499 0
    outer loop
      vertex 79.1257 12.3662 28.1309
      vertex 79.1576 12.1725 25
      vertex 79.1257 12.3662 25
    endloop
  endfacet
  facet normal 0.910889 0.412651 -0
    outer loop
      vertex 79.4094 11.4309 25
      vertex 79.3284 11.6097 29.0325
      vertex 79.4094 11.4309 29.2456
    endloop
  endfacet
  facet normal 0.910889 0.412651 0
    outer loop
      vertex 79.3284 11.6097 29.0325
      vertex 79.4094 11.4309 25
      vertex 79.3284 11.6097 25
    endloop
  endfacet
  facet normal -0.849254 0.527984 0
    outer loop
      vertex 84.5944 11.091 25
      vertex 84.6981 11.2578 29.4519
      vertex 84.6981 11.2578 25
    endloop
  endfacet
  facet normal -0.849254 0.527984 0
    outer loop
      vertex 84.6981 11.2578 29.4519
      vertex 84.5944 11.091 25
      vertex 84.5944 11.091 29.6506
    endloop
  endfacet
  facet normal 0.935805 0.352519 -0
    outer loop
      vertex 79.3284 11.6097 25
      vertex 79.2592 11.7934 28.8135
      vertex 79.3284 11.6097 29.0325
    endloop
  endfacet
  facet normal 0.935805 0.352519 0
    outer loop
      vertex 79.2592 11.7934 28.8135
      vertex 79.3284 11.6097 25
      vertex 79.2592 11.7934 25
    endloop
  endfacet
  facet normal -0.999468 0.0326024 0
    outer loop
      vertex 85.0936 12.5616 25
      vertex 85.1 12.7578 27.6643
      vertex 85.1 12.7578 25
    endloop
  endfacet
  facet normal -0.999462 0.0327838 -1.33679e-05
    outer loop
      vertex 85.1 12.7578 27.6643
      vertex 85.0936 12.5616 25
      vertex 85.0947 12.5963 27.8567
    endloop
  endfacet
  facet normal -0.999498 0.0316844 0
    outer loop
      vertex 85.0947 12.5963 27.8567
      vertex 85.0936 12.5616 25
      vertex 85.0936 12.5616 27.8981
    endloop
  endfacet
  facet normal -0.995157 0.0982934 0
    outer loop
      vertex 85.0743 12.3662 25
      vertex 85.0936 12.5616 27.8981
      vertex 85.0936 12.5616 25
    endloop
  endfacet
  facet normal -0.995157 0.0982934 0
    outer loop
      vertex 85.0936 12.5616 27.8981
      vertex 85.0743 12.3662 25
      vertex 85.0743 12.3662 28.1309
    endloop
  endfacet
  facet normal -0.227069 0.973879 0
    outer loop
      vertex 82.6853 9.8154 25
      vertex 82.8765 9.85998 31.1177
      vertex 82.8765 9.85998 25
    endloop
  endfacet
  facet normal -0.227069 0.973879 0
    outer loop
      vertex 82.8765 9.85998 31.1177
      vertex 82.6853 9.8154 25
      vertex 82.6853 9.8154 31.1708
    endloop
  endfacet
  facet normal -0.683551 0.729902 0
    outer loop
      vertex 84.078 10.5022 25
      vertex 84.2213 10.6364 30.1924
      vertex 84.2213 10.6364 25
    endloop
  endfacet
  facet normal -0.683551 0.729902 0
    outer loop
      vertex 84.2213 10.6364 30.1924
      vertex 84.078 10.5022 25
      vertex 84.078 10.5022 30.3523
    endloop
  endfacet
  facet normal -0.0980413 0.995182 0
    outer loop
      vertex 82.2962 9.76418 25
      vertex 82.4916 9.78343 31.2089
      vertex 82.4916 9.78343 25
    endloop
  endfacet
  facet normal -0.0980413 0.995182 0
    outer loop
      vertex 82.4916 9.78343 31.2089
      vertex 82.2962 9.76418 25
      vertex 82.2962 9.76418 31.2319
    endloop
  endfacet
  facet normal 0.58225 0.81301 -0
    outer loop
      vertex 80.4333 10.2634 25
      vertex 80.2737 10.3777 30.5007
      vertex 80.4333 10.2634 30.637
    endloop
  endfacet
  facet normal 0.58225 0.81301 0
    outer loop
      vertex 80.2737 10.3777 30.5007
      vertex 80.4333 10.2634 25
      vertex 80.2737 10.3777 25
    endloop
  endfacet
  facet normal 0.352296 0.935889 -0
    outer loop
      vertex 81.1357 9.91697 25
      vertex 80.952 9.98612 30.9674
      vertex 81.1357 9.91697 31.0498
    endloop
  endfacet
  facet normal 0.352296 0.935889 0
    outer loop
      vertex 80.952 9.98612 30.9674
      vertex 81.1357 9.91697 25
      vertex 80.952 9.98612 25
    endloop
  endfacet
  facet normal -0.58225 0.81301 0
    outer loop
      vertex 83.7667 10.2634 25
      vertex 83.9263 10.3777 30.5007
      vertex 83.9263 10.3777 25
    endloop
  endfacet
  facet normal -0.58225 0.81301 0
    outer loop
      vertex 83.9263 10.3777 30.5007
      vertex 83.7667 10.2634 25
      vertex 83.7667 10.2634 30.637
    endloop
  endfacet
  facet normal -0.471698 0.88176 0
    outer loop
      vertex 83.4269 10.0671 25
      vertex 83.6 10.1597 30.7605
      vertex 83.6 10.1597 25
    endloop
  endfacet
  facet normal -0.471698 0.88176 0
    outer loop
      vertex 83.6 10.1597 30.7605
      vertex 83.4269 10.0671 25
      vertex 83.4269 10.0671 30.8708
    endloop
  endfacet
  facet normal -0.729902 0.683551 0
    outer loop
      vertex 84.2213 10.6364 25
      vertex 84.3555 10.7797 30.0216
      vertex 84.3555 10.7797 25
    endloop
  endfacet
  facet normal -0.729902 0.683551 0
    outer loop
      vertex 84.3555 10.7797 30.0216
      vertex 84.2213 10.6364 25
      vertex 84.2213 10.6364 30.1924
    endloop
  endfacet
  facet normal 0.290385 0.95691 -0
    outer loop
      vertex 81.3235 9.85998 25
      vertex 81.1357 9.91697 31.0498
      vertex 81.3235 9.85998 31.1177
    endloop
  endfacet
  facet normal 0.290385 0.95691 0
    outer loop
      vertex 81.1357 9.91697 31.0498
      vertex 81.3235 9.85998 25
      vertex 81.1357 9.91697 25
    endloop
  endfacet
  facet normal -0.412375 0.911014 0
    outer loop
      vertex 83.248 9.98612 25
      vertex 83.4269 10.0671 30.8708
      vertex 83.4269 10.0671 25
    endloop
  endfacet
  facet normal -0.412375 0.911014 0
    outer loop
      vertex 83.4269 10.0671 30.8708
      vertex 83.248 9.98612 25
      vertex 83.248 9.98612 30.9674
    endloop
  endfacet
  facet normal -0.528212 0.849112 0
    outer loop
      vertex 83.6 10.1597 25
      vertex 83.7667 10.2634 30.637
      vertex 83.7667 10.2634 25
    endloop
  endfacet
  facet normal -0.528212 0.849112 0
    outer loop
      vertex 83.7667 10.2634 30.637
      vertex 83.6 10.1597 25
      vertex 83.6 10.1597 30.7605
    endloop
  endfacet
  facet normal 0.0327042 0.999465 -0
    outer loop
      vertex 82.1 9.75776 25
      vertex 81.9038 9.76418 31.2319
      vertex 82.1 9.75776 31.2395
    endloop
  endfacet
  facet normal 0.0327042 0.999465 0
    outer loop
      vertex 81.9038 9.76418 31.2319
      vertex 82.1 9.75776 25
      vertex 81.9038 9.76418 25
    endloop
  endfacet
  facet normal 0.0980413 0.995182 -0
    outer loop
      vertex 81.9038 9.76418 25
      vertex 81.7084 9.78343 31.2089
      vertex 81.9038 9.76418 31.2319
    endloop
  endfacet
  facet normal 0.0980413 0.995182 0
    outer loop
      vertex 81.7084 9.78343 31.2089
      vertex 81.9038 9.76418 25
      vertex 81.7084 9.78343 25
    endloop
  endfacet
  facet normal 0.999462 0.0327838 -1.33679e-05
    outer loop
      vertex 79.1064 12.5616 25
      vertex 79.1 12.7578 27.6643
      vertex 79.1053 12.5963 27.8567
    endloop
  endfacet
  facet normal 0.999498 0.0316844 -0
    outer loop
      vertex 79.1064 12.5616 25
      vertex 79.1053 12.5963 27.8567
      vertex 79.1064 12.5616 27.8981
    endloop
  endfacet
  facet normal 0.999468 0.0326024 0
    outer loop
      vertex 79.1 12.7578 27.6643
      vertex 79.1064 12.5616 25
      vertex 79.1 12.7578 25
    endloop
  endfacet
  facet normal -0.0327042 0.999465 0
    outer loop
      vertex 82.1 9.75776 25
      vertex 82.2962 9.76418 31.2319
      vertex 82.2962 9.76418 25
    endloop
  endfacet
  facet normal -0.0327042 0.999465 0
    outer loop
      vertex 82.2962 9.76418 31.2319
      vertex 82.1 9.75776 25
      vertex 82.1 9.75776 31.2395
    endloop
  endfacet
  facet normal -0.290385 0.95691 0
    outer loop
      vertex 82.8765 9.85998 25
      vertex 83.0643 9.91697 31.0498
      vertex 83.0643 9.91697 25
    endloop
  endfacet
  facet normal -0.290385 0.95691 0
    outer loop
      vertex 83.0643 9.91697 31.0498
      vertex 82.8765 9.85998 25
      vertex 82.8765 9.85998 31.1177
    endloop
  endfacet
  facet normal -0.881972 0.471302 0
    outer loop
      vertex 84.6981 11.2578 25
      vertex 84.7906 11.4309 29.2456
      vertex 84.7906 11.4309 25
    endloop
  endfacet
  facet normal -0.881972 0.471302 0
    outer loop
      vertex 84.7906 11.4309 29.2456
      vertex 84.6981 11.2578 25
      vertex 84.6981 11.2578 29.4519
    endloop
  endfacet
  facet normal 0.995153 -0.0983433 0
    outer loop
      vertex 79.1064 12.954 25
      vertex 79.1257 13.1493 27.1976
      vertex 79.1064 12.954 27.4304
    endloop
  endfacet
  facet normal 0.995153 -0.0983433 0
    outer loop
      vertex 79.1257 13.1493 27.1976
      vertex 79.1064 12.954 25
      vertex 79.1257 13.1493 25
    endloop
  endfacet
  facet normal -0.935805 0.352519 0
    outer loop
      vertex 84.8716 11.6097 25
      vertex 84.9408 11.7934 28.8135
      vertex 84.9408 11.7934 25
    endloop
  endfacet
  facet normal -0.935805 0.352519 0
    outer loop
      vertex 84.9408 11.7934 28.8135
      vertex 84.8716 11.6097 25
      vertex 84.8716 11.6097 29.0325
    endloop
  endfacet
  facet normal 0.729902 0.683551 -0
    outer loop
      vertex 79.9787 10.6364 25
      vertex 79.8445 10.7797 30.0216
      vertex 79.9787 10.6364 30.1924
    endloop
  endfacet
  facet normal 0.729902 0.683551 0
    outer loop
      vertex 79.8445 10.7797 30.0216
      vertex 79.9787 10.6364 25
      vertex 79.8445 10.7797 25
    endloop
  endfacet
  facet normal 0.881972 0.471302 -0
    outer loop
      vertex 79.5019 11.2578 25
      vertex 79.4094 11.4309 29.2456
      vertex 79.5019 11.2578 29.4519
    endloop
  endfacet
  facet normal 0.881972 0.471302 0
    outer loop
      vertex 79.4094 11.4309 29.2456
      vertex 79.5019 11.2578 25
      vertex 79.4094 11.4309 25
    endloop
  endfacet
  facet normal -0.973856 0.227165 0
    outer loop
      vertex 84.9978 11.9813 25
      vertex 85.0424 12.1725 28.3618
      vertex 85.0424 12.1725 25
    endloop
  endfacet
  facet normal -0.973856 0.227165 0
    outer loop
      vertex 85.0424 12.1725 28.3618
      vertex 84.9978 11.9813 25
      vertex 84.9978 11.9813 28.5896
    endloop
  endfacet
  facet normal 0.999468 -0.0326024 0
    outer loop
      vertex 79.1 12.7578 25
      vertex 79.1064 12.954 27.4304
      vertex 79.1 12.7578 27.6643
    endloop
  endfacet
  facet normal 0.999468 -0.0326024 0
    outer loop
      vertex 79.1064 12.954 27.4304
      vertex 79.1 12.7578 25
      vertex 79.1064 12.954 25
    endloop
  endfacet
  facet normal -0.986709 0.162499 0
    outer loop
      vertex 85.0424 12.1725 25
      vertex 85.0743 12.3662 28.1309
      vertex 85.0743 12.3662 25
    endloop
  endfacet
  facet normal -0.986709 0.162499 0
    outer loop
      vertex 85.0743 12.3662 28.1309
      vertex 85.0424 12.1725 25
      vertex 85.0424 12.1725 28.3618
    endloop
  endfacet
  facet normal 0.995157 0.0982934 -0
    outer loop
      vertex 79.1257 12.3662 25
      vertex 79.1064 12.5616 27.8981
      vertex 79.1257 12.3662 28.1309
    endloop
  endfacet
  facet normal 0.995157 0.0982934 0
    outer loop
      vertex 79.1064 12.5616 27.8981
      vertex 79.1257 12.3662 25
      vertex 79.1064 12.5616 25
    endloop
  endfacet
  facet normal 0.162846 0.986652 -0
    outer loop
      vertex 81.7084 9.78343 25
      vertex 81.5147 9.8154 31.1708
      vertex 81.7084 9.78343 31.2089
    endloop
  endfacet
  facet normal 0.162846 0.986652 0
    outer loop
      vertex 81.5147 9.8154 31.1708
      vertex 81.7084 9.78343 25
      vertex 81.5147 9.8154 25
    endloop
  endfacet
  facet normal 0.772958 0.634457 -0
    outer loop
      vertex 79.8445 10.7797 25
      vertex 79.7199 10.9315 29.8407
      vertex 79.8445 10.7797 30.0216
    endloop
  endfacet
  facet normal 0.772958 0.634457 0
    outer loop
      vertex 79.7199 10.9315 29.8407
      vertex 79.8445 10.7797 25
      vertex 79.7199 10.9315 25
    endloop
  endfacet
  facet normal 0.973701 -0.22783 0
    outer loop
      vertex 79.1576 13.343 25
      vertex 79.166 13.3789 26.924
      vertex 79.1576 13.343 26.9668
    endloop
  endfacet
  facet normal 0.973701 -0.22783 0
    outer loop
      vertex 79.166 13.3789 26.924
      vertex 79.1576 13.343 25
      vertex 79.166 13.3789 25
    endloop
  endfacet
  facet normal -0.634403 0.773003 0
    outer loop
      vertex 83.9263 10.3777 25
      vertex 84.078 10.5022 30.3523
      vertex 84.078 10.5022 25
    endloop
  endfacet
  facet normal -0.634403 0.773003 0
    outer loop
      vertex 84.078 10.5022 30.3523
      vertex 83.9263 10.3777 25
      vertex 83.9263 10.3777 30.5007
    endloop
  endfacet
  facet normal 0.412375 0.911014 -0
    outer loop
      vertex 80.952 9.98612 25
      vertex 80.7731 10.0671 30.8708
      vertex 80.952 9.98612 30.9674
    endloop
  endfacet
  facet normal 0.412375 0.911014 0
    outer loop
      vertex 80.7731 10.0671 30.8708
      vertex 80.952 9.98612 25
      vertex 80.7731 10.0671 25
    endloop
  endfacet
  facet normal -0 0 1
    outer loop
      vertex 84.8716 12.8519 25
      vertex 85.1 12.7578 25
      vertex 85.0936 12.954 25
    endloop
  endfacet
  facet normal -0 0 1
    outer loop
      vertex 84.9408 13.0357 25
      vertex 85.0936 12.954 25
      vertex 85.0743 13.1493 25
    endloop
  endfacet
  facet normal 0 0 1
    outer loop
      vertex 84.8716 12.8519 25
      vertex 85.0936 12.954 25
      vertex 84.9408 13.0357 25
    endloop
  endfacet
  facet normal -0 0 1
    outer loop
      vertex 84.9978 13.2235 25
      vertex 85.0743 13.1493 25
      vertex 85.0424 13.343 25
    endloop
  endfacet
  facet normal 0 0 1
    outer loop
      vertex 84.9408 13.0357 25
      vertex 85.0743 13.1493 25
      vertex 84.9978 13.2235 25
    endloop
  endfacet
  facet normal 0 0 1
    outer loop
      vertex 84.9978 13.2235 25
      vertex 85.0424 13.343 25
      vertex 85.034 13.3789 25
    endloop
  endfacet
  facet normal 0 0 1
    outer loop
      vertex 84.7906 12.6731 25
      vertex 85.1 12.7578 25
      vertex 84.8716 12.8519 25
    endloop
  endfacet
  facet normal 0 0 1
    outer loop
      vertex 85.1 12.7578 25
      vertex 84.7906 12.6731 25
      vertex 85.0936 12.5616 25
    endloop
  endfacet
  facet normal 0 0 1
    outer loop
      vertex 84.6981 12.5 25
      vertex 85.0936 12.5616 25
      vertex 84.7906 12.6731 25
    endloop
  endfacet
  facet normal 0 0 1
    outer loop
      vertex 85.0936 12.5616 25
      vertex 84.6981 12.5 25
      vertex 85.0743 12.3662 25
    endloop
  endfacet
  facet normal 0 0 1
    outer loop
      vertex 85.0743 12.3662 25
      vertex 84.6981 12.5 25
      vertex 85.0424 12.1725 25
    endloop
  endfacet
  facet normal -0 0 1
    outer loop
      vertex 84.5944 12.3333 25
      vertex 85.0424 12.1725 25
      vertex 84.6981 12.5 25
    endloop
  endfacet
  facet normal 0 0 1
    outer loop
      vertex 85.0424 12.1725 25
      vertex 84.5944 12.3333 25
      vertex 84.9978 11.9813 25
    endloop
  endfacet
  facet normal -0 0 1
    outer loop
      vertex 84.4801 12.1737 25
      vertex 84.9978 11.9813 25
      vertex 84.5944 12.3333 25
    endloop
  endfacet
  facet normal 0 0 1
    outer loop
      vertex 84.9978 11.9813 25
      vertex 84.4801 12.1737 25
      vertex 84.9408 11.7934 25
    endloop
  endfacet
  facet normal -0 0 1
    outer loop
      vertex 84.3555 12.022 25
      vertex 84.9408 11.7934 25
      vertex 84.4801 12.1737 25
    endloop
  endfacet
  facet normal 0 0 1
    outer loop
      vertex 84.9408 11.7934 25
      vertex 84.3555 12.022 25
      vertex 84.8716 11.6097 25
    endloop
  endfacet
  facet normal -0 0 1
    outer loop
      vertex 84.2213 11.8787 25
      vertex 84.8716 11.6097 25
      vertex 84.3555 12.022 25
    endloop
  endfacet
  facet normal 0 0 1
    outer loop
      vertex 84.8716 11.6097 25
      vertex 84.2213 11.8787 25
      vertex 84.7906 11.4309 25
    endloop
  endfacet
  facet normal -0 0 1
    outer loop
      vertex 84.078 11.7445 25
      vertex 84.7906 11.4309 25
      vertex 84.2213 11.8787 25
    endloop
  endfacet
  facet normal 0 0 1
    outer loop
      vertex 84.7906 11.4309 25
      vertex 84.078 11.7445 25
      vertex 84.6981 11.2578 25
    endloop
  endfacet
  facet normal 0 0 1
    outer loop
      vertex 84.6981 11.2578 25
      vertex 84.078 11.7445 25
      vertex 84.5944 11.091 25
    endloop
  endfacet
  facet normal -0 0 1
    outer loop
      vertex 83.9263 11.6199 25
      vertex 84.5944 11.091 25
      vertex 84.078 11.7445 25
    endloop
  endfacet
  facet normal 0 0 1
    outer loop
      vertex 84.5944 11.091 25
      vertex 83.9263 11.6199 25
      vertex 84.4801 10.9315 25
    endloop
  endfacet
  facet normal -0 0 1
    outer loop
      vertex 83.7667 11.5056 25
      vertex 84.4801 10.9315 25
      vertex 83.9263 11.6199 25
    endloop
  endfacet
  facet normal 0 0 1
    outer loop
      vertex 84.4801 10.9315 25
      vertex 83.7667 11.5056 25
      vertex 84.3555 10.7797 25
    endloop
  endfacet
  facet normal -0 0 1
    outer loop
      vertex 83.6 11.4019 25
      vertex 84.3555 10.7797 25
      vertex 83.7667 11.5056 25
    endloop
  endfacet
  facet normal 0 0 1
    outer loop
      vertex 84.3555 10.7797 25
      vertex 83.6 11.4019 25
      vertex 84.2213 10.6364 25
    endloop
  endfacet
  facet normal 0 0 1
    outer loop
      vertex 84.2213 10.6364 25
      vertex 83.6 11.4019 25
      vertex 84.078 10.5022 25
    endloop
  endfacet
  facet normal -0 0 1
    outer loop
      vertex 83.4269 11.3094 25
      vertex 84.078 10.5022 25
      vertex 83.6 11.4019 25
    endloop
  endfacet
  facet normal 0 0 1
    outer loop
      vertex 84.078 10.5022 25
      vertex 83.4269 11.3094 25
      vertex 83.9263 10.3777 25
    endloop
  endfacet
  facet normal -0 0 1
    outer loop
      vertex 83.248 11.2284 25
      vertex 83.9263 10.3777 25
      vertex 83.4269 11.3094 25
    endloop
  endfacet
  facet normal 0 0 1
    outer loop
      vertex 83.9263 10.3777 25
      vertex 83.248 11.2284 25
      vertex 83.7667 10.2634 25
    endloop
  endfacet
  facet normal 0 0 1
    outer loop
      vertex 83.7667 10.2634 25
      vertex 83.248 11.2284 25
      vertex 83.6 10.1597 25
    endloop
  endfacet
  facet normal -0 0 1
    outer loop
      vertex 83.0643 11.1592 25
      vertex 83.6 10.1597 25
      vertex 83.248 11.2284 25
    endloop
  endfacet
  facet normal 0 0 1
    outer loop
      vertex 83.6 10.1597 25
      vertex 83.0643 11.1592 25
      vertex 83.4269 10.0671 25
    endloop
  endfacet
  facet normal -0 0 1
    outer loop
      vertex 82.8765 11.1022 25
      vertex 83.4269 10.0671 25
      vertex 83.0643 11.1592 25
    endloop
  endfacet
  facet normal 0 0 1
    outer loop
      vertex 83.4269 10.0671 25
      vertex 82.8765 11.1022 25
      vertex 83.248 9.98612 25
    endloop
  endfacet
  facet normal 0 0 1
    outer loop
      vertex 83.248 9.98612 25
      vertex 82.8765 11.1022 25
      vertex 83.0643 9.91697 25
    endloop
  endfacet
  facet normal -0 0 1
    outer loop
      vertex 82.6853 11.0576 25
      vertex 83.0643 9.91697 25
      vertex 82.8765 11.1022 25
    endloop
  endfacet
  facet normal 0 0 1
    outer loop
      vertex 83.0643 9.91697 25
      vertex 82.6853 11.0576 25
      vertex 82.8765 9.85998 25
    endloop
  endfacet
  facet normal -0 0 1
    outer loop
      vertex 82.4916 11.0257 25
      vertex 82.8765 9.85998 25
      vertex 82.6853 11.0576 25
    endloop
  endfacet
  facet normal 0 0 1
    outer loop
      vertex 82.8765 9.85998 25
      vertex 82.4916 11.0257 25
      vertex 82.6853 9.8154 25
    endloop
  endfacet
  facet normal 0 0 1
    outer loop
      vertex 82.4916 11.0257 25
      vertex 82.4916 9.78343 25
      vertex 82.6853 9.8154 25
    endloop
  endfacet
  facet normal -0 0 1
    outer loop
      vertex 82.2962 11.0064 25
      vertex 82.4916 9.78343 25
      vertex 82.4916 11.0257 25
    endloop
  endfacet
  facet normal 0 0 1
    outer loop
      vertex 82.2962 11.0064 25
      vertex 82.2962 9.76418 25
      vertex 82.4916 9.78343 25
    endloop
  endfacet
  facet normal -0 0 1
    outer loop
      vertex 82.1 11 25
      vertex 82.2962 9.76418 25
      vertex 82.2962 11.0064 25
    endloop
  endfacet
  facet normal 0 0 1
    outer loop
      vertex 82.1 11 25
      vertex 82.1 9.75776 25
      vertex 82.2962 9.76418 25
    endloop
  endfacet
  facet normal 0 0 1
    outer loop
      vertex 81.9038 9.76418 25
      vertex 82.1 11 25
      vertex 81.9038 11.0064 25
    endloop
  endfacet
  facet normal 0 0 1
    outer loop
      vertex 82.1 11 25
      vertex 81.9038 9.76418 25
      vertex 82.1 9.75776 25
    endloop
  endfacet
  facet normal 0 0 1
    outer loop
      vertex 81.7084 9.78343 25
      vertex 81.9038 11.0064 25
      vertex 81.7084 11.0257 25
    endloop
  endfacet
  facet normal 0 0 1
    outer loop
      vertex 81.9038 11.0064 25
      vertex 81.7084 9.78343 25
      vertex 81.9038 9.76418 25
    endloop
  endfacet
  facet normal 0 0 1
    outer loop
      vertex 81.3235 9.85998 25
      vertex 81.7084 11.0257 25
      vertex 81.5147 11.0576 25
    endloop
  endfacet
  facet normal 0 0 1
    outer loop
      vertex 81.7084 11.0257 25
      vertex 81.5147 9.8154 25
      vertex 81.7084 9.78343 25
    endloop
  endfacet
  facet normal 0 0 1
    outer loop
      vertex 81.1357 9.91697 25
      vertex 81.5147 11.0576 25
      vertex 81.3235 11.1022 25
    endloop
  endfacet
  facet normal 0 0 1
    outer loop
      vertex 81.7084 11.0257 25
      vertex 81.3235 9.85998 25
      vertex 81.5147 9.8154 25
    endloop
  endfacet
  facet normal 0 0 1
    outer loop
      vertex 80.7731 10.0671 25
      vertex 81.3235 11.1022 25
      vertex 81.1357 11.1592 25
    endloop
  endfacet
  facet normal 0 0 1
    outer loop
      vertex 81.5147 11.0576 25
      vertex 81.1357 9.91697 25
      vertex 81.3235 9.85998 25
    endloop
  endfacet
  facet normal 0 0 1
    outer loop
      vertex 80.6 10.1597 25
      vertex 81.1357 11.1592 25
      vertex 80.952 11.2284 25
    endloop
  endfacet
  facet normal 0 0 1
    outer loop
      vertex 81.3235 11.1022 25
      vertex 80.952 9.98612 25
      vertex 81.1357 9.91697 25
    endloop
  endfacet
  facet normal 0 0 1
    outer loop
      vertex 80.2737 10.3777 25
      vertex 80.952 11.2284 25
      vertex 80.7731 11.3094 25
    endloop
  endfacet
  facet normal 0 0 1
    outer loop
      vertex 81.3235 11.1022 25
      vertex 80.7731 10.0671 25
      vertex 80.952 9.98612 25
    endloop
  endfacet
  facet normal 0 0 1
    outer loop
      vertex 80.122 10.5022 25
      vertex 80.7731 11.3094 25
      vertex 80.6 11.4019 25
    endloop
  endfacet
  facet normal 0 0 1
    outer loop
      vertex 81.1357 11.1592 25
      vertex 80.6 10.1597 25
      vertex 80.7731 10.0671 25
    endloop
  endfacet
  facet normal 0 0 1
    outer loop
      vertex 79.8445 10.7797 25
      vertex 80.6 11.4019 25
      vertex 80.4333 11.5056 25
    endloop
  endfacet
  facet normal 0 0 1
    outer loop
      vertex 80.952 11.2284 25
      vertex 80.4333 10.2634 25
      vertex 80.6 10.1597 25
    endloop
  endfacet
  facet normal 0 0 1
    outer loop
      vertex 79.7199 10.9315 25
      vertex 80.4333 11.5056 25
      vertex 80.2737 11.6199 25
    endloop
  endfacet
  facet normal 0 0 1
    outer loop
      vertex 80.952 11.2284 25
      vertex 80.2737 10.3777 25
      vertex 80.4333 10.2634 25
    endloop
  endfacet
  facet normal 0 0 1
    outer loop
      vertex 79.6056 11.091 25
      vertex 80.2737 11.6199 25
      vertex 80.122 11.7445 25
    endloop
  endfacet
  facet normal 0 0 1
    outer loop
      vertex 80.7731 11.3094 25
      vertex 80.122 10.5022 25
      vertex 80.2737 10.3777 25
    endloop
  endfacet
  facet normal 0 0 1
    outer loop
      vertex 79.4094 11.4309 25
      vertex 80.122 11.7445 25
      vertex 79.9787 11.8787 25
    endloop
  endfacet
  facet normal 0 0 1
    outer loop
      vertex 80.6 11.4019 25
      vertex 79.9787 10.6364 25
      vertex 80.122 10.5022 25
    endloop
  endfacet
  facet normal 0 0 1
    outer loop
      vertex 79.3284 11.6097 25
      vertex 79.9787 11.8787 25
      vertex 79.8445 12.022 25
    endloop
  endfacet
  facet normal 0 0 1
    outer loop
      vertex 80.6 11.4019 25
      vertex 79.8445 10.7797 25
      vertex 79.9787 10.6364 25
    endloop
  endfacet
  facet normal 0 0 1
    outer loop
      vertex 79.2592 11.7934 25
      vertex 79.8445 12.022 25
      vertex 79.7199 12.1737 25
    endloop
  endfacet
  facet normal 0 0 1
    outer loop
      vertex 80.4333 11.5056 25
      vertex 79.7199 10.9315 25
      vertex 79.8445 10.7797 25
    endloop
  endfacet
  facet normal 0 0 1
    outer loop
      vertex 79.2022 11.9813 25
      vertex 79.7199 12.1737 25
      vertex 79.6056 12.3333 25
    endloop
  endfacet
  facet normal 0 0 1
    outer loop
      vertex 80.2737 11.6199 25
      vertex 79.6056 11.091 25
      vertex 79.7199 10.9315 25
    endloop
  endfacet
  facet normal 0 0 1
    outer loop
      vertex 79.1576 12.1725 25
      vertex 79.6056 12.3333 25
      vertex 79.5019 12.5 25
    endloop
  endfacet
  facet normal 0 0 1
    outer loop
      vertex 80.122 11.7445 25
      vertex 79.5019 11.2578 25
      vertex 79.6056 11.091 25
    endloop
  endfacet
  facet normal -0 0 1
    outer loop
      vertex 79.1064 12.5616 25
      vertex 79.5019 12.5 25
      vertex 79.4094 12.6731 25
    endloop
  endfacet
  facet normal 0 0 1
    outer loop
      vertex 80.122 11.7445 25
      vertex 79.4094 11.4309 25
      vertex 79.5019 11.2578 25
    endloop
  endfacet
  facet normal -0 0 1
    outer loop
      vertex 79.1 12.7578 25
      vertex 79.4094 12.6731 25
      vertex 79.3284 12.8519 25
    endloop
  endfacet
  facet normal 0 0 1
    outer loop
      vertex 79.9787 11.8787 25
      vertex 79.3284 11.6097 25
      vertex 79.4094 11.4309 25
    endloop
  endfacet
  facet normal -0 0 1
    outer loop
      vertex 79.1064 12.954 25
      vertex 79.3284 12.8519 25
      vertex 79.2592 13.0357 25
    endloop
  endfacet
  facet normal 0 0 1
    outer loop
      vertex 79.8445 12.022 25
      vertex 79.2592 11.7934 25
      vertex 79.3284 11.6097 25
    endloop
  endfacet
  facet normal -0 0 1
    outer loop
      vertex 79.1257 13.1493 25
      vertex 79.2592 13.0357 25
      vertex 79.2022 13.2235 25
    endloop
  endfacet
  facet normal 0 0 1
    outer loop
      vertex 79.7199 12.1737 25
      vertex 79.2022 11.9813 25
      vertex 79.2592 11.7934 25
    endloop
  endfacet
  facet normal -0 0 1
    outer loop
      vertex 79.1576 13.343 25
      vertex 79.2022 13.2235 25
      vertex 79.166 13.3789 25
    endloop
  endfacet
  facet normal 0 0 1
    outer loop
      vertex 79.2022 13.2235 25
      vertex 79.1576 13.343 25
      vertex 79.1257 13.1493 25
    endloop
  endfacet
  facet normal 0 0 1
    outer loop
      vertex 79.6056 12.3333 25
      vertex 79.1576 12.1725 25
      vertex 79.2022 11.9813 25
    endloop
  endfacet
  facet normal 0 0 1
    outer loop
      vertex 79.2592 13.0357 25
      vertex 79.1257 13.1493 25
      vertex 79.1064 12.954 25
    endloop
  endfacet
  facet normal 0 0 1
    outer loop
      vertex 79.5019 12.5 25
      vertex 79.1257 12.3662 25
      vertex 79.1576 12.1725 25
    endloop
  endfacet
  facet normal 0 0 1
    outer loop
      vertex 79.3284 12.8519 25
      vertex 79.1064 12.954 25
      vertex 79.1 12.7578 25
    endloop
  endfacet
  facet normal 0 0 1
    outer loop
      vertex 79.5019 12.5 25
      vertex 79.1064 12.5616 25
      vertex 79.1257 12.3662 25
    endloop
  endfacet
  facet normal 0 0 1
    outer loop
      vertex 79.4094 12.6731 25
      vertex 79.1 12.7578 25
      vertex 79.1064 12.5616 25
    endloop
  endfacet
  facet normal 0.227069 0.973879 -0
    outer loop
      vertex 81.5147 9.8154 25
      vertex 81.3235 9.85998 31.1177
      vertex 81.5147 9.8154 31.1708
    endloop
  endfacet
  facet normal 0.227069 0.973879 0
    outer loop
      vertex 81.3235 9.85998 31.1177
      vertex 81.5147 9.8154 25
      vertex 81.3235 9.85998 25
    endloop
  endfacet
  facet normal -0.910889 0.412651 0
    outer loop
      vertex 84.7906 11.4309 25
      vertex 84.8716 11.6097 29.0325
      vertex 84.8716 11.6097 25
    endloop
  endfacet
  facet normal -0.910889 0.412651 0
    outer loop
      vertex 84.8716 11.6097 29.0325
      vertex 84.7906 11.4309 25
      vertex 84.7906 11.4309 29.2456
    endloop
  endfacet
  facet normal 0.973856 0.227165 -0
    outer loop
      vertex 79.2022 11.9813 25
      vertex 79.1576 12.1725 28.3618
      vertex 79.2022 11.9813 28.5896
    endloop
  endfacet
  facet normal 0.973856 0.227165 0
    outer loop
      vertex 79.1576 12.1725 28.3618
      vertex 79.2022 11.9813 25
      vertex 79.1576 12.1725 25
    endloop
  endfacet
  facet normal 0.956939 0.29029 -0
    outer loop
      vertex 79.2592 11.7934 25
      vertex 79.2022 11.9813 28.5896
      vertex 79.2592 11.7934 28.8135
    endloop
  endfacet
  facet normal 0.956939 0.29029 0
    outer loop
      vertex 79.2022 11.9813 28.5896
      vertex 79.2592 11.7934 25
      vertex 79.2022 11.9813 25
    endloop
  endfacet
  facet normal 0.634403 0.773003 -0
    outer loop
      vertex 80.2737 10.3777 25
      vertex 80.122 10.5022 30.3523
      vertex 80.2737 10.3777 30.5007
    endloop
  endfacet
  facet normal 0.634403 0.773003 0
    outer loop
      vertex 80.122 10.5022 30.3523
      vertex 80.2737 10.3777 25
      vertex 80.122 10.5022 25
    endloop
  endfacet
  facet normal 0.986709 -0.162499 0
    outer loop
      vertex 79.1257 13.1493 25
      vertex 79.1576 13.343 26.9668
      vertex 79.1257 13.1493 27.1976
    endloop
  endfacet
  facet normal 0.986709 -0.162499 0
    outer loop
      vertex 79.1576 13.343 26.9668
      vertex 79.1257 13.1493 25
      vertex 79.1576 13.343 25
    endloop
  endfacet
  facet normal 0.471698 0.88176 -0
    outer loop
      vertex 80.7731 10.0671 25
      vertex 80.6 10.1597 30.7605
      vertex 80.7731 10.0671 30.8708
    endloop
  endfacet
  facet normal 0.471698 0.88176 0
    outer loop
      vertex 80.6 10.1597 30.7605
      vertex 80.7731 10.0671 25
      vertex 80.6 10.1597 25
    endloop
  endfacet
  facet normal 0.683551 0.729902 -0
    outer loop
      vertex 80.122 10.5022 25
      vertex 79.9787 10.6364 30.1924
      vertex 80.122 10.5022 30.3523
    endloop
  endfacet
  facet normal 0.683551 0.729902 0
    outer loop
      vertex 79.9787 10.6364 30.1924
      vertex 80.122 10.5022 25
      vertex 79.9787 10.6364 25
    endloop
  endfacet
  facet normal -0.41246 0.910976 0
    outer loop
      vertex 83.4269 11.3094 0
      vertex 83.248 11.2284 3
      vertex 83.4269 11.3094 3
    endloop
  endfacet
  facet normal -0.41246 0.910976 0
    outer loop
      vertex 83.248 11.2284 3
      vertex 83.4269 11.3094 0
      vertex 83.248 11.2284 0
    endloop
  endfacet
  facet normal -0.41246 0.910976 0
    outer loop
      vertex 83.4269 11.3094 24.01
      vertex 83.248 11.2284 25
      vertex 83.4269 11.3094 25
    endloop
  endfacet
  facet normal -0.41246 0.910976 0
    outer loop
      vertex 83.248 11.2284 25
      vertex 83.4269 11.3094 24.01
      vertex 83.248 11.2284 24.01
    endloop
  endfacet
  facet normal 0.683551 -0.729902 0
    outer loop
      vertex 79.9787 16.1213 0
      vertex 80.122 16.2555 3
      vertex 79.9787 16.1213 3
    endloop
  endfacet
  facet normal 0.683551 -0.729902 0
    outer loop
      vertex 80.122 16.2555 3
      vertex 79.9787 16.1213 0
      vertex 80.122 16.2555 0
    endloop
  endfacet
  facet normal -0.995157 -0.0982934 0
    outer loop
      vertex 85.0936 14.1962 0
      vertex 85.0743 14.3916 3
      vertex 85.0743 14.3916 0
    endloop
  endfacet
  facet normal -0.995157 -0.0982934 0
    outer loop
      vertex 85.0743 14.3916 3
      vertex 85.0936 14.1962 0
      vertex 85.0936 14.1962 3
    endloop
  endfacet
  facet normal -0.995157 -0.0982934 0
    outer loop
      vertex 85.0936 14.1962 24.01
      vertex 85.0743 14.3916 25.7172
      vertex 85.0743 14.3916 24.01
    endloop
  endfacet
  facet normal -0.995157 -0.0982934 0
    outer loop
      vertex 85.0743 14.3916 25.7172
      vertex 85.0936 14.1962 24.01
      vertex 85.0936 14.1962 25.95
    endloop
  endfacet
  facet normal -0.999468 -0.0326024 0
    outer loop
      vertex 85.1 14 0
      vertex 85.0936 14.1962 3
      vertex 85.0936 14.1962 0
    endloop
  endfacet
  facet normal -0.999468 -0.0326024 0
    outer loop
      vertex 85.0936 14.1962 3
      vertex 85.1 14 0
      vertex 85.1 14 3
    endloop
  endfacet
  facet normal -0.999468 -0.0326024 0
    outer loop
      vertex 85.1 14 24.01
      vertex 85.0936 14.1962 25.95
      vertex 85.0936 14.1962 24.01
    endloop
  endfacet
  facet normal -0.999468 -0.0326024 0
    outer loop
      vertex 85.0936 14.1962 25.95
      vertex 85.1 14 24.01
      vertex 85.1 14 26.1838
    endloop
  endfacet
  facet normal -0.986709 -0.162499 0
    outer loop
      vertex 85.0743 14.3916 0
      vertex 85.0424 14.5853 3
      vertex 85.0424 14.5853 0
    endloop
  endfacet
  facet normal -0.986709 -0.162499 0
    outer loop
      vertex 85.0424 14.5853 3
      vertex 85.0743 14.3916 0
      vertex 85.0743 14.3916 3
    endloop
  endfacet
  facet normal -0.986709 -0.162499 0
    outer loop
      vertex 85.0743 14.3916 24.01
      vertex 85.0424 14.5853 25.4863
      vertex 85.0424 14.5853 24.01
    endloop
  endfacet
  facet normal -0.986709 -0.162499 0
    outer loop
      vertex 85.0424 14.5853 25.4863
      vertex 85.0743 14.3916 24.01
      vertex 85.0743 14.3916 25.7172
    endloop
  endfacet
  facet normal -0.528212 0.849112 0
    outer loop
      vertex 83.7667 11.5056 0
      vertex 83.6 11.4019 3
      vertex 83.7667 11.5056 3
    endloop
  endfacet
  facet normal -0.528212 0.849112 0
    outer loop
      vertex 83.6 11.4019 3
      vertex 83.7667 11.5056 0
      vertex 83.6 11.4019 0
    endloop
  endfacet
  facet normal -0.528212 0.849112 0
    outer loop
      vertex 83.7667 11.5056 24.01
      vertex 83.6 11.4019 25
      vertex 83.7667 11.5056 25
    endloop
  endfacet
  facet normal -0.528212 0.849112 0
    outer loop
      vertex 83.6 11.4019 25
      vertex 83.7667 11.5056 24.01
      vertex 83.6 11.4019 24.01
    endloop
  endfacet
  facet normal 0.528212 0.849112 -0
    outer loop
      vertex 80.6 11.4019 0
      vertex 80.4333 11.5056 3
      vertex 80.6 11.4019 3
    endloop
  endfacet
  facet normal 0.528212 0.849112 0
    outer loop
      vertex 80.4333 11.5056 3
      vertex 80.6 11.4019 0
      vertex 80.4333 11.5056 0
    endloop
  endfacet
  facet normal 0.528212 0.849112 -0
    outer loop
      vertex 80.6 11.4019 24.01
      vertex 80.4333 11.5056 25
      vertex 80.6 11.4019 25
    endloop
  endfacet
  facet normal 0.528212 0.849112 0
    outer loop
      vertex 80.4333 11.5056 25
      vertex 80.6 11.4019 24.01
      vertex 80.4333 11.5056 24.01
    endloop
  endfacet
  facet normal 0.0326024 -0.999468 0
    outer loop
      vertex 81.9038 16.9936 0
      vertex 82.1 17 3
      vertex 81.9038 16.9936 3
    endloop
  endfacet
  facet normal 0.0326024 -0.999468 0
    outer loop
      vertex 82.1 17 3
      vertex 81.9038 16.9936 0
      vertex 82.1 17 0
    endloop
  endfacet
  facet normal 0.0326024 0.999468 -0
    outer loop
      vertex 82.1 11 0
      vertex 81.9038 11.0064 3
      vertex 82.1 11 3
    endloop
  endfacet
  facet normal 0.0326024 0.999468 0
    outer loop
      vertex 81.9038 11.0064 3
      vertex 82.1 11 0
      vertex 81.9038 11.0064 0
    endloop
  endfacet
  facet normal 0.0326024 0.999468 -0
    outer loop
      vertex 82.1 11 24.01
      vertex 81.9038 11.0064 25
      vertex 82.1 11 25
    endloop
  endfacet
  facet normal 0.0326024 0.999468 0
    outer loop
      vertex 81.9038 11.0064 25
      vertex 82.1 11 24.01
      vertex 81.9038 11.0064 24.01
    endloop
  endfacet
  facet normal -0.772753 0.634707 0
    outer loop
      vertex 84.3555 12.022 0
      vertex 84.4801 12.1737 3
      vertex 84.4801 12.1737 0
    endloop
  endfacet
  facet normal -0.772753 0.634707 0
    outer loop
      vertex 84.4801 12.1737 3
      vertex 84.3555 12.022 0
      vertex 84.3555 12.022 3
    endloop
  endfacet
  facet normal -0.772753 0.634707 0
    outer loop
      vertex 84.3555 12.022 24.01
      vertex 84.4801 12.1737 25
      vertex 84.4801 12.1737 24.01
    endloop
  endfacet
  facet normal -0.772753 0.634707 0
    outer loop
      vertex 84.4801 12.1737 25
      vertex 84.3555 12.022 24.01
      vertex 84.3555 12.022 25
    endloop
  endfacet
  facet normal 0.41246 -0.910976 0
    outer loop
      vertex 80.7731 16.6906 0
      vertex 80.952 16.7716 3
      vertex 80.7731 16.6906 3
    endloop
  endfacet
  facet normal 0.41246 -0.910976 0
    outer loop
      vertex 80.952 16.7716 3
      vertex 80.7731 16.6906 0
      vertex 80.952 16.7716 0
    endloop
  endfacet
  facet normal -0.973856 -0.227165 0
    outer loop
      vertex 85.0424 14.5853 0
      vertex 84.9978 14.7765 3
      vertex 84.9978 14.7765 0
    endloop
  endfacet
  facet normal -0.973856 -0.227165 0
    outer loop
      vertex 84.9978 14.7765 3
      vertex 85.0424 14.5853 0
      vertex 85.0424 14.5853 3
    endloop
  endfacet
  facet normal -0.973856 -0.227165 0
    outer loop
      vertex 85.0424 14.5853 24.01
      vertex 84.9978 14.7765 25.2585
      vertex 84.9978 14.7765 24.01
    endloop
  endfacet
  facet normal -0.973856 -0.227165 0
    outer loop
      vertex 84.9978 14.7765 25.2585
      vertex 85.0424 14.5853 24.01
      vertex 85.0424 14.5853 25.4863
    endloop
  endfacet
  facet normal -0.58225 -0.81301 0
    outer loop
      vertex 83.7667 16.4944 0
      vertex 83.9263 16.3801 3
      vertex 83.7667 16.4944 3
    endloop
  endfacet
  facet normal -0.58225 -0.81301 -0
    outer loop
      vertex 83.9263 16.3801 3
      vertex 83.7667 16.4944 0
      vertex 83.9263 16.3801 0
    endloop
  endfacet
  facet normal 0.58225 0.81301 -0
    outer loop
      vertex 80.4333 11.5056 0
      vertex 80.2737 11.6199 3
      vertex 80.4333 11.5056 3
    endloop
  endfacet
  facet normal 0.58225 0.81301 0
    outer loop
      vertex 80.2737 11.6199 3
      vertex 80.4333 11.5056 0
      vertex 80.2737 11.6199 0
    endloop
  endfacet
  facet normal 0.58225 0.81301 -0
    outer loop
      vertex 80.4333 11.5056 24.01
      vertex 80.2737 11.6199 25
      vertex 80.4333 11.5056 25
    endloop
  endfacet
  facet normal 0.58225 0.81301 0
    outer loop
      vertex 80.2737 11.6199 25
      vertex 80.4333 11.5056 24.01
      vertex 80.2737 11.6199 24.01
    endloop
  endfacet
  facet normal -0.227165 0.973856 0
    outer loop
      vertex 82.8765 11.1022 0
      vertex 82.6853 11.0576 3
      vertex 82.8765 11.1022 3
    endloop
  endfacet
  facet normal -0.227165 0.973856 0
    outer loop
      vertex 82.6853 11.0576 3
      vertex 82.8765 11.1022 0
      vertex 82.6853 11.0576 0
    endloop
  endfacet
  facet normal -0.227165 0.973856 0
    outer loop
      vertex 82.8765 11.1022 24.01
      vertex 82.6853 11.0576 25
      vertex 82.8765 11.1022 25
    endloop
  endfacet
  facet normal -0.227165 0.973856 0
    outer loop
      vertex 82.6853 11.0576 25
      vertex 82.8765 11.1022 24.01
      vertex 82.6853 11.0576 24.01
    endloop
  endfacet
  facet normal -0.729902 -0.683551 0
    outer loop
      vertex 84.3555 15.978 0
      vertex 84.2213 16.1213 3
      vertex 84.2213 16.1213 0
    endloop
  endfacet
  facet normal -0.729902 -0.683551 0
    outer loop
      vertex 84.2213 16.1213 3
      vertex 84.3555 15.978 0
      vertex 84.3555 15.978 3
    endloop
  endfacet
  facet normal -0.683551 -0.729902 0
    outer loop
      vertex 84.078 16.2555 0
      vertex 84.2213 16.1213 3
      vertex 84.078 16.2555 3
    endloop
  endfacet
  facet normal -0.683551 -0.729902 -0
    outer loop
      vertex 84.2213 16.1213 3
      vertex 84.078 16.2555 0
      vertex 84.2213 16.1213 0
    endloop
  endfacet
  facet normal -0.995157 0.0982934 0
    outer loop
      vertex 85.0743 13.6084 0
      vertex 85.0936 13.8038 3
      vertex 85.0936 13.8038 0
    endloop
  endfacet
  facet normal -0.995157 0.0982934 0
    outer loop
      vertex 85.0936 13.8038 3
      vertex 85.0743 13.6084 0
      vertex 85.0743 13.6084 3
    endloop
  endfacet
  facet normal -0.995157 0.0982934 0
    outer loop
      vertex 85.0743 13.6084 24.01
      vertex 85.0936 13.8038 26.4177
      vertex 85.0936 13.8038 24.01
    endloop
  endfacet
  facet normal -0.995157 0.0982934 0
    outer loop
      vertex 85.0936 13.8038 26.4177
      vertex 85.0743 13.6084 24.01
      vertex 85.0743 13.6084 26.6505
    endloop
  endfacet
  facet normal -0.352519 -0.935805 0
    outer loop
      vertex 83.0643 16.8408 0
      vertex 83.248 16.7716 3
      vertex 83.0643 16.8408 3
    endloop
  endfacet
  facet normal -0.352519 -0.935805 -0
    outer loop
      vertex 83.248 16.7716 3
      vertex 83.0643 16.8408 0
      vertex 83.248 16.7716 0
    endloop
  endfacet
  facet normal -0.290432 0.956896 0
    outer loop
      vertex 83.0643 11.1592 0
      vertex 82.8765 11.1022 3
      vertex 83.0643 11.1592 3
    endloop
  endfacet
  facet normal -0.290432 0.956896 0
    outer loop
      vertex 82.8765 11.1022 3
      vertex 83.0643 11.1592 0
      vertex 82.8765 11.1022 0
    endloop
  endfacet
  facet normal -0.290432 0.956896 0
    outer loop
      vertex 83.0643 11.1592 24.01
      vertex 82.8765 11.1022 25
      vertex 83.0643 11.1592 25
    endloop
  endfacet
  facet normal -0.290432 0.956896 0
    outer loop
      vertex 82.8765 11.1022 25
      vertex 83.0643 11.1592 24.01
      vertex 82.8765 11.1022 24.01
    endloop
  endfacet
  facet normal 0.162499 -0.986709 0
    outer loop
      vertex 81.5147 16.9424 0
      vertex 81.7084 16.9743 3
      vertex 81.5147 16.9424 3
    endloop
  endfacet
  facet normal 0.162499 -0.986709 0
    outer loop
      vertex 81.7084 16.9743 3
      vertex 81.5147 16.9424 0
      vertex 81.7084 16.9743 0
    endloop
  endfacet
  facet normal -0.0982934 0.995157 0
    outer loop
      vertex 82.4916 11.0257 0
      vertex 82.2962 11.0064 3
      vertex 82.4916 11.0257 3
    endloop
  endfacet
  facet normal -0.0982934 0.995157 0
    outer loop
      vertex 82.2962 11.0064 3
      vertex 82.4916 11.0257 0
      vertex 82.2962 11.0064 0
    endloop
  endfacet
  facet normal -0.0982934 0.995157 0
    outer loop
      vertex 82.4916 11.0257 24.01
      vertex 82.2962 11.0064 25
      vertex 82.4916 11.0257 25
    endloop
  endfacet
  facet normal -0.0982934 0.995157 0
    outer loop
      vertex 82.2962 11.0064 25
      vertex 82.4916 11.0257 24.01
      vertex 82.2962 11.0064 24.01
    endloop
  endfacet
  facet normal -0.471302 0.881972 0
    outer loop
      vertex 83.6 11.4019 0
      vertex 83.4269 11.3094 3
      vertex 83.6 11.4019 3
    endloop
  endfacet
  facet normal -0.471302 0.881972 0
    outer loop
      vertex 83.4269 11.3094 3
      vertex 83.6 11.4019 0
      vertex 83.4269 11.3094 0
    endloop
  endfacet
  facet normal -0.471302 0.881972 0
    outer loop
      vertex 83.6 11.4019 24.01
      vertex 83.4269 11.3094 25
      vertex 83.6 11.4019 25
    endloop
  endfacet
  facet normal -0.471302 0.881972 0
    outer loop
      vertex 83.4269 11.3094 25
      vertex 83.6 11.4019 24.01
      vertex 83.4269 11.3094 24.01
    endloop
  endfacet
  facet normal -0.999468 0.0326024 0
    outer loop
      vertex 85.0936 13.8038 0
      vertex 85.1 14 3
      vertex 85.1 14 0
    endloop
  endfacet
  facet normal -0.999468 0.0326024 0
    outer loop
      vertex 85.1 14 3
      vertex 85.0936 13.8038 0
      vertex 85.0936 13.8038 3
    endloop
  endfacet
  facet normal -0.999468 0.0326024 0
    outer loop
      vertex 85.0936 13.8038 24.01
      vertex 85.1 14 26.1838
      vertex 85.1 14 24.01
    endloop
  endfacet
  facet normal -0.999468 0.0326024 0
    outer loop
      vertex 85.1 14 26.1838
      vertex 85.0936 13.8038 24.01
      vertex 85.0936 13.8038 26.4177
    endloop
  endfacet
  facet normal 0.729902 -0.683551 0
    outer loop
      vertex 79.8445 15.978 3
      vertex 79.9787 16.1213 0
      vertex 79.9787 16.1213 3
    endloop
  endfacet
  facet normal 0.729902 -0.683551 0
    outer loop
      vertex 79.9787 16.1213 0
      vertex 79.8445 15.978 3
      vertex 79.8445 15.978 0
    endloop
  endfacet
  facet normal -0.849112 -0.528212 0
    outer loop
      vertex 84.6981 15.5 0
      vertex 84.5944 15.6667 3
      vertex 84.5944 15.6667 0
    endloop
  endfacet
  facet normal -0.849112 -0.528212 0
    outer loop
      vertex 84.5944 15.6667 3
      vertex 84.6981 15.5 0
      vertex 84.6981 15.5 3
    endloop
  endfacet
  facet normal -0.849112 -0.528212 0
    outer loop
      vertex 84.6981 15.5 24.01
      vertex 84.5944 15.6667 24.1975
      vertex 84.5944 15.6667 24.01
    endloop
  endfacet
  facet normal -0.849112 -0.528212 0
    outer loop
      vertex 84.5944 15.6667 24.1975
      vertex 84.6981 15.5 24.01
      vertex 84.6981 15.5 24.3962
    endloop
  endfacet
  facet normal -0.58225 0.81301 0
    outer loop
      vertex 83.9263 11.6199 0
      vertex 83.7667 11.5056 3
      vertex 83.9263 11.6199 3
    endloop
  endfacet
  facet normal -0.58225 0.81301 0
    outer loop
      vertex 83.7667 11.5056 3
      vertex 83.9263 11.6199 0
      vertex 83.7667 11.5056 0
    endloop
  endfacet
  facet normal -0.58225 0.81301 0
    outer loop
      vertex 83.9263 11.6199 24.01
      vertex 83.7667 11.5056 25
      vertex 83.9263 11.6199 25
    endloop
  endfacet
  facet normal -0.58225 0.81301 0
    outer loop
      vertex 83.7667 11.5056 25
      vertex 83.9263 11.6199 24.01
      vertex 83.7667 11.5056 24.01
    endloop
  endfacet
  facet normal -0.956896 -0.290432 0
    outer loop
      vertex 84.9978 14.7765 0
      vertex 84.9408 14.9643 3
      vertex 84.9408 14.9643 0
    endloop
  endfacet
  facet normal -0.956896 -0.290432 0
    outer loop
      vertex 84.9408 14.9643 3
      vertex 84.9978 14.7765 0
      vertex 84.9978 14.7765 3
    endloop
  endfacet
  facet normal -0.956896 -0.290432 0
    outer loop
      vertex 84.9978 14.7765 24.01
      vertex 84.9408 14.9643 25.0346
      vertex 84.9408 14.9643 24.01
    endloop
  endfacet
  facet normal -0.956896 -0.290432 0
    outer loop
      vertex 84.9408 14.9643 25.0346
      vertex 84.9978 14.7765 24.01
      vertex 84.9978 14.7765 25.2585
    endloop
  endfacet
  facet normal 0.81301 0.58225 0
    outer loop
      vertex 79.7199 12.1737 3
      vertex 79.6056 12.3333 0
      vertex 79.6056 12.3333 3
    endloop
  endfacet
  facet normal 0.81301 0.58225 0
    outer loop
      vertex 79.6056 12.3333 0
      vertex 79.7199 12.1737 3
      vertex 79.7199 12.1737 0
    endloop
  endfacet
  facet normal 0.81301 0.58225 0
    outer loop
      vertex 79.7199 12.1737 25
      vertex 79.6056 12.3333 24.01
      vertex 79.6056 12.3333 25
    endloop
  endfacet
  facet normal 0.81301 0.58225 0
    outer loop
      vertex 79.6056 12.3333 24.01
      vertex 79.7199 12.1737 25
      vertex 79.7199 12.1737 24.01
    endloop
  endfacet
  facet normal -0.910976 -0.41246 0
    outer loop
      vertex 84.8716 15.148 0
      vertex 84.7906 15.3269 3
      vertex 84.7906 15.3269 0
    endloop
  endfacet
  facet normal -0.910976 -0.41246 0
    outer loop
      vertex 84.7906 15.3269 3
      vertex 84.8716 15.148 0
      vertex 84.8716 15.148 3
    endloop
  endfacet
  facet normal -0.910976 -0.41246 0
    outer loop
      vertex 84.8716 15.148 24.01
      vertex 84.7906 15.3269 24.6025
      vertex 84.7906 15.3269 24.01
    endloop
  endfacet
  facet normal -0.910976 -0.41246 0
    outer loop
      vertex 84.7906 15.3269 24.6025
      vertex 84.8716 15.148 24.01
      vertex 84.8716 15.148 24.8156
    endloop
  endfacet
  facet normal -0.849112 0.528212 0
    outer loop
      vertex 84.5944 12.3333 0
      vertex 84.6981 12.5 3
      vertex 84.6981 12.5 0
    endloop
  endfacet
  facet normal -0.849112 0.528212 0
    outer loop
      vertex 84.6981 12.5 3
      vertex 84.5944 12.3333 0
      vertex 84.5944 12.3333 3
    endloop
  endfacet
  facet normal -0.849112 0.528212 0
    outer loop
      vertex 84.5944 12.3333 24.01
      vertex 84.6981 12.5 25
      vertex 84.6981 12.5 24.01
    endloop
  endfacet
  facet normal -0.849112 0.528212 0
    outer loop
      vertex 84.6981 12.5 25
      vertex 84.5944 12.3333 24.01
      vertex 84.5944 12.3333 25
    endloop
  endfacet
  facet normal -0.935805 -0.352519 0
    outer loop
      vertex 84.9408 14.9643 0
      vertex 84.8716 15.148 3
      vertex 84.8716 15.148 0
    endloop
  endfacet
  facet normal -0.935805 -0.352519 0
    outer loop
      vertex 84.8716 15.148 3
      vertex 84.9408 14.9643 0
      vertex 84.9408 14.9643 3
    endloop
  endfacet
  facet normal -0.935805 -0.352519 0
    outer loop
      vertex 84.9408 14.9643 24.01
      vertex 84.8716 15.148 24.8156
      vertex 84.8716 15.148 24.01
    endloop
  endfacet
  facet normal -0.935805 -0.352519 0
    outer loop
      vertex 84.8716 15.148 24.8156
      vertex 84.9408 14.9643 24.01
      vertex 84.9408 14.9643 25.0346
    endloop
  endfacet
  facet normal -0.162499 0.986709 0
    outer loop
      vertex 82.6853 11.0576 0
      vertex 82.4916 11.0257 3
      vertex 82.6853 11.0576 3
    endloop
  endfacet
  facet normal -0.162499 0.986709 0
    outer loop
      vertex 82.4916 11.0257 3
      vertex 82.6853 11.0576 0
      vertex 82.4916 11.0257 0
    endloop
  endfacet
  facet normal -0.162499 0.986709 0
    outer loop
      vertex 82.6853 11.0576 24.01
      vertex 82.4916 11.0257 25
      vertex 82.6853 11.0576 25
    endloop
  endfacet
  facet normal -0.162499 0.986709 0
    outer loop
      vertex 82.4916 11.0257 25
      vertex 82.6853 11.0576 24.01
      vertex 82.4916 11.0257 24.01
    endloop
  endfacet
  facet normal -0.471302 -0.881972 0
    outer loop
      vertex 83.4269 16.6906 0
      vertex 83.6 16.5981 3
      vertex 83.4269 16.6906 3
    endloop
  endfacet
  facet normal -0.471302 -0.881972 -0
    outer loop
      vertex 83.6 16.5981 3
      vertex 83.4269 16.6906 0
      vertex 83.6 16.5981 0
    endloop
  endfacet
  facet normal -0.729902 0.683551 0
    outer loop
      vertex 84.2213 11.8787 0
      vertex 84.3555 12.022 3
      vertex 84.3555 12.022 0
    endloop
  endfacet
  facet normal -0.729902 0.683551 0
    outer loop
      vertex 84.3555 12.022 3
      vertex 84.2213 11.8787 0
      vertex 84.2213 11.8787 3
    endloop
  endfacet
  facet normal -0.729902 0.683551 0
    outer loop
      vertex 84.2213 11.8787 24.01
      vertex 84.3555 12.022 25
      vertex 84.3555 12.022 24.01
    endloop
  endfacet
  facet normal -0.729902 0.683551 0
    outer loop
      vertex 84.3555 12.022 25
      vertex 84.2213 11.8787 24.01
      vertex 84.2213 11.8787 25
    endloop
  endfacet
  facet normal 0.290432 -0.956896 0
    outer loop
      vertex 81.1357 16.8408 0
      vertex 81.3235 16.8978 3
      vertex 81.1357 16.8408 3
    endloop
  endfacet
  facet normal 0.290432 -0.956896 0
    outer loop
      vertex 81.3235 16.8978 3
      vertex 81.1357 16.8408 0
      vertex 81.3235 16.8978 0
    endloop
  endfacet
  facet normal -0.352519 0.935805 0
    outer loop
      vertex 83.248 11.2284 0
      vertex 83.0643 11.1592 3
      vertex 83.248 11.2284 3
    endloop
  endfacet
  facet normal -0.352519 0.935805 0
    outer loop
      vertex 83.0643 11.1592 3
      vertex 83.248 11.2284 0
      vertex 83.0643 11.1592 0
    endloop
  endfacet
  facet normal -0.352519 0.935805 0
    outer loop
      vertex 83.248 11.2284 24.01
      vertex 83.0643 11.1592 25
      vertex 83.248 11.2284 25
    endloop
  endfacet
  facet normal -0.352519 0.935805 0
    outer loop
      vertex 83.0643 11.1592 25
      vertex 83.248 11.2284 24.01
      vertex 83.0643 11.1592 24.01
    endloop
  endfacet
  facet normal -0.81301 -0.58225 0
    outer loop
      vertex 84.5944 15.6667 0
      vertex 84.4801 15.8263 3
      vertex 84.4801 15.8263 0
    endloop
  endfacet
  facet normal -0.81301 -0.58225 0
    outer loop
      vertex 84.4801 15.8263 3
      vertex 84.5944 15.6667 0
      vertex 84.5944 15.6667 3
    endloop
  endfacet
  facet normal -0.81307 -0.582166 0
    outer loop
      vertex 84.5944 15.6667 24.01
      vertex 84.5944 15.6667 24.1975
      vertex 84.4817 15.8241 24.01
    endloop
  endfacet
  facet normal -0.290432 -0.956896 0
    outer loop
      vertex 82.8765 16.8978 0
      vertex 83.0643 16.8408 3
      vertex 82.8765 16.8978 3
    endloop
  endfacet
  facet normal -0.290432 -0.956896 -0
    outer loop
      vertex 83.0643 16.8408 3
      vertex 82.8765 16.8978 0
      vertex 83.0643 16.8408 0
    endloop
  endfacet
  facet normal -0.956896 0.290432 0
    outer loop
      vertex 84.9408 13.0357 0
      vertex 84.9978 13.2235 3
      vertex 84.9978 13.2235 0
    endloop
  endfacet
  facet normal -0.956896 0.290432 0
    outer loop
      vertex 84.9978 13.2235 3
      vertex 84.9408 13.0357 0
      vertex 84.9408 13.0357 3
    endloop
  endfacet
  facet normal -0.956896 0.290432 0
    outer loop
      vertex 84.9408 13.0357 24.01
      vertex 84.9978 13.2235 25
      vertex 84.9978 13.2235 24.01
    endloop
  endfacet
  facet normal -0.956896 0.290432 0
    outer loop
      vertex 84.9978 13.2235 25
      vertex 84.9408 13.0357 24.01
      vertex 84.9408 13.0357 25
    endloop
  endfacet
  facet normal 0.973856 -0.227165 0
    outer loop
      vertex 79.1576 14.5853 3
      vertex 79.2022 14.7765 0
      vertex 79.2022 14.7765 3
    endloop
  endfacet
  facet normal 0.973856 -0.227165 0
    outer loop
      vertex 79.2022 14.7765 0
      vertex 79.1576 14.5853 3
      vertex 79.1576 14.5853 0
    endloop
  endfacet
  facet normal 0.973856 -0.227165 0
    outer loop
      vertex 79.1576 14.5853 24.01
      vertex 79.2022 14.7765 25.2585
      vertex 79.1576 14.5853 25.4863
    endloop
  endfacet
  facet normal 0.973856 -0.227165 0
    outer loop
      vertex 79.2022 14.7765 25.2585
      vertex 79.1576 14.5853 24.01
      vertex 79.2022 14.7765 24.01
    endloop
  endfacet
  facet normal -0.528212 -0.849112 0
    outer loop
      vertex 83.6 16.5981 0
      vertex 83.7667 16.4944 3
      vertex 83.6 16.5981 3
    endloop
  endfacet
  facet normal -0.528212 -0.849112 -0
    outer loop
      vertex 83.7667 16.4944 3
      vertex 83.6 16.5981 0
      vertex 83.7667 16.4944 0
    endloop
  endfacet
  facet normal 0.352519 -0.935805 0
    outer loop
      vertex 80.952 16.7716 0
      vertex 81.1357 16.8408 3
      vertex 80.952 16.7716 3
    endloop
  endfacet
  facet normal 0.352519 -0.935805 0
    outer loop
      vertex 81.1357 16.8408 3
      vertex 80.952 16.7716 0
      vertex 81.1357 16.8408 0
    endloop
  endfacet
  facet normal 0.729902 0.683551 0
    outer loop
      vertex 79.9787 11.8787 3
      vertex 79.8445 12.022 0
      vertex 79.8445 12.022 3
    endloop
  endfacet
  facet normal 0.729902 0.683551 0
    outer loop
      vertex 79.8445 12.022 0
      vertex 79.9787 11.8787 3
      vertex 79.9787 11.8787 0
    endloop
  endfacet
  facet normal 0.729902 0.683551 0
    outer loop
      vertex 79.9787 11.8787 25
      vertex 79.8445 12.022 24.01
      vertex 79.8445 12.022 25
    endloop
  endfacet
  facet normal 0.729902 0.683551 0
    outer loop
      vertex 79.8445 12.022 24.01
      vertex 79.9787 11.8787 25
      vertex 79.9787 11.8787 24.01
    endloop
  endfacet
  facet normal -0.910889 0.412651 0
    outer loop
      vertex 84.7906 12.6731 0
      vertex 84.8716 12.8519 3
      vertex 84.8716 12.8519 0
    endloop
  endfacet
  facet normal -0.910889 0.412651 0
    outer loop
      vertex 84.8716 12.8519 3
      vertex 84.7906 12.6731 0
      vertex 84.7906 12.6731 3
    endloop
  endfacet
  facet normal -0.910889 0.412651 0
    outer loop
      vertex 84.7906 12.6731 24.01
      vertex 84.8716 12.8519 25
      vertex 84.8716 12.8519 24.01
    endloop
  endfacet
  facet normal -0.910889 0.412651 0
    outer loop
      vertex 84.8716 12.8519 25
      vertex 84.7906 12.6731 24.01
      vertex 84.7906 12.6731 25
    endloop
  endfacet
  facet normal 0.881972 -0.471302 0
    outer loop
      vertex 79.4094 15.3269 3
      vertex 79.5019 15.5 0
      vertex 79.5019 15.5 3
    endloop
  endfacet
  facet normal 0.881972 -0.471302 0
    outer loop
      vertex 79.5019 15.5 0
      vertex 79.4094 15.3269 3
      vertex 79.4094 15.3269 0
    endloop
  endfacet
  facet normal 0.881972 -0.471302 0
    outer loop
      vertex 79.4094 15.3269 24.01
      vertex 79.5019 15.5 24.3962
      vertex 79.4094 15.3269 24.6025
    endloop
  endfacet
  facet normal 0.881972 -0.471302 0
    outer loop
      vertex 79.5019 15.5 24.3962
      vertex 79.4094 15.3269 24.01
      vertex 79.5019 15.5 24.01
    endloop
  endfacet
  facet normal -0.634707 -0.772753 0
    outer loop
      vertex 83.9263 16.3801 0
      vertex 84.078 16.2555 3
      vertex 83.9263 16.3801 3
    endloop
  endfacet
  facet normal -0.634707 -0.772753 -0
    outer loop
      vertex 84.078 16.2555 3
      vertex 83.9263 16.3801 0
      vertex 84.078 16.2555 0
    endloop
  endfacet
  facet normal 0.634707 0.772753 -0
    outer loop
      vertex 80.2737 11.6199 0
      vertex 80.122 11.7445 3
      vertex 80.2737 11.6199 3
    endloop
  endfacet
  facet normal 0.634707 0.772753 0
    outer loop
      vertex 80.122 11.7445 3
      vertex 80.2737 11.6199 0
      vertex 80.122 11.7445 0
    endloop
  endfacet
  facet normal 0.634707 0.772753 -0
    outer loop
      vertex 80.2737 11.6199 24.01
      vertex 80.122 11.7445 25
      vertex 80.2737 11.6199 25
    endloop
  endfacet
  facet normal 0.634707 0.772753 0
    outer loop
      vertex 80.122 11.7445 25
      vertex 80.2737 11.6199 24.01
      vertex 80.122 11.7445 24.01
    endloop
  endfacet
  facet normal -0.881972 -0.471302 0
    outer loop
      vertex 84.7906 15.3269 0
      vertex 84.6981 15.5 3
      vertex 84.6981 15.5 0
    endloop
  endfacet
  facet normal -0.881972 -0.471302 0
    outer loop
      vertex 84.6981 15.5 3
      vertex 84.7906 15.3269 0
      vertex 84.7906 15.3269 3
    endloop
  endfacet
  facet normal -0.881972 -0.471302 0
    outer loop
      vertex 84.7906 15.3269 24.01
      vertex 84.6981 15.5 24.3962
      vertex 84.6981 15.5 24.01
    endloop
  endfacet
  facet normal -0.881972 -0.471302 0
    outer loop
      vertex 84.6981 15.5 24.3962
      vertex 84.7906 15.3269 24.01
      vertex 84.7906 15.3269 24.6025
    endloop
  endfacet
  facet normal 0.986709 -0.162499 0
    outer loop
      vertex 79.1257 14.3916 3
      vertex 79.1576 14.5853 0
      vertex 79.1576 14.5853 3
    endloop
  endfacet
  facet normal 0.986709 -0.162499 0
    outer loop
      vertex 79.1576 14.5853 0
      vertex 79.1257 14.3916 3
      vertex 79.1257 14.3916 0
    endloop
  endfacet
  facet normal 0.986709 -0.162499 0
    outer loop
      vertex 79.1257 14.3916 24.01
      vertex 79.1576 14.5853 25.4863
      vertex 79.1257 14.3916 25.7172
    endloop
  endfacet
  facet normal 0.986709 -0.162499 0
    outer loop
      vertex 79.1576 14.5853 25.4863
      vertex 79.1257 14.3916 24.01
      vertex 79.1576 14.5853 24.01
    endloop
  endfacet
  facet normal -0.0982934 -0.995157 0
    outer loop
      vertex 82.2962 16.9936 0
      vertex 82.4916 16.9743 3
      vertex 82.2962 16.9936 3
    endloop
  endfacet
  facet normal -0.0982934 -0.995157 -0
    outer loop
      vertex 82.4916 16.9743 3
      vertex 82.2962 16.9936 0
      vertex 82.4916 16.9743 0
    endloop
  endfacet
  facet normal 0.849112 0.528212 0
    outer loop
      vertex 79.6056 12.3333 3
      vertex 79.5019 12.5 0
      vertex 79.5019 12.5 3
    endloop
  endfacet
  facet normal 0.849112 0.528212 0
    outer loop
      vertex 79.5019 12.5 0
      vertex 79.6056 12.3333 3
      vertex 79.6056 12.3333 0
    endloop
  endfacet
  facet normal 0.849112 0.528212 0
    outer loop
      vertex 79.6056 12.3333 25
      vertex 79.5019 12.5 24.01
      vertex 79.5019 12.5 25
    endloop
  endfacet
  facet normal 0.849112 0.528212 0
    outer loop
      vertex 79.5019 12.5 24.01
      vertex 79.6056 12.3333 25
      vertex 79.6056 12.3333 24.01
    endloop
  endfacet
  facet normal -0.881972 0.471302 0
    outer loop
      vertex 84.6981 12.5 0
      vertex 84.7906 12.6731 3
      vertex 84.7906 12.6731 0
    endloop
  endfacet
  facet normal -0.881972 0.471302 0
    outer loop
      vertex 84.7906 12.6731 3
      vertex 84.6981 12.5 0
      vertex 84.6981 12.5 3
    endloop
  endfacet
  facet normal -0.881972 0.471302 0
    outer loop
      vertex 84.6981 12.5 24.01
      vertex 84.7906 12.6731 25
      vertex 84.7906 12.6731 24.01
    endloop
  endfacet
  facet normal -0.881972 0.471302 0
    outer loop
      vertex 84.7906 12.6731 25
      vertex 84.6981 12.5 24.01
      vertex 84.6981 12.5 25
    endloop
  endfacet
  facet normal 0.999468 0.0326024 0
    outer loop
      vertex 79.1064 13.8038 3
      vertex 79.1 14 0
      vertex 79.1 14 3
    endloop
  endfacet
  facet normal 0.999468 0.0326024 0
    outer loop
      vertex 79.1 14 0
      vertex 79.1064 13.8038 3
      vertex 79.1064 13.8038 0
    endloop
  endfacet
  facet normal 0.999468 0.0326024 -0
    outer loop
      vertex 79.1064 13.8038 24.01
      vertex 79.1 14 26.1838
      vertex 79.1064 13.8038 26.4177
    endloop
  endfacet
  facet normal 0.999468 0.0326024 0
    outer loop
      vertex 79.1 14 26.1838
      vertex 79.1064 13.8038 24.01
      vertex 79.1 14 24.01
    endloop
  endfacet
  facet normal 0.41246 0.910976 -0
    outer loop
      vertex 80.952 11.2284 0
      vertex 80.7731 11.3094 3
      vertex 80.952 11.2284 3
    endloop
  endfacet
  facet normal 0.41246 0.910976 0
    outer loop
      vertex 80.7731 11.3094 3
      vertex 80.952 11.2284 0
      vertex 80.7731 11.3094 0
    endloop
  endfacet
  facet normal 0.41246 0.910976 -0
    outer loop
      vertex 80.952 11.2284 24.01
      vertex 80.7731 11.3094 25
      vertex 80.952 11.2284 25
    endloop
  endfacet
  facet normal 0.41246 0.910976 0
    outer loop
      vertex 80.7731 11.3094 25
      vertex 80.952 11.2284 24.01
      vertex 80.7731 11.3094 24.01
    endloop
  endfacet
  facet normal 0.352519 0.935805 -0
    outer loop
      vertex 81.1357 11.1592 0
      vertex 80.952 11.2284 3
      vertex 81.1357 11.1592 3
    endloop
  endfacet
  facet normal 0.352519 0.935805 0
    outer loop
      vertex 80.952 11.2284 3
      vertex 81.1357 11.1592 0
      vertex 80.952 11.2284 0
    endloop
  endfacet
  facet normal 0.352519 0.935805 -0
    outer loop
      vertex 81.1357 11.1592 24.01
      vertex 80.952 11.2284 25
      vertex 81.1357 11.1592 25
    endloop
  endfacet
  facet normal 0.352519 0.935805 0
    outer loop
      vertex 80.952 11.2284 25
      vertex 81.1357 11.1592 24.01
      vertex 80.952 11.2284 24.01
    endloop
  endfacet
  facet normal 0.0982934 0.995157 -0
    outer loop
      vertex 81.9038 11.0064 0
      vertex 81.7084 11.0257 3
      vertex 81.9038 11.0064 3
    endloop
  endfacet
  facet normal 0.0982934 0.995157 0
    outer loop
      vertex 81.7084 11.0257 3
      vertex 81.9038 11.0064 0
      vertex 81.7084 11.0257 0
    endloop
  endfacet
  facet normal 0.0982934 0.995157 -0
    outer loop
      vertex 81.9038 11.0064 24.01
      vertex 81.7084 11.0257 25
      vertex 81.9038 11.0064 25
    endloop
  endfacet
  facet normal 0.0982934 0.995157 0
    outer loop
      vertex 81.7084 11.0257 25
      vertex 81.9038 11.0064 24.01
      vertex 81.7084 11.0257 24.01
    endloop
  endfacet
  facet normal 0.935868 0.352351 0
    outer loop
      vertex 79.3284 12.8519 3
      vertex 79.2592 13.0357 0
      vertex 79.2592 13.0357 3
    endloop
  endfacet
  facet normal 0.935868 0.352351 0
    outer loop
      vertex 79.2592 13.0357 0
      vertex 79.3284 12.8519 3
      vertex 79.3284 12.8519 0
    endloop
  endfacet
  facet normal 0.935868 0.352351 0
    outer loop
      vertex 79.3284 12.8519 25
      vertex 79.2592 13.0357 24.01
      vertex 79.2592 13.0357 25
    endloop
  endfacet
  facet normal 0.935868 0.352351 0
    outer loop
      vertex 79.2592 13.0357 24.01
      vertex 79.3284 12.8519 25
      vertex 79.3284 12.8519 24.01
    endloop
  endfacet
  facet normal -0.772753 -0.634707 0
    outer loop
      vertex 84.4801 15.8263 0
      vertex 84.3555 15.978 3
      vertex 84.3555 15.978 0
    endloop
  endfacet
  facet normal -0.772753 -0.634707 0
    outer loop
      vertex 84.3555 15.978 3
      vertex 84.4801 15.8263 0
      vertex 84.4801 15.8263 3
    endloop
  endfacet
  facet normal 0.683551 0.729902 -0
    outer loop
      vertex 80.122 11.7445 0
      vertex 79.9787 11.8787 3
      vertex 80.122 11.7445 3
    endloop
  endfacet
  facet normal 0.683551 0.729902 0
    outer loop
      vertex 79.9787 11.8787 3
      vertex 80.122 11.7445 0
      vertex 79.9787 11.8787 0
    endloop
  endfacet
  facet normal 0.683551 0.729902 -0
    outer loop
      vertex 80.122 11.7445 24.01
      vertex 79.9787 11.8787 25
      vertex 80.122 11.7445 25
    endloop
  endfacet
  facet normal 0.683551 0.729902 0
    outer loop
      vertex 79.9787 11.8787 25
      vertex 80.122 11.7445 24.01
      vertex 79.9787 11.8787 24.01
    endloop
  endfacet
  facet normal 0.227165 -0.973856 0
    outer loop
      vertex 81.3235 16.8978 0
      vertex 81.5147 16.9424 3
      vertex 81.3235 16.8978 3
    endloop
  endfacet
  facet normal 0.227165 -0.973856 0
    outer loop
      vertex 81.5147 16.9424 3
      vertex 81.3235 16.8978 0
      vertex 81.5147 16.9424 0
    endloop
  endfacet
  facet normal -0.162499 -0.986709 0
    outer loop
      vertex 82.4916 16.9743 0
      vertex 82.6853 16.9424 3
      vertex 82.4916 16.9743 3
    endloop
  endfacet
  facet normal -0.162499 -0.986709 -0
    outer loop
      vertex 82.6853 16.9424 3
      vertex 82.4916 16.9743 0
      vertex 82.6853 16.9424 0
    endloop
  endfacet
  facet normal 0.97356 0.228433 -0
    outer loop
      vertex 79.166 13.3789 25
      vertex 79.1576 13.4147 26.8813
      vertex 79.166 13.3789 26.924
    endloop
  endfacet
  facet normal 0.97356 0.228433 0
    outer loop
      vertex 79.1576 13.4147 26.8813
      vertex 79.166 13.3789 25
      vertex 79.1576 13.4147 24.01
    endloop
  endfacet
  facet normal 0.973924 0.226873 -0
    outer loop
      vertex 79.2022 13.2235 24.01
      vertex 79.166 13.3789 25
      vertex 79.2022 13.2235 25
    endloop
  endfacet
  facet normal 0.973856 0.227165 -4.83615e-05
    outer loop
      vertex 79.166 13.3789 25
      vertex 79.2022 13.2235 24.01
      vertex 79.1576 13.4147 24.01
    endloop
  endfacet
  facet normal 0.973856 0.227165 0
    outer loop
      vertex 79.2022 13.2235 3
      vertex 79.1576 13.4147 0
      vertex 79.1576 13.4147 3
    endloop
  endfacet
  facet normal 0.973856 0.227165 0
    outer loop
      vertex 79.1576 13.4147 0
      vertex 79.2022 13.2235 3
      vertex 79.2022 13.2235 0
    endloop
  endfacet
  facet normal 0.58225 -0.81301 0
    outer loop
      vertex 80.2737 16.3801 0
      vertex 80.4333 16.4944 3
      vertex 80.2737 16.3801 3
    endloop
  endfacet
  facet normal 0.58225 -0.81301 0
    outer loop
      vertex 80.4333 16.4944 3
      vertex 80.2737 16.3801 0
      vertex 80.4333 16.4944 0
    endloop
  endfacet
  facet normal 0.910889 0.412651 0
    outer loop
      vertex 79.4094 12.6731 3
      vertex 79.3284 12.8519 0
      vertex 79.3284 12.8519 3
    endloop
  endfacet
  facet normal 0.910889 0.412651 0
    outer loop
      vertex 79.3284 12.8519 0
      vertex 79.4094 12.6731 3
      vertex 79.4094 12.6731 0
    endloop
  endfacet
  facet normal 0.910889 0.412651 0
    outer loop
      vertex 79.4094 12.6731 25
      vertex 79.3284 12.8519 24.01
      vertex 79.3284 12.8519 25
    endloop
  endfacet
  facet normal 0.910889 0.412651 0
    outer loop
      vertex 79.3284 12.8519 24.01
      vertex 79.4094 12.6731 25
      vertex 79.4094 12.6731 24.01
    endloop
  endfacet
  facet normal 0.995157 0.0982934 0
    outer loop
      vertex 79.1257 13.6084 3
      vertex 79.1064 13.8038 0
      vertex 79.1064 13.8038 3
    endloop
  endfacet
  facet normal 0.995157 0.0982934 0
    outer loop
      vertex 79.1064 13.8038 0
      vertex 79.1257 13.6084 3
      vertex 79.1257 13.6084 0
    endloop
  endfacet
  facet normal 0.995157 0.0982934 -0
    outer loop
      vertex 79.1257 13.6084 24.01
      vertex 79.1064 13.8038 26.4177
      vertex 79.1257 13.6084 26.6505
    endloop
  endfacet
  facet normal 0.995157 0.0982934 0
    outer loop
      vertex 79.1064 13.8038 26.4177
      vertex 79.1257 13.6084 24.01
      vertex 79.1064 13.8038 24.01
    endloop
  endfacet
  facet normal 0.956896 0.290432 0
    outer loop
      vertex 79.2592 13.0357 3
      vertex 79.2022 13.2235 0
      vertex 79.2022 13.2235 3
    endloop
  endfacet
  facet normal 0.956896 0.290432 0
    outer loop
      vertex 79.2022 13.2235 0
      vertex 79.2592 13.0357 3
      vertex 79.2592 13.0357 0
    endloop
  endfacet
  facet normal 0.956896 0.290432 0
    outer loop
      vertex 79.2592 13.0357 25
      vertex 79.2022 13.2235 24.01
      vertex 79.2022 13.2235 25
    endloop
  endfacet
  facet normal 0.956896 0.290432 0
    outer loop
      vertex 79.2022 13.2235 24.01
      vertex 79.2592 13.0357 25
      vertex 79.2592 13.0357 24.01
    endloop
  endfacet
  facet normal 0.772753 0.634707 0
    outer loop
      vertex 79.8445 12.022 3
      vertex 79.7199 12.1737 0
      vertex 79.7199 12.1737 3
    endloop
  endfacet
  facet normal 0.772753 0.634707 0
    outer loop
      vertex 79.7199 12.1737 0
      vertex 79.8445 12.022 3
      vertex 79.8445 12.022 0
    endloop
  endfacet
  facet normal 0.772753 0.634707 0
    outer loop
      vertex 79.8445 12.022 25
      vertex 79.7199 12.1737 24.01
      vertex 79.7199 12.1737 25
    endloop
  endfacet
  facet normal 0.772753 0.634707 0
    outer loop
      vertex 79.7199 12.1737 24.01
      vertex 79.8445 12.022 25
      vertex 79.8445 12.022 24.01
    endloop
  endfacet
  facet normal 0.935805 -0.352519 0
    outer loop
      vertex 79.2592 14.9643 3
      vertex 79.3284 15.148 0
      vertex 79.3284 15.148 3
    endloop
  endfacet
  facet normal 0.935805 -0.352519 0
    outer loop
      vertex 79.3284 15.148 0
      vertex 79.2592 14.9643 3
      vertex 79.2592 14.9643 0
    endloop
  endfacet
  facet normal 0.935805 -0.352519 0
    outer loop
      vertex 79.2592 14.9643 24.01
      vertex 79.3284 15.148 24.8156
      vertex 79.2592 14.9643 25.0346
    endloop
  endfacet
  facet normal 0.935805 -0.352519 0
    outer loop
      vertex 79.3284 15.148 24.8156
      vertex 79.2592 14.9643 24.01
      vertex 79.3284 15.148 24.01
    endloop
  endfacet
  facet normal 0.634707 -0.772753 0
    outer loop
      vertex 80.122 16.2555 0
      vertex 80.2737 16.3801 3
      vertex 80.122 16.2555 3
    endloop
  endfacet
  facet normal 0.634707 -0.772753 0
    outer loop
      vertex 80.2737 16.3801 3
      vertex 80.122 16.2555 0
      vertex 80.2737 16.3801 0
    endloop
  endfacet
  facet normal -0.227165 -0.973856 0
    outer loop
      vertex 82.6853 16.9424 0
      vertex 82.8765 16.8978 3
      vertex 82.6853 16.9424 3
    endloop
  endfacet
  facet normal -0.227165 -0.973856 -0
    outer loop
      vertex 82.8765 16.8978 3
      vertex 82.6853 16.9424 0
      vertex 82.8765 16.8978 0
    endloop
  endfacet
  facet normal 0.471302 0.881972 -0
    outer loop
      vertex 80.7731 11.3094 0
      vertex 80.6 11.4019 3
      vertex 80.7731 11.3094 3
    endloop
  endfacet
  facet normal 0.471302 0.881972 0
    outer loop
      vertex 80.6 11.4019 3
      vertex 80.7731 11.3094 0
      vertex 80.6 11.4019 0
    endloop
  endfacet
  facet normal 0.471302 0.881972 -0
    outer loop
      vertex 80.7731 11.3094 24.01
      vertex 80.6 11.4019 25
      vertex 80.7731 11.3094 25
    endloop
  endfacet
  facet normal 0.471302 0.881972 0
    outer loop
      vertex 80.6 11.4019 25
      vertex 80.7731 11.3094 24.01
      vertex 80.6 11.4019 24.01
    endloop
  endfacet
  facet normal 0.162499 0.986709 -0
    outer loop
      vertex 81.7084 11.0257 0
      vertex 81.5147 11.0576 3
      vertex 81.7084 11.0257 3
    endloop
  endfacet
  facet normal 0.162499 0.986709 0
    outer loop
      vertex 81.5147 11.0576 3
      vertex 81.7084 11.0257 0
      vertex 81.5147 11.0576 0
    endloop
  endfacet
  facet normal 0.162499 0.986709 -0
    outer loop
      vertex 81.7084 11.0257 24.01
      vertex 81.5147 11.0576 25
      vertex 81.7084 11.0257 25
    endloop
  endfacet
  facet normal 0.162499 0.986709 0
    outer loop
      vertex 81.5147 11.0576 25
      vertex 81.7084 11.0257 24.01
      vertex 81.5147 11.0576 24.01
    endloop
  endfacet
  facet normal 0.772753 -0.634707 0
    outer loop
      vertex 79.7199 15.8263 3
      vertex 79.8445 15.978 0
      vertex 79.8445 15.978 3
    endloop
  endfacet
  facet normal 0.772753 -0.634707 0
    outer loop
      vertex 79.8445 15.978 0
      vertex 79.7199 15.8263 3
      vertex 79.7199 15.8263 0
    endloop
  endfacet
  facet normal 0.81301 -0.58225 0
    outer loop
      vertex 79.6056 15.6667 3
      vertex 79.7199 15.8263 0
      vertex 79.7199 15.8263 3
    endloop
  endfacet
  facet normal 0.81301 -0.58225 0
    outer loop
      vertex 79.7199 15.8263 0
      vertex 79.6056 15.6667 3
      vertex 79.6056 15.6667 0
    endloop
  endfacet
  facet normal 0.81307 -0.582166 0
    outer loop
      vertex 79.7183 15.8241 24.01
      vertex 79.6056 15.6667 24.1975
      vertex 79.6056 15.6667 24.01
    endloop
  endfacet
  facet normal 0.0982934 -0.995157 0
    outer loop
      vertex 81.7084 16.9743 0
      vertex 81.9038 16.9936 3
      vertex 81.7084 16.9743 3
    endloop
  endfacet
  facet normal 0.0982934 -0.995157 0
    outer loop
      vertex 81.9038 16.9936 3
      vertex 81.7084 16.9743 0
      vertex 81.9038 16.9936 0
    endloop
  endfacet
  facet normal 0.881972 0.471302 0
    outer loop
      vertex 79.5019 12.5 3
      vertex 79.4094 12.6731 0
      vertex 79.4094 12.6731 3
    endloop
  endfacet
  facet normal 0.881972 0.471302 0
    outer loop
      vertex 79.4094 12.6731 0
      vertex 79.5019 12.5 3
      vertex 79.5019 12.5 0
    endloop
  endfacet
  facet normal 0.881972 0.471302 0
    outer loop
      vertex 79.5019 12.5 25
      vertex 79.4094 12.6731 24.01
      vertex 79.4094 12.6731 25
    endloop
  endfacet
  facet normal 0.881972 0.471302 0
    outer loop
      vertex 79.4094 12.6731 24.01
      vertex 79.5019 12.5 25
      vertex 79.5019 12.5 24.01
    endloop
  endfacet
  facet normal 0.986709 0.162499 0
    outer loop
      vertex 79.1576 13.4147 3
      vertex 79.1257 13.6084 0
      vertex 79.1257 13.6084 3
    endloop
  endfacet
  facet normal 0.986709 0.162499 0
    outer loop
      vertex 79.1257 13.6084 0
      vertex 79.1576 13.4147 3
      vertex 79.1576 13.4147 0
    endloop
  endfacet
  facet normal 0.986709 0.162499 -0
    outer loop
      vertex 79.1576 13.4147 24.01
      vertex 79.1257 13.6084 26.6505
      vertex 79.1576 13.4147 26.8813
    endloop
  endfacet
  facet normal 0.986709 0.162499 0
    outer loop
      vertex 79.1257 13.6084 26.6505
      vertex 79.1576 13.4147 24.01
      vertex 79.1257 13.6084 24.01
    endloop
  endfacet
  facet normal -0.97356 0.228433 0
    outer loop
      vertex 85.0424 13.4147 24.01
      vertex 85.034 13.3789 25
      vertex 85.0424 13.4147 26.8813
    endloop
  endfacet
  facet normal -0.973856 0.227165 -4.83615e-05
    outer loop
      vertex 84.9978 13.2235 24.01
      vertex 85.034 13.3789 25
      vertex 85.0424 13.4147 24.01
    endloop
  endfacet
  facet normal -0.973924 0.226873 0
    outer loop
      vertex 85.034 13.3789 25
      vertex 84.9978 13.2235 24.01
      vertex 84.9978 13.2235 25
    endloop
  endfacet
  facet normal -0.97356 0.228433 0
    outer loop
      vertex 85.0424 13.4147 26.8813
      vertex 85.034 13.3789 25
      vertex 85.034 13.3789 26.924
    endloop
  endfacet
  facet normal -0.973856 0.227165 0
    outer loop
      vertex 84.9978 13.2235 0
      vertex 85.0424 13.4147 3
      vertex 85.0424 13.4147 0
    endloop
  endfacet
  facet normal -0.973856 0.227165 0
    outer loop
      vertex 85.0424 13.4147 3
      vertex 84.9978 13.2235 0
      vertex 84.9978 13.2235 3
    endloop
  endfacet
  facet normal 0.995157 -0.0982934 0
    outer loop
      vertex 79.1064 14.1962 3
      vertex 79.1257 14.3916 0
      vertex 79.1257 14.3916 3
    endloop
  endfacet
  facet normal 0.995157 -0.0982934 0
    outer loop
      vertex 79.1257 14.3916 0
      vertex 79.1064 14.1962 3
      vertex 79.1064 14.1962 0
    endloop
  endfacet
  facet normal 0.995157 -0.0982934 0
    outer loop
      vertex 79.1064 14.1962 24.01
      vertex 79.1257 14.3916 25.7172
      vertex 79.1064 14.1962 25.95
    endloop
  endfacet
  facet normal 0.995157 -0.0982934 0
    outer loop
      vertex 79.1257 14.3916 25.7172
      vertex 79.1064 14.1962 24.01
      vertex 79.1257 14.3916 24.01
    endloop
  endfacet
  facet normal -0.986709 0.162499 0
    outer loop
      vertex 85.0424 13.4147 0
      vertex 85.0743 13.6084 3
      vertex 85.0743 13.6084 0
    endloop
  endfacet
  facet normal -0.986709 0.162499 0
    outer loop
      vertex 85.0743 13.6084 3
      vertex 85.0424 13.4147 0
      vertex 85.0424 13.4147 3
    endloop
  endfacet
  facet normal -0.986709 0.162499 0
    outer loop
      vertex 85.0424 13.4147 24.01
      vertex 85.0743 13.6084 26.6505
      vertex 85.0743 13.6084 24.01
    endloop
  endfacet
  facet normal -0.986709 0.162499 0
    outer loop
      vertex 85.0743 13.6084 26.6505
      vertex 85.0424 13.4147 24.01
      vertex 85.0424 13.4147 26.8813
    endloop
  endfacet
  facet normal -0.0326024 0.999468 0
    outer loop
      vertex 82.2962 11.0064 0
      vertex 82.1 11 3
      vertex 82.2962 11.0064 3
    endloop
  endfacet
  facet normal -0.0326024 0.999468 0
    outer loop
      vertex 82.1 11 3
      vertex 82.2962 11.0064 0
      vertex 82.1 11 0
    endloop
  endfacet
  facet normal -0.0326024 0.999468 0
    outer loop
      vertex 82.2962 11.0064 24.01
      vertex 82.1 11 25
      vertex 82.2962 11.0064 25
    endloop
  endfacet
  facet normal -0.0326024 0.999468 0
    outer loop
      vertex 82.1 11 25
      vertex 82.2962 11.0064 24.01
      vertex 82.1 11 24.01
    endloop
  endfacet
  facet normal 0.956896 -0.290432 0
    outer loop
      vertex 79.2022 14.7765 3
      vertex 79.2592 14.9643 0
      vertex 79.2592 14.9643 3
    endloop
  endfacet
  facet normal 0.956896 -0.290432 0
    outer loop
      vertex 79.2592 14.9643 0
      vertex 79.2022 14.7765 3
      vertex 79.2022 14.7765 0
    endloop
  endfacet
  facet normal 0.956896 -0.290432 0
    outer loop
      vertex 79.2022 14.7765 24.01
      vertex 79.2592 14.9643 25.0346
      vertex 79.2022 14.7765 25.2585
    endloop
  endfacet
  facet normal 0.956896 -0.290432 0
    outer loop
      vertex 79.2592 14.9643 25.0346
      vertex 79.2022 14.7765 24.01
      vertex 79.2592 14.9643 24.01
    endloop
  endfacet
  facet normal -0.0326024 -0.999468 0
    outer loop
      vertex 82.1 17 0
      vertex 82.2962 16.9936 3
      vertex 82.1 17 3
    endloop
  endfacet
  facet normal -0.0326024 -0.999468 -0
    outer loop
      vertex 82.2962 16.9936 3
      vertex 82.1 17 0
      vertex 82.2962 16.9936 0
    endloop
  endfacet
  facet normal -0.634707 0.772753 0
    outer loop
      vertex 84.078 11.7445 0
      vertex 83.9263 11.6199 3
      vertex 84.078 11.7445 3
    endloop
  endfacet
  facet normal -0.634707 0.772753 0
    outer loop
      vertex 83.9263 11.6199 3
      vertex 84.078 11.7445 0
      vertex 83.9263 11.6199 0
    endloop
  endfacet
  facet normal -0.634707 0.772753 0
    outer loop
      vertex 84.078 11.7445 24.01
      vertex 83.9263 11.6199 25
      vertex 84.078 11.7445 25
    endloop
  endfacet
  facet normal -0.634707 0.772753 0
    outer loop
      vertex 83.9263 11.6199 25
      vertex 84.078 11.7445 24.01
      vertex 83.9263 11.6199 24.01
    endloop
  endfacet
  facet normal -0.41246 -0.910976 0
    outer loop
      vertex 83.248 16.7716 0
      vertex 83.4269 16.6906 3
      vertex 83.248 16.7716 3
    endloop
  endfacet
  facet normal -0.41246 -0.910976 -0
    outer loop
      vertex 83.4269 16.6906 3
      vertex 83.248 16.7716 0
      vertex 83.4269 16.6906 0
    endloop
  endfacet
  facet normal 0.849112 -0.528212 0
    outer loop
      vertex 79.5019 15.5 3
      vertex 79.6056 15.6667 0
      vertex 79.6056 15.6667 3
    endloop
  endfacet
  facet normal 0.849112 -0.528212 0
    outer loop
      vertex 79.6056 15.6667 0
      vertex 79.5019 15.5 3
      vertex 79.5019 15.5 0
    endloop
  endfacet
  facet normal 0.849112 -0.528212 0
    outer loop
      vertex 79.5019 15.5 24.01
      vertex 79.6056 15.6667 24.1975
      vertex 79.5019 15.5 24.3962
    endloop
  endfacet
  facet normal 0.849112 -0.528212 0
    outer loop
      vertex 79.6056 15.6667 24.1975
      vertex 79.5019 15.5 24.01
      vertex 79.6056 15.6667 24.01
    endloop
  endfacet
  facet normal -0.81301 0.58225 0
    outer loop
      vertex 84.4801 12.1737 0
      vertex 84.5944 12.3333 3
      vertex 84.5944 12.3333 0
    endloop
  endfacet
  facet normal -0.81301 0.58225 0
    outer loop
      vertex 84.5944 12.3333 3
      vertex 84.4801 12.1737 0
      vertex 84.4801 12.1737 3
    endloop
  endfacet
  facet normal -0.81301 0.58225 0
    outer loop
      vertex 84.4801 12.1737 24.01
      vertex 84.5944 12.3333 25
      vertex 84.5944 12.3333 24.01
    endloop
  endfacet
  facet normal -0.81301 0.58225 0
    outer loop
      vertex 84.5944 12.3333 25
      vertex 84.4801 12.1737 24.01
      vertex 84.4801 12.1737 25
    endloop
  endfacet
  facet normal 0.471302 -0.881972 0
    outer loop
      vertex 80.6 16.5981 0
      vertex 80.7731 16.6906 3
      vertex 80.6 16.5981 3
    endloop
  endfacet
  facet normal 0.471302 -0.881972 0
    outer loop
      vertex 80.7731 16.6906 3
      vertex 80.6 16.5981 0
      vertex 80.7731 16.6906 0
    endloop
  endfacet
  facet normal -0.683551 0.729902 0
    outer loop
      vertex 84.2213 11.8787 0
      vertex 84.078 11.7445 3
      vertex 84.2213 11.8787 3
    endloop
  endfacet
  facet normal -0.683551 0.729902 0
    outer loop
      vertex 84.078 11.7445 3
      vertex 84.2213 11.8787 0
      vertex 84.078 11.7445 0
    endloop
  endfacet
  facet normal -0.683551 0.729902 0
    outer loop
      vertex 84.2213 11.8787 24.01
      vertex 84.078 11.7445 25
      vertex 84.2213 11.8787 25
    endloop
  endfacet
  facet normal -0.683551 0.729902 0
    outer loop
      vertex 84.078 11.7445 25
      vertex 84.2213 11.8787 24.01
      vertex 84.078 11.7445 24.01
    endloop
  endfacet
  facet normal 0.999468 -0.0326024 0
    outer loop
      vertex 79.1 14 3
      vertex 79.1064 14.1962 0
      vertex 79.1064 14.1962 3
    endloop
  endfacet
  facet normal 0.999468 -0.0326024 0
    outer loop
      vertex 79.1064 14.1962 0
      vertex 79.1 14 3
      vertex 79.1 14 0
    endloop
  endfacet
  facet normal 0.999468 -0.0326024 0
    outer loop
      vertex 79.1 14 24.01
      vertex 79.1064 14.1962 25.95
      vertex 79.1 14 26.1838
    endloop
  endfacet
  facet normal 0.999468 -0.0326024 0
    outer loop
      vertex 79.1064 14.1962 25.95
      vertex 79.1 14 24.01
      vertex 79.1064 14.1962 24.01
    endloop
  endfacet
  facet normal 0.290432 0.956896 -0
    outer loop
      vertex 81.3235 11.1022 0
      vertex 81.1357 11.1592 3
      vertex 81.3235 11.1022 3
    endloop
  endfacet
  facet normal 0.290432 0.956896 0
    outer loop
      vertex 81.1357 11.1592 3
      vertex 81.3235 11.1022 0
      vertex 81.1357 11.1592 0
    endloop
  endfacet
  facet normal 0.290432 0.956896 -0
    outer loop
      vertex 81.3235 11.1022 24.01
      vertex 81.1357 11.1592 25
      vertex 81.3235 11.1022 25
    endloop
  endfacet
  facet normal 0.290432 0.956896 0
    outer loop
      vertex 81.1357 11.1592 25
      vertex 81.3235 11.1022 24.01
      vertex 81.1357 11.1592 24.01
    endloop
  endfacet
  facet normal 0.227165 0.973856 -0
    outer loop
      vertex 81.5147 11.0576 0
      vertex 81.3235 11.1022 3
      vertex 81.5147 11.0576 3
    endloop
  endfacet
  facet normal 0.227165 0.973856 0
    outer loop
      vertex 81.3235 11.1022 3
      vertex 81.5147 11.0576 0
      vertex 81.3235 11.1022 0
    endloop
  endfacet
  facet normal 0.227165 0.973856 -0
    outer loop
      vertex 81.5147 11.0576 24.01
      vertex 81.3235 11.1022 25
      vertex 81.5147 11.0576 25
    endloop
  endfacet
  facet normal 0.227165 0.973856 0
    outer loop
      vertex 81.3235 11.1022 25
      vertex 81.5147 11.0576 24.01
      vertex 81.3235 11.1022 24.01
    endloop
  endfacet
  facet normal -0.935868 0.352351 0
    outer loop
      vertex 84.8716 12.8519 0
      vertex 84.9408 13.0357 3
      vertex 84.9408 13.0357 0
    endloop
  endfacet
  facet normal -0.935868 0.352351 0
    outer loop
      vertex 84.9408 13.0357 3
      vertex 84.8716 12.8519 0
      vertex 84.8716 12.8519 3
    endloop
  endfacet
  facet normal -0.935868 0.352351 0
    outer loop
      vertex 84.8716 12.8519 24.01
      vertex 84.9408 13.0357 25
      vertex 84.9408 13.0357 24.01
    endloop
  endfacet
  facet normal -0.935868 0.352351 0
    outer loop
      vertex 84.9408 13.0357 25
      vertex 84.8716 12.8519 24.01
      vertex 84.8716 12.8519 25
    endloop
  endfacet
  facet normal 0.910976 -0.41246 0
    outer loop
      vertex 79.3284 15.148 3
      vertex 79.4094 15.3269 0
      vertex 79.4094 15.3269 3
    endloop
  endfacet
  facet normal 0.910976 -0.41246 0
    outer loop
      vertex 79.4094 15.3269 0
      vertex 79.3284 15.148 3
      vertex 79.3284 15.148 0
    endloop
  endfacet
  facet normal 0.910976 -0.41246 0
    outer loop
      vertex 79.3284 15.148 24.01
      vertex 79.4094 15.3269 24.6025
      vertex 79.3284 15.148 24.8156
    endloop
  endfacet
  facet normal 0.910976 -0.41246 0
    outer loop
      vertex 79.4094 15.3269 24.6025
      vertex 79.3284 15.148 24.01
      vertex 79.4094 15.3269 24.01
    endloop
  endfacet
  facet normal 0.528212 -0.849112 0
    outer loop
      vertex 80.4333 16.4944 0
      vertex 80.6 16.5981 3
      vertex 80.4333 16.4944 3
    endloop
  endfacet
  facet normal 0.528212 -0.849112 0
    outer loop
      vertex 80.6 16.5981 3
      vertex 80.4333 16.4944 0
      vertex 80.6 16.5981 0
    endloop
  endfacet
  facet normal -1 0 0
    outer loop
      vertex 161.2 11 3
      vertex 161.2 180.498 24
      vertex 161.2 180.498 3
    endloop
  endfacet
  facet normal -1 -0 0
    outer loop
      vertex 161.2 180.498 24
      vertex 161.2 11 3
      vertex 161.2 11 24
    endloop
  endfacet
  facet normal 0 0 -1
    outer loop
      vertex 129.869 23.0285 24.01
      vertex 133.72 23.9859 24.01
      vertex 133.725 23.422 24.01
    endloop
  endfacet
  facet normal 0 0 -1
    outer loop
      vertex 129.883 22.7984 24.01
      vertex 133.725 23.422 24.01
      vertex 133.769 18.5946 24.01
    endloop
  endfacet
  facet normal 0 0 -1
    outer loop
      vertex 129.912 15.8241 24.01
      vertex 133.769 18.5946 24.01
      vertex 133.601 13.4603 24.01
    endloop
  endfacet
  facet normal 0 0 -1
    outer loop
      vertex 129.912 15.8241 24.01
      vertex 133.601 13.4603 24.01
      vertex 133.594 13.2627 24.01
    endloop
  endfacet
  facet normal 0 0 -1
    outer loop
      vertex 129.912 15.8241 24.01
      vertex 133.594 13.2627 24.01
      vertex 133.58 13.078 24.01
    endloop
  endfacet
  facet normal 0 0 -1
    outer loop
      vertex 129.883 22.7984 24.01
      vertex 133.769 18.5946 24.01
      vertex 129.963 17.8811 24.01
    endloop
  endfacet
  facet normal 0 0 -1
    outer loop
      vertex 129.912 15.8241 24.01
      vertex 133.58 13.078 24.01
      vertex 133.425 11 24.01
    endloop
  endfacet
  facet normal 0 0 -1
    outer loop
      vertex 129.869 23.0285 24.01
      vertex 133.725 23.422 24.01
      vertex 129.883 22.7984 24.01
    endloop
  endfacet
  facet normal 0 0 -1
    outer loop
      vertex 129.588 27.8077 24.01
      vertex 133.689 24.5845 24.01
      vertex 129.869 23.0285 24.01
    endloop
  endfacet
  facet normal 0 0 -1
    outer loop
      vertex 133.689 24.5845 24.01
      vertex 129.588 27.8077 24.01
      vertex 133.44 29.4133 24.01
    endloop
  endfacet
  facet normal 0 0 -1
    outer loop
      vertex 129.129 32.2934 24.01
      vertex 133.44 29.4133 24.01
      vertex 129.588 27.8077 24.01
    endloop
  endfacet
  facet normal 0 0 -1
    outer loop
      vertex 129.076 32.8196 24.01
      vertex 133.013 33.9147 24.01
      vertex 129.129 32.2934 24.01
    endloop
  endfacet
  facet normal -0 0 -1
    outer loop
      vertex 133.013 33.9147 24.01
      vertex 128.995 33.3678 24.01
      vertex 132.924 34.8517 24.01
    endloop
  endfacet
  facet normal -0 0 -1
    outer loop
      vertex 132.924 34.8517 24.01
      vertex 128.995 33.3678 24.01
      vertex 132.786 35.8361 24.01
    endloop
  endfacet
  facet normal 0 0 -1
    outer loop
      vertex 133.769 18.5946 24.01
      vertex 129.964 17.8151 24.01
      vertex 129.963 17.8811 24.01
    endloop
  endfacet
  facet normal 0 0 -1
    outer loop
      vertex 133.769 18.5946 24.01
      vertex 129.912 15.8241 24.01
      vertex 129.964 17.8151 24.01
    endloop
  endfacet
  facet normal 0 0 -1
    outer loop
      vertex 133.425 11 24.01
      vertex 129.871 15.8241 24.01
      vertex 129.912 15.8241 24.01
    endloop
  endfacet
  facet normal 0 0 -1
    outer loop
      vertex 133.425 11 24.01
      vertex 129.371 15.8241 24.01
      vertex 129.871 15.8241 24.01
    endloop
  endfacet
  facet normal 0 0 -1
    outer loop
      vertex 133.425 11 24.01
      vertex 129.029 15.8241 24.01
      vertex 129.371 15.8241 24.01
    endloop
  endfacet
  facet normal 0 0 -1
    outer loop
      vertex 84.4801 12.1737 24.01
      vertex 129.029 15.8241 24.01
      vertex 133.425 11 24.01
    endloop
  endfacet
  facet normal 0 0 -1
    outer loop
      vertex 129.029 15.8241 24.01
      vertex 85.0936 13.8038 24.01
      vertex 85.1 14 24.01
    endloop
  endfacet
  facet normal 0 0 -1
    outer loop
      vertex 129.029 15.8241 24.01
      vertex 85.0743 13.6084 24.01
      vertex 85.0936 13.8038 24.01
    endloop
  endfacet
  facet normal 0 0 -1
    outer loop
      vertex 129.029 15.8241 24.01
      vertex 85.0424 13.4147 24.01
      vertex 85.0743 13.6084 24.01
    endloop
  endfacet
  facet normal 0 0 -1
    outer loop
      vertex 129.029 15.8241 24.01
      vertex 84.9978 13.2235 24.01
      vertex 85.0424 13.4147 24.01
    endloop
  endfacet
  facet normal 0 0 -1
    outer loop
      vertex 129.029 15.8241 24.01
      vertex 84.9408 13.0357 24.01
      vertex 84.9978 13.2235 24.01
    endloop
  endfacet
  facet normal 0 0 -1
    outer loop
      vertex 129.029 15.8241 24.01
      vertex 84.8716 12.8519 24.01
      vertex 84.9408 13.0357 24.01
    endloop
  endfacet
  facet normal 0 0 -1
    outer loop
      vertex 129.029 15.8241 24.01
      vertex 84.7906 12.6731 24.01
      vertex 84.8716 12.8519 24.01
    endloop
  endfacet
  facet normal 0 0 -1
    outer loop
      vertex 129.029 15.8241 24.01
      vertex 84.6981 12.5 24.01
      vertex 84.7906 12.6731 24.01
    endloop
  endfacet
  facet normal 0 0 -1
    outer loop
      vertex 129.029 15.8241 24.01
      vertex 84.5944 12.3333 24.01
      vertex 84.6981 12.5 24.01
    endloop
  endfacet
  facet normal 0 0 -1
    outer loop
      vertex 129.029 15.8241 24.01
      vertex 84.4801 12.1737 24.01
      vertex 84.5944 12.3333 24.01
    endloop
  endfacet
  facet normal 0 0 -1
    outer loop
      vertex 133.425 11 24.01
      vertex 84.3555 12.022 24.01
      vertex 84.4801 12.1737 24.01
    endloop
  endfacet
  facet normal 0 0 -1
    outer loop
      vertex 133.425 11 24.01
      vertex 84.2213 11.8787 24.01
      vertex 84.3555 12.022 24.01
    endloop
  endfacet
  facet normal 0 0 -1
    outer loop
      vertex 133.425 11 24.01
      vertex 84.078 11.7445 24.01
      vertex 84.2213 11.8787 24.01
    endloop
  endfacet
  facet normal 0 0 -1
    outer loop
      vertex 133.425 11 24.01
      vertex 83.9263 11.6199 24.01
      vertex 84.078 11.7445 24.01
    endloop
  endfacet
  facet normal 0 0 -1
    outer loop
      vertex 133.425 11 24.01
      vertex 83.7667 11.5056 24.01
      vertex 83.9263 11.6199 24.01
    endloop
  endfacet
  facet normal 0 0 -1
    outer loop
      vertex 133.425 11 24.01
      vertex 83.6 11.4019 24.01
      vertex 83.7667 11.5056 24.01
    endloop
  endfacet
  facet normal 0 0 -1
    outer loop
      vertex 133.425 11 24.01
      vertex 83.4269 11.3094 24.01
      vertex 83.6 11.4019 24.01
    endloop
  endfacet
  facet normal 0 0 -1
    outer loop
      vertex 133.425 11 24.01
      vertex 83.248 11.2284 24.01
      vertex 83.4269 11.3094 24.01
    endloop
  endfacet
  facet normal 0 0 -1
    outer loop
      vertex 133.425 11 24.01
      vertex 83.0643 11.1592 24.01
      vertex 83.248 11.2284 24.01
    endloop
  endfacet
  facet normal 0 0 -1
    outer loop
      vertex 133.425 11 24.01
      vertex 82.8765 11.1022 24.01
      vertex 83.0643 11.1592 24.01
    endloop
  endfacet
  facet normal 0 0 -1
    outer loop
      vertex 133.425 11 24.01
      vertex 82.6853 11.0576 24.01
      vertex 82.8765 11.1022 24.01
    endloop
  endfacet
  facet normal 0 0 -1
    outer loop
      vertex 133.425 11 24.01
      vertex 82.4916 11.0257 24.01
      vertex 82.6853 11.0576 24.01
    endloop
  endfacet
  facet normal 0 0 -1
    outer loop
      vertex 133.425 11 24.01
      vertex 82.2962 11.0064 24.01
      vertex 82.4916 11.0257 24.01
    endloop
  endfacet
  facet normal 0 -0 -1
    outer loop
      vertex 82.2962 11.0064 24.01
      vertex 133.425 11 24.01
      vertex 82.1 11 24.01
    endloop
  endfacet
  facet normal -0 0 -1
    outer loop
      vertex 133.72 23.9859 24.01
      vertex 129.869 23.0285 24.01
      vertex 133.689 24.5845 24.01
    endloop
  endfacet
  facet normal 0 0 -1
    outer loop
      vertex 133.44 29.4133 24.01
      vertex 129.129 32.2934 24.01
      vertex 133.013 33.9147 24.01
    endloop
  endfacet
  facet normal 0 0 -1
    outer loop
      vertex 128.995 33.3678 24.01
      vertex 133.013 33.9147 24.01
      vertex 129.076 32.8196 24.01
    endloop
  endfacet
  facet normal 0 0 -1
    outer loop
      vertex 128.341 37.8099 24.01
      vertex 132.786 35.8361 24.01
      vertex 128.995 33.3678 24.01
    endloop
  endfacet
  facet normal 0 0 -1
    outer loop
      vertex 132.786 35.8361 24.01
      vertex 128.341 37.8099 24.01
      vertex 132.166 40.2747 24.01
    endloop
  endfacet
  facet normal 0 0 -1
    outer loop
      vertex 127.54 41.9444 24.01
      vertex 132.166 40.2747 24.01
      vertex 128.341 37.8099 24.01
    endloop
  endfacet
  facet normal 0 0 -1
    outer loop
      vertex 132.166 40.2747 24.01
      vertex 127.54 41.9444 24.01
      vertex 131.402 44.3781 24.01
    endloop
  endfacet
  facet normal 0 0 -1
    outer loop
      vertex 127.383 42.753 24.01
      vertex 131.402 44.3781 24.01
      vertex 127.54 41.9444 24.01
    endloop
  endfacet
  facet normal -0 0 -1
    outer loop
      vertex 131.402 44.3781 24.01
      vertex 127.383 42.753 24.01
      vertex 131.165 45.6543 24.01
    endloop
  endfacet
  facet normal 0 0 -1
    outer loop
      vertex 126.427 46.6893 24.01
      vertex 131.165 45.6543 24.01
      vertex 127.383 42.753 24.01
    endloop
  endfacet
  facet normal 0 0 -1
    outer loop
      vertex 131.165 45.6543 24.01
      vertex 126.427 46.6893 24.01
      vertex 130.854 46.9781 24.01
    endloop
  endfacet
  facet normal 0 0 -1
    outer loop
      vertex 126.2 47.6222 24.01
      vertex 130.854 46.9781 24.01
      vertex 126.427 46.6893 24.01
    endloop
  endfacet
  facet normal 0 0 -1
    outer loop
      vertex 130.854 46.9781 24.01
      vertex 126.2 47.6222 24.01
      vertex 129.917 50.9612 24.01
    endloop
  endfacet
  facet normal 0 0 -1
    outer loop
      vertex 125.1 51.3478 24.01
      vertex 129.917 50.9612 24.01
      vertex 126.2 47.6222 24.01
    endloop
  endfacet
  facet normal 0 0 -1
    outer loop
      vertex 129.917 50.9612 24.01
      vertex 125.1 51.3478 24.01
      vertex 129.496 52.4276 24.01
    endloop
  endfacet
  facet normal 0 0 -1
    outer loop
      vertex 124.792 52.3903 24.01
      vertex 129.496 52.4276 24.01
      vertex 125.1 51.3478 24.01
    endloop
  endfacet
  facet normal -0 0 -1
    outer loop
      vertex 129.496 52.4276 24.01
      vertex 124.792 52.3903 24.01
      vertex 128.424 56.1654 24.01
    endloop
  endfacet
  facet normal 0 0 -1
    outer loop
      vertex 124.421 53.4472 24.01
      vertex 128.424 56.1654 24.01
      vertex 124.792 52.3903 24.01
    endloop
  endfacet
  facet normal 0 0 -1
    outer loop
      vertex 123.162 57.0291 24.01
      vertex 128.424 56.1654 24.01
      vertex 124.421 53.4472 24.01
    endloop
  endfacet
  facet normal 0 0 -1
    outer loop
      vertex 128.424 56.1654 24.01
      vertex 123.162 57.0291 24.01
      vertex 127.254 59.5769 24.01
    endloop
  endfacet
  facet normal 0 0 -1
    outer loop
      vertex 121.81 60.3031 24.01
      vertex 127.254 59.5769 24.01
      vertex 123.162 57.0291 24.01
    endloop
  endfacet
  facet normal 0 0 -1
    outer loop
      vertex 127.254 59.5769 24.01
      vertex 121.81 60.3031 24.01
      vertex 126.685 61.2354 24.01
    endloop
  endfacet
  facet normal -0 0 -1
    outer loop
      vertex 126.685 61.2354 24.01
      vertex 121.81 60.3031 24.01
      vertex 126.007 62.9147 24.01
    endloop
  endfacet
  facet normal 0 0 -1
    outer loop
      vertex 121.312 61.51 24.01
      vertex 126.007 62.9147 24.01
      vertex 121.81 60.3031 24.01
    endloop
  endfacet
  facet normal 0 0 -1
    outer loop
      vertex 120.735 62.7113 24.01
      vertex 126.007 62.9147 24.01
      vertex 121.312 61.51 24.01
    endloop
  endfacet
  facet normal -0 0 -1
    outer loop
      vertex 126.007 62.9147 24.01
      vertex 120.735 62.7113 24.01
      vertex 124.705 66.1397 24.01
    endloop
  endfacet
  facet normal 0 0 -1
    outer loop
      vertex 119.248 65.8045 24.01
      vertex 124.705 66.1397 24.01
      vertex 120.735 62.7113 24.01
    endloop
  endfacet
  facet normal -0 0 -1
    outer loop
      vertex 124.705 66.1397 24.01
      vertex 119.248 65.8045 24.01
      vertex 123.333 69.0544 24.01
    endloop
  endfacet
  facet normal 0 0 -1
    outer loop
      vertex 117.693 68.5996 24.01
      vertex 123.333 69.0544 24.01
      vertex 119.248 65.8045 24.01
    endloop
  endfacet
  facet normal -0 0 -1
    outer loop
      vertex 123.333 69.0544 24.01
      vertex 117.693 68.5996 24.01
      vertex 122.489 70.846 24.01
    endloop
  endfacet
  facet normal 0 0 -1
    outer loop
      vertex 116.978 69.8841 24.01
      vertex 122.489 70.846 24.01
      vertex 117.693 68.5996 24.01
    endloop
  endfacet
  facet normal -0 0 -1
    outer loop
      vertex 122.489 70.846 24.01
      vertex 116.978 69.8841 24.01
      vertex 121.035 73.5084 24.01
    endloop
  endfacet
  facet normal 0 0 -1
    outer loop
      vertex 116.174 71.1333 24.01
      vertex 121.035 73.5084 24.01
      vertex 116.978 69.8841 24.01
    endloop
  endfacet
  facet normal -0 0 -1
    outer loop
      vertex 121.035 73.5084 24.01
      vertex 116.174 71.1333 24.01
      vertex 120.044 75.3224 24.01
    endloop
  endfacet
  facet normal 0 0 -1
    outer loop
      vertex 114.509 73.7206 24.01
      vertex 120.044 75.3224 24.01
      vertex 116.174 71.1333 24.01
    endloop
  endfacet
  facet normal -0 0 -1
    outer loop
      vertex 120.044 75.3224 24.01
      vertex 114.509 73.7206 24.01
      vertex 118.921 77.0981 24.01
    endloop
  endfacet
  facet normal 0 0 -1
    outer loop
      vertex 113.59 74.9548 24.01
      vertex 118.921 77.0981 24.01
      vertex 114.509 73.7206 24.01
    endloop
  endfacet
  facet normal -0 0 -1
    outer loop
      vertex 118.921 77.0981 24.01
      vertex 113.59 74.9548 24.01
      vertex 117.378 79.5371 24.01
    endloop
  endfacet
  facet normal 0 0 -1
    outer loop
      vertex 111.853 77.287 24.01
      vertex 117.378 79.5371 24.01
      vertex 113.59 74.9548 24.01
    endloop
  endfacet
  facet normal -0 0 -1
    outer loop
      vertex 117.378 79.5371 24.01
      vertex 111.853 77.287 24.01
      vertex 116.103 81.2782 24.01
    endloop
  endfacet
  facet normal 0 0 -1
    outer loop
      vertex 110.075 79.3415 24.01
      vertex 116.103 81.2782 24.01
      vertex 111.853 77.287 24.01
    endloop
  endfacet
  facet normal -0 0 -1
    outer loop
      vertex 116.103 81.2782 24.01
      vertex 110.075 79.3415 24.01
      vertex 114.504 83.4594 24.01
    endloop
  endfacet
  facet normal 0 0 -1
    outer loop
      vertex 109.022 80.5571 24.01
      vertex 114.504 83.4594 24.01
      vertex 110.075 79.3415 24.01
    endloop
  endfacet
  facet normal -0 0 -1
    outer loop
      vertex 114.504 83.4594 24.01
      vertex 109.022 80.5571 24.01
      vertex 112.874 85.372 24.01
    endloop
  endfacet
  facet normal 0 0 -1
    outer loop
      vertex 107.881 81.6822 24.01
      vertex 112.874 85.372 24.01
      vertex 109.022 80.5571 24.01
    endloop
  endfacet
  facet normal -0 0 -1
    outer loop
      vertex 112.874 85.372 24.01
      vertex 107.881 81.6822 24.01
      vertex 111.436 87.0594 24.01
    endloop
  endfacet
  facet normal 0 0 -1
    outer loop
      vertex 106.031 83.5063 24.01
      vertex 111.436 87.0594 24.01
      vertex 107.881 81.6822 24.01
    endloop
  endfacet
  facet normal -0 0 -1
    outer loop
      vertex 111.436 87.0594 24.01
      vertex 106.031 83.5063 24.01
      vertex 109.867 88.629 24.01
    endloop
  endfacet
  facet normal 0 0 -1
    outer loop
      vertex 104.152 85.0668 24.01
      vertex 109.867 88.629 24.01
      vertex 106.031 83.5063 24.01
    endloop
  endfacet
  facet normal -0 0 -1
    outer loop
      vertex 109.867 88.629 24.01
      vertex 104.152 85.0668 24.01
      vertex 108.187 90.3092 24.01
    endloop
  endfacet
  facet normal 0 0 -1
    outer loop
      vertex 102.894 86.112 24.01
      vertex 108.187 90.3092 24.01
      vertex 104.152 85.0668 24.01
    endloop
  endfacet
  facet normal -0 0 -1
    outer loop
      vertex 108.187 90.3092 24.01
      vertex 102.894 86.112 24.01
      vertex 106.484 91.7441 24.01
    endloop
  endfacet
  facet normal 0 0 -1
    outer loop
      vertex 101.559 87.0293 24.01
      vertex 106.484 91.7441 24.01
      vertex 102.894 86.112 24.01
    endloop
  endfacet
  facet normal -0 0 -1
    outer loop
      vertex 106.484 91.7441 24.01
      vertex 101.559 87.0293 24.01
      vertex 104.777 93.1829 24.01
    endloop
  endfacet
  facet normal 0 0 -1
    outer loop
      vertex 99.6303 88.3536 24.01
      vertex 104.777 93.1829 24.01
      vertex 101.559 87.0293 24.01
    endloop
  endfacet
  facet normal -0 0 -1
    outer loop
      vertex 104.777 93.1829 24.01
      vertex 99.6303 88.3536 24.01
      vertex 103.054 94.3826 24.01
    endloop
  endfacet
  facet normal 0 0 -1
    outer loop
      vertex 98.2138 89.1348 24.01
      vertex 103.054 94.3826 24.01
      vertex 99.6303 88.3536 24.01
    endloop
  endfacet
  facet normal -0 0 -1
    outer loop
      vertex 103.054 94.3826 24.01
      vertex 98.2138 89.1348 24.01
      vertex 101.224 95.6568 24.01
    endloop
  endfacet
  facet normal 0 0 -1
    outer loop
      vertex 96.2579 90.2133 24.01
      vertex 101.224 95.6568 24.01
      vertex 98.2138 89.1348 24.01
    endloop
  endfacet
  facet normal -0 0 -1
    outer loop
      vertex 101.224 95.6568 24.01
      vertex 96.2579 90.2133 24.01
      vertex 99.4833 96.6296 24.01
    endloop
  endfacet
  facet normal 0 0 -1
    outer loop
      vertex 94.7739 90.8405 24.01
      vertex 99.4833 96.6296 24.01
      vertex 96.2579 90.2133 24.01
    endloop
  endfacet
  facet normal -0 0 -1
    outer loop
      vertex 99.4833 96.6296 24.01
      vertex 94.7739 90.8405 24.01
      vertex 97.5492 97.7105 24.01
    endloop
  endfacet
  facet normal 0 0 -1
    outer loop
      vertex 92.7971 91.676 24.01
      vertex 97.5492 97.7105 24.01
      vertex 94.7739 90.8405 24.01
    endloop
  endfacet
  facet normal -0 0 -1
    outer loop
      vertex 97.5492 97.7105 24.01
      vertex 92.7971 91.676 24.01
      vertex 95.5312 98.5747 24.01
    endloop
  endfacet
  facet normal -0 0 -1
    outer loop
      vertex 95.5312 98.5747 24.01
      vertex 92.7971 91.676 24.01
      vertex 93.7753 99.3265 24.01
    endloop
  endfacet
  facet normal 0 0 -1
    outer loop
      vertex 90.8108 92.2691 24.01
      vertex 93.7753 99.3265 24.01
      vertex 92.7971 91.676 24.01
    endloop
  endfacet
  facet normal -0 0 -1
    outer loop
      vertex 93.7753 99.3265 24.01
      vertex 90.8108 92.2691 24.01
      vertex 92.0136 99.8595 24.01
    endloop
  endfacet
  facet normal 0 0 -1
    outer loop
      vertex 89.2692 92.7295 24.01
      vertex 92.0136 99.8595 24.01
      vertex 90.8108 92.2691 24.01
    endloop
  endfacet
  facet normal -0 0 -1
    outer loop
      vertex 92.0136 99.8595 24.01
      vertex 89.2692 92.7295 24.01
      vertex 89.926 100.491 24.01
    endloop
  endfacet
  facet normal 0 0 -1
    outer loop
      vertex 87.697 93.0091 24.01
      vertex 89.926 100.491 24.01
      vertex 89.2692 92.7295 24.01
    endloop
  endfacet
  facet normal -0 0 -1
    outer loop
      vertex 89.926 100.491 24.01
      vertex 87.697 93.0091 24.01
      vertex 87.7938 100.875 24.01
    endloop
  endfacet
  facet normal 0 0 -1
    outer loop
      vertex 85.696 93.3651 24.01
      vertex 87.7938 100.875 24.01
      vertex 87.697 93.0091 24.01
    endloop
  endfacet
  facet normal -0 0 -1
    outer loop
      vertex 87.7938 100.875 24.01
      vertex 85.696 93.3651 24.01
      vertex 86.0258 101.194 24.01
    endloop
  endfacet
  facet normal 0 0 -1
    outer loop
      vertex 84.1051 93.4591 24.01
      vertex 86.0258 101.194 24.01
      vertex 85.696 93.3651 24.01
    endloop
  endfacet
  facet normal -0 0 -1
    outer loop
      vertex 86.0258 101.194 24.01
      vertex 84.1051 93.4591 24.01
      vertex 84.256 101.3 24.01
    endloop
  endfacet
  facet normal 0 0 -1
    outer loop
      vertex 82.1 93.5776 24.01
      vertex 84.256 101.3 24.01
      vertex 84.1051 93.4591 24.01
    endloop
  endfacet
  facet normal 0 0 -1
    outer loop
      vertex 82.1 93.5776 24.01
      vertex 82.1 101.429 24.01
      vertex 84.256 101.3 24.01
    endloop
  endfacet
  facet normal 0 0 -1
    outer loop
      vertex 79.944 101.3 24.01
      vertex 82.1 93.5776 24.01
      vertex 80.0949 93.4591 24.01
    endloop
  endfacet
  facet normal 0 0 -1
    outer loop
      vertex 82.1 93.5776 24.01
      vertex 79.944 101.3 24.01
      vertex 82.1 101.429 24.01
    endloop
  endfacet
  facet normal 0 0 -1
    outer loop
      vertex 78.1742 101.194 24.01
      vertex 80.0949 93.4591 24.01
      vertex 78.504 93.3651 24.01
    endloop
  endfacet
  facet normal 0 0 -1
    outer loop
      vertex 80.0949 93.4591 24.01
      vertex 78.1742 101.194 24.01
      vertex 79.944 101.3 24.01
    endloop
  endfacet
  facet normal 0 0 -1
    outer loop
      vertex 76.4062 100.875 24.01
      vertex 78.504 93.3651 24.01
      vertex 76.503 93.0091 24.01
    endloop
  endfacet
  facet normal 0 0 -1
    outer loop
      vertex 78.504 93.3651 24.01
      vertex 76.4062 100.875 24.01
      vertex 78.1742 101.194 24.01
    endloop
  endfacet
  facet normal 0 0 -1
    outer loop
      vertex 74.274 100.491 24.01
      vertex 76.503 93.0091 24.01
      vertex 74.9308 92.7295 24.01
    endloop
  endfacet
  facet normal 0 0 -1
    outer loop
      vertex 76.503 93.0091 24.01
      vertex 74.274 100.491 24.01
      vertex 76.4062 100.875 24.01
    endloop
  endfacet
  facet normal 0 0 -1
    outer loop
      vertex 72.1864 99.8595 24.01
      vertex 74.9308 92.7295 24.01
      vertex 73.3892 92.2691 24.01
    endloop
  endfacet
  facet normal 0 0 -1
    outer loop
      vertex 74.9308 92.7295 24.01
      vertex 72.1864 99.8595 24.01
      vertex 74.274 100.491 24.01
    endloop
  endfacet
  facet normal 0 0 -1
    outer loop
      vertex 70.4247 99.3265 24.01
      vertex 73.3892 92.2691 24.01
      vertex 71.4028 91.676 24.01
    endloop
  endfacet
  facet normal 0 0 -1
    outer loop
      vertex 73.3892 92.2691 24.01
      vertex 70.4247 99.3265 24.01
      vertex 72.1864 99.8595 24.01
    endloop
  endfacet
  facet normal 0 0 -1
    outer loop
      vertex 66.6508 97.7105 24.01
      vertex 71.4028 91.676 24.01
      vertex 69.4261 90.8405 24.01
    endloop
  endfacet
  facet normal 0 0 -1
    outer loop
      vertex 71.4028 91.676 24.01
      vertex 68.6688 98.5747 24.01
      vertex 70.4247 99.3265 24.01
    endloop
  endfacet
  facet normal 0 0 -1
    outer loop
      vertex 64.7167 96.6296 24.01
      vertex 69.4261 90.8405 24.01
      vertex 67.9421 90.2133 24.01
    endloop
  endfacet
  facet normal 0 0 -1
    outer loop
      vertex 71.4028 91.676 24.01
      vertex 66.6508 97.7105 24.01
      vertex 68.6688 98.5747 24.01
    endloop
  endfacet
  facet normal 0 0 -1
    outer loop
      vertex 62.9761 95.6568 24.01
      vertex 67.9421 90.2133 24.01
      vertex 66.5156 89.4267 24.01
    endloop
  endfacet
  facet normal 0 0 -1
    outer loop
      vertex 69.4261 90.8405 24.01
      vertex 64.7167 96.6296 24.01
      vertex 66.6508 97.7105 24.01
    endloop
  endfacet
  facet normal 0 0 -1
    outer loop
      vertex 61.2473 94.4531 24.01
      vertex 66.5156 89.4267 24.01
      vertex 64.5697 88.3536 24.01
    endloop
  endfacet
  facet normal 0 0 -1
    outer loop
      vertex 67.9421 90.2133 24.01
      vertex 62.9761 95.6568 24.01
      vertex 64.7167 96.6296 24.01
    endloop
  endfacet
  facet normal 0 0 -1
    outer loop
      vertex 59.4231 93.1829 24.01
      vertex 64.5697 88.3536 24.01
      vertex 62.6414 87.0293 24.01
    endloop
  endfacet
  facet normal 0 0 -1
    outer loop
      vertex 57.7156 91.7441 24.01
      vertex 62.6414 87.0293 24.01
      vertex 61.3058 86.112 24.01
    endloop
  endfacet
  facet normal 0 0 -1
    outer loop
      vertex 66.5156 89.4267 24.01
      vertex 61.2473 94.4531 24.01
      vertex 62.9761 95.6568 24.01
    endloop
  endfacet
  facet normal 0 0 -1
    outer loop
      vertex 56.0128 90.3092 24.01
      vertex 61.3058 86.112 24.01
      vertex 60.0477 85.0668 24.01
    endloop
  endfacet
  facet normal 0 0 -1
    outer loop
      vertex 64.5697 88.3536 24.01
      vertex 59.4231 93.1829 24.01
      vertex 61.2473 94.4531 24.01
    endloop
  endfacet
  facet normal 0 0 -1
    outer loop
      vertex 54.3334 88.629 24.01
      vertex 60.0477 85.0668 24.01
      vertex 58.1692 83.5063 24.01
    endloop
  endfacet
  facet normal 0 0 -1
    outer loop
      vertex 62.6414 87.0293 24.01
      vertex 57.7156 91.7441 24.01
      vertex 59.4231 93.1829 24.01
    endloop
  endfacet
  facet normal 0 0 -1
    outer loop
      vertex 52.7644 87.0594 24.01
      vertex 58.1692 83.5063 24.01
      vertex 56.3188 81.6822 24.01
    endloop
  endfacet
  facet normal 0 0 -1
    outer loop
      vertex 61.3058 86.112 24.01
      vertex 56.0128 90.3092 24.01
      vertex 57.7156 91.7441 24.01
    endloop
  endfacet
  facet normal 0 0 -1
    outer loop
      vertex 51.326 85.372 24.01
      vertex 56.3188 81.6822 24.01
      vertex 55.1775 80.5571 24.01
    endloop
  endfacet
  facet normal 0 0 -1
    outer loop
      vertex 60.0477 85.0668 24.01
      vertex 54.3334 88.629 24.01
      vertex 56.0128 90.3092 24.01
    endloop
  endfacet
  facet normal 0 0 -1
    outer loop
      vertex 49.6956 83.4594 24.01
      vertex 55.1775 80.5571 24.01
      vertex 54.1252 79.3415 24.01
    endloop
  endfacet
  facet normal 0 0 -1
    outer loop
      vertex 58.1692 83.5063 24.01
      vertex 52.7644 87.0594 24.01
      vertex 54.3334 88.629 24.01
    endloop
  endfacet
  facet normal 0 0 -1
    outer loop
      vertex 48.0974 81.2782 24.01
      vertex 54.1252 79.3415 24.01
      vertex 52.3466 77.287 24.01
    endloop
  endfacet
  facet normal 0 0 -1
    outer loop
      vertex 56.3188 81.6822 24.01
      vertex 51.326 85.372 24.01
      vertex 52.7644 87.0594 24.01
    endloop
  endfacet
  facet normal 0 0 -1
    outer loop
      vertex 46.8217 79.5371 24.01
      vertex 52.3466 77.287 24.01
      vertex 50.6097 74.9548 24.01
    endloop
  endfacet
  facet normal 0 0 -1
    outer loop
      vertex 55.1775 80.5571 24.01
      vertex 49.6956 83.4594 24.01
      vertex 51.326 85.372 24.01
    endloop
  endfacet
  facet normal 0 0 -1
    outer loop
      vertex 45.6806 77.7326 24.01
      vertex 50.6097 74.9548 24.01
      vertex 49.6906 73.7206 24.01
    endloop
  endfacet
  facet normal 0 0 -1
    outer loop
      vertex 54.1252 79.3415 24.01
      vertex 48.0974 81.2782 24.01
      vertex 49.6956 83.4594 24.01
    endloop
  endfacet
  facet normal 0 0 -1
    outer loop
      vertex 44.1564 75.3224 24.01
      vertex 49.6906 73.7206 24.01
      vertex 48.0259 71.1333 24.01
    endloop
  endfacet
  facet normal 0 0 -1
    outer loop
      vertex 42.6813 72.6221 24.01
      vertex 48.0259 71.1333 24.01
      vertex 47.2221 69.8841 24.01
    endloop
  endfacet
  facet normal 0 0 -1
    outer loop
      vertex 52.3466 77.287 24.01
      vertex 46.8217 79.5371 24.01
      vertex 48.0974 81.2782 24.01
    endloop
  endfacet
  facet normal 0 0 -1
    outer loop
      vertex 42.6813 72.6221 24.01
      vertex 47.2221 69.8841 24.01
      vertex 46.5072 68.5996 24.01
    endloop
  endfacet
  facet normal 0 0 -1
    outer loop
      vertex 50.6097 74.9548 24.01
      vertex 45.6806 77.7326 24.01
      vertex 46.8217 79.5371 24.01
    endloop
  endfacet
  facet normal 0 0 -1
    outer loop
      vertex 40.8673 69.0544 24.01
      vertex 46.5072 68.5996 24.01
      vertex 44.9516 65.8045 24.01
    endloop
  endfacet
  facet normal 0 0 -1
    outer loop
      vertex 49.6906 73.7206 24.01
      vertex 44.1564 75.3224 24.01
      vertex 45.6806 77.7326 24.01
    endloop
  endfacet
  facet normal 0 0 -1
    outer loop
      vertex 39.4947 66.1397 24.01
      vertex 44.9516 65.8045 24.01
      vertex 43.4653 62.7113 24.01
    endloop
  endfacet
  facet normal 0 0 -1
    outer loop
      vertex 38.1928 62.9147 24.01
      vertex 43.4653 62.7113 24.01
      vertex 42.8881 61.51 24.01
    endloop
  endfacet
  facet normal 0 0 -1
    outer loop
      vertex 48.0259 71.1333 24.01
      vertex 42.6813 72.6221 24.01
      vertex 44.1564 75.3224 24.01
    endloop
  endfacet
  facet normal 0 0 -1
    outer loop
      vertex 38.1928 62.9147 24.01
      vertex 42.8881 61.51 24.01
      vertex 42.3899 60.3031 24.01
    endloop
  endfacet
  facet normal 0 0 -1
    outer loop
      vertex 46.5072 68.5996 24.01
      vertex 41.711 70.846 24.01
      vertex 42.6813 72.6221 24.01
    endloop
  endfacet
  facet normal 0 0 -1
    outer loop
      vertex 36.9462 59.5769 24.01
      vertex 42.3899 60.3031 24.01
      vertex 41.0385 57.0291 24.01
    endloop
  endfacet
  facet normal 0 0 -1
    outer loop
      vertex 46.5072 68.5996 24.01
      vertex 40.8673 69.0544 24.01
      vertex 41.711 70.846 24.01
    endloop
  endfacet
  facet normal 0 0 -1
    outer loop
      vertex 35.7764 56.1654 24.01
      vertex 41.0385 57.0291 24.01
      vertex 39.7795 53.4472 24.01
    endloop
  endfacet
  facet normal 0 0 -1
    outer loop
      vertex 44.9516 65.8045 24.01
      vertex 39.4947 66.1397 24.01
      vertex 40.8673 69.0544 24.01
    endloop
  endfacet
  facet normal 0 0 -1
    outer loop
      vertex 35.3309 54.6129 24.01
      vertex 39.7795 53.4472 24.01
      vertex 39.408 52.3903 24.01
    endloop
  endfacet
  facet normal 0 0 -1
    outer loop
      vertex 35.3309 54.6129 24.01
      vertex 39.408 52.3903 24.01
      vertex 39.1002 51.3478 24.01
    endloop
  endfacet
  facet normal 0 0 -1
    outer loop
      vertex 43.4653 62.7113 24.01
      vertex 38.1928 62.9147 24.01
      vertex 39.4947 66.1397 24.01
    endloop
  endfacet
  facet normal 0 0 -1
    outer loop
      vertex 34.2828 50.9612 24.01
      vertex 39.1002 51.3478 24.01
      vertex 38.0002 47.6222 24.01
    endloop
  endfacet
  facet normal 0 0 -1
    outer loop
      vertex 42.3899 60.3031 24.01
      vertex 37.5148 61.2354 24.01
      vertex 38.1928 62.9147 24.01
    endloop
  endfacet
  facet normal 0 0 -1
    outer loop
      vertex 33.3465 46.9781 24.01
      vertex 38.0002 47.6222 24.01
      vertex 37.0191 43.585 24.01
    endloop
  endfacet
  facet normal -0 0 -1
    outer loop
      vertex 42.3899 60.3031 24.01
      vertex 36.9462 59.5769 24.01
      vertex 37.5148 61.2354 24.01
    endloop
  endfacet
  facet normal 0 0 -1
    outer loop
      vertex 32.7977 44.3781 24.01
      vertex 37.0191 43.585 24.01
      vertex 36.817 42.753 24.01
    endloop
  endfacet
  facet normal 0 0 -1
    outer loop
      vertex 32.7977 44.3781 24.01
      vertex 36.817 42.753 24.01
      vertex 36.6602 41.9444 24.01
    endloop
  endfacet
  facet normal 0 0 -1
    outer loop
      vertex 32.0338 40.2747 24.01
      vertex 36.6602 41.9444 24.01
      vertex 35.8587 37.8099 24.01
    endloop
  endfacet
  facet normal -0 0 -1
    outer loop
      vertex 41.0385 57.0291 24.01
      vertex 35.7764 56.1654 24.01
      vertex 36.9462 59.5769 24.01
    endloop
  endfacet
  facet normal 0 0 -1
    outer loop
      vertex 31.8784 39.162 24.01
      vertex 35.8587 37.8099 24.01
      vertex 35.7598 37.1379 24.01
    endloop
  endfacet
  facet normal 0 0 -1
    outer loop
      vertex 39.7795 53.4472 24.01
      vertex 35.3309 54.6129 24.01
      vertex 35.7764 56.1654 24.01
    endloop
  endfacet
  facet normal 0 0 -1
    outer loop
      vertex 31.2764 34.8517 24.01
      vertex 35.7598 37.1379 24.01
      vertex 35.1244 32.8196 24.01
    endloop
  endfacet
  facet normal 0 0 -1
    outer loop
      vertex 30.8354 30.2086 24.01
      vertex 35.1244 32.8196 24.01
      vertex 34.6518 28.1995 24.01
    endloop
  endfacet
  facet normal 0 0 -1
    outer loop
      vertex 30.7598 29.4133 24.01
      vertex 34.6518 28.1995 24.01
      vertex 34.6117 27.8077 24.01
    endloop
  endfacet
  facet normal 0 0 -1
    outer loop
      vertex 30.5106 24.5845 24.01
      vertex 34.6117 27.8077 24.01
      vertex 34.3307 23.0285 24.01
    endloop
  endfacet
  facet normal 0 0 -1
    outer loop
      vertex 30.4746 23.422 24.01
      vertex 34.3307 23.0285 24.01
      vertex 34.3172 22.7984 24.01
    endloop
  endfacet
  facet normal -0 0 -1
    outer loop
      vertex 39.1002 51.3478 24.01
      vertex 34.2828 50.9612 24.01
      vertex 35.3309 54.6129 24.01
    endloop
  endfacet
  facet normal 0 0 -1
    outer loop
      vertex 30.4746 23.422 24.01
      vertex 34.3172 22.7984 24.01
      vertex 34.3136 22.5799 24.01
    endloop
  endfacet
  facet normal 0 0 -1
    outer loop
      vertex 30.4306 18.5946 24.01
      vertex 34.3136 22.5799 24.01
      vertex 34.2363 17.8151 24.01
    endloop
  endfacet
  facet normal -0 0 -1
    outer loop
      vertex 38.0002 47.6222 24.01
      vertex 33.3465 46.9781 24.01
      vertex 34.2828 50.9612 24.01
    endloop
  endfacet
  facet normal 0 0 -1
    outer loop
      vertex 85.0936 14.1962 24.01
      vertex 129.029 15.8241 24.01
      vertex 85.1 14 24.01
    endloop
  endfacet
  facet normal 0 0 -1
    outer loop
      vertex 85.0743 14.3916 24.01
      vertex 129.029 15.8241 24.01
      vertex 85.0936 14.1962 24.01
    endloop
  endfacet
  facet normal 0 0 -1
    outer loop
      vertex 85.0424 14.5853 24.01
      vertex 129.029 15.8241 24.01
      vertex 85.0743 14.3916 24.01
    endloop
  endfacet
  facet normal 0 0 -1
    outer loop
      vertex 84.9978 14.7765 24.01
      vertex 129.029 15.8241 24.01
      vertex 85.0424 14.5853 24.01
    endloop
  endfacet
  facet normal 0 0 -1
    outer loop
      vertex 84.9408 14.9643 24.01
      vertex 129.029 15.8241 24.01
      vertex 84.9978 14.7765 24.01
    endloop
  endfacet
  facet normal 0 0 -1
    outer loop
      vertex 84.8716 15.148 24.01
      vertex 129.029 15.8241 24.01
      vertex 84.9408 14.9643 24.01
    endloop
  endfacet
  facet normal 0 0 -1
    outer loop
      vertex 84.7906 15.3269 24.01
      vertex 129.029 15.8241 24.01
      vertex 84.8716 15.148 24.01
    endloop
  endfacet
  facet normal 0 0 -1
    outer loop
      vertex 84.6981 15.5 24.01
      vertex 129.029 15.8241 24.01
      vertex 84.7906 15.3269 24.01
    endloop
  endfacet
  facet normal 0 0 -1
    outer loop
      vertex 84.5944 15.6667 24.01
      vertex 129.029 15.8241 24.01
      vertex 84.6981 15.5 24.01
    endloop
  endfacet
  facet normal -0 0 -1
    outer loop
      vertex 129.029 15.8241 24.01
      vertex 84.5944 15.6667 24.01
      vertex 84.4817 15.8241 24.01
    endloop
  endfacet
  facet normal 0 0 -1
    outer loop
      vertex 79.1064 13.8038 24.01
      vertex 35.1709 15.8241 24.01
      vertex 79.1 14 24.01
    endloop
  endfacet
  facet normal 0 0 -1
    outer loop
      vertex 79.1257 13.6084 24.01
      vertex 35.1709 15.8241 24.01
      vertex 79.1064 13.8038 24.01
    endloop
  endfacet
  facet normal 0 0 -1
    outer loop
      vertex 79.1576 13.4147 24.01
      vertex 35.1709 15.8241 24.01
      vertex 79.1257 13.6084 24.01
    endloop
  endfacet
  facet normal 0 0 -1
    outer loop
      vertex 79.2022 13.2235 24.01
      vertex 35.1709 15.8241 24.01
      vertex 79.1576 13.4147 24.01
    endloop
  endfacet
  facet normal 0 0 -1
    outer loop
      vertex 79.2592 13.0357 24.01
      vertex 35.1709 15.8241 24.01
      vertex 79.2022 13.2235 24.01
    endloop
  endfacet
  facet normal 0 0 -1
    outer loop
      vertex 79.3284 12.8519 24.01
      vertex 35.1709 15.8241 24.01
      vertex 79.2592 13.0357 24.01
    endloop
  endfacet
  facet normal 0 0 -1
    outer loop
      vertex 79.4094 12.6731 24.01
      vertex 35.1709 15.8241 24.01
      vertex 79.3284 12.8519 24.01
    endloop
  endfacet
  facet normal 0 0 -1
    outer loop
      vertex 79.5019 12.5 24.01
      vertex 35.1709 15.8241 24.01
      vertex 79.4094 12.6731 24.01
    endloop
  endfacet
  facet normal 0 0 -1
    outer loop
      vertex 79.6056 12.3333 24.01
      vertex 35.1709 15.8241 24.01
      vertex 79.5019 12.5 24.01
    endloop
  endfacet
  facet normal 0 0 -1
    outer loop
      vertex 79.7199 12.1737 24.01
      vertex 35.1709 15.8241 24.01
      vertex 79.6056 12.3333 24.01
    endloop
  endfacet
  facet normal 0 0 -1
    outer loop
      vertex 79.8445 12.022 24.01
      vertex 35.1709 15.8241 24.01
      vertex 79.7199 12.1737 24.01
    endloop
  endfacet
  facet normal 0 0 -1
    outer loop
      vertex 30.7748 11 24.01
      vertex 79.8445 12.022 24.01
      vertex 79.9787 11.8787 24.01
    endloop
  endfacet
  facet normal 0 0 -1
    outer loop
      vertex 30.7748 11 24.01
      vertex 79.9787 11.8787 24.01
      vertex 80.122 11.7445 24.01
    endloop
  endfacet
  facet normal 0 0 -1
    outer loop
      vertex 30.7748 11 24.01
      vertex 80.122 11.7445 24.01
      vertex 80.2737 11.6199 24.01
    endloop
  endfacet
  facet normal 0 0 -1
    outer loop
      vertex 30.7748 11 24.01
      vertex 80.2737 11.6199 24.01
      vertex 80.4333 11.5056 24.01
    endloop
  endfacet
  facet normal 0 0 -1
    outer loop
      vertex 30.7748 11 24.01
      vertex 80.4333 11.5056 24.01
      vertex 80.6 11.4019 24.01
    endloop
  endfacet
  facet normal 0 0 -1
    outer loop
      vertex 30.7748 11 24.01
      vertex 80.6 11.4019 24.01
      vertex 80.7731 11.3094 24.01
    endloop
  endfacet
  facet normal 0 0 -1
    outer loop
      vertex 30.7748 11 24.01
      vertex 80.7731 11.3094 24.01
      vertex 80.952 11.2284 24.01
    endloop
  endfacet
  facet normal 0 0 -1
    outer loop
      vertex 30.7748 11 24.01
      vertex 80.952 11.2284 24.01
      vertex 81.1357 11.1592 24.01
    endloop
  endfacet
  facet normal 0 0 -1
    outer loop
      vertex 30.7748 11 24.01
      vertex 81.1357 11.1592 24.01
      vertex 81.3235 11.1022 24.01
    endloop
  endfacet
  facet normal 0 0 -1
    outer loop
      vertex 30.7748 11 24.01
      vertex 81.3235 11.1022 24.01
      vertex 81.5147 11.0576 24.01
    endloop
  endfacet
  facet normal 0 0 -1
    outer loop
      vertex 30.7748 11 24.01
      vertex 81.5147 11.0576 24.01
      vertex 81.7084 11.0257 24.01
    endloop
  endfacet
  facet normal -0 0 -1
    outer loop
      vertex 79.8445 12.022 24.01
      vertex 30.7748 11 24.01
      vertex 35.1709 15.8241 24.01
    endloop
  endfacet
  facet normal -0 0 -1
    outer loop
      vertex 35.1709 15.8241 24.01
      vertex 30.7748 11 24.01
      vertex 34.8291 15.8241 24.01
    endloop
  endfacet
  facet normal -0 0 -1
    outer loop
      vertex 34.8291 15.8241 24.01
      vertex 30.7748 11 24.01
      vertex 34.3291 15.8241 24.01
    endloop
  endfacet
  facet normal 0 0 -1
    outer loop
      vertex 30.4306 18.5946 24.01
      vertex 34.2363 17.8151 24.01
      vertex 34.2877 15.8241 24.01
    endloop
  endfacet
  facet normal 0 0 -1
    outer loop
      vertex 37.0191 43.585 24.01
      vertex 32.7977 44.3781 24.01
      vertex 33.0353 45.6543 24.01
    endloop
  endfacet
  facet normal 0 0 -1
    outer loop
      vertex 37.0191 43.585 24.01
      vertex 33.0353 45.6543 24.01
      vertex 33.3465 46.9781 24.01
    endloop
  endfacet
  facet normal -0 0 -1
    outer loop
      vertex 36.6602 41.9444 24.01
      vertex 32.0338 40.2747 24.01
      vertex 32.7977 44.3781 24.01
    endloop
  endfacet
  facet normal 0 0 -1
    outer loop
      vertex 35.8587 37.8099 24.01
      vertex 31.8784 39.162 24.01
      vertex 32.0338 40.2747 24.01
    endloop
  endfacet
  facet normal -0 0 -1
    outer loop
      vertex 35.7598 37.1379 24.01
      vertex 31.2764 34.8517 24.01
      vertex 31.8784 39.162 24.01
    endloop
  endfacet
  facet normal -0 0 -1
    outer loop
      vertex 35.1244 32.8196 24.01
      vertex 30.8354 30.2086 24.01
      vertex 31.2764 34.8517 24.01
    endloop
  endfacet
  facet normal 0 0 -1
    outer loop
      vertex 30.7748 11 24.01
      vertex 81.9038 11.0064 24.01
      vertex 82.1 11 24.01
    endloop
  endfacet
  facet normal 0 0 -1
    outer loop
      vertex 30.7748 11 24.01
      vertex 81.7084 11.0257 24.01
      vertex 81.9038 11.0064 24.01
    endloop
  endfacet
  facet normal -0 0 -1
    outer loop
      vertex 34.3291 15.8241 24.01
      vertex 30.7748 11 24.01
      vertex 34.2877 15.8241 24.01
    endloop
  endfacet
  facet normal 0 0 -1
    outer loop
      vertex 30.6058 13.2627 24.01
      vertex 34.2877 15.8241 24.01
      vertex 30.7748 11 24.01
    endloop
  endfacet
  facet normal -0 0 -1
    outer loop
      vertex 34.6117 27.8077 24.01
      vertex 30.5106 24.5845 24.01
      vertex 30.7598 29.4133 24.01
    endloop
  endfacet
  facet normal 0 0 -1
    outer loop
      vertex 34.2877 15.8241 24.01
      vertex 30.6058 13.2627 24.01
      vertex 30.5993 13.4603 24.01
    endloop
  endfacet
  facet normal 0 0 -1
    outer loop
      vertex 30.4306 18.5946 24.01
      vertex 34.2877 15.8241 24.01
      vertex 30.5993 13.4603 24.01
    endloop
  endfacet
  facet normal 0 0 -1
    outer loop
      vertex 34.6518 28.1995 24.01
      vertex 30.7598 29.4133 24.01
      vertex 30.8354 30.2086 24.01
    endloop
  endfacet
  facet normal 0 0 -1
    outer loop
      vertex 34.3307 23.0285 24.01
      vertex 30.4746 23.422 24.01
      vertex 30.4798 23.9859 24.01
    endloop
  endfacet
  facet normal 0 0 -1
    outer loop
      vertex 34.3307 23.0285 24.01
      vertex 30.4798 23.9859 24.01
      vertex 30.5106 24.5845 24.01
    endloop
  endfacet
  facet normal -0 0 -1
    outer loop
      vertex 34.3136 22.5799 24.01
      vertex 30.4306 18.5946 24.01
      vertex 30.4746 23.422 24.01
    endloop
  endfacet
  facet normal 0 0 -1
    outer loop
      vertex 79.6056 15.6667 24.01
      vertex 35.1709 15.8241 24.01
      vertex 79.7183 15.8241 24.01
    endloop
  endfacet
  facet normal 0 0 -1
    outer loop
      vertex 79.5019 15.5 24.01
      vertex 35.1709 15.8241 24.01
      vertex 79.6056 15.6667 24.01
    endloop
  endfacet
  facet normal 0 0 -1
    outer loop
      vertex 79.4094 15.3269 24.01
      vertex 35.1709 15.8241 24.01
      vertex 79.5019 15.5 24.01
    endloop
  endfacet
  facet normal 0 0 -1
    outer loop
      vertex 79.3284 15.148 24.01
      vertex 35.1709 15.8241 24.01
      vertex 79.4094 15.3269 24.01
    endloop
  endfacet
  facet normal 0 0 -1
    outer loop
      vertex 79.2592 14.9643 24.01
      vertex 35.1709 15.8241 24.01
      vertex 79.3284 15.148 24.01
    endloop
  endfacet
  facet normal 0 0 -1
    outer loop
      vertex 79.2022 14.7765 24.01
      vertex 35.1709 15.8241 24.01
      vertex 79.2592 14.9643 24.01
    endloop
  endfacet
  facet normal 0 0 -1
    outer loop
      vertex 79.1576 14.5853 24.01
      vertex 35.1709 15.8241 24.01
      vertex 79.2022 14.7765 24.01
    endloop
  endfacet
  facet normal 0 0 -1
    outer loop
      vertex 79.1257 14.3916 24.01
      vertex 35.1709 15.8241 24.01
      vertex 79.1576 14.5853 24.01
    endloop
  endfacet
  facet normal 0 0 -1
    outer loop
      vertex 79.1064 14.1962 24.01
      vertex 35.1709 15.8241 24.01
      vertex 79.1257 14.3916 24.01
    endloop
  endfacet
  facet normal 0 0 -1
    outer loop
      vertex 35.1709 15.8241 24.01
      vertex 79.1064 14.1962 24.01
      vertex 79.1 14 24.01
    endloop
  endfacet
  facet normal 0 0 1
    outer loop
      vertex 112.498 33.4535 3
      vertex 85.0936 14.1962 3
      vertex 85.1 14 3
    endloop
  endfacet
  facet normal 0 0 1
    outer loop
      vertex 112.498 33.4535 3
      vertex 85.0743 14.3916 3
      vertex 85.0936 14.1962 3
    endloop
  endfacet
  facet normal 0 0 1
    outer loop
      vertex 112.498 33.4535 3
      vertex 85.0424 14.5853 3
      vertex 85.0743 14.3916 3
    endloop
  endfacet
  facet normal 0 0 1
    outer loop
      vertex 112.498 33.4535 3
      vertex 84.9978 14.7765 3
      vertex 85.0424 14.5853 3
    endloop
  endfacet
  facet normal 0 0 1
    outer loop
      vertex 112.498 33.4535 3
      vertex 84.9408 14.9643 3
      vertex 84.9978 14.7765 3
    endloop
  endfacet
  facet normal 0 0 1
    outer loop
      vertex 112.498 33.4535 3
      vertex 84.8716 15.148 3
      vertex 84.9408 14.9643 3
    endloop
  endfacet
  facet normal 0 0 1
    outer loop
      vertex 112.498 33.4535 3
      vertex 84.7906 15.3269 3
      vertex 84.8716 15.148 3
    endloop
  endfacet
  facet normal 0 0 1
    outer loop
      vertex 112.498 33.4535 3
      vertex 84.6981 15.5 3
      vertex 84.7906 15.3269 3
    endloop
  endfacet
  facet normal 0 0 1
    outer loop
      vertex 112.498 33.4535 3
      vertex 84.5944 15.6667 3
      vertex 84.6981 15.5 3
    endloop
  endfacet
  facet normal 0 0 1
    outer loop
      vertex 112.498 33.4535 3
      vertex 84.4801 15.8263 3
      vertex 84.5944 15.6667 3
    endloop
  endfacet
  facet normal 0 0 1
    outer loop
      vertex 112.498 33.4535 3
      vertex 84.3555 15.978 3
      vertex 84.4801 15.8263 3
    endloop
  endfacet
  facet normal 0 0 1
    outer loop
      vertex 112.498 33.4535 3
      vertex 84.2213 16.1213 3
      vertex 84.3555 15.978 3
    endloop
  endfacet
  facet normal 0 0 1
    outer loop
      vertex 112.498 33.4535 3
      vertex 84.078 16.2555 3
      vertex 84.2213 16.1213 3
    endloop
  endfacet
  facet normal 0 0 1
    outer loop
      vertex 112.498 33.4535 3
      vertex 83.9263 16.3801 3
      vertex 84.078 16.2555 3
    endloop
  endfacet
  facet normal 0 0 1
    outer loop
      vertex 112.498 33.4535 3
      vertex 83.7667 16.4944 3
      vertex 83.9263 16.3801 3
    endloop
  endfacet
  facet normal 0 0 1
    outer loop
      vertex 112.498 33.4535 3
      vertex 83.6 16.5981 3
      vertex 83.7667 16.4944 3
    endloop
  endfacet
  facet normal 0 0 1
    outer loop
      vertex 112.498 33.4535 3
      vertex 83.4269 16.6906 3
      vertex 83.6 16.5981 3
    endloop
  endfacet
  facet normal 0 0 1
    outer loop
      vertex 112.498 33.4535 3
      vertex 83.248 16.7716 3
      vertex 83.4269 16.6906 3
    endloop
  endfacet
  facet normal 0 0 1
    outer loop
      vertex 112.498 33.4535 3
      vertex 83.0643 16.8408 3
      vertex 83.248 16.7716 3
    endloop
  endfacet
  facet normal 0 0 1
    outer loop
      vertex 112.498 33.4535 3
      vertex 82.8765 16.8978 3
      vertex 83.0643 16.8408 3
    endloop
  endfacet
  facet normal 0 0 1
    outer loop
      vertex 112.498 33.4535 3
      vertex 82.6853 16.9424 3
      vertex 82.8765 16.8978 3
    endloop
  endfacet
  facet normal 0 0 1
    outer loop
      vertex 112.498 33.4535 3
      vertex 82.4916 16.9743 3
      vertex 82.6853 16.9424 3
    endloop
  endfacet
  facet normal 0 0 1
    outer loop
      vertex 112.498 33.4535 3
      vertex 82.2962 16.9936 3
      vertex 82.4916 16.9743 3
    endloop
  endfacet
  facet normal 0 0 1
    outer loop
      vertex 112.498 33.4535 3
      vertex 82.1 17 3
      vertex 82.2962 16.9936 3
    endloop
  endfacet
  facet normal -0 0 1
    outer loop
      vertex 51.702 33.4535 3
      vertex 82.1 17 3
      vertex 112.498 33.4535 3
    endloop
  endfacet
  facet normal 0 0 1
    outer loop
      vertex 82.1 17 3
      vertex 51.702 33.4535 3
      vertex 81.9038 16.9936 3
    endloop
  endfacet
  facet normal 0 0 1
    outer loop
      vertex 81.9038 16.9936 3
      vertex 51.702 33.4535 3
      vertex 81.7084 16.9743 3
    endloop
  endfacet
  facet normal 0 0 1
    outer loop
      vertex 81.7084 16.9743 3
      vertex 51.702 33.4535 3
      vertex 81.5147 16.9424 3
    endloop
  endfacet
  facet normal 0 0 1
    outer loop
      vertex 81.5147 16.9424 3
      vertex 51.702 33.4535 3
      vertex 81.3235 16.8978 3
    endloop
  endfacet
  facet normal 0 0 1
    outer loop
      vertex 81.3235 16.8978 3
      vertex 51.702 33.4535 3
      vertex 81.1357 16.8408 3
    endloop
  endfacet
  facet normal 0 0 1
    outer loop
      vertex 81.1357 16.8408 3
      vertex 51.702 33.4535 3
      vertex 80.952 16.7716 3
    endloop
  endfacet
  facet normal 0 0 1
    outer loop
      vertex 79.1064 14.1962 3
      vertex 51.702 33.4535 3
      vertex 79.1 14 3
    endloop
  endfacet
  facet normal 0 0 1
    outer loop
      vertex 79.1257 14.3916 3
      vertex 51.702 33.4535 3
      vertex 79.1064 14.1962 3
    endloop
  endfacet
  facet normal 0 0 1
    outer loop
      vertex 79.1576 14.5853 3
      vertex 51.702 33.4535 3
      vertex 79.1257 14.3916 3
    endloop
  endfacet
  facet normal 0 0 1
    outer loop
      vertex 79.2022 14.7765 3
      vertex 51.702 33.4535 3
      vertex 79.1576 14.5853 3
    endloop
  endfacet
  facet normal 0 0 1
    outer loop
      vertex 79.2592 14.9643 3
      vertex 51.702 33.4535 3
      vertex 79.2022 14.7765 3
    endloop
  endfacet
  facet normal 0 0 1
    outer loop
      vertex 79.3284 15.148 3
      vertex 51.702 33.4535 3
      vertex 79.2592 14.9643 3
    endloop
  endfacet
  facet normal 0 0 1
    outer loop
      vertex 79.4094 15.3269 3
      vertex 51.702 33.4535 3
      vertex 79.3284 15.148 3
    endloop
  endfacet
  facet normal 0 0 1
    outer loop
      vertex 79.5019 15.5 3
      vertex 51.702 33.4535 3
      vertex 79.4094 15.3269 3
    endloop
  endfacet
  facet normal 0 0 1
    outer loop
      vertex 79.6056 15.6667 3
      vertex 51.702 33.4535 3
      vertex 79.5019 15.5 3
    endloop
  endfacet
  facet normal 0 0 1
    outer loop
      vertex 79.7199 15.8263 3
      vertex 51.702 33.4535 3
      vertex 79.6056 15.6667 3
    endloop
  endfacet
  facet normal 0 0 1
    outer loop
      vertex 79.8445 15.978 3
      vertex 51.702 33.4535 3
      vertex 79.7199 15.8263 3
    endloop
  endfacet
  facet normal 0 0 1
    outer loop
      vertex 79.9787 16.1213 3
      vertex 51.702 33.4535 3
      vertex 79.8445 15.978 3
    endloop
  endfacet
  facet normal 0 0 1
    outer loop
      vertex 80.122 16.2555 3
      vertex 51.702 33.4535 3
      vertex 79.9787 16.1213 3
    endloop
  endfacet
  facet normal 0 0 1
    outer loop
      vertex 80.2737 16.3801 3
      vertex 51.702 33.4535 3
      vertex 80.122 16.2555 3
    endloop
  endfacet
  facet normal 0 0 1
    outer loop
      vertex 80.4333 16.4944 3
      vertex 51.702 33.4535 3
      vertex 80.2737 16.3801 3
    endloop
  endfacet
  facet normal 0 0 1
    outer loop
      vertex 80.6 16.5981 3
      vertex 51.702 33.4535 3
      vertex 80.4333 16.4944 3
    endloop
  endfacet
  facet normal 0 0 1
    outer loop
      vertex 80.7731 16.6906 3
      vertex 51.702 33.4535 3
      vertex 80.6 16.5981 3
    endloop
  endfacet
  facet normal 0 0 1
    outer loop
      vertex 80.952 16.7716 3
      vertex 51.702 33.4535 3
      vertex 80.7731 16.6906 3
    endloop
  endfacet
  facet normal -0 0 1
    outer loop
      vertex 111.921 43.4332 3
      vertex 161.2 11 3
      vertex 161.2 180.498 3
    endloop
  endfacet
  facet normal 0 0 1
    outer loop
      vertex 161.2 11 3
      vertex 116.281 36.1494 3
      vertex 117.576 33.4535 3
    endloop
  endfacet
  facet normal 0 0 1
    outer loop
      vertex 161.2 11 3
      vertex 114.277 39.7498 3
      vertex 116.281 36.1494 3
    endloop
  endfacet
  facet normal 0 0 1
    outer loop
      vertex 161.2 11 3
      vertex 114.192 39.9031 3
      vertex 114.277 39.7498 3
    endloop
  endfacet
  facet normal 0 0 1
    outer loop
      vertex 161.2 11 3
      vertex 114.096 40.0521 3
      vertex 114.192 39.9031 3
    endloop
  endfacet
  facet normal 0 0 1
    outer loop
      vertex 161.2 11 3
      vertex 111.921 43.4332 3
      vertex 114.096 40.0521 3
    endloop
  endfacet
  facet normal 0 0 1
    outer loop
      vertex 161.2 180.498 3
      vertex 111.762 43.6459 3
      vertex 111.921 43.4332 3
    endloop
  endfacet
  facet normal 0 0 1
    outer loop
      vertex 161.2 180.498 3
      vertex 109.477 46.7147 3
      vertex 111.762 43.6459 3
    endloop
  endfacet
  facet normal 0 0 1
    outer loop
      vertex 161.2 180.498 3
      vertex 107.136 49.418 3
      vertex 109.477 46.7147 3
    endloop
  endfacet
  facet normal 0 0 1
    outer loop
      vertex 161.2 180.498 3
      vertex 106.872 49.7236 3
      vertex 107.136 49.418 3
    endloop
  endfacet
  facet normal -0 0 1
    outer loop
      vertex 88.0487 92.5322 3
      vertex 106.872 49.7236 3
      vertex 161.2 180.498 3
    endloop
  endfacet
  facet normal -0 -0 1
    outer loop
      vertex 88.0872 92.1415 3
      vertex 106.872 49.7236 3
      vertex 88.0487 92.5322 3
    endloop
  endfacet
  facet normal 0 0 1
    outer loop
      vertex 106.872 49.7236 3
      vertex 88.0872 92.1415 3
      vertex 106.585 50.0063 3
    endloop
  endfacet
  facet normal 0 0 1
    outer loop
      vertex 106.585 50.0063 3
      vertex 88.1 91.7491 3
      vertex 104.119 52.4372 3
    endloop
  endfacet
  facet normal -0 0 1
    outer loop
      vertex 88.0872 91.3567 3
      vertex 104.119 52.4372 3
      vertex 88.1 91.7491 3
    endloop
  endfacet
  facet normal -0 0 1
    outer loop
      vertex 88.0487 90.9659 3
      vertex 104.119 52.4372 3
      vertex 88.0872 91.3567 3
    endloop
  endfacet
  facet normal 0 0 1
    outer loop
      vertex 104.119 52.4372 3
      vertex 88.0487 90.9659 3
      vertex 101.616 54.5168 3
    endloop
  endfacet
  facet normal 0 0 1
    outer loop
      vertex 101.616 54.5168 3
      vertex 88.0487 90.9659 3
      vertex 101.233 54.8347 3
    endloop
  endfacet
  facet normal -0 0 1
    outer loop
      vertex 87.8956 90.1962 3
      vertex 101.233 54.8347 3
      vertex 87.9847 90.5785 3
    endloop
  endfacet
  facet normal 0 0 1
    outer loop
      vertex 101.233 54.8347 3
      vertex 87.8956 90.1962 3
      vertex 100.827 55.1138 3
    endloop
  endfacet
  facet normal 0 0 1
    outer loop
      vertex 100.827 55.1138 3
      vertex 87.7816 89.8204 3
      vertex 98.23 56.8973 3
    endloop
  endfacet
  facet normal -0 0 1
    outer loop
      vertex 87.4812 89.0954 3
      vertex 98.23 56.8973 3
      vertex 87.6433 89.453 3
    endloop
  endfacet
  facet normal 0 0 1
    outer loop
      vertex 98.23 56.8973 3
      vertex 87.4812 89.0954 3
      vertex 97.7721 57.1498 3
    endloop
  endfacet
  facet normal -0 0 1
    outer loop
      vertex 87.7816 89.8204 3
      vertex 100.827 55.1138 3
      vertex 87.8956 90.1962 3
    endloop
  endfacet
  facet normal -0 0 1
    outer loop
      vertex 87.9847 90.5785 3
      vertex 101.233 54.8347 3
      vertex 88.0487 90.9659 3
    endloop
  endfacet
  facet normal -0 -0 1
    outer loop
      vertex 88.1 91.7491 3
      vertex 106.585 50.0063 3
      vertex 88.0872 92.1415 3
    endloop
  endfacet
  facet normal 0 0 1
    outer loop
      vertex 161.2 180.498 3
      vertex 87.9847 92.9196 3
      vertex 88.0487 92.5322 3
    endloop
  endfacet
  facet normal 0 0 1
    outer loop
      vertex 161.2 180.498 3
      vertex 87.8956 93.302 3
      vertex 87.9847 92.9196 3
    endloop
  endfacet
  facet normal 0 0 1
    outer loop
      vertex 161.2 180.498 3
      vertex 87.7816 93.6777 3
      vertex 87.8956 93.302 3
    endloop
  endfacet
  facet normal 0 0 1
    outer loop
      vertex 161.2 180.498 3
      vertex 87.6433 94.0452 3
      vertex 87.7816 93.6777 3
    endloop
  endfacet
  facet normal 0 0 1
    outer loop
      vertex 161.2 180.498 3
      vertex 87.4812 94.4028 3
      vertex 87.6433 94.0452 3
    endloop
  endfacet
  facet normal 0 0 1
    outer loop
      vertex 161.2 180.498 3
      vertex 87.2962 94.7491 3
      vertex 87.4812 94.4028 3
    endloop
  endfacet
  facet normal 0 0 1
    outer loop
      vertex 161.2 180.498 3
      vertex 87.0888 95.0825 3
      vertex 87.2962 94.7491 3
    endloop
  endfacet
  facet normal 0 0 1
    outer loop
      vertex 161.2 180.498 3
      vertex 86.8601 95.4016 3
      vertex 87.0888 95.0825 3
    endloop
  endfacet
  facet normal 0 0 1
    outer loop
      vertex 161.2 180.498 3
      vertex 86.611 95.7052 3
      vertex 86.8601 95.4016 3
    endloop
  endfacet
  facet normal 0 0 1
    outer loop
      vertex 161.2 180.498 3
      vertex 86.3426 95.9917 3
      vertex 86.611 95.7052 3
    endloop
  endfacet
  facet normal 0 0 1
    outer loop
      vertex 161.2 180.498 3
      vertex 86.0561 96.2601 3
      vertex 86.3426 95.9917 3
    endloop
  endfacet
  facet normal 0 0 1
    outer loop
      vertex 161.2 180.498 3
      vertex 85.7526 96.5092 3
      vertex 86.0561 96.2601 3
    endloop
  endfacet
  facet normal 0 0 1
    outer loop
      vertex 161.2 180.498 3
      vertex 85.4334 96.7379 3
      vertex 85.7526 96.5092 3
    endloop
  endfacet
  facet normal 0 0 1
    outer loop
      vertex 161.2 180.498 3
      vertex 85.1 96.9452 3
      vertex 85.4334 96.7379 3
    endloop
  endfacet
  facet normal 0 0 1
    outer loop
      vertex 161.2 180.498 3
      vertex 84.7537 97.1303 3
      vertex 85.1 96.9452 3
    endloop
  endfacet
  facet normal 0 0 1
    outer loop
      vertex 161.2 180.498 3
      vertex 84.3961 97.2924 3
      vertex 84.7537 97.1303 3
    endloop
  endfacet
  facet normal 0 0 1
    outer loop
      vertex 161.2 180.498 3
      vertex 84.0286 97.4307 3
      vertex 84.3961 97.2924 3
    endloop
  endfacet
  facet normal 0 0 1
    outer loop
      vertex 161.2 180.498 3
      vertex 83.6529 97.5446 3
      vertex 84.0286 97.4307 3
    endloop
  endfacet
  facet normal 0 0 1
    outer loop
      vertex 161.2 180.498 3
      vertex 83.2705 97.6338 3
      vertex 83.6529 97.5446 3
    endloop
  endfacet
  facet normal 0 0 1
    outer loop
      vertex 161.2 180.498 3
      vertex 82.8832 97.6978 3
      vertex 83.2705 97.6338 3
    endloop
  endfacet
  facet normal 0 0 1
    outer loop
      vertex 161.2 180.498 3
      vertex 82.4924 97.7362 3
      vertex 82.8832 97.6978 3
    endloop
  endfacet
  facet normal 0 0 1
    outer loop
      vertex 161.2 180.498 3
      vertex 82.1 97.7491 3
      vertex 82.4924 97.7362 3
    endloop
  endfacet
  facet normal -0 0 1
    outer loop
      vertex 3 180.498 3
      vertex 82.1 97.7491 3
      vertex 161.2 180.498 3
    endloop
  endfacet
  facet normal 0 0 1
    outer loop
      vertex 82.1 97.7491 3
      vertex 3 180.498 3
      vertex 81.7076 97.7362 3
    endloop
  endfacet
  facet normal 0 0 1
    outer loop
      vertex 81.7076 97.7362 3
      vertex 3 180.498 3
      vertex 81.3168 97.6978 3
    endloop
  endfacet
  facet normal 0 0 1
    outer loop
      vertex 81.3168 97.6978 3
      vertex 3 180.498 3
      vertex 80.9295 97.6338 3
    endloop
  endfacet
  facet normal 0 0 1
    outer loop
      vertex 80.9295 97.6338 3
      vertex 3 180.498 3
      vertex 80.5471 97.5446 3
    endloop
  endfacet
  facet normal 0 0 1
    outer loop
      vertex 80.5471 97.5446 3
      vertex 3 180.498 3
      vertex 80.1714 97.4307 3
    endloop
  endfacet
  facet normal 0 0 1
    outer loop
      vertex 80.1714 97.4307 3
      vertex 3 180.498 3
      vertex 79.8039 97.2924 3
    endloop
  endfacet
  facet normal 0 0 1
    outer loop
      vertex 79.8039 97.2924 3
      vertex 3 180.498 3
      vertex 79.4463 97.1303 3
    endloop
  endfacet
  facet normal 0 0 1
    outer loop
      vertex 79.4463 97.1303 3
      vertex 3 180.498 3
      vertex 79.1 96.9452 3
    endloop
  endfacet
  facet normal 0 0 1
    outer loop
      vertex 79.1 96.9452 3
      vertex 3 180.498 3
      vertex 78.7666 96.7379 3
    endloop
  endfacet
  facet normal 0 0 1
    outer loop
      vertex 78.7666 96.7379 3
      vertex 3 180.498 3
      vertex 78.4474 96.5092 3
    endloop
  endfacet
  facet normal 0 0 1
    outer loop
      vertex 78.4474 96.5092 3
      vertex 3 180.498 3
      vertex 78.1439 96.2601 3
    endloop
  endfacet
  facet normal 0 0 1
    outer loop
      vertex 79.4463 86.3678 3
      vertex 75.5035 60.9236 3
      vertex 76.065 61.0235 3
    endloop
  endfacet
  facet normal 0 0 1
    outer loop
      vertex 76.1128 91.3567 3
      vertex 74.9528 60.7592 3
      vertex 75.5035 60.9236 3
    endloop
  endfacet
  facet normal 0 0 1
    outer loop
      vertex 57.6149 50.0063 3
      vertex 76.1 91.7491 3
      vertex 76.1128 92.1415 3
    endloop
  endfacet
  facet normal 0 0 1
    outer loop
      vertex 76.1128 91.3567 3
      vertex 72.2573 59.9543 3
      vertex 74.9528 60.7592 3
    endloop
  endfacet
  facet normal 0 0 1
    outer loop
      vertex 57.328 49.7236 3
      vertex 76.1128 92.1415 3
      vertex 76.1513 92.5322 3
    endloop
  endfacet
  facet normal 0 0 1
    outer loop
      vertex 76.1128 91.3567 3
      vertex 69.5748 58.8206 3
      vertex 72.2573 59.9543 3
    endloop
  endfacet
  facet normal 0 0 1
    outer loop
      vertex 3 180.498 3
      vertex 76.1513 92.5322 3
      vertex 76.2153 92.9196 3
    endloop
  endfacet
  facet normal 0 0 1
    outer loop
      vertex 76.1128 91.3567 3
      vertex 69.073 58.6085 3
      vertex 69.5748 58.8206 3
    endloop
  endfacet
  facet normal 0 0 1
    outer loop
      vertex 76.1128 91.3567 3
      vertex 68.5906 58.3425 3
      vertex 69.073 58.6085 3
    endloop
  endfacet
  facet normal 0 0 1
    outer loop
      vertex 76.1128 91.3567 3
      vertex 65.97 56.8973 3
      vertex 68.5906 58.3425 3
    endloop
  endfacet
  facet normal 0 0 1
    outer loop
      vertex 3 180.498 3
      vertex 76.2153 92.9196 3
      vertex 76.3044 93.302 3
    endloop
  endfacet
  facet normal 0 0 1
    outer loop
      vertex 76.1128 91.3567 3
      vertex 63.3731 55.1138 3
      vertex 65.97 56.8973 3
    endloop
  endfacet
  facet normal 0 0 1
    outer loop
      vertex 3 180.498 3
      vertex 76.3044 93.302 3
      vertex 76.4184 93.6777 3
    endloop
  endfacet
  facet normal 0 0 1
    outer loop
      vertex 76.1128 91.3567 3
      vertex 62.9668 54.8347 3
      vertex 63.3731 55.1138 3
    endloop
  endfacet
  facet normal 0 0 1
    outer loop
      vertex 76.1128 91.3567 3
      vertex 62.5841 54.5168 3
      vertex 62.9668 54.8347 3
    endloop
  endfacet
  facet normal 0 0 1
    outer loop
      vertex 76.1128 91.3567 3
      vertex 60.0808 52.4372 3
      vertex 62.5841 54.5168 3
    endloop
  endfacet
  facet normal 0 0 1
    outer loop
      vertex 3 180.498 3
      vertex 76.4184 93.6777 3
      vertex 76.5567 94.0452 3
    endloop
  endfacet
  facet normal 0 0 1
    outer loop
      vertex 76.1 91.7491 3
      vertex 57.6149 50.0063 3
      vertex 60.0808 52.4372 3
    endloop
  endfacet
  facet normal 0 0 1
    outer loop
      vertex 76.1128 92.1415 3
      vertex 57.328 49.7236 3
      vertex 57.6149 50.0063 3
    endloop
  endfacet
  facet normal 0 0 1
    outer loop
      vertex 76.1513 92.5322 3
      vertex 57.0635 49.418 3
      vertex 57.328 49.7236 3
    endloop
  endfacet
  facet normal 0 0 1
    outer loop
      vertex 76.1513 92.5322 3
      vertex 3 180.498 3
      vertex 57.0635 49.418 3
    endloop
  endfacet
  facet normal 0 0 1
    outer loop
      vertex 3 180.498 3
      vertex 76.5567 94.0452 3
      vertex 76.7188 94.4028 3
    endloop
  endfacet
  facet normal 0 0 1
    outer loop
      vertex 57.0635 49.418 3
      vertex 3 180.498 3
      vertex 54.7232 46.7147 3
    endloop
  endfacet
  facet normal 0 0 1
    outer loop
      vertex 54.7232 46.7147 3
      vertex 3 180.498 3
      vertex 52.4378 43.6459 3
    endloop
  endfacet
  facet normal 0 0 1
    outer loop
      vertex 52.4378 43.6459 3
      vertex 3 180.498 3
      vertex 52.2794 43.4332 3
    endloop
  endfacet
  facet normal 0 0 1
    outer loop
      vertex 3 11 3
      vertex 52.2794 43.4332 3
      vertex 3 180.498 3
    endloop
  endfacet
  facet normal 0 0 1
    outer loop
      vertex 52.2794 43.4332 3
      vertex 3 11 3
      vertex 50.104 40.0521 3
    endloop
  endfacet
  facet normal 0 0 1
    outer loop
      vertex 50.104 40.0521 3
      vertex 3 11 3
      vertex 50.0081 39.9031 3
    endloop
  endfacet
  facet normal 0 0 1
    outer loop
      vertex 49.9228 39.7498 3
      vertex 3 11 3
      vertex 47.919 36.1494 3
    endloop
  endfacet
  facet normal 0 0 1
    outer loop
      vertex 50.0081 39.9031 3
      vertex 3 11 3
      vertex 49.9228 39.7498 3
    endloop
  endfacet
  facet normal 0 0 1
    outer loop
      vertex 76.9038 94.7491 3
      vertex 3 180.498 3
      vertex 76.7188 94.4028 3
    endloop
  endfacet
  facet normal 0 0 1
    outer loop
      vertex 77.1112 95.0825 3
      vertex 3 180.498 3
      vertex 76.9038 94.7491 3
    endloop
  endfacet
  facet normal 0 0 1
    outer loop
      vertex 77.3399 95.4016 3
      vertex 3 180.498 3
      vertex 77.1112 95.0825 3
    endloop
  endfacet
  facet normal 0 0 1
    outer loop
      vertex 77.589 95.7052 3
      vertex 3 180.498 3
      vertex 77.3399 95.4016 3
    endloop
  endfacet
  facet normal 0 0 1
    outer loop
      vertex 77.8574 95.9917 3
      vertex 3 180.498 3
      vertex 77.589 95.7052 3
    endloop
  endfacet
  facet normal 0 0 1
    outer loop
      vertex 78.1439 96.2601 3
      vertex 3 180.498 3
      vertex 77.8574 95.9917 3
    endloop
  endfacet
  facet normal 0 0 1
    outer loop
      vertex 84.7906 12.6731 3
      vertex 117.576 33.4535 3
      vertex 117.483 33.4535 3
    endloop
  endfacet
  facet normal 0 0 1
    outer loop
      vertex 84.7906 12.6731 3
      vertex 117.483 33.4535 3
      vertex 117.232 33.4535 3
    endloop
  endfacet
  facet normal 0 0 1
    outer loop
      vertex 84.8716 12.8519 3
      vertex 117.232 33.4535 3
      vertex 112.498 33.4535 3
    endloop
  endfacet
  facet normal 0 0 1
    outer loop
      vertex 85.0936 13.8038 3
      vertex 112.498 33.4535 3
      vertex 85.1 14 3
    endloop
  endfacet
  facet normal 0 0 1
    outer loop
      vertex 85.0743 13.6084 3
      vertex 112.498 33.4535 3
      vertex 85.0936 13.8038 3
    endloop
  endfacet
  facet normal 0 0 1
    outer loop
      vertex 85.0424 13.4147 3
      vertex 112.498 33.4535 3
      vertex 85.0743 13.6084 3
    endloop
  endfacet
  facet normal 0 0 1
    outer loop
      vertex 84.9978 13.2235 3
      vertex 112.498 33.4535 3
      vertex 85.0424 13.4147 3
    endloop
  endfacet
  facet normal 0 0 1
    outer loop
      vertex 84.9408 13.0357 3
      vertex 112.498 33.4535 3
      vertex 84.9978 13.2235 3
    endloop
  endfacet
  facet normal 0 0 1
    outer loop
      vertex 84.8716 12.8519 3
      vertex 112.498 33.4535 3
      vertex 84.9408 13.0357 3
    endloop
  endfacet
  facet normal 0 0 1
    outer loop
      vertex 117.232 33.4535 3
      vertex 84.8716 12.8519 3
      vertex 84.7906 12.6731 3
    endloop
  endfacet
  facet normal 0 0 1
    outer loop
      vertex 117.576 33.4535 3
      vertex 84.7906 12.6731 3
      vertex 84.6981 12.5 3
    endloop
  endfacet
  facet normal 0 0 1
    outer loop
      vertex 117.576 33.4535 3
      vertex 84.6981 12.5 3
      vertex 161.2 11 3
    endloop
  endfacet
  facet normal -0 0 1
    outer loop
      vertex 84.5944 12.3333 3
      vertex 161.2 11 3
      vertex 84.6981 12.5 3
    endloop
  endfacet
  facet normal -0 0 1
    outer loop
      vertex 84.4801 12.1737 3
      vertex 161.2 11 3
      vertex 84.5944 12.3333 3
    endloop
  endfacet
  facet normal -0 0 1
    outer loop
      vertex 84.3555 12.022 3
      vertex 161.2 11 3
      vertex 84.4801 12.1737 3
    endloop
  endfacet
  facet normal -0 0 1
    outer loop
      vertex 84.2213 11.8787 3
      vertex 161.2 11 3
      vertex 84.3555 12.022 3
    endloop
  endfacet
  facet normal -0 0 1
    outer loop
      vertex 84.078 11.7445 3
      vertex 161.2 11 3
      vertex 84.2213 11.8787 3
    endloop
  endfacet
  facet normal -0 0 1
    outer loop
      vertex 83.9263 11.6199 3
      vertex 161.2 11 3
      vertex 84.078 11.7445 3
    endloop
  endfacet
  facet normal -0 0 1
    outer loop
      vertex 83.7667 11.5056 3
      vertex 161.2 11 3
      vertex 83.9263 11.6199 3
    endloop
  endfacet
  facet normal -0 0 1
    outer loop
      vertex 83.6 11.4019 3
      vertex 161.2 11 3
      vertex 83.7667 11.5056 3
    endloop
  endfacet
  facet normal -0 0 1
    outer loop
      vertex 83.4269 11.3094 3
      vertex 161.2 11 3
      vertex 83.6 11.4019 3
    endloop
  endfacet
  facet normal -0 0 1
    outer loop
      vertex 83.248 11.2284 3
      vertex 161.2 11 3
      vertex 83.4269 11.3094 3
    endloop
  endfacet
  facet normal -0 0 1
    outer loop
      vertex 83.0643 11.1592 3
      vertex 161.2 11 3
      vertex 83.248 11.2284 3
    endloop
  endfacet
  facet normal -0 0 1
    outer loop
      vertex 82.8765 11.1022 3
      vertex 161.2 11 3
      vertex 83.0643 11.1592 3
    endloop
  endfacet
  facet normal -0 0 1
    outer loop
      vertex 82.6853 11.0576 3
      vertex 161.2 11 3
      vertex 82.8765 11.1022 3
    endloop
  endfacet
  facet normal -0 0 1
    outer loop
      vertex 82.4916 11.0257 3
      vertex 161.2 11 3
      vertex 82.6853 11.0576 3
    endloop
  endfacet
  facet normal -0 0 1
    outer loop
      vertex 82.2962 11.0064 3
      vertex 161.2 11 3
      vertex 82.4916 11.0257 3
    endloop
  endfacet
  facet normal 0 0 1
    outer loop
      vertex 161.2 11 3
      vertex 82.2962 11.0064 3
      vertex 82.1 11 3
    endloop
  endfacet
  facet normal -0 0 1
    outer loop
      vertex 87.6433 89.453 3
      vertex 98.23 56.8973 3
      vertex 87.7816 89.8204 3
    endloop
  endfacet
  facet normal -0 0 1
    outer loop
      vertex 87.2962 88.7491 3
      vertex 97.7721 57.1498 3
      vertex 87.4812 89.0954 3
    endloop
  endfacet
  facet normal 0 0 1
    outer loop
      vertex 97.7721 57.1498 3
      vertex 87.2962 88.7491 3
      vertex 95.127 58.6085 3
    endloop
  endfacet
  facet normal -0 0 1
    outer loop
      vertex 87.0888 88.4157 3
      vertex 95.127 58.6085 3
      vertex 87.2962 88.7491 3
    endloop
  endfacet
  facet normal -0 0 1
    outer loop
      vertex 86.8601 88.0965 3
      vertex 95.127 58.6085 3
      vertex 87.0888 88.4157 3
    endloop
  endfacet
  facet normal 0 0 1
    outer loop
      vertex 95.127 58.6085 3
      vertex 86.8601 88.0965 3
      vertex 94.6252 58.8206 3
    endloop
  endfacet
  facet normal -0 0 1
    outer loop
      vertex 86.611 87.793 3
      vertex 94.6252 58.8206 3
      vertex 86.8601 88.0965 3
    endloop
  endfacet
  facet normal 0 0 1
    outer loop
      vertex 94.6252 58.8206 3
      vertex 86.611 87.793 3
      vertex 91.9427 59.9543 3
    endloop
  endfacet
  facet normal -0 0 1
    outer loop
      vertex 86.3426 87.5064 3
      vertex 91.9427 59.9543 3
      vertex 86.611 87.793 3
    endloop
  endfacet
  facet normal -0 0 1
    outer loop
      vertex 86.0561 87.238 3
      vertex 91.9427 59.9543 3
      vertex 86.3426 87.5064 3
    endloop
  endfacet
  facet normal -0 0 1
    outer loop
      vertex 85.7526 86.989 3
      vertex 91.9427 59.9543 3
      vertex 86.0561 87.238 3
    endloop
  endfacet
  facet normal 0 0 1
    outer loop
      vertex 91.9427 59.9543 3
      vertex 85.7526 86.989 3
      vertex 89.2472 60.7592 3
    endloop
  endfacet
  facet normal -0 0 1
    outer loop
      vertex 85.4334 86.7603 3
      vertex 89.2472 60.7592 3
      vertex 85.7526 86.989 3
    endloop
  endfacet
  facet normal 0 0 1
    outer loop
      vertex 89.2472 60.7592 3
      vertex 85.4334 86.7603 3
      vertex 88.6965 60.9236 3
    endloop
  endfacet
  facet normal -0 0 1
    outer loop
      vertex 85.1 86.5529 3
      vertex 88.6965 60.9236 3
      vertex 85.4334 86.7603 3
    endloop
  endfacet
  facet normal -0 0 1
    outer loop
      vertex 84.7537 86.3678 3
      vertex 88.6965 60.9236 3
      vertex 85.1 86.5529 3
    endloop
  endfacet
  facet normal 0 0 1
    outer loop
      vertex 88.6965 60.9236 3
      vertex 84.7537 86.3678 3
      vertex 88.1349 61.0235 3
    endloop
  endfacet
  facet normal -0 0 1
    outer loop
      vertex 84.3961 86.2058 3
      vertex 88.1349 61.0235 3
      vertex 84.7537 86.3678 3
    endloop
  endfacet
  facet normal 0 0 1
    outer loop
      vertex 88.1349 61.0235 3
      vertex 84.3961 86.2058 3
      vertex 85.4087 61.5085 3
    endloop
  endfacet
  facet normal -0 0 1
    outer loop
      vertex 84.0286 86.0675 3
      vertex 85.4087 61.5085 3
      vertex 84.3961 86.2058 3
    endloop
  endfacet
  facet normal -0 0 1
    outer loop
      vertex 83.6529 85.9535 3
      vertex 85.4087 61.5085 3
      vertex 84.0286 86.0675 3
    endloop
  endfacet
  facet normal -0 0 1
    outer loop
      vertex 83.2705 85.8644 3
      vertex 85.4087 61.5085 3
      vertex 83.6529 85.9535 3
    endloop
  endfacet
  facet normal 0 0 1
    outer loop
      vertex 85.4087 61.5085 3
      vertex 83.2705 85.8644 3
      vertex 84.8331 61.5425 3
    endloop
  endfacet
  facet normal -0 0 1
    outer loop
      vertex 82.8832 85.8004 3
      vertex 84.8331 61.5425 3
      vertex 83.2705 85.8644 3
    endloop
  endfacet
  facet normal 0 0 1
    outer loop
      vertex 82.1 61.704 3
      vertex 82.8832 85.8004 3
      vertex 82.4924 85.7619 3
    endloop
  endfacet
  facet normal 0 0 1
    outer loop
      vertex 82.1 61.704 3
      vertex 82.4924 85.7619 3
      vertex 82.1 85.7491 3
    endloop
  endfacet
  facet normal 0 0 1
    outer loop
      vertex 82.8832 85.8004 3
      vertex 82.1 61.704 3
      vertex 84.8331 61.5425 3
    endloop
  endfacet
  facet normal 0 0 1
    outer loop
      vertex 81.7076 85.7619 3
      vertex 82.1 61.704 3
      vertex 82.1 85.7491 3
    endloop
  endfacet
  facet normal 0 0 1
    outer loop
      vertex 81.3168 85.8004 3
      vertex 82.1 61.704 3
      vertex 81.7076 85.7619 3
    endloop
  endfacet
  facet normal 0 0 1
    outer loop
      vertex 79.3669 61.5425 3
      vertex 81.3168 85.8004 3
      vertex 80.9295 85.8644 3
    endloop
  endfacet
  facet normal 0 0 1
    outer loop
      vertex 78.7913 61.5085 3
      vertex 80.9295 85.8644 3
      vertex 80.5471 85.9535 3
    endloop
  endfacet
  facet normal 0 0 1
    outer loop
      vertex 78.7913 61.5085 3
      vertex 80.5471 85.9535 3
      vertex 80.1714 86.0675 3
    endloop
  endfacet
  facet normal 0 0 1
    outer loop
      vertex 78.7913 61.5085 3
      vertex 80.1714 86.0675 3
      vertex 79.8039 86.2058 3
    endloop
  endfacet
  facet normal 0 0 1
    outer loop
      vertex 76.065 61.0235 3
      vertex 79.8039 86.2058 3
      vertex 79.4463 86.3678 3
    endloop
  endfacet
  facet normal 0 0 1
    outer loop
      vertex 81.3168 85.8004 3
      vertex 79.3669 61.5425 3
      vertex 82.1 61.704 3
    endloop
  endfacet
  facet normal 0 0 1
    outer loop
      vertex 75.5035 60.9236 3
      vertex 79.4463 86.3678 3
      vertex 79.1 86.5529 3
    endloop
  endfacet
  facet normal 0 0 1
    outer loop
      vertex 80.9295 85.8644 3
      vertex 78.7913 61.5085 3
      vertex 79.3669 61.5425 3
    endloop
  endfacet
  facet normal 0 0 1
    outer loop
      vertex 75.5035 60.9236 3
      vertex 79.1 86.5529 3
      vertex 78.7666 86.7603 3
    endloop
  endfacet
  facet normal 0 0 1
    outer loop
      vertex 75.5035 60.9236 3
      vertex 78.7666 86.7603 3
      vertex 78.4474 86.989 3
    endloop
  endfacet
  facet normal 0 0 1
    outer loop
      vertex 75.5035 60.9236 3
      vertex 78.4474 86.989 3
      vertex 78.1439 87.238 3
    endloop
  endfacet
  facet normal 0 0 1
    outer loop
      vertex 75.5035 60.9236 3
      vertex 78.1439 87.238 3
      vertex 77.8574 87.5064 3
    endloop
  endfacet
  facet normal 0 0 1
    outer loop
      vertex 75.5035 60.9236 3
      vertex 77.8574 87.5064 3
      vertex 77.589 87.793 3
    endloop
  endfacet
  facet normal 0 0 1
    outer loop
      vertex 75.5035 60.9236 3
      vertex 77.589 87.793 3
      vertex 77.3399 88.0965 3
    endloop
  endfacet
  facet normal 0 0 1
    outer loop
      vertex 75.5035 60.9236 3
      vertex 77.3399 88.0965 3
      vertex 77.1112 88.4157 3
    endloop
  endfacet
  facet normal 0 0 1
    outer loop
      vertex 75.5035 60.9236 3
      vertex 77.1112 88.4157 3
      vertex 76.9038 88.7491 3
    endloop
  endfacet
  facet normal 0 0 1
    outer loop
      vertex 75.5035 60.9236 3
      vertex 76.9038 88.7491 3
      vertex 76.7188 89.0954 3
    endloop
  endfacet
  facet normal 0 0 1
    outer loop
      vertex 75.5035 60.9236 3
      vertex 76.7188 89.0954 3
      vertex 76.5567 89.453 3
    endloop
  endfacet
  facet normal 0 0 1
    outer loop
      vertex 75.5035 60.9236 3
      vertex 76.5567 89.453 3
      vertex 76.4184 89.8204 3
    endloop
  endfacet
  facet normal 0 0 1
    outer loop
      vertex 75.5035 60.9236 3
      vertex 76.4184 89.8204 3
      vertex 76.3044 90.1962 3
    endloop
  endfacet
  facet normal 0 0 1
    outer loop
      vertex 75.5035 60.9236 3
      vertex 76.3044 90.1962 3
      vertex 76.2153 90.5785 3
    endloop
  endfacet
  facet normal 0 0 1
    outer loop
      vertex 75.5035 60.9236 3
      vertex 76.2153 90.5785 3
      vertex 76.1513 90.9659 3
    endloop
  endfacet
  facet normal 0 0 1
    outer loop
      vertex 75.5035 60.9236 3
      vertex 76.1513 90.9659 3
      vertex 76.1128 91.3567 3
    endloop
  endfacet
  facet normal 0 0 1
    outer loop
      vertex 79.8039 86.2058 3
      vertex 76.065 61.0235 3
      vertex 78.7913 61.5085 3
    endloop
  endfacet
  facet normal 0 0 1
    outer loop
      vertex 60.0808 52.4372 3
      vertex 76.1128 91.3567 3
      vertex 76.1 91.7491 3
    endloop
  endfacet
  facet normal 0 0 1
    outer loop
      vertex 51.702 33.4535 3
      vertex 79.1064 13.8038 3
      vertex 79.1 14 3
    endloop
  endfacet
  facet normal 0 0 1
    outer loop
      vertex 51.702 33.4535 3
      vertex 79.1257 13.6084 3
      vertex 79.1064 13.8038 3
    endloop
  endfacet
  facet normal 0 0 1
    outer loop
      vertex 51.702 33.4535 3
      vertex 79.1576 13.4147 3
      vertex 79.1257 13.6084 3
    endloop
  endfacet
  facet normal 0 0 1
    outer loop
      vertex 51.702 33.4535 3
      vertex 79.2022 13.2235 3
      vertex 79.1576 13.4147 3
    endloop
  endfacet
  facet normal 0 0 1
    outer loop
      vertex 51.702 33.4535 3
      vertex 79.2592 13.0357 3
      vertex 79.2022 13.2235 3
    endloop
  endfacet
  facet normal 0 0 1
    outer loop
      vertex 51.702 33.4535 3
      vertex 79.3284 12.8519 3
      vertex 79.2592 13.0357 3
    endloop
  endfacet
  facet normal -0 0 1
    outer loop
      vertex 46.9676 33.4535 3
      vertex 79.3284 12.8519 3
      vertex 51.702 33.4535 3
    endloop
  endfacet
  facet normal 0 0 1
    outer loop
      vertex 79.3284 12.8519 3
      vertex 46.9676 33.4535 3
      vertex 79.4094 12.6731 3
    endloop
  endfacet
  facet normal -0 0 1
    outer loop
      vertex 46.7168 33.4535 3
      vertex 79.4094 12.6731 3
      vertex 46.9676 33.4535 3
    endloop
  endfacet
  facet normal -0 0 1
    outer loop
      vertex 46.6236 33.4535 3
      vertex 79.4094 12.6731 3
      vertex 46.7168 33.4535 3
    endloop
  endfacet
  facet normal 0 0 1
    outer loop
      vertex 79.4094 12.6731 3
      vertex 46.6236 33.4535 3
      vertex 79.5019 12.5 3
    endloop
  endfacet
  facet normal 0 0 1
    outer loop
      vertex 3 11 3
      vertex 79.5019 12.5 3
      vertex 46.6236 33.4535 3
    endloop
  endfacet
  facet normal 0 0 1
    outer loop
      vertex 79.5019 12.5 3
      vertex 3 11 3
      vertex 79.6056 12.3333 3
    endloop
  endfacet
  facet normal 0 0 1
    outer loop
      vertex 79.6056 12.3333 3
      vertex 3 11 3
      vertex 79.7199 12.1737 3
    endloop
  endfacet
  facet normal 0 0 1
    outer loop
      vertex 79.7199 12.1737 3
      vertex 3 11 3
      vertex 79.8445 12.022 3
    endloop
  endfacet
  facet normal 0 0 1
    outer loop
      vertex 79.8445 12.022 3
      vertex 3 11 3
      vertex 79.9787 11.8787 3
    endloop
  endfacet
  facet normal 0 0 1
    outer loop
      vertex 79.9787 11.8787 3
      vertex 3 11 3
      vertex 80.122 11.7445 3
    endloop
  endfacet
  facet normal 0 0 1
    outer loop
      vertex 80.122 11.7445 3
      vertex 3 11 3
      vertex 80.2737 11.6199 3
    endloop
  endfacet
  facet normal 0 0 1
    outer loop
      vertex 81.9038 11.0064 3
      vertex 3 11 3
      vertex 82.1 11 3
    endloop
  endfacet
  facet normal 0 0 1
    outer loop
      vertex 81.7084 11.0257 3
      vertex 3 11 3
      vertex 81.9038 11.0064 3
    endloop
  endfacet
  facet normal 0 0 1
    outer loop
      vertex 81.5147 11.0576 3
      vertex 3 11 3
      vertex 81.7084 11.0257 3
    endloop
  endfacet
  facet normal 0 0 1
    outer loop
      vertex 81.3235 11.1022 3
      vertex 3 11 3
      vertex 81.5147 11.0576 3
    endloop
  endfacet
  facet normal 0 0 1
    outer loop
      vertex 81.1357 11.1592 3
      vertex 3 11 3
      vertex 81.3235 11.1022 3
    endloop
  endfacet
  facet normal 0 0 1
    outer loop
      vertex 80.952 11.2284 3
      vertex 3 11 3
      vertex 81.1357 11.1592 3
    endloop
  endfacet
  facet normal 0 0 1
    outer loop
      vertex 80.7731 11.3094 3
      vertex 3 11 3
      vertex 80.952 11.2284 3
    endloop
  endfacet
  facet normal 0 0 1
    outer loop
      vertex 80.6 11.4019 3
      vertex 3 11 3
      vertex 80.7731 11.3094 3
    endloop
  endfacet
  facet normal 0 0 1
    outer loop
      vertex 80.4333 11.5056 3
      vertex 3 11 3
      vertex 80.6 11.4019 3
    endloop
  endfacet
  facet normal 0 0 1
    outer loop
      vertex 80.2737 11.6199 3
      vertex 3 11 3
      vertex 80.4333 11.5056 3
    endloop
  endfacet
  facet normal 0 0 1
    outer loop
      vertex 47.919 36.1494 3
      vertex 3 11 3
      vertex 46.6236 33.4535 3
    endloop
  endfacet
  facet normal 1 -0 0
    outer loop
      vertex 3 11 24
      vertex 3 180.498 3
      vertex 3 180.498 24
    endloop
  endfacet
  facet normal 1 0 0
    outer loop
      vertex 3 180.498 3
      vertex 3 11 24
      vertex 3 11 3
    endloop
  endfacet
  facet normal 0 -1 0
    outer loop
      vertex 3 180.498 3
      vertex 161.2 180.498 24
      vertex 3 180.498 24
    endloop
  endfacet
  facet normal 0 -1 -0
    outer loop
      vertex 161.2 180.498 24
      vertex 3 180.498 3
      vertex 161.2 180.498 3
    endloop
  endfacet
  facet normal 0 1 -0
    outer loop
      vertex 161.2 11 3
      vertex 133.424 11 24
      vertex 161.2 11 24
    endloop
  endfacet
  facet normal 0 1 0
    outer loop
      vertex 133.424 11 24
      vertex 82.1 11 3
      vertex 30.7759 11 24
    endloop
  endfacet
  facet normal 0 1 0
    outer loop
      vertex 133.424 11 24
      vertex 161.2 11 3
      vertex 82.1 11 3
    endloop
  endfacet
  facet normal 0 1 0
    outer loop
      vertex 3 11 3
      vertex 30.7759 11 24
      vertex 82.1 11 3
    endloop
  endfacet
  facet normal 0 1 0
    outer loop
      vertex 30.7759 11 24
      vertex 3 11 3
      vertex 3 11 24
    endloop
  endfacet
  facet normal 0 1 -0
    outer loop
      vertex 133.424 11 24
      vertex 82.1 11 24.01
      vertex 133.425 11 24.01
    endloop
  endfacet
  facet normal 0 1 0
    outer loop
      vertex 30.7759 11 24
      vertex 82.1 11 24.01
      vertex 133.424 11 24
    endloop
  endfacet
  facet normal 0 1 0
    outer loop
      vertex 82.1 11 24.01
      vertex 30.7759 11 24
      vertex 30.7748 11 24.01
    endloop
  endfacet
  facet normal -0.99518 -0.0980661 0
    outer loop
      vertex 88.0872 92.1415 0
      vertex 88.0487 92.5322 3
      vertex 88.0487 92.5322 0
    endloop
  endfacet
  facet normal -0.99518 -0.0980661 0
    outer loop
      vertex 88.0487 92.5322 3
      vertex 88.0872 92.1415 0
      vertex 88.0872 92.1415 3
    endloop
  endfacet
  facet normal -0.999468 -0.0326024 0
    outer loop
      vertex 88.1 91.7491 0
      vertex 88.0872 92.1415 3
      vertex 88.0872 92.1415 0
    endloop
  endfacet
  facet normal -0.999468 -0.0326024 0
    outer loop
      vertex 88.0872 92.1415 3
      vertex 88.1 91.7491 0
      vertex 88.1 91.7491 3
    endloop
  endfacet
  facet normal -0.986627 -0.162995 0
    outer loop
      vertex 88.0487 92.5322 0
      vertex 87.9847 92.9196 3
      vertex 87.9847 92.9196 0
    endloop
  endfacet
  facet normal -0.986627 -0.162995 0
    outer loop
      vertex 87.9847 92.9196 3
      vertex 88.0487 92.5322 0
      vertex 88.0487 92.5322 3
    endloop
  endfacet
  facet normal 0.812889 0.582418 0
    outer loop
      vertex 77.3399 88.0965 3
      vertex 77.1112 88.4157 0
      vertex 77.1112 88.4157 3
    endloop
  endfacet
  facet normal 0.812889 0.582418 0
    outer loop
      vertex 77.1112 88.4157 0
      vertex 77.3399 88.0965 3
      vertex 77.3399 88.0965 0
    endloop
  endfacet
  facet normal -0.163036 -0.98662 0
    outer loop
      vertex 82.8832 97.6978 0
      vertex 83.2705 97.6338 3
      vertex 82.8832 97.6978 3
    endloop
  endfacet
  facet normal -0.163036 -0.98662 -0
    outer loop
      vertex 83.2705 97.6338 3
      vertex 82.8832 97.6978 0
      vertex 83.2705 97.6338 0
    endloop
  endfacet
  facet normal 0.634278 0.773105 -0
    outer loop
      vertex 78.4474 86.989 0
      vertex 78.1439 87.238 3
      vertex 78.4474 86.989 3
    endloop
  endfacet
  facet normal 0.634278 0.773105 0
    outer loop
      vertex 78.1439 87.238 3
      vertex 78.4474 86.989 0
      vertex 78.1439 87.238 0
    endloop
  endfacet
  facet normal 0.910793 0.412862 0
    outer loop
      vertex 76.7188 89.0954 3
      vertex 76.5567 89.453 0
      vertex 76.5567 89.453 3
    endloop
  endfacet
  facet normal 0.910793 0.412862 0
    outer loop
      vertex 76.5567 89.453 0
      vertex 76.7188 89.0954 3
      vertex 76.7188 89.0954 0
    endloop
  endfacet
  facet normal 0.849112 0.528212 0
    outer loop
      vertex 77.1112 88.4157 3
      vertex 76.9038 88.7491 0
      vertex 76.9038 88.7491 3
    endloop
  endfacet
  facet normal 0.849112 0.528212 0
    outer loop
      vertex 76.9038 88.7491 0
      vertex 77.1112 88.4157 3
      vertex 77.1112 88.4157 0
    endloop
  endfacet
  facet normal -0.812803 -0.582539 0
    outer loop
      vertex 87.0888 95.0825 0
      vertex 86.8601 95.4016 3
      vertex 86.8601 95.4016 0
    endloop
  endfacet
  facet normal -0.812803 -0.582539 0
    outer loop
      vertex 86.8601 95.4016 3
      vertex 87.0888 95.0825 0
      vertex 87.0888 95.0825 3
    endloop
  endfacet
  facet normal -0.729902 0.683551 0
    outer loop
      vertex 86.3426 87.5064 0
      vertex 86.611 87.793 3
      vertex 86.611 87.793 0
    endloop
  endfacet
  facet normal -0.729902 0.683551 0
    outer loop
      vertex 86.611 87.793 3
      vertex 86.3426 87.5064 0
      vertex 86.3426 87.5064 3
    endloop
  endfacet
  facet normal 0.999468 0.0326024 0
    outer loop
      vertex 76.1128 91.3567 3
      vertex 76.1 91.7491 0
      vertex 76.1 91.7491 3
    endloop
  endfacet
  facet normal 0.999468 0.0326024 0
    outer loop
      vertex 76.1 91.7491 0
      vertex 76.1128 91.3567 3
      vertex 76.1128 91.3567 0
    endloop
  endfacet
  facet normal -0.973913 -0.226924 0
    outer loop
      vertex 87.9847 92.9196 0
      vertex 87.8956 93.302 3
      vertex 87.8956 93.302 0
    endloop
  endfacet
  facet normal -0.973913 -0.226924 0
    outer loop
      vertex 87.8956 93.302 3
      vertex 87.9847 92.9196 0
      vertex 87.9847 92.9196 3
    endloop
  endfacet
  facet normal -0.910793 -0.412862 0
    outer loop
      vertex 87.6433 94.0452 0
      vertex 87.4812 94.4028 3
      vertex 87.4812 94.4028 0
    endloop
  endfacet
  facet normal -0.910793 -0.412862 0
    outer loop
      vertex 87.4812 94.4028 3
      vertex 87.6433 94.0452 0
      vertex 87.6433 94.0452 3
    endloop
  endfacet
  facet normal 0.849112 -0.528212 0
    outer loop
      vertex 76.9038 94.7491 3
      vertex 77.1112 95.0825 0
      vertex 77.1112 95.0825 3
    endloop
  endfacet
  facet normal 0.849112 -0.528212 0
    outer loop
      vertex 77.1112 95.0825 0
      vertex 76.9038 94.7491 3
      vertex 76.9038 94.7491 0
    endloop
  endfacet
  facet normal 0.683678 -0.729783 0
    outer loop
      vertex 77.8574 95.9917 0
      vertex 78.1439 96.2601 3
      vertex 77.8574 95.9917 3
    endloop
  endfacet
  facet normal 0.683678 -0.729783 0
    outer loop
      vertex 78.1439 96.2601 3
      vertex 77.8574 95.9917 0
      vertex 78.1439 96.2601 0
    endloop
  endfacet
  facet normal 0.0980413 0.995182 -0
    outer loop
      vertex 81.7076 85.7619 0
      vertex 81.3168 85.8004 3
      vertex 81.7076 85.7619 3
    endloop
  endfacet
  facet normal 0.0980413 0.995182 0
    outer loop
      vertex 81.3168 85.8004 3
      vertex 81.7076 85.7619 0
      vertex 81.3168 85.8004 0
    endloop
  endfacet
  facet normal -0.995182 0.0980413 0
    outer loop
      vertex 88.0487 90.9659 0
      vertex 88.0872 91.3567 3
      vertex 88.0872 91.3567 0
    endloop
  endfacet
  facet normal -0.995182 0.0980413 0
    outer loop
      vertex 88.0872 91.3567 3
      vertex 88.0487 90.9659 0
      vertex 88.0487 90.9659 3
    endloop
  endfacet
  facet normal 0.582418 -0.812889 0
    outer loop
      vertex 78.4474 96.5092 0
      vertex 78.7666 96.7379 3
      vertex 78.4474 96.5092 3
    endloop
  endfacet
  facet normal 0.582418 -0.812889 0
    outer loop
      vertex 78.7666 96.7379 3
      vertex 78.4474 96.5092 0
      vertex 78.7666 96.7379 0
    endloop
  endfacet
  facet normal 0.226924 0.973913 -0
    outer loop
      vertex 80.9295 85.8644 0
      vertex 80.5471 85.9535 3
      vertex 80.9295 85.8644 3
    endloop
  endfacet
  facet normal 0.226924 0.973913 0
    outer loop
      vertex 80.5471 85.9535 3
      vertex 80.9295 85.8644 0
      vertex 80.5471 85.9535 0
    endloop
  endfacet
  facet normal -0.956917 -0.290361 0
    outer loop
      vertex 87.8956 93.302 0
      vertex 87.7816 93.6777 3
      vertex 87.7816 93.6777 0
    endloop
  endfacet
  facet normal -0.956917 -0.290361 0
    outer loop
      vertex 87.7816 93.6777 3
      vertex 87.8956 93.302 0
      vertex 87.8956 93.302 3
    endloop
  endfacet
  facet normal -0.729783 -0.683678 0
    outer loop
      vertex 86.611 95.7052 0
      vertex 86.3426 95.9917 3
      vertex 86.3426 95.9917 0
    endloop
  endfacet
  facet normal -0.729783 -0.683678 0
    outer loop
      vertex 86.3426 95.9917 3
      vertex 86.611 95.7052 0
      vertex 86.611 95.7052 3
    endloop
  endfacet
  facet normal 0.956917 -0.290361 0
    outer loop
      vertex 76.3044 93.302 3
      vertex 76.4184 93.6777 0
      vertex 76.4184 93.6777 3
    endloop
  endfacet
  facet normal 0.956917 -0.290361 0
    outer loop
      vertex 76.4184 93.6777 0
      vertex 76.3044 93.302 3
      vertex 76.3044 93.302 0
    endloop
  endfacet
  facet normal 0.995182 0.0980413 0
    outer loop
      vertex 76.1513 90.9659 3
      vertex 76.1128 91.3567 0
      vertex 76.1128 91.3567 3
    endloop
  endfacet
  facet normal 0.995182 0.0980413 0
    outer loop
      vertex 76.1128 91.3567 0
      vertex 76.1513 90.9659 3
      vertex 76.1513 90.9659 0
    endloop
  endfacet
  facet normal -0.999468 0.0326024 0
    outer loop
      vertex 88.0872 91.3567 0
      vertex 88.1 91.7491 3
      vertex 88.1 91.7491 0
    endloop
  endfacet
  facet normal -0.999468 0.0326024 0
    outer loop
      vertex 88.1 91.7491 3
      vertex 88.0872 91.3567 0
      vertex 88.0872 91.3567 3
    endloop
  endfacet
  facet normal 0.729783 -0.683678 0
    outer loop
      vertex 77.589 95.7052 3
      vertex 77.8574 95.9917 0
      vertex 77.8574 95.9917 3
    endloop
  endfacet
  facet normal 0.729783 -0.683678 0
    outer loop
      vertex 77.8574 95.9917 0
      vertex 77.589 95.7052 3
      vertex 77.589 95.7052 0
    endloop
  endfacet
  facet normal 0.097789 -0.995207 0
    outer loop
      vertex 81.3168 97.6978 0
      vertex 81.7076 97.7362 3
      vertex 81.3168 97.6978 3
    endloop
  endfacet
  facet normal 0.097789 -0.995207 0
    outer loop
      vertex 81.7076 97.7362 3
      vertex 81.3168 97.6978 0
      vertex 81.7076 97.7362 0
    endloop
  endfacet
  facet normal -0.0328569 -0.99946 0
    outer loop
      vertex 82.1 97.7491 0
      vertex 82.4924 97.7362 3
      vertex 82.1 97.7491 3
    endloop
  endfacet
  facet normal -0.0328569 -0.99946 -0
    outer loop
      vertex 82.4924 97.7362 3
      vertex 82.1 97.7491 0
      vertex 82.4924 97.7362 0
    endloop
  endfacet
  facet normal 0.63443 -0.77298 0
    outer loop
      vertex 78.1439 96.2601 0
      vertex 78.4474 96.5092 3
      vertex 78.1439 96.2601 3
    endloop
  endfacet
  facet normal 0.63443 -0.77298 0
    outer loop
      vertex 78.4474 96.5092 3
      vertex 78.1439 96.2601 0
      vertex 78.4474 96.5092 0
    endloop
  endfacet
  facet normal -0.849112 -0.528212 0
    outer loop
      vertex 87.2962 94.7491 0
      vertex 87.0888 95.0825 3
      vertex 87.0888 95.0825 0
    endloop
  endfacet
  facet normal -0.849112 -0.528212 0
    outer loop
      vertex 87.0888 95.0825 3
      vertex 87.2962 94.7491 0
      vertex 87.2962 94.7491 3
    endloop
  endfacet
  facet normal -0.63443 -0.77298 0
    outer loop
      vertex 85.7526 96.5092 0
      vertex 86.0561 96.2601 3
      vertex 85.7526 96.5092 3
    endloop
  endfacet
  facet normal -0.63443 -0.77298 -0
    outer loop
      vertex 86.0561 96.2601 3
      vertex 85.7526 96.5092 0
      vertex 86.0561 96.2601 0
    endloop
  endfacet
  facet normal 0.163036 0.98662 -0
    outer loop
      vertex 81.3168 85.8004 0
      vertex 80.9295 85.8644 3
      vertex 81.3168 85.8004 3
    endloop
  endfacet
  facet normal 0.163036 0.98662 0
    outer loop
      vertex 80.9295 85.8644 3
      vertex 81.3168 85.8004 0
      vertex 80.9295 85.8644 0
    endloop
  endfacet
  facet normal 0.773083 -0.634305 0
    outer loop
      vertex 77.3399 95.4016 3
      vertex 77.589 95.7052 0
      vertex 77.589 95.7052 3
    endloop
  endfacet
  facet normal 0.773083 -0.634305 0
    outer loop
      vertex 77.589 95.7052 0
      vertex 77.3399 95.4016 3
      vertex 77.3399 95.4016 0
    endloop
  endfacet
  facet normal 0.471394 0.881923 -0
    outer loop
      vertex 79.4463 86.3678 0
      vertex 79.1 86.5529 3
      vertex 79.4463 86.3678 3
    endloop
  endfacet
  facet normal 0.471394 0.881923 0
    outer loop
      vertex 79.1 86.5529 3
      vertex 79.4463 86.3678 0
      vertex 79.1 86.5529 0
    endloop
  endfacet
  facet normal 0.77298 0.63443 0
    outer loop
      vertex 77.589 87.793 3
      vertex 77.3399 88.0965 0
      vertex 77.3399 88.0965 3
    endloop
  endfacet
  facet normal 0.77298 0.63443 0
    outer loop
      vertex 77.3399 88.0965 0
      vertex 77.589 87.793 3
      vertex 77.589 87.793 0
    endloop
  endfacet
  facet normal -0.528028 -0.849227 0
    outer loop
      vertex 85.1 96.9452 0
      vertex 85.4334 96.7379 3
      vertex 85.1 96.9452 3
    endloop
  endfacet
  facet normal -0.528028 -0.849227 -0
    outer loop
      vertex 85.4334 96.7379 3
      vertex 85.1 96.9452 0
      vertex 85.4334 96.7379 0
    endloop
  endfacet
  facet normal -0.882028 0.471196 0
    outer loop
      vertex 87.2962 88.7491 0
      vertex 87.4812 89.0954 3
      vertex 87.4812 89.0954 0
    endloop
  endfacet
  facet normal -0.882028 0.471196 0
    outer loop
      vertex 87.4812 89.0954 3
      vertex 87.2962 88.7491 0
      vertex 87.2962 88.7491 3
    endloop
  endfacet
  facet normal -0.882028 -0.471196 0
    outer loop
      vertex 87.4812 94.4028 0
      vertex 87.2962 94.7491 3
      vertex 87.2962 94.7491 0
    endloop
  endfacet
  facet normal -0.882028 -0.471196 0
    outer loop
      vertex 87.2962 94.7491 3
      vertex 87.4812 94.4028 0
      vertex 87.4812 94.4028 3
    endloop
  endfacet
  facet normal -0.582418 0.812889 0
    outer loop
      vertex 85.7526 86.989 0
      vertex 85.4334 86.7603 3
      vertex 85.7526 86.989 3
    endloop
  endfacet
  facet normal -0.582418 0.812889 0
    outer loop
      vertex 85.4334 86.7603 3
      vertex 85.7526 86.989 0
      vertex 85.4334 86.7603 0
    endloop
  endfacet
  facet normal 0.999468 -0.0326024 0
    outer loop
      vertex 76.1 91.7491 3
      vertex 76.1128 92.1415 0
      vertex 76.1128 92.1415 3
    endloop
  endfacet
  facet normal 0.999468 -0.0326024 0
    outer loop
      vertex 76.1128 92.1415 0
      vertex 76.1 91.7491 3
      vertex 76.1 91.7491 0
    endloop
  endfacet
  facet normal 0.412651 0.910889 -0
    outer loop
      vertex 79.8039 86.2058 0
      vertex 79.4463 86.3678 3
      vertex 79.8039 86.2058 3
    endloop
  endfacet
  facet normal 0.412651 0.910889 0
    outer loop
      vertex 79.4463 86.3678 3
      vertex 79.8039 86.2058 0
      vertex 79.4463 86.3678 0
    endloop
  endfacet
  facet normal 0.290128 -0.956988 0
    outer loop
      vertex 80.1714 97.4307 0
      vertex 80.5471 97.5446 3
      vertex 80.1714 97.4307 3
    endloop
  endfacet
  facet normal 0.290128 -0.956988 0
    outer loop
      vertex 80.5471 97.5446 3
      vertex 80.1714 97.4307 0
      vertex 80.5471 97.5446 0
    endloop
  endfacet
  facet normal -0.471394 -0.881923 0
    outer loop
      vertex 84.7537 97.1303 0
      vertex 85.1 96.9452 3
      vertex 84.7537 97.1303 3
    endloop
  endfacet
  facet normal -0.471394 -0.881923 -0
    outer loop
      vertex 85.1 96.9452 3
      vertex 84.7537 97.1303 0
      vertex 85.1 96.9452 0
    endloop
  endfacet
  facet normal -0.93592 -0.352212 0
    outer loop
      vertex 87.7816 93.6777 0
      vertex 87.6433 94.0452 3
      vertex 87.6433 94.0452 0
    endloop
  endfacet
  facet normal -0.93592 -0.352212 0
    outer loop
      vertex 87.6433 94.0452 3
      vertex 87.7816 93.6777 0
      vertex 87.7816 93.6777 3
    endloop
  endfacet
  facet normal -0.0326024 0.999468 0
    outer loop
      vertex 82.4924 85.7619 0
      vertex 82.1 85.7491 3
      vertex 82.4924 85.7619 3
    endloop
  endfacet
  facet normal -0.0326024 0.999468 0
    outer loop
      vertex 82.1 85.7491 3
      vertex 82.4924 85.7619 0
      vertex 82.1 85.7491 0
    endloop
  endfacet
  facet normal -0.849112 0.528212 0
    outer loop
      vertex 87.0888 88.4157 0
      vertex 87.2962 88.7491 3
      vertex 87.2962 88.7491 0
    endloop
  endfacet
  facet normal -0.849112 0.528212 0
    outer loop
      vertex 87.2962 88.7491 3
      vertex 87.0888 88.4157 0
      vertex 87.0888 88.4157 3
    endloop
  endfacet
  facet normal 0.956939 0.29029 0
    outer loop
      vertex 76.4184 89.8204 3
      vertex 76.3044 90.1962 0
      vertex 76.3044 90.1962 3
    endloop
  endfacet
  facet normal 0.956939 0.29029 0
    outer loop
      vertex 76.3044 90.1962 0
      vertex 76.4184 89.8204 3
      vertex 76.4184 89.8204 0
    endloop
  endfacet
  facet normal 0.0328569 -0.99946 0
    outer loop
      vertex 81.7076 97.7362 0
      vertex 82.1 97.7491 3
      vertex 81.7076 97.7362 3
    endloop
  endfacet
  facet normal 0.0328569 -0.99946 0
    outer loop
      vertex 82.1 97.7491 3
      vertex 81.7076 97.7362 0
      vertex 82.1 97.7491 0
    endloop
  endfacet
  facet normal -0.956939 0.29029 0
    outer loop
      vertex 87.7816 89.8204 0
      vertex 87.8956 90.1962 3
      vertex 87.8956 90.1962 0
    endloop
  endfacet
  facet normal -0.956939 0.29029 0
    outer loop
      vertex 87.8956 90.1962 3
      vertex 87.7816 89.8204 0
      vertex 87.7816 89.8204 3
    endloop
  endfacet
  facet normal 0.352212 -0.93592 0
    outer loop
      vertex 79.8039 97.2924 0
      vertex 80.1714 97.4307 3
      vertex 79.8039 97.2924 3
    endloop
  endfacet
  facet normal 0.352212 -0.93592 0
    outer loop
      vertex 80.1714 97.4307 3
      vertex 79.8039 97.2924 0
      vertex 80.1714 97.4307 0
    endloop
  endfacet
  facet normal -0.352212 -0.93592 0
    outer loop
      vertex 84.0286 97.4307 0
      vertex 84.3961 97.2924 3
      vertex 84.0286 97.4307 3
    endloop
  endfacet
  facet normal -0.352212 -0.93592 -0
    outer loop
      vertex 84.3961 97.2924 3
      vertex 84.0286 97.4307 0
      vertex 84.3961 97.2924 0
    endloop
  endfacet
  facet normal -0.77298 0.63443 0
    outer loop
      vertex 86.611 87.793 0
      vertex 86.8601 88.0965 3
      vertex 86.8601 88.0965 0
    endloop
  endfacet
  facet normal -0.77298 0.63443 0
    outer loop
      vertex 86.8601 88.0965 3
      vertex 86.611 87.793 0
      vertex 86.611 87.793 3
    endloop
  endfacet
  facet normal 0.227165 -0.973856 0
    outer loop
      vertex 80.5471 97.5446 0
      vertex 80.9295 97.6338 3
      vertex 80.5471 97.5446 3
    endloop
  endfacet
  facet normal 0.227165 -0.973856 0
    outer loop
      vertex 80.9295 97.6338 3
      vertex 80.5471 97.5446 0
      vertex 80.9295 97.6338 0
    endloop
  endfacet
  facet normal -0.290361 0.956917 0
    outer loop
      vertex 84.0286 86.0675 0
      vertex 83.6529 85.9535 3
      vertex 84.0286 86.0675 3
    endloop
  endfacet
  facet normal -0.290361 0.956917 0
    outer loop
      vertex 83.6529 85.9535 3
      vertex 84.0286 86.0675 0
      vertex 83.6529 85.9535 0
    endloop
  endfacet
  facet normal 0.986627 0.162995 0
    outer loop
      vertex 76.2153 90.5785 3
      vertex 76.1513 90.9659 0
      vertex 76.1513 90.9659 3
    endloop
  endfacet
  facet normal 0.986627 0.162995 0
    outer loop
      vertex 76.1513 90.9659 0
      vertex 76.2153 90.5785 3
      vertex 76.2153 90.5785 0
    endloop
  endfacet
  facet normal -0.163036 0.98662 0
    outer loop
      vertex 83.2705 85.8644 0
      vertex 82.8832 85.8004 3
      vertex 83.2705 85.8644 3
    endloop
  endfacet
  facet normal -0.163036 0.98662 0
    outer loop
      vertex 82.8832 85.8004 3
      vertex 83.2705 85.8644 0
      vertex 82.8832 85.8004 0
    endloop
  endfacet
  facet normal -0.352212 0.93592 0
    outer loop
      vertex 84.3961 86.2058 0
      vertex 84.0286 86.0675 3
      vertex 84.3961 86.2058 3
    endloop
  endfacet
  facet normal -0.352212 0.93592 0
    outer loop
      vertex 84.0286 86.0675 3
      vertex 84.3961 86.2058 0
      vertex 84.0286 86.0675 0
    endloop
  endfacet
  facet normal 0.412862 -0.910793 0
    outer loop
      vertex 79.4463 97.1303 0
      vertex 79.8039 97.2924 3
      vertex 79.4463 97.1303 3
    endloop
  endfacet
  facet normal 0.412862 -0.910793 0
    outer loop
      vertex 79.8039 97.2924 3
      vertex 79.4463 97.1303 0
      vertex 79.8039 97.2924 0
    endloop
  endfacet
  facet normal 0.973899 0.22698 0
    outer loop
      vertex 76.3044 90.1962 3
      vertex 76.2153 90.5785 0
      vertex 76.2153 90.5785 3
    endloop
  endfacet
  facet normal 0.973899 0.22698 0
    outer loop
      vertex 76.2153 90.5785 0
      vertex 76.3044 90.1962 3
      vertex 76.3044 90.1962 0
    endloop
  endfacet
  facet normal -0.097789 -0.995207 0
    outer loop
      vertex 82.4924 97.7362 0
      vertex 82.8832 97.6978 3
      vertex 82.4924 97.7362 3
    endloop
  endfacet
  facet normal -0.097789 -0.995207 -0
    outer loop
      vertex 82.8832 97.6978 3
      vertex 82.4924 97.7362 0
      vertex 82.8832 97.6978 0
    endloop
  endfacet
  facet normal -0.471394 0.881923 0
    outer loop
      vertex 85.1 86.5529 0
      vertex 84.7537 86.3678 3
      vertex 85.1 86.5529 3
    endloop
  endfacet
  facet normal -0.471394 0.881923 0
    outer loop
      vertex 84.7537 86.3678 3
      vertex 85.1 86.5529 0
      vertex 84.7537 86.3678 0
    endloop
  endfacet
  facet normal -0.290128 -0.956988 0
    outer loop
      vertex 83.6529 97.5446 0
      vertex 84.0286 97.4307 3
      vertex 83.6529 97.5446 3
    endloop
  endfacet
  facet normal -0.290128 -0.956988 -0
    outer loop
      vertex 84.0286 97.4307 3
      vertex 83.6529 97.5446 0
      vertex 84.0286 97.4307 0
    endloop
  endfacet
  facet normal 0.93592 -0.352212 0
    outer loop
      vertex 76.4184 93.6777 3
      vertex 76.5567 94.0452 0
      vertex 76.5567 94.0452 3
    endloop
  endfacet
  facet normal 0.93592 -0.352212 0
    outer loop
      vertex 76.5567 94.0452 0
      vertex 76.4184 93.6777 3
      vertex 76.4184 93.6777 0
    endloop
  endfacet
  facet normal 0.528212 0.849112 -0
    outer loop
      vertex 79.1 86.5529 0
      vertex 78.7666 86.7603 3
      vertex 79.1 86.5529 3
    endloop
  endfacet
  facet normal 0.528212 0.849112 0
    outer loop
      vertex 78.7666 86.7603 3
      vertex 79.1 86.5529 0
      vertex 78.7666 86.7603 0
    endloop
  endfacet
  facet normal -0.412862 -0.910793 0
    outer loop
      vertex 84.3961 97.2924 0
      vertex 84.7537 97.1303 3
      vertex 84.3961 97.2924 3
    endloop
  endfacet
  facet normal -0.412862 -0.910793 -0
    outer loop
      vertex 84.7537 97.1303 3
      vertex 84.3961 97.2924 0
      vertex 84.7537 97.1303 0
    endloop
  endfacet
  facet normal -0.812889 0.582418 0
    outer loop
      vertex 86.8601 88.0965 0
      vertex 87.0888 88.4157 3
      vertex 87.0888 88.4157 0
    endloop
  endfacet
  facet normal -0.812889 0.582418 0
    outer loop
      vertex 87.0888 88.4157 3
      vertex 86.8601 88.0965 0
      vertex 86.8601 88.0965 3
    endloop
  endfacet
  facet normal 0.352212 0.93592 -0
    outer loop
      vertex 80.1714 86.0675 0
      vertex 79.8039 86.2058 3
      vertex 80.1714 86.0675 3
    endloop
  endfacet
  facet normal 0.352212 0.93592 0
    outer loop
      vertex 79.8039 86.2058 3
      vertex 80.1714 86.0675 0
      vertex 79.8039 86.2058 0
    endloop
  endfacet
  facet normal -0.910793 0.412862 0
    outer loop
      vertex 87.4812 89.0954 0
      vertex 87.6433 89.453 3
      vertex 87.6433 89.453 0
    endloop
  endfacet
  facet normal -0.910793 0.412862 0
    outer loop
      vertex 87.6433 89.453 3
      vertex 87.4812 89.0954 0
      vertex 87.4812 89.0954 3
    endloop
  endfacet
  facet normal -0.683678 -0.729783 0
    outer loop
      vertex 86.0561 96.2601 0
      vertex 86.3426 95.9917 3
      vertex 86.0561 96.2601 3
    endloop
  endfacet
  facet normal -0.683678 -0.729783 -0
    outer loop
      vertex 86.3426 95.9917 3
      vertex 86.0561 96.2601 0
      vertex 86.3426 95.9917 0
    endloop
  endfacet
  facet normal 0.986627 -0.162995 0
    outer loop
      vertex 76.1513 92.5322 3
      vertex 76.2153 92.9196 0
      vertex 76.2153 92.9196 3
    endloop
  endfacet
  facet normal 0.986627 -0.162995 0
    outer loop
      vertex 76.2153 92.9196 0
      vertex 76.1513 92.5322 3
      vertex 76.1513 92.5322 0
    endloop
  endfacet
  facet normal 0.910793 -0.412862 0
    outer loop
      vertex 76.5567 94.0452 3
      vertex 76.7188 94.4028 0
      vertex 76.7188 94.4028 3
    endloop
  endfacet
  facet normal 0.910793 -0.412862 0
    outer loop
      vertex 76.7188 94.4028 0
      vertex 76.5567 94.0452 3
      vertex 76.5567 94.0452 0
    endloop
  endfacet
  facet normal -0.935889 0.352296 0
    outer loop
      vertex 87.6433 89.453 0
      vertex 87.7816 89.8204 3
      vertex 87.7816 89.8204 0
    endloop
  endfacet
  facet normal -0.935889 0.352296 0
    outer loop
      vertex 87.7816 89.8204 3
      vertex 87.6433 89.453 0
      vertex 87.6433 89.453 3
    endloop
  endfacet
  facet normal 0.882028 -0.471196 0
    outer loop
      vertex 76.7188 94.4028 3
      vertex 76.9038 94.7491 0
      vertex 76.9038 94.7491 3
    endloop
  endfacet
  facet normal 0.882028 -0.471196 0
    outer loop
      vertex 76.9038 94.7491 0
      vertex 76.7188 94.4028 3
      vertex 76.7188 94.4028 0
    endloop
  endfacet
  facet normal -0.582418 -0.812889 0
    outer loop
      vertex 85.4334 96.7379 0
      vertex 85.7526 96.5092 3
      vertex 85.4334 96.7379 3
    endloop
  endfacet
  facet normal -0.582418 -0.812889 -0
    outer loop
      vertex 85.7526 96.5092 3
      vertex 85.4334 96.7379 0
      vertex 85.7526 96.5092 0
    endloop
  endfacet
  facet normal 0.163036 -0.98662 0
    outer loop
      vertex 80.9295 97.6338 0
      vertex 81.3168 97.6978 3
      vertex 80.9295 97.6338 3
    endloop
  endfacet
  facet normal 0.163036 -0.98662 0
    outer loop
      vertex 81.3168 97.6978 3
      vertex 80.9295 97.6338 0
      vertex 81.3168 97.6978 0
    endloop
  endfacet
  facet normal 0.0326024 0.999468 -0
    outer loop
      vertex 82.1 85.7491 0
      vertex 81.7076 85.7619 3
      vertex 82.1 85.7491 3
    endloop
  endfacet
  facet normal 0.0326024 0.999468 0
    outer loop
      vertex 81.7076 85.7619 3
      vertex 82.1 85.7491 0
      vertex 81.7076 85.7619 0
    endloop
  endfacet
  facet normal 0.973913 -0.226924 0
    outer loop
      vertex 76.2153 92.9196 3
      vertex 76.3044 93.302 0
      vertex 76.3044 93.302 3
    endloop
  endfacet
  facet normal 0.973913 -0.226924 0
    outer loop
      vertex 76.3044 93.302 0
      vertex 76.2153 92.9196 3
      vertex 76.2153 92.9196 0
    endloop
  endfacet
  facet normal -0.226924 0.973913 0
    outer loop
      vertex 83.6529 85.9535 0
      vertex 83.2705 85.8644 3
      vertex 83.6529 85.9535 3
    endloop
  endfacet
  facet normal -0.226924 0.973913 0
    outer loop
      vertex 83.2705 85.8644 3
      vertex 83.6529 85.9535 0
      vertex 83.2705 85.8644 0
    endloop
  endfacet
  facet normal -0.973899 0.22698 0
    outer loop
      vertex 87.8956 90.1962 0
      vertex 87.9847 90.5785 3
      vertex 87.9847 90.5785 0
    endloop
  endfacet
  facet normal -0.973899 0.22698 0
    outer loop
      vertex 87.9847 90.5785 3
      vertex 87.8956 90.1962 0
      vertex 87.8956 90.1962 3
    endloop
  endfacet
  facet normal 0.935889 0.352296 0
    outer loop
      vertex 76.5567 89.453 3
      vertex 76.4184 89.8204 0
      vertex 76.4184 89.8204 3
    endloop
  endfacet
  facet normal 0.935889 0.352296 0
    outer loop
      vertex 76.4184 89.8204 0
      vertex 76.5567 89.453 3
      vertex 76.5567 89.453 0
    endloop
  endfacet
  facet normal 0.99518 -0.0980661 0
    outer loop
      vertex 76.1128 92.1415 3
      vertex 76.1513 92.5322 0
      vertex 76.1513 92.5322 3
    endloop
  endfacet
  facet normal 0.99518 -0.0980661 0
    outer loop
      vertex 76.1513 92.5322 0
      vertex 76.1128 92.1415 3
      vertex 76.1128 92.1415 0
    endloop
  endfacet
  facet normal -0.986627 0.162995 0
    outer loop
      vertex 87.9847 90.5785 0
      vertex 88.0487 90.9659 3
      vertex 88.0487 90.9659 0
    endloop
  endfacet
  facet normal -0.986627 0.162995 0
    outer loop
      vertex 88.0487 90.9659 3
      vertex 87.9847 90.5785 0
      vertex 87.9847 90.5785 3
    endloop
  endfacet
  facet normal -0.0980413 0.995182 0
    outer loop
      vertex 82.8832 85.8004 0
      vertex 82.4924 85.7619 3
      vertex 82.8832 85.8004 3
    endloop
  endfacet
  facet normal -0.0980413 0.995182 0
    outer loop
      vertex 82.4924 85.7619 3
      vertex 82.8832 85.8004 0
      vertex 82.4924 85.7619 0
    endloop
  endfacet
  facet normal 0.729902 0.683551 0
    outer loop
      vertex 77.8574 87.5064 3
      vertex 77.589 87.793 0
      vertex 77.589 87.793 3
    endloop
  endfacet
  facet normal 0.729902 0.683551 0
    outer loop
      vertex 77.589 87.793 0
      vertex 77.8574 87.5064 3
      vertex 77.8574 87.5064 0
    endloop
  endfacet
  facet normal -0.528212 0.849112 0
    outer loop
      vertex 85.4334 86.7603 0
      vertex 85.1 86.5529 3
      vertex 85.4334 86.7603 3
    endloop
  endfacet
  facet normal -0.528212 0.849112 0
    outer loop
      vertex 85.1 86.5529 3
      vertex 85.4334 86.7603 0
      vertex 85.1 86.5529 0
    endloop
  endfacet
  facet normal 0.683678 0.729783 -0
    outer loop
      vertex 78.1439 87.238 0
      vertex 77.8574 87.5064 3
      vertex 78.1439 87.238 3
    endloop
  endfacet
  facet normal 0.683678 0.729783 0
    outer loop
      vertex 77.8574 87.5064 3
      vertex 78.1439 87.238 0
      vertex 77.8574 87.5064 0
    endloop
  endfacet
  facet normal -0.634278 0.773105 0
    outer loop
      vertex 86.0561 87.238 0
      vertex 85.7526 86.989 3
      vertex 86.0561 87.238 3
    endloop
  endfacet
  facet normal -0.634278 0.773105 0
    outer loop
      vertex 85.7526 86.989 3
      vertex 86.0561 87.238 0
      vertex 85.7526 86.989 0
    endloop
  endfacet
  facet normal -0.683678 0.729783 0
    outer loop
      vertex 86.3426 87.5064 0
      vertex 86.0561 87.238 3
      vertex 86.3426 87.5064 3
    endloop
  endfacet
  facet normal -0.683678 0.729783 0
    outer loop
      vertex 86.0561 87.238 3
      vertex 86.3426 87.5064 0
      vertex 86.0561 87.238 0
    endloop
  endfacet
  facet normal 0.882028 0.471196 0
    outer loop
      vertex 76.9038 88.7491 3
      vertex 76.7188 89.0954 0
      vertex 76.7188 89.0954 3
    endloop
  endfacet
  facet normal 0.882028 0.471196 0
    outer loop
      vertex 76.7188 89.0954 0
      vertex 76.9038 88.7491 3
      vertex 76.9038 88.7491 0
    endloop
  endfacet
  facet normal 0.471394 -0.881923 0
    outer loop
      vertex 79.1 96.9452 0
      vertex 79.4463 97.1303 3
      vertex 79.1 96.9452 3
    endloop
  endfacet
  facet normal 0.471394 -0.881923 0
    outer loop
      vertex 79.4463 97.1303 3
      vertex 79.1 96.9452 0
      vertex 79.4463 97.1303 0
    endloop
  endfacet
  facet normal -0.773083 -0.634305 0
    outer loop
      vertex 86.8601 95.4016 0
      vertex 86.611 95.7052 3
      vertex 86.611 95.7052 0
    endloop
  endfacet
  facet normal -0.773083 -0.634305 0
    outer loop
      vertex 86.611 95.7052 3
      vertex 86.8601 95.4016 0
      vertex 86.8601 95.4016 3
    endloop
  endfacet
  facet normal -0.412651 0.910889 0
    outer loop
      vertex 84.7537 86.3678 0
      vertex 84.3961 86.2058 3
      vertex 84.7537 86.3678 3
    endloop
  endfacet
  facet normal -0.412651 0.910889 0
    outer loop
      vertex 84.3961 86.2058 3
      vertex 84.7537 86.3678 0
      vertex 84.3961 86.2058 0
    endloop
  endfacet
  facet normal 0.290361 0.956917 -0
    outer loop
      vertex 80.5471 85.9535 0
      vertex 80.1714 86.0675 3
      vertex 80.5471 85.9535 3
    endloop
  endfacet
  facet normal 0.290361 0.956917 0
    outer loop
      vertex 80.1714 86.0675 3
      vertex 80.5471 85.9535 0
      vertex 80.1714 86.0675 0
    endloop
  endfacet
  facet normal 0.812803 -0.582539 0
    outer loop
      vertex 77.1112 95.0825 3
      vertex 77.3399 95.4016 0
      vertex 77.3399 95.4016 3
    endloop
  endfacet
  facet normal 0.812803 -0.582539 0
    outer loop
      vertex 77.3399 95.4016 0
      vertex 77.1112 95.0825 3
      vertex 77.1112 95.0825 0
    endloop
  endfacet
  facet normal -0.227165 -0.973856 0
    outer loop
      vertex 83.2705 97.6338 0
      vertex 83.6529 97.5446 3
      vertex 83.2705 97.6338 3
    endloop
  endfacet
  facet normal -0.227165 -0.973856 -0
    outer loop
      vertex 83.6529 97.5446 3
      vertex 83.2705 97.6338 0
      vertex 83.6529 97.5446 0
    endloop
  endfacet
  facet normal 0.528028 -0.849227 0
    outer loop
      vertex 78.7666 96.7379 0
      vertex 79.1 96.9452 3
      vertex 78.7666 96.7379 3
    endloop
  endfacet
  facet normal 0.528028 -0.849227 0
    outer loop
      vertex 79.1 96.9452 3
      vertex 78.7666 96.7379 0
      vertex 79.1 96.9452 0
    endloop
  endfacet
  facet normal 0.582418 0.812889 -0
    outer loop
      vertex 78.7666 86.7603 0
      vertex 78.4474 86.989 3
      vertex 78.7666 86.7603 3
    endloop
  endfacet
  facet normal 0.582418 0.812889 0
    outer loop
      vertex 78.4474 86.989 3
      vertex 78.7666 86.7603 0
      vertex 78.4474 86.989 0
    endloop
  endfacet
  facet normal 0 -0.032914 0.999458
    outer loop
      vertex 0 4.85024 176.431
      vertex 164.2 4 176.403
      vertex 164.2 4.85024 176.431
    endloop
  endfacet
  facet normal 0 -0.032914 0.999458
    outer loop
      vertex 164.2 4 176.403
      vertex 0 4.85024 176.431
      vertex 0 4 176.403
    endloop
  endfacet
  facet normal -0 0.226882 0.973922
    outer loop
      vertex 0 1.46383 176.653
      vertex 164.2 0.635352 176.846
      vertex 164.2 1.46383 176.653
    endloop
  endfacet
  facet normal 0 0.226882 0.973922
    outer loop
      vertex 164.2 0.635352 176.846
      vertex 0 1.46383 176.653
      vertex 0 0.635352 176.846
    endloop
  endfacet
  facet normal 0 -0.290655 0.956828
    outer loop
      vertex 0 8 177.039
      vertex 164.2 7.36465 176.846
      vertex 164.2 8 177.039
    endloop
  endfacet
  facet normal 0 -0.290655 0.956828
    outer loop
      vertex 164.2 7.36465 176.846
      vertex 0 8 177.039
      vertex 0 7.36465 176.846
    endloop
  endfacet
  facet normal -0 0.032914 0.999458
    outer loop
      vertex 0 4 176.403
      vertex 164.2 3.14976 176.431
      vertex 164.2 4 176.403
    endloop
  endfacet
  facet normal 0 0.032914 0.999458
    outer loop
      vertex 164.2 3.14976 176.431
      vertex 0 4 176.403
      vertex 0 3.14976 176.431
    endloop
  endfacet
  facet normal 0 -0.0987356 0.995114
    outer loop
      vertex 0 5.69684 176.515
      vertex 164.2 4.85024 176.431
      vertex 164.2 5.69684 176.515
    endloop
  endfacet
  facet normal 0 -0.0987356 0.995114
    outer loop
      vertex 164.2 4.85024 176.431
      vertex 0 5.69684 176.515
      vertex 0 4.85024 176.431
    endloop
  endfacet
  facet normal -0 0.0987356 0.995114
    outer loop
      vertex 0 3.14976 176.431
      vertex 164.2 2.30316 176.515
      vertex 164.2 3.14976 176.431
    endloop
  endfacet
  facet normal 0 0.0987356 0.995114
    outer loop
      vertex 164.2 2.30316 176.515
      vertex 0 3.14976 176.431
      vertex 0 2.30316 176.515
    endloop
  endfacet
  facet normal -0 0.290654 0.956828
    outer loop
      vertex 0 0.635352 176.846
      vertex 164.2 0 177.039
      vertex 164.2 0.635352 176.846
    endloop
  endfacet
  facet normal 0 0.290654 0.956828
    outer loop
      vertex 164.2 0 177.039
      vertex 0 0.635352 176.846
      vertex 0 0 177.039
    endloop
  endfacet
  facet normal 0 -0.226882 0.973922
    outer loop
      vertex 0 7.36465 176.846
      vertex 164.2 6.53617 176.653
      vertex 164.2 7.36465 176.846
    endloop
  endfacet
  facet normal 0 -0.226882 0.973922
    outer loop
      vertex 164.2 6.53617 176.653
      vertex 0 7.36465 176.846
      vertex 0 6.53617 176.653
    endloop
  endfacet
  facet normal 0 -0.162239 0.986752
    outer loop
      vertex 0 6.53617 176.653
      vertex 164.2 5.69684 176.515
      vertex 164.2 6.53617 176.653
    endloop
  endfacet
  facet normal 0 -0.162239 0.986752
    outer loop
      vertex 164.2 5.69684 176.515
      vertex 0 6.53617 176.653
      vertex 0 5.69684 176.515
    endloop
  endfacet
  facet normal -0 0.162239 0.986752
    outer loop
      vertex 0 2.30316 176.515
      vertex 164.2 1.46383 176.653
      vertex 164.2 2.30316 176.515
    endloop
  endfacet
  facet normal 0 0.162239 0.986752
    outer loop
      vertex 164.2 1.46383 176.653
      vertex 0 2.30316 176.515
      vertex 0 1.46383 176.653
    endloop
  endfacet
  facet normal -0.99946 0.0328556 0
    outer loop
      vertex 41.976 4 -7
      vertex 41.9846 4.26161 0
      vertex 41.9846 4.26161 -7
    endloop
  endfacet
  facet normal -0.99946 0.0328556 0
    outer loop
      vertex 41.9846 4.26161 0
      vertex 41.976 4 -7
      vertex 41.976 4 0
    endloop
  endfacet
  facet normal 0.935906 -0.352249 0
    outer loop
      vertex 49.6715 2.46927 0
      vertex 49.7637 2.71424 -7
      vertex 49.7637 2.71424 0
    endloop
  endfacet
  facet normal 0.935906 -0.352249 0
    outer loop
      vertex 49.7637 2.71424 -7
      vertex 49.6715 2.46927 0
      vertex 49.6715 2.46927 -7
    endloop
  endfacet
  facet normal 0.290255 0.956949 -0
    outer loop
      vertex 47.2618 7.78772 -7
      vertex 47.0113 7.8637 0
      vertex 47.2618 7.78772 0
    endloop
  endfacet
  facet normal 0.290255 0.956949 0
    outer loop
      vertex 47.0113 7.8637 0
      vertex 47.2618 7.78772 -7
      vertex 47.0113 7.8637 -7
    endloop
  endfacet
  facet normal 0.162871 -0.986647 0
    outer loop
      vertex 46.4981 0.0342197 -7
      vertex 46.7564 0.0768585 0
      vertex 46.4981 0.0342197 0
    endloop
  endfacet
  facet normal 0.162871 -0.986647 0
    outer loop
      vertex 46.7564 0.0768585 0
      vertex 46.4981 0.0342197 -7
      vertex 46.7564 0.0768585 -7
    endloop
  endfacet
  facet normal 0.881908 0.471421 0
    outer loop
      vertex 49.5635 5.76915 0
      vertex 49.4401 6 -7
      vertex 49.4401 6 0
    endloop
  endfacet
  facet normal 0.881908 0.471421 0
    outer loop
      vertex 49.4401 6 -7
      vertex 49.5635 5.76915 0
      vertex 49.5635 5.76915 -7
    endloop
  endfacet
  facet normal -0.582595 -0.812763 0
    outer loop
      vertex 43.541 0.826586 -7
      vertex 43.7537 0.674121 0
      vertex 43.541 0.826586 0
    endloop
  endfacet
  facet normal -0.582595 -0.812763 -0
    outer loop
      vertex 43.7537 0.674121 0
      vertex 43.541 0.826586 -7
      vertex 43.7537 0.674121 -7
    endloop
  endfacet
  facet normal -0.81279 -0.582556 0
    outer loop
      vertex 42.8026 1.56495 -7
      vertex 42.6501 1.77772 0
      vertex 42.6501 1.77772 -7
    endloop
  endfacet
  facet normal -0.81279 -0.582556 0
    outer loop
      vertex 42.6501 1.77772 0
      vertex 42.8026 1.56495 -7
      vertex 42.8026 1.56495 0
    endloop
  endfacet
  facet normal -0.7731 -0.634284 0
    outer loop
      vertex 42.9686 1.36262 -7
      vertex 42.8026 1.56495 0
      vertex 42.8026 1.56495 -7
    endloop
  endfacet
  facet normal -0.7731 -0.634284 0
    outer loop
      vertex 42.8026 1.56495 0
      vertex 42.9686 1.36262 -7
      vertex 42.9686 1.36262 0
    endloop
  endfacet
  facet normal 0.8819 -0.471437 0
    outer loop
      vertex 49.4401 2 0
      vertex 49.5635 2.23084 -7
      vertex 49.5635 2.23084 0
    endloop
  endfacet
  facet normal 0.8819 -0.471437 0
    outer loop
      vertex 49.5635 2.23084 -7
      vertex 49.4401 2 0
      vertex 49.4401 2 -7
    endloop
  endfacet
  facet normal -0.910902 0.412622 0
    outer loop
      vertex 42.2805 5.53073 -7
      vertex 42.3885 5.76915 0
      vertex 42.3885 5.76915 -7
    endloop
  endfacet
  facet normal -0.910902 0.412622 0
    outer loop
      vertex 42.3885 5.76915 0
      vertex 42.2805 5.53073 -7
      vertex 42.2805 5.53073 0
    endloop
  endfacet
  facet normal 0.352338 0.935873 -0
    outer loop
      vertex 47.5067 7.69552 -7
      vertex 47.2618 7.78772 0
      vertex 47.5067 7.69552 0
    endloop
  endfacet
  facet normal 0.352338 0.935873 0
    outer loop
      vertex 47.2618 7.78772 0
      vertex 47.5067 7.69552 -7
      vertex 47.2618 7.78772 -7
    endloop
  endfacet
  facet normal -0.412603 0.910911 0
    outer loop
      vertex 44.4453 7.69552 -7
      vertex 44.2068 7.58749 0
      vertex 44.4453 7.69552 0
    endloop
  endfacet
  facet normal -0.412603 0.910911 0
    outer loop
      vertex 44.2068 7.58749 0
      vertex 44.4453 7.69552 -7
      vertex 44.2068 7.58749 -7
    endloop
  endfacet
  facet normal 0.995206 0.0978051 0
    outer loop
      vertex 49.9674 4.26161 0
      vertex 49.9418 4.5221 -7
      vertex 49.9418 4.5221 0
    endloop
  endfacet
  facet normal 0.995206 0.0978051 0
    outer loop
      vertex 49.9418 4.5221 -7
      vertex 49.9674 4.26161 0
      vertex 49.9674 4.26161 -7
    endloop
  endfacet
  facet normal 0.99946 0.0328556 0
    outer loop
      vertex 49.976 4 0
      vertex 49.9674 4.26161 -7
      vertex 49.9674 4.26161 0
    endloop
  endfacet
  facet normal 0.99946 0.0328556 0
    outer loop
      vertex 49.9674 4.26161 -7
      vertex 49.976 4 0
      vertex 49.976 4 -7
    endloop
  endfacet
  facet normal 0.528035 -0.849223 0
    outer loop
      vertex 47.976 0.535898 -7
      vertex 48.1983 0.674121 0
      vertex 47.976 0.535898 0
    endloop
  endfacet
  facet normal 0.528035 -0.849223 0
    outer loop
      vertex 48.1983 0.674121 0
      vertex 47.976 0.535898 -7
      vertex 48.1983 0.674121 -7
    endloop
  endfacet
  facet normal 0.956922 0.290347 0
    outer loop
      vertex 49.8397 5.03528 0
      vertex 49.7637 5.28576 -7
      vertex 49.7637 5.28576 0
    endloop
  endfacet
  facet normal 0.956922 0.290347 0
    outer loop
      vertex 49.7637 5.28576 -7
      vertex 49.8397 5.03528 0
      vertex 49.8397 5.03528 -7
    endloop
  endfacet
  facet normal -0.729746 0.683719 0
    outer loop
      vertex 42.9686 6.63738 -7
      vertex 43.1476 6.82843 0
      vertex 43.1476 6.82843 -7
    endloop
  endfacet
  facet normal -0.729746 0.683719 0
    outer loop
      vertex 43.1476 6.82843 0
      vertex 42.9686 6.63738 -7
      vertex 42.9686 6.63738 0
    endloop
  endfacet
  facet normal -0.97391 -0.226935 0
    outer loop
      vertex 42.1123 2.96472 -7
      vertex 42.0529 3.21964 0
      vertex 42.0529 3.21964 -7
    endloop
  endfacet
  facet normal -0.97391 -0.226935 0
    outer loop
      vertex 42.0529 3.21964 0
      vertex 42.1123 2.96472 -7
      vertex 42.1123 2.96472 0
    endloop
  endfacet
  facet normal -0.729746 -0.683719 0
    outer loop
      vertex 43.1476 1.17157 -7
      vertex 42.9686 1.36262 0
      vertex 42.9686 1.36262 -7
    endloop
  endfacet
  facet normal -0.729746 -0.683719 0
    outer loop
      vertex 42.9686 1.36262 0
      vertex 43.1476 1.17157 -7
      vertex 43.1476 1.17157 0
    endloop
  endfacet
  facet normal -0.290255 0.956949 0
    outer loop
      vertex 44.9407 7.8637 -7
      vertex 44.6902 7.78772 0
      vertex 44.9407 7.8637 0
    endloop
  endfacet
  facet normal -0.290255 0.956949 0
    outer loop
      vertex 44.6902 7.78772 0
      vertex 44.9407 7.8637 -7
      vertex 44.6902 7.78772 -7
    endloop
  endfacet
  facet normal -0.881908 0.471421 0
    outer loop
      vertex 42.3885 5.76915 -7
      vertex 42.5119 6 0
      vertex 42.5119 6 -7
    endloop
  endfacet
  facet normal -0.881908 0.471421 0
    outer loop
      vertex 42.5119 6 0
      vertex 42.3885 5.76915 -7
      vertex 42.3885 5.76915 0
    endloop
  endfacet
  facet normal -0.0980285 0.995184 0
    outer loop
      vertex 45.7144 7.99144 -7
      vertex 45.4539 7.96578 0
      vertex 45.7144 7.99144 0
    endloop
  endfacet
  facet normal -0.0980285 0.995184 0
    outer loop
      vertex 45.4539 7.96578 0
      vertex 45.7144 7.99144 -7
      vertex 45.4539 7.96578 -7
    endloop
  endfacet
  facet normal -0.0327042 0.999465 0
    outer loop
      vertex 45.976 8 -7
      vertex 45.7144 7.99144 0
      vertex 45.976 8 0
    endloop
  endfacet
  facet normal -0.0327042 0.999465 0
    outer loop
      vertex 45.7144 7.99144 0
      vertex 45.976 8 -7
      vertex 45.7144 7.99144 -7
    endloop
  endfacet
  facet normal -0.352338 0.935873 0
    outer loop
      vertex 44.6902 7.78772 -7
      vertex 44.4453 7.69552 0
      vertex 44.6902 7.78772 0
    endloop
  endfacet
  facet normal -0.352338 0.935873 0
    outer loop
      vertex 44.4453 7.69552 0
      vertex 44.6902 7.78772 -7
      vertex 44.4453 7.69552 -7
    endloop
  endfacet
  facet normal -0.97391 0.226935 0
    outer loop
      vertex 42.0529 4.78036 -7
      vertex 42.1123 5.03528 0
      vertex 42.1123 5.03528 -7
    endloop
  endfacet
  facet normal -0.97391 0.226935 0
    outer loop
      vertex 42.1123 5.03528 0
      vertex 42.0529 4.78036 -7
      vertex 42.0529 4.78036 0
    endloop
  endfacet
  facet normal -0.471471 0.881882 0
    outer loop
      vertex 44.2068 7.58749 -7
      vertex 43.976 7.4641 0
      vertex 44.2068 7.58749 0
    endloop
  endfacet
  facet normal -0.471471 0.881882 0
    outer loop
      vertex 43.976 7.4641 0
      vertex 44.2068 7.58749 -7
      vertex 43.976 7.4641 -7
    endloop
  endfacet
  facet normal -0.634276 -0.773107 0
    outer loop
      vertex 43.3386 0.99264 -7
      vertex 43.541 0.826586 0
      vertex 43.3386 0.99264 0
    endloop
  endfacet
  facet normal -0.634276 -0.773107 -0
    outer loop
      vertex 43.541 0.826586 0
      vertex 43.3386 0.99264 -7
      vertex 43.541 0.826586 -7
    endloop
  endfacet
  facet normal 0.7731 -0.634284 0
    outer loop
      vertex 48.9834 1.36262 0
      vertex 49.1494 1.56495 -7
      vertex 49.1494 1.56495 0
    endloop
  endfacet
  facet normal 0.7731 -0.634284 0
    outer loop
      vertex 49.1494 1.56495 -7
      vertex 48.9834 1.36262 0
      vertex 48.9834 1.36262 -7
    endloop
  endfacet
  facet normal 0.99946 -0.0328556 0
    outer loop
      vertex 49.9674 3.73839 0
      vertex 49.976 4 -7
      vertex 49.976 4 0
    endloop
  endfacet
  facet normal 0.99946 -0.0328556 0
    outer loop
      vertex 49.976 4 -7
      vertex 49.9674 3.73839 0
      vertex 49.9674 3.73839 -7
    endloop
  endfacet
  facet normal 0.935906 0.352249 0
    outer loop
      vertex 49.7637 5.28576 0
      vertex 49.6715 5.53073 -7
      vertex 49.6715 5.53073 0
    endloop
  endfacet
  facet normal 0.935906 0.352249 0
    outer loop
      vertex 49.6715 5.53073 -7
      vertex 49.7637 5.28576 0
      vertex 49.7637 5.28576 -7
    endloop
  endfacet
  facet normal -0.227097 0.973872 0
    outer loop
      vertex 45.1956 7.92314 -7
      vertex 44.9407 7.8637 0
      vertex 45.1956 7.92314 0
    endloop
  endfacet
  facet normal -0.227097 0.973872 0
    outer loop
      vertex 44.9407 7.8637 0
      vertex 45.1956 7.92314 -7
      vertex 44.9407 7.8637 -7
    endloop
  endfacet
  facet normal 0.986605 -0.163129 0
    outer loop
      vertex 49.8991 3.21964 0
      vertex 49.9418 3.47789 -7
      vertex 49.9418 3.47789 0
    endloop
  endfacet
  facet normal 0.986605 -0.163129 0
    outer loop
      vertex 49.9418 3.47789 -7
      vertex 49.8991 3.21964 0
      vertex 49.8991 3.21964 -7
    endloop
  endfacet
  facet normal -0.986606 0.163123 0
    outer loop
      vertex 42.0102 4.5221 -7
      vertex 42.0529 4.78036 0
      vertex 42.0529 4.78036 -7
    endloop
  endfacet
  facet normal -0.986606 0.163123 0
    outer loop
      vertex 42.0529 4.78036 0
      vertex 42.0102 4.5221 -7
      vertex 42.0102 4.5221 0
    endloop
  endfacet
  facet normal 0.910902 0.412622 0
    outer loop
      vertex 49.6715 5.53073 0
      vertex 49.5635 5.76915 -7
      vertex 49.5635 5.76915 0
    endloop
  endfacet
  facet normal 0.910902 0.412622 0
    outer loop
      vertex 49.5635 5.76915 -7
      vertex 49.6715 5.53073 0
      vertex 49.6715 5.53073 -7
    endloop
  endfacet
  facet normal 0.634267 0.773114 -0
    outer loop
      vertex 48.6134 7.00736 -7
      vertex 48.411 7.17341 0
      vertex 48.6134 7.00736 0
    endloop
  endfacet
  facet normal 0.634267 0.773114 0
    outer loop
      vertex 48.411 7.17341 0
      vertex 48.6134 7.00736 -7
      vertex 48.411 7.17341 -7
    endloop
  endfacet
  facet normal -0.986605 -0.163129 0
    outer loop
      vertex 42.0529 3.21964 -7
      vertex 42.0102 3.47789 0
      vertex 42.0102 3.47789 -7
    endloop
  endfacet
  facet normal -0.986605 -0.163129 0
    outer loop
      vertex 42.0102 3.47789 0
      vertex 42.0529 3.21964 -7
      vertex 42.0529 3.21964 0
    endloop
  endfacet
  facet normal -0.910909 -0.412608 0
    outer loop
      vertex 42.3885 2.23084 -7
      vertex 42.2805 2.46927 0
      vertex 42.2805 2.46927 -7
    endloop
  endfacet
  facet normal -0.910909 -0.412608 0
    outer loop
      vertex 42.2805 2.46927 0
      vertex 42.3885 2.23084 -7
      vertex 42.3885 2.23084 0
    endloop
  endfacet
  facet normal 0.0980122 -0.995185 0
    outer loop
      vertex 46.2376 0.008564 -7
      vertex 46.4981 0.0342197 0
      vertex 46.2376 0.008564 0
    endloop
  endfacet
  facet normal 0.0980122 -0.995185 0
    outer loop
      vertex 46.4981 0.0342197 0
      vertex 46.2376 0.008564 -7
      vertex 46.4981 0.0342197 -7
    endloop
  endfacet
  facet normal 0.729746 0.683719 0
    outer loop
      vertex 48.9834 6.63738 0
      vertex 48.8044 6.82843 -7
      vertex 48.8044 6.82843 0
    endloop
  endfacet
  facet normal 0.729746 0.683719 0
    outer loop
      vertex 48.8044 6.82843 -7
      vertex 48.9834 6.63738 0
      vertex 48.9834 6.63738 -7
    endloop
  endfacet
  facet normal 0.290266 -0.956946 0
    outer loop
      vertex 47.0113 0.136296 -7
      vertex 47.2618 0.212279 0
      vertex 47.0113 0.136296 0
    endloop
  endfacet
  facet normal 0.290266 -0.956946 0
    outer loop
      vertex 47.2618 0.212279 0
      vertex 47.0113 0.136296 -7
      vertex 47.2618 0.212279 -7
    endloop
  endfacet
  facet normal -0.81279 0.582556 0
    outer loop
      vertex 42.6501 6.22228 -7
      vertex 42.8026 6.43505 0
      vertex 42.8026 6.43505 -7
    endloop
  endfacet
  facet normal -0.81279 0.582556 0
    outer loop
      vertex 42.8026 6.43505 0
      vertex 42.6501 6.22228 -7
      vertex 42.6501 6.22228 0
    endloop
  endfacet
  facet normal -0.227088 -0.973874 0
    outer loop
      vertex 44.9407 0.136296 -7
      vertex 45.1956 0.0768585 0
      vertex 44.9407 0.136296 0
    endloop
  endfacet
  facet normal -0.227088 -0.973874 -0
    outer loop
      vertex 45.1956 0.0768585 0
      vertex 44.9407 0.136296 -7
      vertex 45.1956 0.0768585 -7
    endloop
  endfacet
  facet normal 0.81279 0.582556 0
    outer loop
      vertex 49.3019 6.22228 0
      vertex 49.1494 6.43505 -7
      vertex 49.1494 6.43505 0
    endloop
  endfacet
  facet normal 0.81279 0.582556 0
    outer loop
      vertex 49.1494 6.43505 -7
      vertex 49.3019 6.22228 0
      vertex 49.3019 6.22228 -7
    endloop
  endfacet
  facet normal -0.0327195 -0.999465 0
    outer loop
      vertex 45.7144 0.008564 -7
      vertex 45.976 0 0
      vertex 45.7144 0.008564 0
    endloop
  endfacet
  facet normal -0.0327195 -0.999465 -0
    outer loop
      vertex 45.976 0 0
      vertex 45.7144 0.008564 -7
      vertex 45.976 0 -7
    endloop
  endfacet
  facet normal -0.528026 0.849228 0
    outer loop
      vertex 43.976 7.4641 -7
      vertex 43.7537 7.32588 0
      vertex 43.976 7.4641 0
    endloop
  endfacet
  facet normal -0.528026 0.849228 0
    outer loop
      vertex 43.7537 7.32588 0
      vertex 43.976 7.4641 -7
      vertex 43.7537 7.32588 -7
    endloop
  endfacet
  facet normal 0.412603 0.910911 -0
    outer loop
      vertex 47.7452 7.58749 -7
      vertex 47.5067 7.69552 0
      vertex 47.7452 7.58749 0
    endloop
  endfacet
  facet normal 0.412603 0.910911 0
    outer loop
      vertex 47.5067 7.69552 0
      vertex 47.7452 7.58749 -7
      vertex 47.5067 7.69552 -7
    endloop
  endfacet
  facet normal 0.849241 0.528006 0
    outer loop
      vertex 49.4401 6 0
      vertex 49.3019 6.22228 -7
      vertex 49.3019 6.22228 0
    endloop
  endfacet
  facet normal 0.849241 0.528006 0
    outer loop
      vertex 49.3019 6.22228 -7
      vertex 49.4401 6 0
      vertex 49.4401 6 -7
    endloop
  endfacet
  facet normal -0.995206 -0.0978014 0
    outer loop
      vertex 42.0102 3.47789 -7
      vertex 41.9846 3.73839 0
      vertex 41.9846 3.73839 -7
    endloop
  endfacet
  facet normal -0.995206 -0.0978014 0
    outer loop
      vertex 41.9846 3.73839 0
      vertex 42.0102 3.47789 -7
      vertex 42.0102 3.47789 0
    endloop
  endfacet
  facet normal 0.995206 -0.0978014 0
    outer loop
      vertex 49.9418 3.47789 0
      vertex 49.9674 3.73839 -7
      vertex 49.9674 3.73839 0
    endloop
  endfacet
  facet normal 0.995206 -0.0978014 0
    outer loop
      vertex 49.9674 3.73839 -7
      vertex 49.9418 3.47789 0
      vertex 49.9418 3.47789 -7
    endloop
  endfacet
  facet normal 0.0980285 0.995184 -0
    outer loop
      vertex 46.4981 7.96578 -7
      vertex 46.2376 7.99144 0
      vertex 46.4981 7.96578 0
    endloop
  endfacet
  facet normal 0.0980285 0.995184 0
    outer loop
      vertex 46.2376 7.99144 0
      vertex 46.4981 7.96578 -7
      vertex 46.2376 7.99144 -7
    endloop
  endfacet
  facet normal -0.956922 0.290347 0
    outer loop
      vertex 42.1123 5.03528 -7
      vertex 42.1883 5.28576 0
      vertex 42.1883 5.28576 -7
    endloop
  endfacet
  facet normal -0.956922 0.290347 0
    outer loop
      vertex 42.1883 5.28576 0
      vertex 42.1123 5.03528 -7
      vertex 42.1123 5.03528 0
    endloop
  endfacet
  facet normal -0.162875 0.986647 0
    outer loop
      vertex 45.4539 7.96578 -7
      vertex 45.1956 7.92314 0
      vertex 45.4539 7.96578 0
    endloop
  endfacet
  facet normal -0.162875 0.986647 0
    outer loop
      vertex 45.1956 7.92314 0
      vertex 45.4539 7.96578 -7
      vertex 45.1956 7.92314 -7
    endloop
  endfacet
  facet normal 0.986606 0.163123 0
    outer loop
      vertex 49.9418 4.5221 0
      vertex 49.8991 4.78036 -7
      vertex 49.8991 4.78036 0
    endloop
  endfacet
  facet normal 0.986606 0.163123 0
    outer loop
      vertex 49.8991 4.78036 -7
      vertex 49.9418 4.5221 0
      vertex 49.9418 4.5221 -7
    endloop
  endfacet
  facet normal 0.528026 0.849228 -0
    outer loop
      vertex 48.1983 7.32588 -7
      vertex 47.976 7.4641 0
      vertex 48.1983 7.32588 0
    endloop
  endfacet
  facet normal 0.528026 0.849228 0
    outer loop
      vertex 47.976 7.4641 0
      vertex 48.1983 7.32588 -7
      vertex 47.976 7.4641 -7
    endloop
  endfacet
  facet normal 0.412593 -0.910915 0
    outer loop
      vertex 47.5067 0.304482 -7
      vertex 47.7452 0.412509 0
      vertex 47.5067 0.304482 0
    endloop
  endfacet
  facet normal 0.412593 -0.910915 0
    outer loop
      vertex 47.7452 0.412509 0
      vertex 47.5067 0.304482 -7
      vertex 47.7452 0.412509 -7
    endloop
  endfacet
  facet normal -0.956922 -0.290347 0
    outer loop
      vertex 42.1883 2.71424 -7
      vertex 42.1123 2.96472 0
      vertex 42.1123 2.96472 -7
    endloop
  endfacet
  facet normal -0.956922 -0.290347 0
    outer loop
      vertex 42.1123 2.96472 0
      vertex 42.1883 2.71424 -7
      vertex 42.1883 2.71424 0
    endloop
  endfacet
  facet normal -0.849241 0.528006 0
    outer loop
      vertex 42.5119 6 -7
      vertex 42.6501 6.22228 0
      vertex 42.6501 6.22228 -7
    endloop
  endfacet
  facet normal -0.849241 0.528006 0
    outer loop
      vertex 42.6501 6.22228 0
      vertex 42.5119 6 -7
      vertex 42.5119 6 0
    endloop
  endfacet
  facet normal 0.956922 -0.290347 0
    outer loop
      vertex 49.7637 2.71424 0
      vertex 49.8397 2.96472 -7
      vertex 49.8397 2.96472 0
    endloop
  endfacet
  facet normal 0.956922 -0.290347 0
    outer loop
      vertex 49.8397 2.96472 -7
      vertex 49.7637 2.71424 0
      vertex 49.7637 2.71424 -7
    endloop
  endfacet
  facet normal 0.97391 -0.226935 0
    outer loop
      vertex 49.8397 2.96472 0
      vertex 49.8991 3.21964 -7
      vertex 49.8991 3.21964 0
    endloop
  endfacet
  facet normal 0.97391 -0.226935 0
    outer loop
      vertex 49.8991 3.21964 -7
      vertex 49.8397 2.96472 0
      vertex 49.8397 2.96472 -7
    endloop
  endfacet
  facet normal -0.0980122 -0.995185 0
    outer loop
      vertex 45.4539 0.0342197 -7
      vertex 45.7144 0.008564 0
      vertex 45.4539 0.0342197 0
    endloop
  endfacet
  facet normal -0.0980122 -0.995185 -0
    outer loop
      vertex 45.7144 0.008564 0
      vertex 45.4539 0.0342197 -7
      vertex 45.7144 0.008564 -7
    endloop
  endfacet
  facet normal 0.910909 -0.412608 0
    outer loop
      vertex 49.5635 2.23084 0
      vertex 49.6715 2.46927 -7
      vertex 49.6715 2.46927 0
    endloop
  endfacet
  facet normal 0.910909 -0.412608 0
    outer loop
      vertex 49.6715 2.46927 -7
      vertex 49.5635 2.23084 0
      vertex 49.5635 2.23084 -7
    endloop
  endfacet
  facet normal -0.162871 -0.986647 0
    outer loop
      vertex 45.1956 0.0768585 -7
      vertex 45.4539 0.0342197 0
      vertex 45.1956 0.0768585 0
    endloop
  endfacet
  facet normal -0.162871 -0.986647 -0
    outer loop
      vertex 45.4539 0.0342197 0
      vertex 45.1956 0.0768585 -7
      vertex 45.4539 0.0342197 -7
    endloop
  endfacet
  facet normal 0.634276 -0.773107 0
    outer loop
      vertex 48.411 0.826586 -7
      vertex 48.6134 0.99264 0
      vertex 48.411 0.826586 0
    endloop
  endfacet
  facet normal 0.634276 -0.773107 0
    outer loop
      vertex 48.6134 0.99264 0
      vertex 48.411 0.826586 -7
      vertex 48.6134 0.99264 -7
    endloop
  endfacet
  facet normal -0.99946 -0.0328556 0
    outer loop
      vertex 41.9846 3.73839 -7
      vertex 41.976 4 0
      vertex 41.976 4 -7
    endloop
  endfacet
  facet normal -0.99946 -0.0328556 0
    outer loop
      vertex 41.976 4 0
      vertex 41.9846 3.73839 -7
      vertex 41.9846 3.73839 0
    endloop
  endfacet
  facet normal -0.582607 0.812754 0
    outer loop
      vertex 43.7537 7.32588 -7
      vertex 43.541 7.17341 0
      vertex 43.7537 7.32588 0
    endloop
  endfacet
  facet normal -0.582607 0.812754 0
    outer loop
      vertex 43.541 7.17341 0
      vertex 43.7537 7.32588 -7
      vertex 43.541 7.17341 -7
    endloop
  endfacet
  facet normal -0.683672 0.72979 0
    outer loop
      vertex 43.3386 7.00736 -7
      vertex 43.1476 6.82843 0
      vertex 43.3386 7.00736 0
    endloop
  endfacet
  facet normal -0.683672 0.72979 0
    outer loop
      vertex 43.1476 6.82843 0
      vertex 43.3386 7.00736 -7
      vertex 43.1476 6.82843 -7
    endloop
  endfacet
  facet normal 0.683672 0.72979 -0
    outer loop
      vertex 48.8044 6.82843 -7
      vertex 48.6134 7.00736 0
      vertex 48.8044 6.82843 0
    endloop
  endfacet
  facet normal 0.683672 0.72979 0
    outer loop
      vertex 48.6134 7.00736 0
      vertex 48.8044 6.82843 -7
      vertex 48.6134 7.00736 -7
    endloop
  endfacet
  facet normal 0.471468 -0.881883 0
    outer loop
      vertex 47.7452 0.412509 -7
      vertex 47.976 0.535898 0
      vertex 47.7452 0.412509 0
    endloop
  endfacet
  facet normal 0.471468 -0.881883 0
    outer loop
      vertex 47.976 0.535898 0
      vertex 47.7452 0.412509 -7
      vertex 47.976 0.535898 -7
    endloop
  endfacet
  facet normal 0.162875 0.986647 -0
    outer loop
      vertex 46.7564 7.92314 -7
      vertex 46.4981 7.96578 0
      vertex 46.7564 7.92314 0
    endloop
  endfacet
  facet normal 0.162875 0.986647 0
    outer loop
      vertex 46.4981 7.96578 0
      vertex 46.7564 7.92314 -7
      vertex 46.4981 7.96578 -7
    endloop
  endfacet
  facet normal 0.97391 0.226935 0
    outer loop
      vertex 49.8991 4.78036 0
      vertex 49.8397 5.03528 -7
      vertex 49.8397 5.03528 0
    endloop
  endfacet
  facet normal 0.97391 0.226935 0
    outer loop
      vertex 49.8397 5.03528 -7
      vertex 49.8991 4.78036 0
      vertex 49.8991 4.78036 -7
    endloop
  endfacet
  facet normal 0.227088 -0.973874 0
    outer loop
      vertex 46.7564 0.0768585 -7
      vertex 47.0113 0.136296 0
      vertex 46.7564 0.0768585 0
    endloop
  endfacet
  facet normal 0.227088 -0.973874 0
    outer loop
      vertex 47.0113 0.136296 0
      vertex 46.7564 0.0768585 -7
      vertex 47.0113 0.136296 -7
    endloop
  endfacet
  facet normal 0.849241 -0.528006 0
    outer loop
      vertex 49.3019 1.77772 0
      vertex 49.4401 2 -7
      vertex 49.4401 2 0
    endloop
  endfacet
  facet normal 0.849241 -0.528006 0
    outer loop
      vertex 49.4401 2 -7
      vertex 49.3019 1.77772 0
      vertex 49.3019 1.77772 -7
    endloop
  endfacet
  facet normal -0.290266 -0.956946 0
    outer loop
      vertex 44.6902 0.212279 -7
      vertex 44.9407 0.136296 0
      vertex 44.6902 0.212279 0
    endloop
  endfacet
  facet normal -0.290266 -0.956946 -0
    outer loop
      vertex 44.9407 0.136296 0
      vertex 44.6902 0.212279 -7
      vertex 44.9407 0.136296 -7
    endloop
  endfacet
  facet normal -0.471468 -0.881883 0
    outer loop
      vertex 43.976 0.535898 -7
      vertex 44.2068 0.412509 0
      vertex 43.976 0.535898 0
    endloop
  endfacet
  facet normal -0.471468 -0.881883 -0
    outer loop
      vertex 44.2068 0.412509 0
      vertex 43.976 0.535898 -7
      vertex 44.2068 0.412509 -7
    endloop
  endfacet
  facet normal 0.471471 0.881882 -0
    outer loop
      vertex 47.976 7.4641 -7
      vertex 47.7452 7.58749 0
      vertex 47.976 7.4641 0
    endloop
  endfacet
  facet normal 0.471471 0.881882 0
    outer loop
      vertex 47.7452 7.58749 0
      vertex 47.976 7.4641 -7
      vertex 47.7452 7.58749 -7
    endloop
  endfacet
  facet normal 0.0327195 -0.999465 0
    outer loop
      vertex 45.976 0 -7
      vertex 46.2376 0.008564 0
      vertex 45.976 0 0
    endloop
  endfacet
  facet normal 0.0327195 -0.999465 0
    outer loop
      vertex 46.2376 0.008564 0
      vertex 45.976 0 -7
      vertex 46.2376 0.008564 -7
    endloop
  endfacet
  facet normal 0.582607 0.812754 -0
    outer loop
      vertex 48.411 7.17341 -7
      vertex 48.1983 7.32588 0
      vertex 48.411 7.17341 0
    endloop
  endfacet
  facet normal 0.582607 0.812754 0
    outer loop
      vertex 48.1983 7.32588 0
      vertex 48.411 7.17341 -7
      vertex 48.1983 7.32588 -7
    endloop
  endfacet
  facet normal -0.935906 0.352249 0
    outer loop
      vertex 42.1883 5.28576 -7
      vertex 42.2805 5.53073 0
      vertex 42.2805 5.53073 -7
    endloop
  endfacet
  facet normal -0.935906 0.352249 0
    outer loop
      vertex 42.2805 5.53073 0
      vertex 42.1883 5.28576 -7
      vertex 42.1883 5.28576 0
    endloop
  endfacet
  facet normal -0.8819 -0.471437 0
    outer loop
      vertex 42.5119 2 -7
      vertex 42.3885 2.23084 0
      vertex 42.3885 2.23084 -7
    endloop
  endfacet
  facet normal -0.8819 -0.471437 0
    outer loop
      vertex 42.3885 2.23084 0
      vertex 42.5119 2 -7
      vertex 42.5119 2 0
    endloop
  endfacet
  facet normal -0.995206 0.0978051 0
    outer loop
      vertex 41.9846 4.26161 -7
      vertex 42.0102 4.5221 0
      vertex 42.0102 4.5221 -7
    endloop
  endfacet
  facet normal -0.995206 0.0978051 0
    outer loop
      vertex 42.0102 4.5221 0
      vertex 41.9846 4.26161 -7
      vertex 41.9846 4.26161 0
    endloop
  endfacet
  facet normal 0.729746 -0.683719 0
    outer loop
      vertex 48.8044 1.17157 0
      vertex 48.9834 1.36262 -7
      vertex 48.9834 1.36262 0
    endloop
  endfacet
  facet normal 0.729746 -0.683719 0
    outer loop
      vertex 48.9834 1.36262 -7
      vertex 48.8044 1.17157 0
      vertex 48.8044 1.17157 -7
    endloop
  endfacet
  facet normal 0.7731 0.634284 0
    outer loop
      vertex 49.1494 6.43505 0
      vertex 48.9834 6.63738 -7
      vertex 48.9834 6.63738 0
    endloop
  endfacet
  facet normal 0.7731 0.634284 0
    outer loop
      vertex 48.9834 6.63738 -7
      vertex 49.1494 6.43505 0
      vertex 49.1494 6.43505 -7
    endloop
  endfacet
  facet normal -0.683672 -0.72979 0
    outer loop
      vertex 43.1476 1.17157 -7
      vertex 43.3386 0.99264 0
      vertex 43.1476 1.17157 0
    endloop
  endfacet
  facet normal -0.683672 -0.72979 -0
    outer loop
      vertex 43.3386 0.99264 0
      vertex 43.1476 1.17157 -7
      vertex 43.3386 0.99264 -7
    endloop
  endfacet
  facet normal 0.683672 -0.72979 0
    outer loop
      vertex 48.6134 0.99264 -7
      vertex 48.8044 1.17157 0
      vertex 48.6134 0.99264 0
    endloop
  endfacet
  facet normal 0.683672 -0.72979 0
    outer loop
      vertex 48.8044 1.17157 0
      vertex 48.6134 0.99264 -7
      vertex 48.8044 1.17157 -7
    endloop
  endfacet
  facet normal -0.634267 0.773114 0
    outer loop
      vertex 43.541 7.17341 -7
      vertex 43.3386 7.00736 0
      vertex 43.541 7.17341 0
    endloop
  endfacet
  facet normal -0.634267 0.773114 0
    outer loop
      vertex 43.3386 7.00736 0
      vertex 43.541 7.17341 -7
      vertex 43.3386 7.00736 -7
    endloop
  endfacet
  facet normal 0.81279 -0.582556 0
    outer loop
      vertex 49.1494 1.56495 0
      vertex 49.3019 1.77772 -7
      vertex 49.3019 1.77772 0
    endloop
  endfacet
  facet normal 0.81279 -0.582556 0
    outer loop
      vertex 49.3019 1.77772 -7
      vertex 49.1494 1.56495 0
      vertex 49.1494 1.56495 -7
    endloop
  endfacet
  facet normal 0.582595 -0.812763 0
    outer loop
      vertex 48.1983 0.674121 -7
      vertex 48.411 0.826586 0
      vertex 48.1983 0.674121 0
    endloop
  endfacet
  facet normal 0.582595 -0.812763 0
    outer loop
      vertex 48.411 0.826586 0
      vertex 48.1983 0.674121 -7
      vertex 48.411 0.826586 -7
    endloop
  endfacet
  facet normal -0.849241 -0.528006 0
    outer loop
      vertex 42.6501 1.77772 -7
      vertex 42.5119 2 0
      vertex 42.5119 2 -7
    endloop
  endfacet
  facet normal -0.849241 -0.528006 0
    outer loop
      vertex 42.5119 2 0
      vertex 42.6501 1.77772 -7
      vertex 42.6501 1.77772 0
    endloop
  endfacet
  facet normal 0.0327042 0.999465 -0
    outer loop
      vertex 46.2376 7.99144 -7
      vertex 45.976 8 0
      vertex 46.2376 7.99144 0
    endloop
  endfacet
  facet normal 0.0327042 0.999465 0
    outer loop
      vertex 45.976 8 0
      vertex 46.2376 7.99144 -7
      vertex 45.976 8 -7
    endloop
  endfacet
  facet normal -0.935906 -0.352249 0
    outer loop
      vertex 42.2805 2.46927 -7
      vertex 42.1883 2.71424 0
      vertex 42.1883 2.71424 -7
    endloop
  endfacet
  facet normal -0.935906 -0.352249 0
    outer loop
      vertex 42.1883 2.71424 0
      vertex 42.2805 2.46927 -7
      vertex 42.2805 2.46927 0
    endloop
  endfacet
  facet normal -0.412593 -0.910915 0
    outer loop
      vertex 44.2068 0.412509 -7
      vertex 44.4453 0.304482 0
      vertex 44.2068 0.412509 0
    endloop
  endfacet
  facet normal -0.412593 -0.910915 -0
    outer loop
      vertex 44.4453 0.304482 0
      vertex 44.2068 0.412509 -7
      vertex 44.4453 0.304482 -7
    endloop
  endfacet
  facet normal 0.227097 0.973872 -0
    outer loop
      vertex 47.0113 7.8637 -7
      vertex 46.7564 7.92314 0
      vertex 47.0113 7.8637 0
    endloop
  endfacet
  facet normal 0.227097 0.973872 0
    outer loop
      vertex 46.7564 7.92314 0
      vertex 47.0113 7.8637 -7
      vertex 46.7564 7.92314 -7
    endloop
  endfacet
  facet normal -0.352348 -0.935869 0
    outer loop
      vertex 44.4453 0.304482 -7
      vertex 44.6902 0.212279 0
      vertex 44.4453 0.304482 0
    endloop
  endfacet
  facet normal -0.352348 -0.935869 -0
    outer loop
      vertex 44.6902 0.212279 0
      vertex 44.4453 0.304482 -7
      vertex 44.6902 0.212279 -7
    endloop
  endfacet
  facet normal -0.7731 0.634284 0
    outer loop
      vertex 42.8026 6.43505 -7
      vertex 42.9686 6.63738 0
      vertex 42.9686 6.63738 -7
    endloop
  endfacet
  facet normal -0.7731 0.634284 0
    outer loop
      vertex 42.9686 6.63738 0
      vertex 42.8026 6.43505 -7
      vertex 42.8026 6.43505 0
    endloop
  endfacet
  facet normal 0.352348 -0.935869 0
    outer loop
      vertex 47.2618 0.212279 -7
      vertex 47.5067 0.304482 0
      vertex 47.2618 0.212279 0
    endloop
  endfacet
  facet normal 0.352348 -0.935869 0
    outer loop
      vertex 47.5067 0.304482 0
      vertex 47.2618 0.212279 -7
      vertex 47.5067 0.304482 -7
    endloop
  endfacet
  facet normal -0.528035 -0.849223 0
    outer loop
      vertex 43.7537 0.674121 -7
      vertex 43.976 0.535898 0
      vertex 43.7537 0.674121 0
    endloop
  endfacet
  facet normal -0.528035 -0.849223 -0
    outer loop
      vertex 43.976 0.535898 0
      vertex 43.7537 0.674121 -7
      vertex 43.976 0.535898 -7
    endloop
  endfacet
  facet normal 0 0 -1
    outer loop
      vertex 49.9674 3.73839 -7
      vertex 49.9674 4.26161 -7
      vertex 49.976 4 -7
    endloop
  endfacet
  facet normal 0 0 -1
    outer loop
      vertex 49.9418 3.47789 -7
      vertex 49.9674 4.26161 -7
      vertex 49.9674 3.73839 -7
    endloop
  endfacet
  facet normal 0 0 -1
    outer loop
      vertex 49.9418 3.47789 -7
      vertex 49.9418 4.5221 -7
      vertex 49.9674 4.26161 -7
    endloop
  endfacet
  facet normal 0 0 -1
    outer loop
      vertex 49.8991 3.21964 -7
      vertex 49.9418 4.5221 -7
      vertex 49.9418 3.47789 -7
    endloop
  endfacet
  facet normal 0 0 -1
    outer loop
      vertex 49.8991 3.21964 -7
      vertex 49.8991 4.78036 -7
      vertex 49.9418 4.5221 -7
    endloop
  endfacet
  facet normal 0 0 -1
    outer loop
      vertex 49.8397 2.96472 -7
      vertex 49.8991 4.78036 -7
      vertex 49.8991 3.21964 -7
    endloop
  endfacet
  facet normal 0 0 -1
    outer loop
      vertex 49.8397 2.96472 -7
      vertex 49.8397 5.03528 -7
      vertex 49.8991 4.78036 -7
    endloop
  endfacet
  facet normal 0 0 -1
    outer loop
      vertex 49.7637 2.71424 -7
      vertex 49.8397 5.03528 -7
      vertex 49.8397 2.96472 -7
    endloop
  endfacet
  facet normal 0 0 -1
    outer loop
      vertex 49.7637 2.71424 -7
      vertex 49.7637 5.28576 -7
      vertex 49.8397 5.03528 -7
    endloop
  endfacet
  facet normal 0 0 -1
    outer loop
      vertex 49.6715 2.46927 -7
      vertex 49.7637 5.28576 -7
      vertex 49.7637 2.71424 -7
    endloop
  endfacet
  facet normal 0 0 -1
    outer loop
      vertex 49.6715 2.46927 -7
      vertex 49.6715 5.53073 -7
      vertex 49.7637 5.28576 -7
    endloop
  endfacet
  facet normal 0 0 -1
    outer loop
      vertex 49.5635 2.23084 -7
      vertex 49.6715 5.53073 -7
      vertex 49.6715 2.46927 -7
    endloop
  endfacet
  facet normal 0 0 -1
    outer loop
      vertex 49.5635 2.23084 -7
      vertex 49.5635 5.76915 -7
      vertex 49.6715 5.53073 -7
    endloop
  endfacet
  facet normal 0 0 -1
    outer loop
      vertex 49.4401 2 -7
      vertex 49.5635 5.76915 -7
      vertex 49.5635 2.23084 -7
    endloop
  endfacet
  facet normal 0 0 -1
    outer loop
      vertex 49.4401 2 -7
      vertex 49.4401 6 -7
      vertex 49.5635 5.76915 -7
    endloop
  endfacet
  facet normal 0 0 -1
    outer loop
      vertex 49.3019 1.77772 -7
      vertex 49.4401 6 -7
      vertex 49.4401 2 -7
    endloop
  endfacet
  facet normal 0 0 -1
    outer loop
      vertex 49.3019 1.77772 -7
      vertex 49.3019 6.22228 -7
      vertex 49.4401 6 -7
    endloop
  endfacet
  facet normal 0 0 -1
    outer loop
      vertex 49.1494 1.56495 -7
      vertex 49.3019 6.22228 -7
      vertex 49.3019 1.77772 -7
    endloop
  endfacet
  facet normal 0 0 -1
    outer loop
      vertex 49.1494 1.56495 -7
      vertex 49.1494 6.43505 -7
      vertex 49.3019 6.22228 -7
    endloop
  endfacet
  facet normal 0 0 -1
    outer loop
      vertex 48.9834 1.36262 -7
      vertex 49.1494 6.43505 -7
      vertex 49.1494 1.56495 -7
    endloop
  endfacet
  facet normal 0 0 -1
    outer loop
      vertex 48.9834 1.36262 -7
      vertex 48.9834 6.63738 -7
      vertex 49.1494 6.43505 -7
    endloop
  endfacet
  facet normal 0 0 -1
    outer loop
      vertex 48.8044 1.17157 -7
      vertex 48.9834 6.63738 -7
      vertex 48.9834 1.36262 -7
    endloop
  endfacet
  facet normal 0 0 -1
    outer loop
      vertex 48.8044 1.17157 -7
      vertex 48.8044 6.82843 -7
      vertex 48.9834 6.63738 -7
    endloop
  endfacet
  facet normal 0 0 -1
    outer loop
      vertex 48.6134 0.99264 -7
      vertex 48.8044 6.82843 -7
      vertex 48.8044 1.17157 -7
    endloop
  endfacet
  facet normal 0 0 -1
    outer loop
      vertex 48.6134 0.99264 -7
      vertex 48.6134 7.00736 -7
      vertex 48.8044 6.82843 -7
    endloop
  endfacet
  facet normal 0 0 -1
    outer loop
      vertex 48.411 0.826586 -7
      vertex 48.6134 7.00736 -7
      vertex 48.6134 0.99264 -7
    endloop
  endfacet
  facet normal 0 0 -1
    outer loop
      vertex 48.411 0.826586 -7
      vertex 48.411 7.17341 -7
      vertex 48.6134 7.00736 -7
    endloop
  endfacet
  facet normal 0 0 -1
    outer loop
      vertex 48.1983 0.674121 -7
      vertex 48.411 7.17341 -7
      vertex 48.411 0.826586 -7
    endloop
  endfacet
  facet normal 0 0 -1
    outer loop
      vertex 48.1983 0.674121 -7
      vertex 48.1983 7.32588 -7
      vertex 48.411 7.17341 -7
    endloop
  endfacet
  facet normal 0 0 -1
    outer loop
      vertex 47.976 0.535898 -7
      vertex 48.1983 7.32588 -7
      vertex 48.1983 0.674121 -7
    endloop
  endfacet
  facet normal 0 0 -1
    outer loop
      vertex 47.976 0.535898 -7
      vertex 47.976 7.4641 -7
      vertex 48.1983 7.32588 -7
    endloop
  endfacet
  facet normal 0 0 -1
    outer loop
      vertex 47.7452 0.412509 -7
      vertex 47.976 7.4641 -7
      vertex 47.976 0.535898 -7
    endloop
  endfacet
  facet normal 0 0 -1
    outer loop
      vertex 47.7452 0.412509 -7
      vertex 47.7452 7.58749 -7
      vertex 47.976 7.4641 -7
    endloop
  endfacet
  facet normal 0 0 -1
    outer loop
      vertex 47.5067 0.304482 -7
      vertex 47.7452 7.58749 -7
      vertex 47.7452 0.412509 -7
    endloop
  endfacet
  facet normal 0 0 -1
    outer loop
      vertex 47.5067 0.304482 -7
      vertex 47.5067 7.69552 -7
      vertex 47.7452 7.58749 -7
    endloop
  endfacet
  facet normal 0 0 -1
    outer loop
      vertex 47.2618 0.212279 -7
      vertex 47.5067 7.69552 -7
      vertex 47.5067 0.304482 -7
    endloop
  endfacet
  facet normal 0 0 -1
    outer loop
      vertex 47.2618 0.212279 -7
      vertex 47.2618 7.78772 -7
      vertex 47.5067 7.69552 -7
    endloop
  endfacet
  facet normal 0 0 -1
    outer loop
      vertex 47.0113 0.136296 -7
      vertex 47.2618 7.78772 -7
      vertex 47.2618 0.212279 -7
    endloop
  endfacet
  facet normal 0 0 -1
    outer loop
      vertex 47.0113 0.136296 -7
      vertex 47.0113 7.8637 -7
      vertex 47.2618 7.78772 -7
    endloop
  endfacet
  facet normal 0 0 -1
    outer loop
      vertex 46.7564 0.0768585 -7
      vertex 47.0113 7.8637 -7
      vertex 47.0113 0.136296 -7
    endloop
  endfacet
  facet normal 0 0 -1
    outer loop
      vertex 46.7564 0.0768585 -7
      vertex 46.7564 7.92314 -7
      vertex 47.0113 7.8637 -7
    endloop
  endfacet
  facet normal 0 0 -1
    outer loop
      vertex 46.4981 0.0342197 -7
      vertex 46.7564 7.92314 -7
      vertex 46.7564 0.0768585 -7
    endloop
  endfacet
  facet normal 0 0 -1
    outer loop
      vertex 46.4981 0.0342197 -7
      vertex 46.4981 7.96578 -7
      vertex 46.7564 7.92314 -7
    endloop
  endfacet
  facet normal 0 0 -1
    outer loop
      vertex 46.2376 0.008564 -7
      vertex 46.4981 7.96578 -7
      vertex 46.4981 0.0342197 -7
    endloop
  endfacet
  facet normal 0 0 -1
    outer loop
      vertex 46.2376 0.008564 -7
      vertex 46.2376 7.99144 -7
      vertex 46.4981 7.96578 -7
    endloop
  endfacet
  facet normal 0 0 -1
    outer loop
      vertex 45.976 0 -7
      vertex 46.2376 7.99144 -7
      vertex 46.2376 0.008564 -7
    endloop
  endfacet
  facet normal 0 0 -1
    outer loop
      vertex 45.976 0 -7
      vertex 45.976 8 -7
      vertex 46.2376 7.99144 -7
    endloop
  endfacet
  facet normal 0 0 -1
    outer loop
      vertex 45.7144 0.008564 -7
      vertex 45.976 8 -7
      vertex 45.976 0 -7
    endloop
  endfacet
  facet normal 0 0 -1
    outer loop
      vertex 45.7144 0.008564 -7
      vertex 45.7144 7.99144 -7
      vertex 45.976 8 -7
    endloop
  endfacet
  facet normal 0 0 -1
    outer loop
      vertex 45.4539 0.0342197 -7
      vertex 45.7144 7.99144 -7
      vertex 45.7144 0.008564 -7
    endloop
  endfacet
  facet normal 0 0 -1
    outer loop
      vertex 45.4539 0.0342197 -7
      vertex 45.4539 7.96578 -7
      vertex 45.7144 7.99144 -7
    endloop
  endfacet
  facet normal 0 0 -1
    outer loop
      vertex 45.1956 0.0768585 -7
      vertex 45.4539 7.96578 -7
      vertex 45.4539 0.0342197 -7
    endloop
  endfacet
  facet normal 0 0 -1
    outer loop
      vertex 45.1956 0.0768585 -7
      vertex 45.1956 7.92314 -7
      vertex 45.4539 7.96578 -7
    endloop
  endfacet
  facet normal 0 0 -1
    outer loop
      vertex 44.9407 0.136296 -7
      vertex 45.1956 7.92314 -7
      vertex 45.1956 0.0768585 -7
    endloop
  endfacet
  facet normal 0 0 -1
    outer loop
      vertex 44.9407 0.136296 -7
      vertex 44.9407 7.8637 -7
      vertex 45.1956 7.92314 -7
    endloop
  endfacet
  facet normal 0 0 -1
    outer loop
      vertex 44.6902 0.212279 -7
      vertex 44.9407 7.8637 -7
      vertex 44.9407 0.136296 -7
    endloop
  endfacet
  facet normal 0 0 -1
    outer loop
      vertex 44.6902 0.212279 -7
      vertex 44.6902 7.78772 -7
      vertex 44.9407 7.8637 -7
    endloop
  endfacet
  facet normal 0 0 -1
    outer loop
      vertex 44.4453 0.304482 -7
      vertex 44.6902 7.78772 -7
      vertex 44.6902 0.212279 -7
    endloop
  endfacet
  facet normal 0 0 -1
    outer loop
      vertex 44.4453 0.304482 -7
      vertex 44.4453 7.69552 -7
      vertex 44.6902 7.78772 -7
    endloop
  endfacet
  facet normal 0 0 -1
    outer loop
      vertex 44.2068 0.412509 -7
      vertex 44.4453 7.69552 -7
      vertex 44.4453 0.304482 -7
    endloop
  endfacet
  facet normal 0 0 -1
    outer loop
      vertex 44.2068 0.412509 -7
      vertex 44.2068 7.58749 -7
      vertex 44.4453 7.69552 -7
    endloop
  endfacet
  facet normal 0 0 -1
    outer loop
      vertex 43.976 0.535898 -7
      vertex 44.2068 7.58749 -7
      vertex 44.2068 0.412509 -7
    endloop
  endfacet
  facet normal 0 0 -1
    outer loop
      vertex 43.976 0.535898 -7
      vertex 43.976 7.4641 -7
      vertex 44.2068 7.58749 -7
    endloop
  endfacet
  facet normal 0 0 -1
    outer loop
      vertex 43.7537 0.674121 -7
      vertex 43.976 7.4641 -7
      vertex 43.976 0.535898 -7
    endloop
  endfacet
  facet normal 0 0 -1
    outer loop
      vertex 43.7537 0.674121 -7
      vertex 43.7537 7.32588 -7
      vertex 43.976 7.4641 -7
    endloop
  endfacet
  facet normal 0 0 -1
    outer loop
      vertex 43.541 0.826586 -7
      vertex 43.7537 7.32588 -7
      vertex 43.7537 0.674121 -7
    endloop
  endfacet
  facet normal 0 0 -1
    outer loop
      vertex 43.541 0.826586 -7
      vertex 43.541 7.17341 -7
      vertex 43.7537 7.32588 -7
    endloop
  endfacet
  facet normal 0 0 -1
    outer loop
      vertex 43.3386 0.99264 -7
      vertex 43.541 7.17341 -7
      vertex 43.541 0.826586 -7
    endloop
  endfacet
  facet normal 0 0 -1
    outer loop
      vertex 43.3386 0.99264 -7
      vertex 43.3386 7.00736 -7
      vertex 43.541 7.17341 -7
    endloop
  endfacet
  facet normal 0 0 -1
    outer loop
      vertex 43.1476 1.17157 -7
      vertex 43.3386 7.00736 -7
      vertex 43.3386 0.99264 -7
    endloop
  endfacet
  facet normal 0 0 -1
    outer loop
      vertex 43.1476 1.17157 -7
      vertex 43.1476 6.82843 -7
      vertex 43.3386 7.00736 -7
    endloop
  endfacet
  facet normal 0 0 -1
    outer loop
      vertex 42.9686 1.36262 -7
      vertex 43.1476 6.82843 -7
      vertex 43.1476 1.17157 -7
    endloop
  endfacet
  facet normal 0 0 -1
    outer loop
      vertex 42.9686 1.36262 -7
      vertex 42.9686 6.63738 -7
      vertex 43.1476 6.82843 -7
    endloop
  endfacet
  facet normal 0 0 -1
    outer loop
      vertex 42.8026 1.56495 -7
      vertex 42.9686 6.63738 -7
      vertex 42.9686 1.36262 -7
    endloop
  endfacet
  facet normal 0 0 -1
    outer loop
      vertex 42.8026 1.56495 -7
      vertex 42.8026 6.43505 -7
      vertex 42.9686 6.63738 -7
    endloop
  endfacet
  facet normal 0 0 -1
    outer loop
      vertex 42.6501 1.77772 -7
      vertex 42.8026 6.43505 -7
      vertex 42.8026 1.56495 -7
    endloop
  endfacet
  facet normal 0 0 -1
    outer loop
      vertex 42.6501 1.77772 -7
      vertex 42.6501 6.22228 -7
      vertex 42.8026 6.43505 -7
    endloop
  endfacet
  facet normal 0 0 -1
    outer loop
      vertex 42.5119 2 -7
      vertex 42.6501 6.22228 -7
      vertex 42.6501 1.77772 -7
    endloop
  endfacet
  facet normal 0 0 -1
    outer loop
      vertex 42.5119 2 -7
      vertex 42.5119 6 -7
      vertex 42.6501 6.22228 -7
    endloop
  endfacet
  facet normal 0 0 -1
    outer loop
      vertex 42.3885 2.23084 -7
      vertex 42.5119 6 -7
      vertex 42.5119 2 -7
    endloop
  endfacet
  facet normal 0 0 -1
    outer loop
      vertex 42.3885 2.23084 -7
      vertex 42.3885 5.76915 -7
      vertex 42.5119 6 -7
    endloop
  endfacet
  facet normal 0 0 -1
    outer loop
      vertex 42.2805 2.46927 -7
      vertex 42.3885 5.76915 -7
      vertex 42.3885 2.23084 -7
    endloop
  endfacet
  facet normal 0 0 -1
    outer loop
      vertex 42.2805 2.46927 -7
      vertex 42.2805 5.53073 -7
      vertex 42.3885 5.76915 -7
    endloop
  endfacet
  facet normal 0 0 -1
    outer loop
      vertex 42.1883 2.71424 -7
      vertex 42.2805 5.53073 -7
      vertex 42.2805 2.46927 -7
    endloop
  endfacet
  facet normal 0 0 -1
    outer loop
      vertex 42.1883 2.71424 -7
      vertex 42.1883 5.28576 -7
      vertex 42.2805 5.53073 -7
    endloop
  endfacet
  facet normal 0 0 -1
    outer loop
      vertex 42.1123 2.96472 -7
      vertex 42.1883 5.28576 -7
      vertex 42.1883 2.71424 -7
    endloop
  endfacet
  facet normal 0 0 -1
    outer loop
      vertex 42.1123 2.96472 -7
      vertex 42.1123 5.03528 -7
      vertex 42.1883 5.28576 -7
    endloop
  endfacet
  facet normal 0 0 -1
    outer loop
      vertex 42.0529 3.21964 -7
      vertex 42.1123 5.03528 -7
      vertex 42.1123 2.96472 -7
    endloop
  endfacet
  facet normal 0 0 -1
    outer loop
      vertex 42.0529 3.21964 -7
      vertex 42.0529 4.78036 -7
      vertex 42.1123 5.03528 -7
    endloop
  endfacet
  facet normal 0 0 -1
    outer loop
      vertex 42.0102 3.47789 -7
      vertex 42.0529 4.78036 -7
      vertex 42.0529 3.21964 -7
    endloop
  endfacet
  facet normal 0 0 -1
    outer loop
      vertex 42.0102 3.47789 -7
      vertex 42.0102 4.5221 -7
      vertex 42.0529 4.78036 -7
    endloop
  endfacet
  facet normal 0 0 -1
    outer loop
      vertex 41.9846 3.73839 -7
      vertex 42.0102 4.5221 -7
      vertex 42.0102 3.47789 -7
    endloop
  endfacet
  facet normal 0 0 -1
    outer loop
      vertex 41.9846 3.73839 -7
      vertex 41.9846 4.26161 -7
      vertex 42.0102 4.5221 -7
    endloop
  endfacet
  facet normal 0 -0 -1
    outer loop
      vertex 41.9846 4.26161 -7
      vertex 41.9846 3.73839 -7
      vertex 41.976 4 -7
    endloop
  endfacet
  facet normal -0.47115 -0.882053 0
    outer loop
      vertex 116.224 0.535898 -7
      vertex 116.455 0.412509 0
      vertex 116.224 0.535898 0
    endloop
  endfacet
  facet normal -0.47115 -0.882053 -0
    outer loop
      vertex 116.455 0.412509 0
      vertex 116.224 0.535898 -7
      vertex 116.455 0.412509 -7
    endloop
  endfacet
  facet normal 0.7731 0.634284 0
    outer loop
      vertex 121.397 6.43505 0
      vertex 121.231 6.63738 -7
      vertex 121.231 6.63738 0
    endloop
  endfacet
  facet normal 0.7731 0.634284 0
    outer loop
      vertex 121.231 6.63738 -7
      vertex 121.397 6.43505 0
      vertex 121.397 6.43505 -7
    endloop
  endfacet
  facet normal 0.936158 -0.35158 0
    outer loop
      vertex 121.92 2.46927 0
      vertex 122.012 2.71424 -7
      vertex 122.012 2.71424 0
    endloop
  endfacet
  facet normal 0.936158 -0.35158 0
    outer loop
      vertex 122.012 2.71424 -7
      vertex 121.92 2.46927 0
      vertex 121.92 2.46927 -7
    endloop
  endfacet
  facet normal 0.995426 0.095534 0
    outer loop
      vertex 122.215 4.26161 0
      vertex 122.19 4.5221 -7
      vertex 122.19 4.5221 0
    endloop
  endfacet
  facet normal 0.995426 0.095534 0
    outer loop
      vertex 122.19 4.5221 -7
      vertex 122.215 4.26161 0
      vertex 122.215 4.26161 -7
    endloop
  endfacet
  facet normal -0.811886 -0.583816 0
    outer loop
      vertex 115.051 1.56495 -7
      vertex 114.898 1.77772 0
      vertex 114.898 1.77772 -7
    endloop
  endfacet
  facet normal -0.811886 -0.583816 0
    outer loop
      vertex 114.898 1.77772 0
      vertex 115.051 1.56495 -7
      vertex 115.051 1.56495 0
    endloop
  endfacet
  facet normal -0.289736 -0.957106 0
    outer loop
      vertex 116.938 0.212279 -7
      vertex 117.189 0.136296 0
      vertex 116.938 0.212279 0
    endloop
  endfacet
  facet normal -0.289736 -0.957106 -0
    outer loop
      vertex 117.189 0.136296 0
      vertex 116.938 0.212279 -7
      vertex 117.189 0.136296 -7
    endloop
  endfacet
  facet normal 0.729746 0.683719 0
    outer loop
      vertex 121.231 6.63738 0
      vertex 121.052 6.82843 -7
      vertex 121.052 6.82843 0
    endloop
  endfacet
  facet normal 0.729746 0.683719 0
    outer loop
      vertex 121.052 6.82843 -7
      vertex 121.231 6.63738 0
      vertex 121.231 6.63738 -7
    endloop
  endfacet
  facet normal 0.227012 0.973892 -0
    outer loop
      vertex 119.259 7.8637 -7
      vertex 119.004 7.92314 0
      vertex 119.259 7.8637 0
    endloop
  endfacet
  facet normal 0.227012 0.973892 0
    outer loop
      vertex 119.004 7.92314 0
      vertex 119.259 7.8637 -7
      vertex 119.004 7.92314 -7
    endloop
  endfacet
  facet normal 0.683672 -0.72979 0
    outer loop
      vertex 120.861 0.99264 -7
      vertex 121.052 1.17157 0
      vertex 120.861 0.99264 0
    endloop
  endfacet
  facet normal 0.683672 -0.72979 0
    outer loop
      vertex 121.052 1.17157 0
      vertex 120.861 0.99264 -7
      vertex 121.052 1.17157 -7
    endloop
  endfacet
  facet normal -0.882543 0.470231 0
    outer loop
      vertex 114.637 5.76915 -7
      vertex 114.76 6 0
      vertex 114.76 6 -7
    endloop
  endfacet
  facet normal -0.882543 0.470231 0
    outer loop
      vertex 114.76 6 0
      vertex 114.637 5.76915 -7
      vertex 114.637 5.76915 0
    endloop
  endfacet
  facet normal -0.528541 0.848908 0
    outer loop
      vertex 116.224 7.4641 -7
      vertex 116.002 7.32588 0
      vertex 116.224 7.4641 0
    endloop
  endfacet
  facet normal -0.528541 0.848908 0
    outer loop
      vertex 116.002 7.32588 0
      vertex 116.224 7.4641 -7
      vertex 116.002 7.32588 -7
    endloop
  endfacet
  facet normal 0.995427 -0.0955304 0
    outer loop
      vertex 122.19 3.47789 0
      vertex 122.215 3.73839 -7
      vertex 122.215 3.73839 0
    endloop
  endfacet
  facet normal 0.995427 -0.0955304 0
    outer loop
      vertex 122.215 3.73839 -7
      vertex 122.19 3.47789 0
      vertex 122.19 3.47789 -7
    endloop
  endfacet
  facet normal -0.729746 0.683719 0
    outer loop
      vertex 115.217 6.63738 -7
      vertex 115.396 6.82843 0
      vertex 115.396 6.82843 -7
    endloop
  endfacet
  facet normal -0.729746 0.683719 0
    outer loop
      vertex 115.396 6.82843 0
      vertex 115.217 6.63738 -7
      vertex 115.217 6.63738 0
    endloop
  endfacet
  facet normal -0.849583 0.527454 0
    outer loop
      vertex 114.76 6 -7
      vertex 114.898 6.22228 0
      vertex 114.898 6.22228 -7
    endloop
  endfacet
  facet normal -0.849583 0.527454 0
    outer loop
      vertex 114.898 6.22228 0
      vertex 114.76 6 -7
      vertex 114.76 6 0
    endloop
  endfacet
  facet normal -0.936158 -0.35158 0
    outer loop
      vertex 114.528 2.46927 -7
      vertex 114.436 2.71424 0
      vertex 114.436 2.71424 -7
    endloop
  endfacet
  facet normal -0.936158 -0.35158 0
    outer loop
      vertex 114.436 2.71424 0
      vertex 114.528 2.46927 -7
      vertex 114.528 2.46927 0
    endloop
  endfacet
  facet normal -0.163055 -0.986617 0
    outer loop
      vertex 117.444 0.0768585 -7
      vertex 117.702 0.0342197 0
      vertex 117.444 0.0768585 0
    endloop
  endfacet
  facet normal -0.163055 -0.986617 -0
    outer loop
      vertex 117.702 0.0342197 0
      vertex 117.444 0.0768585 -7
      vertex 117.702 0.0342197 -7
    endloop
  endfacet
  facet normal -0.413312 -0.910589 0
    outer loop
      vertex 116.455 0.412509 -7
      vertex 116.693 0.304482 0
      vertex 116.455 0.412509 0
    endloop
  endfacet
  facet normal -0.413312 -0.910589 -0
    outer loop
      vertex 116.693 0.304482 0
      vertex 116.455 0.412509 -7
      vertex 116.693 0.304482 -7
    endloop
  endfacet
  facet normal -0.956922 -0.290347 0
    outer loop
      vertex 114.436 2.71424 -7
      vertex 114.36 2.96472 0
      vertex 114.36 2.96472 -7
    endloop
  endfacet
  facet normal -0.956922 -0.290347 0
    outer loop
      vertex 114.36 2.96472 0
      vertex 114.436 2.71424 -7
      vertex 114.436 2.71424 0
    endloop
  endfacet
  facet normal 0.352212 0.93592 -0
    outer loop
      vertex 119.755 7.69552 -7
      vertex 119.51 7.78772 0
      vertex 119.755 7.69552 0
    endloop
  endfacet
  facet normal 0.352212 0.93592 0
    outer loop
      vertex 119.51 7.78772 0
      vertex 119.755 7.69552 -7
      vertex 119.51 7.78772 -7
    endloop
  endfacet
  facet normal -0.909463 0.415785 0
    outer loop
      vertex 114.528 5.53073 -7
      vertex 114.637 5.76915 0
      vertex 114.637 5.76915 -7
    endloop
  endfacet
  facet normal -0.909463 0.415785 0
    outer loop
      vertex 114.637 5.76915 0
      vertex 114.528 5.53073 -7
      vertex 114.528 5.53073 0
    endloop
  endfacet
  facet normal 0.999409 0.034382 0
    outer loop
      vertex 122.224 4 0
      vertex 122.215 4.26161 -7
      vertex 122.215 4.26161 0
    endloop
  endfacet
  facet normal 0.999409 0.034382 0
    outer loop
      vertex 122.215 4.26161 -7
      vertex 122.224 4 0
      vertex 122.224 4 -7
    endloop
  endfacet
  facet normal 0.163059 0.986616 -0
    outer loop
      vertex 119.004 7.92314 -7
      vertex 118.746 7.96578 0
      vertex 119.004 7.92314 0
    endloop
  endfacet
  facet normal 0.163059 0.986616 0
    outer loop
      vertex 118.746 7.96578 0
      vertex 119.004 7.92314 -7
      vertex 118.746 7.96578 -7
    endloop
  endfacet
  facet normal -0.0982152 0.995165 0
    outer loop
      vertex 117.962 7.99144 -7
      vertex 117.702 7.96578 0
      vertex 117.962 7.99144 0
    endloop
  endfacet
  facet normal -0.0982152 0.995165 0
    outer loop
      vertex 117.702 7.96578 0
      vertex 117.962 7.99144 -7
      vertex 117.702 7.96578 -7
    endloop
  endfacet
  facet normal 0.729746 -0.683719 0
    outer loop
      vertex 121.052 1.17157 0
      vertex 121.231 1.36262 -7
      vertex 121.231 1.36262 0
    endloop
  endfacet
  facet normal 0.729746 -0.683719 0
    outer loop
      vertex 121.231 1.36262 -7
      vertex 121.052 1.17157 0
      vertex 121.052 1.17157 -7
    endloop
  endfacet
  facet normal 0.811886 0.583816 0
    outer loop
      vertex 121.55 6.22228 0
      vertex 121.397 6.43505 -7
      vertex 121.397 6.43505 0
    endloop
  endfacet
  facet normal 0.811886 0.583816 0
    outer loop
      vertex 121.397 6.43505 -7
      vertex 121.55 6.22228 0
      vertex 121.55 6.22228 -7
    endloop
  endfacet
  facet normal -0.974247 -0.225485 0
    outer loop
      vertex 114.36 2.96472 -7
      vertex 114.301 3.21964 0
      vertex 114.301 3.21964 -7
    endloop
  endfacet
  facet normal -0.974247 -0.225485 0
    outer loop
      vertex 114.301 3.21964 0
      vertex 114.36 2.96472 -7
      vertex 114.36 2.96472 0
    endloop
  endfacet
  facet normal 0.289726 0.95711 -0
    outer loop
      vertex 119.51 7.78772 -7
      vertex 119.259 7.8637 0
      vertex 119.51 7.78772 0
    endloop
  endfacet
  facet normal 0.289726 0.95711 0
    outer loop
      vertex 119.259 7.8637 0
      vertex 119.51 7.78772 -7
      vertex 119.259 7.8637 -7
    endloop
  endfacet
  facet normal -0.90947 -0.415771 0
    outer loop
      vertex 114.637 2.23084 -7
      vertex 114.528 2.46927 0
      vertex 114.528 2.46927 -7
    endloop
  endfacet
  facet normal -0.90947 -0.415771 0
    outer loop
      vertex 114.528 2.46927 0
      vertex 114.637 2.23084 -7
      vertex 114.637 2.23084 0
    endloop
  endfacet
  facet normal 0.0326543 0.999467 -0
    outer loop
      vertex 118.486 7.99144 -7
      vertex 118.224 8 0
      vertex 118.486 7.99144 0
    endloop
  endfacet
  facet normal 0.0326543 0.999467 0
    outer loop
      vertex 118.224 8 0
      vertex 118.486 7.99144 -7
      vertex 118.224 8 -7
    endloop
  endfacet
  facet normal -0.471153 0.882052 0
    outer loop
      vertex 116.455 7.58749 -7
      vertex 116.224 7.4641 0
      vertex 116.455 7.58749 0
    endloop
  endfacet
  facet normal -0.471153 0.882052 0
    outer loop
      vertex 116.224 7.4641 0
      vertex 116.455 7.58749 -7
      vertex 116.224 7.4641 -7
    endloop
  endfacet
  facet normal 0.909463 0.415785 0
    outer loop
      vertex 121.92 5.53073 0
      vertex 121.811 5.76915 -7
      vertex 121.811 5.76915 0
    endloop
  endfacet
  facet normal 0.909463 0.415785 0
    outer loop
      vertex 121.811 5.76915 -7
      vertex 121.92 5.53073 0
      vertex 121.92 5.53073 -7
    endloop
  endfacet
  facet normal 0.956922 -0.290347 0
    outer loop
      vertex 122.012 2.71424 0
      vertex 122.088 2.96472 -7
      vertex 122.088 2.96472 0
    endloop
  endfacet
  facet normal 0.956922 -0.290347 0
    outer loop
      vertex 122.088 2.96472 -7
      vertex 122.012 2.71424 0
      vertex 122.012 2.71424 -7
    endloop
  endfacet
  facet normal -0.582065 0.813142 0
    outer loop
      vertex 116.002 7.32588 -7
      vertex 115.789 7.17341 0
      vertex 116.002 7.32588 0
    endloop
  endfacet
  facet normal -0.582065 0.813142 0
    outer loop
      vertex 115.789 7.17341 0
      vertex 116.002 7.32588 -7
      vertex 115.789 7.17341 -7
    endloop
  endfacet
  facet normal 0.98642 -0.164244 0
    outer loop
      vertex 122.147 3.21964 0
      vertex 122.19 3.47789 -7
      vertex 122.19 3.47789 0
    endloop
  endfacet
  facet normal 0.98642 -0.164244 0
    outer loop
      vertex 122.19 3.47789 -7
      vertex 122.147 3.21964 0
      vertex 122.147 3.21964 -7
    endloop
  endfacet
  facet normal -0.986421 0.164238 0
    outer loop
      vertex 114.258 4.5221 -7
      vertex 114.301 4.78036 0
      vertex 114.301 4.78036 -7
    endloop
  endfacet
  facet normal -0.986421 0.164238 0
    outer loop
      vertex 114.301 4.78036 0
      vertex 114.258 4.5221 -7
      vertex 114.258 4.5221 0
    endloop
  endfacet
  facet normal -0.999409 -0.034382 0
    outer loop
      vertex 114.233 3.73839 -7
      vertex 114.224 4 0
      vertex 114.224 4 -7
    endloop
  endfacet
  facet normal -0.999409 -0.034382 0
    outer loop
      vertex 114.224 4 0
      vertex 114.233 3.73839 -7
      vertex 114.233 3.73839 0
    endloop
  endfacet
  facet normal 0.986421 0.164238 0
    outer loop
      vertex 122.19 4.5221 0
      vertex 122.147 4.78036 -7
      vertex 122.147 4.78036 0
    endloop
  endfacet
  facet normal 0.986421 0.164238 0
    outer loop
      vertex 122.147 4.78036 -7
      vertex 122.19 4.5221 0
      vertex 122.19 4.5221 -7
    endloop
  endfacet
  facet normal 0.849583 0.527454 0
    outer loop
      vertex 121.688 6 0
      vertex 121.55 6.22228 -7
      vertex 121.55 6.22228 0
    endloop
  endfacet
  facet normal 0.849583 0.527454 0
    outer loop
      vertex 121.55 6.22228 -7
      vertex 121.688 6 0
      vertex 121.688 6 -7
    endloop
  endfacet
  facet normal 0.163055 -0.986617 0
    outer loop
      vertex 118.746 0.0342197 -7
      vertex 119.004 0.0768585 0
      vertex 118.746 0.0342197 0
    endloop
  endfacet
  facet normal 0.163055 -0.986617 0
    outer loop
      vertex 119.004 0.0768585 0
      vertex 118.746 0.0342197 -7
      vertex 119.004 0.0768585 -7
    endloop
  endfacet
  facet normal 0.528541 0.848908 -0
    outer loop
      vertex 120.446 7.32588 -7
      vertex 120.224 7.4641 0
      vertex 120.446 7.32588 0
    endloop
  endfacet
  facet normal 0.528541 0.848908 0
    outer loop
      vertex 120.224 7.4641 0
      vertex 120.446 7.32588 -7
      vertex 120.224 7.4641 -7
    endloop
  endfacet
  facet normal 0.882543 0.470231 0
    outer loop
      vertex 121.811 5.76915 0
      vertex 121.688 6 -7
      vertex 121.688 6 0
    endloop
  endfacet
  facet normal 0.882543 0.470231 0
    outer loop
      vertex 121.688 6 -7
      vertex 121.811 5.76915 0
      vertex 121.811 5.76915 -7
    endloop
  endfacet
  facet normal 0.956922 0.290347 0
    outer loop
      vertex 122.088 5.03528 0
      vertex 122.012 5.28576 -7
      vertex 122.012 5.28576 0
    endloop
  endfacet
  facet normal 0.956922 0.290347 0
    outer loop
      vertex 122.012 5.28576 -7
      vertex 122.088 5.03528 0
      vertex 122.088 5.03528 -7
    endloop
  endfacet
  facet normal -0.995427 -0.0955304 0
    outer loop
      vertex 114.258 3.47789 -7
      vertex 114.233 3.73839 0
      vertex 114.233 3.73839 -7
    endloop
  endfacet
  facet normal -0.995427 -0.0955304 0
    outer loop
      vertex 114.233 3.73839 0
      vertex 114.258 3.47789 -7
      vertex 114.258 3.47789 0
    endloop
  endfacet
  facet normal -0.7731 0.634284 0
    outer loop
      vertex 115.051 6.43505 -7
      vertex 115.217 6.63738 0
      vertex 115.217 6.63738 -7
    endloop
  endfacet
  facet normal -0.7731 0.634284 0
    outer loop
      vertex 115.217 6.63738 0
      vertex 115.051 6.43505 -7
      vertex 115.051 6.43505 0
    endloop
  endfacet
  facet normal 0.471153 0.882052 -0
    outer loop
      vertex 120.224 7.4641 -7
      vertex 119.993 7.58749 0
      vertex 120.224 7.4641 0
    endloop
  endfacet
  facet normal 0.471153 0.882052 0
    outer loop
      vertex 119.993 7.58749 0
      vertex 120.224 7.4641 -7
      vertex 119.993 7.58749 -7
    endloop
  endfacet
  facet normal 0.635017 0.772498 -0
    outer loop
      vertex 120.861 7.00736 -7
      vertex 120.659 7.17341 0
      vertex 120.861 7.00736 0
    endloop
  endfacet
  facet normal 0.635017 0.772498 0
    outer loop
      vertex 120.659 7.17341 0
      vertex 120.861 7.00736 -7
      vertex 120.659 7.17341 -7
    endloop
  endfacet
  facet normal 0.7731 -0.634284 0
    outer loop
      vertex 121.231 1.36262 0
      vertex 121.397 1.56495 -7
      vertex 121.397 1.56495 0
    endloop
  endfacet
  facet normal 0.7731 -0.634284 0
    outer loop
      vertex 121.397 1.56495 -7
      vertex 121.231 1.36262 0
      vertex 121.231 1.36262 -7
    endloop
  endfacet
  facet normal -0.227003 -0.973894 0
    outer loop
      vertex 117.189 0.136296 -7
      vertex 117.444 0.0768585 0
      vertex 117.189 0.136296 0
    endloop
  endfacet
  facet normal -0.227003 -0.973894 -0
    outer loop
      vertex 117.444 0.0768585 0
      vertex 117.189 0.136296 -7
      vertex 117.444 0.0768585 -7
    endloop
  endfacet
  facet normal -0.683672 0.72979 0
    outer loop
      vertex 115.587 7.00736 -7
      vertex 115.396 6.82843 0
      vertex 115.587 7.00736 0
    endloop
  endfacet
  facet normal -0.683672 0.72979 0
    outer loop
      vertex 115.396 6.82843 0
      vertex 115.587 7.00736 -7
      vertex 115.396 6.82843 -7
    endloop
  endfacet
  facet normal -0.528549 -0.848903 0
    outer loop
      vertex 116.002 0.674121 -7
      vertex 116.224 0.535898 0
      vertex 116.002 0.674121 0
    endloop
  endfacet
  facet normal -0.528549 -0.848903 -0
    outer loop
      vertex 116.224 0.535898 0
      vertex 116.002 0.674121 -7
      vertex 116.224 0.535898 -7
    endloop
  endfacet
  facet normal 0.90947 -0.415771 0
    outer loop
      vertex 121.811 2.23084 0
      vertex 121.92 2.46927 -7
      vertex 121.92 2.46927 0
    endloop
  endfacet
  facet normal 0.90947 -0.415771 0
    outer loop
      vertex 121.92 2.46927 -7
      vertex 121.811 2.23084 0
      vertex 121.811 2.23084 -7
    endloop
  endfacet
  facet normal 0.0981989 -0.995167 0
    outer loop
      vertex 118.486 0.008564 -7
      vertex 118.746 0.0342197 0
      vertex 118.486 0.008564 0
    endloop
  endfacet
  facet normal 0.0981989 -0.995167 0
    outer loop
      vertex 118.746 0.0342197 0
      vertex 118.486 0.008564 -7
      vertex 118.746 0.0342197 -7
    endloop
  endfacet
  facet normal 0.635026 -0.772491 0
    outer loop
      vertex 120.659 0.826586 -7
      vertex 120.861 0.99264 0
      vertex 120.659 0.826586 0
    endloop
  endfacet
  facet normal 0.635026 -0.772491 0
    outer loop
      vertex 120.861 0.99264 0
      vertex 120.659 0.826586 -7
      vertex 120.861 0.99264 -7
    endloop
  endfacet
  facet normal -0.635017 0.772498 0
    outer loop
      vertex 115.789 7.17341 -7
      vertex 115.587 7.00736 0
      vertex 115.789 7.17341 0
    endloop
  endfacet
  facet normal -0.635017 0.772498 0
    outer loop
      vertex 115.587 7.00736 0
      vertex 115.789 7.17341 -7
      vertex 115.587 7.00736 -7
    endloop
  endfacet
  facet normal -0.0981989 -0.995167 0
    outer loop
      vertex 117.702 0.0342197 -7
      vertex 117.962 0.008564 0
      vertex 117.702 0.0342197 0
    endloop
  endfacet
  facet normal -0.0981989 -0.995167 -0
    outer loop
      vertex 117.962 0.008564 0
      vertex 117.702 0.0342197 -7
      vertex 117.962 0.008564 -7
    endloop
  endfacet
  facet normal -0.635026 -0.772491 0
    outer loop
      vertex 115.587 0.99264 -7
      vertex 115.789 0.826586 0
      vertex 115.587 0.99264 0
    endloop
  endfacet
  facet normal -0.635026 -0.772491 -0
    outer loop
      vertex 115.789 0.826586 0
      vertex 115.587 0.99264 -7
      vertex 115.789 0.826586 -7
    endloop
  endfacet
  facet normal -0.683672 -0.72979 0
    outer loop
      vertex 115.396 1.17157 -7
      vertex 115.587 0.99264 0
      vertex 115.396 1.17157 0
    endloop
  endfacet
  facet normal -0.683672 -0.72979 -0
    outer loop
      vertex 115.587 0.99264 0
      vertex 115.396 1.17157 -7
      vertex 115.587 0.99264 -7
    endloop
  endfacet
  facet normal 0.974247 0.225485 0
    outer loop
      vertex 122.147 4.78036 0
      vertex 122.088 5.03528 -7
      vertex 122.088 5.03528 0
    endloop
  endfacet
  facet normal 0.974247 0.225485 0
    outer loop
      vertex 122.088 5.03528 -7
      vertex 122.147 4.78036 0
      vertex 122.147 4.78036 -7
    endloop
  endfacet
  facet normal 0.289736 -0.957106 0
    outer loop
      vertex 119.259 0.136296 -7
      vertex 119.51 0.212279 0
      vertex 119.259 0.136296 0
    endloop
  endfacet
  facet normal 0.289736 -0.957106 0
    outer loop
      vertex 119.51 0.212279 0
      vertex 119.259 0.136296 -7
      vertex 119.51 0.212279 -7
    endloop
  endfacet
  facet normal 0.352222 -0.935917 0
    outer loop
      vertex 119.51 0.212279 -7
      vertex 119.755 0.304482 0
      vertex 119.51 0.212279 0
    endloop
  endfacet
  facet normal 0.352222 -0.935917 0
    outer loop
      vertex 119.755 0.304482 0
      vertex 119.51 0.212279 -7
      vertex 119.755 0.304482 -7
    endloop
  endfacet
  facet normal -0.7731 -0.634284 0
    outer loop
      vertex 115.217 1.36262 -7
      vertex 115.051 1.56495 0
      vertex 115.051 1.56495 -7
    endloop
  endfacet
  facet normal -0.7731 -0.634284 0
    outer loop
      vertex 115.051 1.56495 0
      vertex 115.217 1.36262 -7
      vertex 115.217 1.36262 0
    endloop
  endfacet
  facet normal 0.882535 -0.470247 0
    outer loop
      vertex 121.688 2 0
      vertex 121.811 2.23084 -7
      vertex 121.811 2.23084 0
    endloop
  endfacet
  facet normal 0.882535 -0.470247 0
    outer loop
      vertex 121.811 2.23084 -7
      vertex 121.688 2 0
      vertex 121.688 2 -7
    endloop
  endfacet
  facet normal -0.413321 0.910585 0
    outer loop
      vertex 116.693 7.69552 -7
      vertex 116.455 7.58749 0
      vertex 116.693 7.69552 0
    endloop
  endfacet
  facet normal -0.413321 0.910585 0
    outer loop
      vertex 116.455 7.58749 0
      vertex 116.693 7.69552 -7
      vertex 116.455 7.58749 -7
    endloop
  endfacet
  facet normal 0.0982152 0.995165 -0
    outer loop
      vertex 118.746 7.96578 -7
      vertex 118.486 7.99144 0
      vertex 118.746 7.96578 0
    endloop
  endfacet
  facet normal 0.0982152 0.995165 0
    outer loop
      vertex 118.486 7.99144 0
      vertex 118.746 7.96578 -7
      vertex 118.486 7.99144 -7
    endloop
  endfacet
  facet normal 0.528549 -0.848903 0
    outer loop
      vertex 120.224 0.535898 -7
      vertex 120.446 0.674121 0
      vertex 120.224 0.535898 0
    endloop
  endfacet
  facet normal 0.528549 -0.848903 0
    outer loop
      vertex 120.446 0.674121 0
      vertex 120.224 0.535898 -7
      vertex 120.446 0.674121 -7
    endloop
  endfacet
  facet normal 0.227003 -0.973894 0
    outer loop
      vertex 119.004 0.0768585 -7
      vertex 119.259 0.136296 0
      vertex 119.004 0.0768585 0
    endloop
  endfacet
  facet normal 0.227003 -0.973894 0
    outer loop
      vertex 119.259 0.136296 0
      vertex 119.004 0.0768585 -7
      vertex 119.259 0.136296 -7
    endloop
  endfacet
  facet normal 0.582065 0.813142 -0
    outer loop
      vertex 120.659 7.17341 -7
      vertex 120.446 7.32588 0
      vertex 120.659 7.17341 0
    endloop
  endfacet
  facet normal 0.582065 0.813142 0
    outer loop
      vertex 120.446 7.32588 0
      vertex 120.659 7.17341 -7
      vertex 120.446 7.32588 -7
    endloop
  endfacet
  facet normal 0.999409 -0.034382 0
    outer loop
      vertex 122.215 3.73839 0
      vertex 122.224 4 -7
      vertex 122.224 4 0
    endloop
  endfacet
  facet normal 0.999409 -0.034382 0
    outer loop
      vertex 122.224 4 -7
      vertex 122.215 3.73839 0
      vertex 122.215 3.73839 -7
    endloop
  endfacet
  facet normal 0.413312 -0.910589 0
    outer loop
      vertex 119.755 0.304482 -7
      vertex 119.993 0.412509 0
      vertex 119.755 0.304482 0
    endloop
  endfacet
  facet normal 0.413312 -0.910589 0
    outer loop
      vertex 119.993 0.412509 0
      vertex 119.755 0.304482 -7
      vertex 119.993 0.412509 -7
    endloop
  endfacet
  facet normal -0.882535 -0.470247 0
    outer loop
      vertex 114.76 2 -7
      vertex 114.637 2.23084 0
      vertex 114.637 2.23084 -7
    endloop
  endfacet
  facet normal -0.882535 -0.470247 0
    outer loop
      vertex 114.637 2.23084 0
      vertex 114.76 2 -7
      vertex 114.76 2 0
    endloop
  endfacet
  facet normal -0.0326543 0.999467 0
    outer loop
      vertex 118.224 8 -7
      vertex 117.962 7.99144 0
      vertex 118.224 8 0
    endloop
  endfacet
  facet normal -0.0326543 0.999467 0
    outer loop
      vertex 117.962 7.99144 0
      vertex 118.224 8 -7
      vertex 117.962 7.99144 -7
    endloop
  endfacet
  facet normal 0.47115 -0.882053 0
    outer loop
      vertex 119.993 0.412509 -7
      vertex 120.224 0.535898 0
      vertex 119.993 0.412509 0
    endloop
  endfacet
  facet normal 0.47115 -0.882053 0
    outer loop
      vertex 120.224 0.535898 0
      vertex 119.993 0.412509 -7
      vertex 120.224 0.535898 -7
    endloop
  endfacet
  facet normal -0.995426 0.095534 0
    outer loop
      vertex 114.233 4.26161 -7
      vertex 114.258 4.5221 0
      vertex 114.258 4.5221 -7
    endloop
  endfacet
  facet normal -0.995426 0.095534 0
    outer loop
      vertex 114.258 4.5221 0
      vertex 114.233 4.26161 -7
      vertex 114.233 4.26161 0
    endloop
  endfacet
  facet normal 0.683672 0.72979 -0
    outer loop
      vertex 121.052 6.82843 -7
      vertex 120.861 7.00736 0
      vertex 121.052 6.82843 0
    endloop
  endfacet
  facet normal 0.683672 0.72979 0
    outer loop
      vertex 120.861 7.00736 0
      vertex 121.052 6.82843 -7
      vertex 120.861 7.00736 -7
    endloop
  endfacet
  facet normal 0.811886 -0.583816 0
    outer loop
      vertex 121.397 1.56495 0
      vertex 121.55 1.77772 -7
      vertex 121.55 1.77772 0
    endloop
  endfacet
  facet normal 0.811886 -0.583816 0
    outer loop
      vertex 121.55 1.77772 -7
      vertex 121.397 1.56495 0
      vertex 121.397 1.56495 -7
    endloop
  endfacet
  facet normal 0.936158 0.35158 0
    outer loop
      vertex 122.012 5.28576 0
      vertex 121.92 5.53073 -7
      vertex 121.92 5.53073 0
    endloop
  endfacet
  facet normal 0.936158 0.35158 0
    outer loop
      vertex 121.92 5.53073 -7
      vertex 122.012 5.28576 0
      vertex 122.012 5.28576 -7
    endloop
  endfacet
  facet normal -0.974247 0.225485 0
    outer loop
      vertex 114.301 4.78036 -7
      vertex 114.36 5.03528 0
      vertex 114.36 5.03528 -7
    endloop
  endfacet
  facet normal -0.974247 0.225485 0
    outer loop
      vertex 114.36 5.03528 0
      vertex 114.301 4.78036 -7
      vertex 114.301 4.78036 0
    endloop
  endfacet
  facet normal -0.227012 0.973892 0
    outer loop
      vertex 117.444 7.92314 -7
      vertex 117.189 7.8637 0
      vertex 117.444 7.92314 0
    endloop
  endfacet
  facet normal -0.227012 0.973892 0
    outer loop
      vertex 117.189 7.8637 0
      vertex 117.444 7.92314 -7
      vertex 117.189 7.8637 -7
    endloop
  endfacet
  facet normal -0.999409 0.034382 0
    outer loop
      vertex 114.224 4 -7
      vertex 114.233 4.26161 0
      vertex 114.233 4.26161 -7
    endloop
  endfacet
  facet normal -0.999409 0.034382 0
    outer loop
      vertex 114.233 4.26161 0
      vertex 114.224 4 -7
      vertex 114.224 4 0
    endloop
  endfacet
  facet normal -0.956922 0.290347 0
    outer loop
      vertex 114.36 5.03528 -7
      vertex 114.436 5.28576 0
      vertex 114.436 5.28576 -7
    endloop
  endfacet
  facet normal -0.956922 0.290347 0
    outer loop
      vertex 114.436 5.28576 0
      vertex 114.36 5.03528 -7
      vertex 114.36 5.03528 0
    endloop
  endfacet
  facet normal -0.352212 0.93592 0
    outer loop
      vertex 116.938 7.78772 -7
      vertex 116.693 7.69552 0
      vertex 116.938 7.78772 0
    endloop
  endfacet
  facet normal -0.352212 0.93592 0
    outer loop
      vertex 116.693 7.69552 0
      vertex 116.938 7.78772 -7
      vertex 116.693 7.69552 -7
    endloop
  endfacet
  facet normal -0.163059 0.986616 0
    outer loop
      vertex 117.702 7.96578 -7
      vertex 117.444 7.92314 0
      vertex 117.702 7.96578 0
    endloop
  endfacet
  facet normal -0.163059 0.986616 0
    outer loop
      vertex 117.444 7.92314 0
      vertex 117.702 7.96578 -7
      vertex 117.444 7.92314 -7
    endloop
  endfacet
  facet normal 0.0326696 -0.999466 0
    outer loop
      vertex 118.224 0 -7
      vertex 118.486 0.008564 0
      vertex 118.224 0 0
    endloop
  endfacet
  facet normal 0.0326696 -0.999466 0
    outer loop
      vertex 118.486 0.008564 0
      vertex 118.224 0 -7
      vertex 118.486 0.008564 -7
    endloop
  endfacet
  facet normal -0.811886 0.583816 0
    outer loop
      vertex 114.898 6.22228 -7
      vertex 115.051 6.43505 0
      vertex 115.051 6.43505 -7
    endloop
  endfacet
  facet normal -0.811886 0.583816 0
    outer loop
      vertex 115.051 6.43505 0
      vertex 114.898 6.22228 -7
      vertex 114.898 6.22228 0
    endloop
  endfacet
  facet normal 0.413321 0.910585 -0
    outer loop
      vertex 119.993 7.58749 -7
      vertex 119.755 7.69552 0
      vertex 119.993 7.58749 0
    endloop
  endfacet
  facet normal 0.413321 0.910585 0
    outer loop
      vertex 119.755 7.69552 0
      vertex 119.993 7.58749 -7
      vertex 119.755 7.69552 -7
    endloop
  endfacet
  facet normal -0.98642 -0.164244 0
    outer loop
      vertex 114.301 3.21964 -7
      vertex 114.258 3.47789 0
      vertex 114.258 3.47789 -7
    endloop
  endfacet
  facet normal -0.98642 -0.164244 0
    outer loop
      vertex 114.258 3.47789 0
      vertex 114.301 3.21964 -7
      vertex 114.301 3.21964 0
    endloop
  endfacet
  facet normal 0.582052 -0.813151 0
    outer loop
      vertex 120.446 0.674121 -7
      vertex 120.659 0.826586 0
      vertex 120.446 0.674121 0
    endloop
  endfacet
  facet normal 0.582052 -0.813151 0
    outer loop
      vertex 120.659 0.826586 0
      vertex 120.446 0.674121 -7
      vertex 120.659 0.826586 -7
    endloop
  endfacet
  facet normal -0.352222 -0.935917 0
    outer loop
      vertex 116.693 0.304482 -7
      vertex 116.938 0.212279 0
      vertex 116.693 0.304482 0
    endloop
  endfacet
  facet normal -0.352222 -0.935917 -0
    outer loop
      vertex 116.938 0.212279 0
      vertex 116.693 0.304482 -7
      vertex 116.938 0.212279 -7
    endloop
  endfacet
  facet normal 0.974247 -0.225485 0
    outer loop
      vertex 122.088 2.96472 0
      vertex 122.147 3.21964 -7
      vertex 122.147 3.21964 0
    endloop
  endfacet
  facet normal 0.974247 -0.225485 0
    outer loop
      vertex 122.147 3.21964 -7
      vertex 122.088 2.96472 0
      vertex 122.088 2.96472 -7
    endloop
  endfacet
  facet normal -0.582052 -0.813151 0
    outer loop
      vertex 115.789 0.826586 -7
      vertex 116.002 0.674121 0
      vertex 115.789 0.826586 0
    endloop
  endfacet
  facet normal -0.582052 -0.813151 -0
    outer loop
      vertex 116.002 0.674121 0
      vertex 115.789 0.826586 -7
      vertex 116.002 0.674121 -7
    endloop
  endfacet
  facet normal 0 0 -1
    outer loop
      vertex 122.215 3.73839 -7
      vertex 122.215 4.26161 -7
      vertex 122.224 4 -7
    endloop
  endfacet
  facet normal 0 0 -1
    outer loop
      vertex 122.19 3.47789 -7
      vertex 122.215 4.26161 -7
      vertex 122.215 3.73839 -7
    endloop
  endfacet
  facet normal 0 0 -1
    outer loop
      vertex 122.19 3.47789 -7
      vertex 122.19 4.5221 -7
      vertex 122.215 4.26161 -7
    endloop
  endfacet
  facet normal 0 0 -1
    outer loop
      vertex 122.147 3.21964 -7
      vertex 122.19 4.5221 -7
      vertex 122.19 3.47789 -7
    endloop
  endfacet
  facet normal 0 0 -1
    outer loop
      vertex 122.147 3.21964 -7
      vertex 122.147 4.78036 -7
      vertex 122.19 4.5221 -7
    endloop
  endfacet
  facet normal 0 0 -1
    outer loop
      vertex 122.088 2.96472 -7
      vertex 122.147 4.78036 -7
      vertex 122.147 3.21964 -7
    endloop
  endfacet
  facet normal 0 0 -1
    outer loop
      vertex 122.088 2.96472 -7
      vertex 122.088 5.03528 -7
      vertex 122.147 4.78036 -7
    endloop
  endfacet
  facet normal 0 0 -1
    outer loop
      vertex 122.012 2.71424 -7
      vertex 122.088 5.03528 -7
      vertex 122.088 2.96472 -7
    endloop
  endfacet
  facet normal 0 0 -1
    outer loop
      vertex 122.012 2.71424 -7
      vertex 122.012 5.28576 -7
      vertex 122.088 5.03528 -7
    endloop
  endfacet
  facet normal 0 0 -1
    outer loop
      vertex 121.92 2.46927 -7
      vertex 122.012 5.28576 -7
      vertex 122.012 2.71424 -7
    endloop
  endfacet
  facet normal 0 0 -1
    outer loop
      vertex 121.92 2.46927 -7
      vertex 121.92 5.53073 -7
      vertex 122.012 5.28576 -7
    endloop
  endfacet
  facet normal 0 0 -1
    outer loop
      vertex 121.811 2.23084 -7
      vertex 121.92 5.53073 -7
      vertex 121.92 2.46927 -7
    endloop
  endfacet
  facet normal 0 0 -1
    outer loop
      vertex 121.811 2.23084 -7
      vertex 121.811 5.76915 -7
      vertex 121.92 5.53073 -7
    endloop
  endfacet
  facet normal 0 0 -1
    outer loop
      vertex 121.688 2 -7
      vertex 121.811 5.76915 -7
      vertex 121.811 2.23084 -7
    endloop
  endfacet
  facet normal 0 0 -1
    outer loop
      vertex 121.688 2 -7
      vertex 121.688 6 -7
      vertex 121.811 5.76915 -7
    endloop
  endfacet
  facet normal 0 0 -1
    outer loop
      vertex 121.55 1.77772 -7
      vertex 121.688 6 -7
      vertex 121.688 2 -7
    endloop
  endfacet
  facet normal 0 0 -1
    outer loop
      vertex 121.55 1.77772 -7
      vertex 121.55 6.22228 -7
      vertex 121.688 6 -7
    endloop
  endfacet
  facet normal 0 0 -1
    outer loop
      vertex 121.397 1.56495 -7
      vertex 121.55 6.22228 -7
      vertex 121.55 1.77772 -7
    endloop
  endfacet
  facet normal 0 0 -1
    outer loop
      vertex 121.397 1.56495 -7
      vertex 121.397 6.43505 -7
      vertex 121.55 6.22228 -7
    endloop
  endfacet
  facet normal 0 0 -1
    outer loop
      vertex 121.231 1.36262 -7
      vertex 121.397 6.43505 -7
      vertex 121.397 1.56495 -7
    endloop
  endfacet
  facet normal 0 0 -1
    outer loop
      vertex 121.231 1.36262 -7
      vertex 121.231 6.63738 -7
      vertex 121.397 6.43505 -7
    endloop
  endfacet
  facet normal 0 0 -1
    outer loop
      vertex 121.052 1.17157 -7
      vertex 121.231 6.63738 -7
      vertex 121.231 1.36262 -7
    endloop
  endfacet
  facet normal 0 0 -1
    outer loop
      vertex 121.052 1.17157 -7
      vertex 121.052 6.82843 -7
      vertex 121.231 6.63738 -7
    endloop
  endfacet
  facet normal 0 0 -1
    outer loop
      vertex 120.861 0.99264 -7
      vertex 121.052 6.82843 -7
      vertex 121.052 1.17157 -7
    endloop
  endfacet
  facet normal 0 0 -1
    outer loop
      vertex 120.861 0.99264 -7
      vertex 120.861 7.00736 -7
      vertex 121.052 6.82843 -7
    endloop
  endfacet
  facet normal 0 0 -1
    outer loop
      vertex 120.659 0.826586 -7
      vertex 120.861 7.00736 -7
      vertex 120.861 0.99264 -7
    endloop
  endfacet
  facet normal 0 0 -1
    outer loop
      vertex 120.659 0.826586 -7
      vertex 120.659 7.17341 -7
      vertex 120.861 7.00736 -7
    endloop
  endfacet
  facet normal 0 0 -1
    outer loop
      vertex 120.446 0.674121 -7
      vertex 120.659 7.17341 -7
      vertex 120.659 0.826586 -7
    endloop
  endfacet
  facet normal 0 0 -1
    outer loop
      vertex 120.446 0.674121 -7
      vertex 120.446 7.32588 -7
      vertex 120.659 7.17341 -7
    endloop
  endfacet
  facet normal 0 0 -1
    outer loop
      vertex 120.224 0.535898 -7
      vertex 120.446 7.32588 -7
      vertex 120.446 0.674121 -7
    endloop
  endfacet
  facet normal 0 0 -1
    outer loop
      vertex 120.224 0.535898 -7
      vertex 120.224 7.4641 -7
      vertex 120.446 7.32588 -7
    endloop
  endfacet
  facet normal 0 0 -1
    outer loop
      vertex 119.993 0.412509 -7
      vertex 120.224 7.4641 -7
      vertex 120.224 0.535898 -7
    endloop
  endfacet
  facet normal 0 0 -1
    outer loop
      vertex 119.993 0.412509 -7
      vertex 119.993 7.58749 -7
      vertex 120.224 7.4641 -7
    endloop
  endfacet
  facet normal 0 0 -1
    outer loop
      vertex 119.755 0.304482 -7
      vertex 119.993 7.58749 -7
      vertex 119.993 0.412509 -7
    endloop
  endfacet
  facet normal 0 0 -1
    outer loop
      vertex 119.755 0.304482 -7
      vertex 119.755 7.69552 -7
      vertex 119.993 7.58749 -7
    endloop
  endfacet
  facet normal 0 0 -1
    outer loop
      vertex 119.51 0.212279 -7
      vertex 119.755 7.69552 -7
      vertex 119.755 0.304482 -7
    endloop
  endfacet
  facet normal 0 0 -1
    outer loop
      vertex 119.51 0.212279 -7
      vertex 119.51 7.78772 -7
      vertex 119.755 7.69552 -7
    endloop
  endfacet
  facet normal 0 0 -1
    outer loop
      vertex 119.259 0.136296 -7
      vertex 119.51 7.78772 -7
      vertex 119.51 0.212279 -7
    endloop
  endfacet
  facet normal 0 0 -1
    outer loop
      vertex 119.259 0.136296 -7
      vertex 119.259 7.8637 -7
      vertex 119.51 7.78772 -7
    endloop
  endfacet
  facet normal 0 0 -1
    outer loop
      vertex 119.004 0.0768585 -7
      vertex 119.259 7.8637 -7
      vertex 119.259 0.136296 -7
    endloop
  endfacet
  facet normal 0 0 -1
    outer loop
      vertex 119.004 0.0768585 -7
      vertex 119.004 7.92314 -7
      vertex 119.259 7.8637 -7
    endloop
  endfacet
  facet normal 0 0 -1
    outer loop
      vertex 118.746 0.0342197 -7
      vertex 119.004 7.92314 -7
      vertex 119.004 0.0768585 -7
    endloop
  endfacet
  facet normal 0 0 -1
    outer loop
      vertex 118.746 0.0342197 -7
      vertex 118.746 7.96578 -7
      vertex 119.004 7.92314 -7
    endloop
  endfacet
  facet normal 0 0 -1
    outer loop
      vertex 118.486 0.008564 -7
      vertex 118.746 7.96578 -7
      vertex 118.746 0.0342197 -7
    endloop
  endfacet
  facet normal 0 0 -1
    outer loop
      vertex 118.486 0.008564 -7
      vertex 118.486 7.99144 -7
      vertex 118.746 7.96578 -7
    endloop
  endfacet
  facet normal 0 0 -1
    outer loop
      vertex 118.224 0 -7
      vertex 118.486 7.99144 -7
      vertex 118.486 0.008564 -7
    endloop
  endfacet
  facet normal 0 0 -1
    outer loop
      vertex 118.224 0 -7
      vertex 118.224 8 -7
      vertex 118.486 7.99144 -7
    endloop
  endfacet
  facet normal 0 0 -1
    outer loop
      vertex 117.962 0.008564 -7
      vertex 118.224 8 -7
      vertex 118.224 0 -7
    endloop
  endfacet
  facet normal 0 0 -1
    outer loop
      vertex 117.962 0.008564 -7
      vertex 117.962 7.99144 -7
      vertex 118.224 8 -7
    endloop
  endfacet
  facet normal 0 0 -1
    outer loop
      vertex 117.702 0.0342197 -7
      vertex 117.962 7.99144 -7
      vertex 117.962 0.008564 -7
    endloop
  endfacet
  facet normal 0 0 -1
    outer loop
      vertex 117.702 0.0342197 -7
      vertex 117.702 7.96578 -7
      vertex 117.962 7.99144 -7
    endloop
  endfacet
  facet normal 0 0 -1
    outer loop
      vertex 117.444 0.0768585 -7
      vertex 117.702 7.96578 -7
      vertex 117.702 0.0342197 -7
    endloop
  endfacet
  facet normal 0 0 -1
    outer loop
      vertex 117.444 0.0768585 -7
      vertex 117.444 7.92314 -7
      vertex 117.702 7.96578 -7
    endloop
  endfacet
  facet normal 0 0 -1
    outer loop
      vertex 117.189 0.136296 -7
      vertex 117.444 7.92314 -7
      vertex 117.444 0.0768585 -7
    endloop
  endfacet
  facet normal 0 0 -1
    outer loop
      vertex 117.189 0.136296 -7
      vertex 117.189 7.8637 -7
      vertex 117.444 7.92314 -7
    endloop
  endfacet
  facet normal 0 0 -1
    outer loop
      vertex 116.938 0.212279 -7
      vertex 117.189 7.8637 -7
      vertex 117.189 0.136296 -7
    endloop
  endfacet
  facet normal 0 0 -1
    outer loop
      vertex 116.938 0.212279 -7
      vertex 116.938 7.78772 -7
      vertex 117.189 7.8637 -7
    endloop
  endfacet
  facet normal 0 0 -1
    outer loop
      vertex 116.693 0.304482 -7
      vertex 116.938 7.78772 -7
      vertex 116.938 0.212279 -7
    endloop
  endfacet
  facet normal 0 0 -1
    outer loop
      vertex 116.693 0.304482 -7
      vertex 116.693 7.69552 -7
      vertex 116.938 7.78772 -7
    endloop
  endfacet
  facet normal 0 0 -1
    outer loop
      vertex 116.455 0.412509 -7
      vertex 116.693 7.69552 -7
      vertex 116.693 0.304482 -7
    endloop
  endfacet
  facet normal 0 0 -1
    outer loop
      vertex 116.455 0.412509 -7
      vertex 116.455 7.58749 -7
      vertex 116.693 7.69552 -7
    endloop
  endfacet
  facet normal 0 0 -1
    outer loop
      vertex 116.224 0.535898 -7
      vertex 116.455 7.58749 -7
      vertex 116.455 0.412509 -7
    endloop
  endfacet
  facet normal 0 0 -1
    outer loop
      vertex 116.224 0.535898 -7
      vertex 116.224 7.4641 -7
      vertex 116.455 7.58749 -7
    endloop
  endfacet
  facet normal 0 0 -1
    outer loop
      vertex 116.002 0.674121 -7
      vertex 116.224 7.4641 -7
      vertex 116.224 0.535898 -7
    endloop
  endfacet
  facet normal 0 0 -1
    outer loop
      vertex 116.002 0.674121 -7
      vertex 116.002 7.32588 -7
      vertex 116.224 7.4641 -7
    endloop
  endfacet
  facet normal 0 0 -1
    outer loop
      vertex 115.789 0.826586 -7
      vertex 116.002 7.32588 -7
      vertex 116.002 0.674121 -7
    endloop
  endfacet
  facet normal 0 0 -1
    outer loop
      vertex 115.789 0.826586 -7
      vertex 115.789 7.17341 -7
      vertex 116.002 7.32588 -7
    endloop
  endfacet
  facet normal 0 0 -1
    outer loop
      vertex 115.587 0.99264 -7
      vertex 115.789 7.17341 -7
      vertex 115.789 0.826586 -7
    endloop
  endfacet
  facet normal 0 0 -1
    outer loop
      vertex 115.587 0.99264 -7
      vertex 115.587 7.00736 -7
      vertex 115.789 7.17341 -7
    endloop
  endfacet
  facet normal 0 0 -1
    outer loop
      vertex 115.396 1.17157 -7
      vertex 115.587 7.00736 -7
      vertex 115.587 0.99264 -7
    endloop
  endfacet
  facet normal 0 0 -1
    outer loop
      vertex 115.396 1.17157 -7
      vertex 115.396 6.82843 -7
      vertex 115.587 7.00736 -7
    endloop
  endfacet
  facet normal 0 0 -1
    outer loop
      vertex 115.217 1.36262 -7
      vertex 115.396 6.82843 -7
      vertex 115.396 1.17157 -7
    endloop
  endfacet
  facet normal 0 0 -1
    outer loop
      vertex 115.217 1.36262 -7
      vertex 115.217 6.63738 -7
      vertex 115.396 6.82843 -7
    endloop
  endfacet
  facet normal 0 0 -1
    outer loop
      vertex 115.051 1.56495 -7
      vertex 115.217 6.63738 -7
      vertex 115.217 1.36262 -7
    endloop
  endfacet
  facet normal 0 0 -1
    outer loop
      vertex 115.051 1.56495 -7
      vertex 115.051 6.43505 -7
      vertex 115.217 6.63738 -7
    endloop
  endfacet
  facet normal 0 0 -1
    outer loop
      vertex 114.898 1.77772 -7
      vertex 115.051 6.43505 -7
      vertex 115.051 1.56495 -7
    endloop
  endfacet
  facet normal 0 0 -1
    outer loop
      vertex 114.898 1.77772 -7
      vertex 114.898 6.22228 -7
      vertex 115.051 6.43505 -7
    endloop
  endfacet
  facet normal 0 0 -1
    outer loop
      vertex 114.76 2 -7
      vertex 114.898 6.22228 -7
      vertex 114.898 1.77772 -7
    endloop
  endfacet
  facet normal 0 0 -1
    outer loop
      vertex 114.76 2 -7
      vertex 114.76 6 -7
      vertex 114.898 6.22228 -7
    endloop
  endfacet
  facet normal 0 0 -1
    outer loop
      vertex 114.637 2.23084 -7
      vertex 114.76 6 -7
      vertex 114.76 2 -7
    endloop
  endfacet
  facet normal 0 0 -1
    outer loop
      vertex 114.637 2.23084 -7
      vertex 114.637 5.76915 -7
      vertex 114.76 6 -7
    endloop
  endfacet
  facet normal 0 0 -1
    outer loop
      vertex 114.528 2.46927 -7
      vertex 114.637 5.76915 -7
      vertex 114.637 2.23084 -7
    endloop
  endfacet
  facet normal 0 0 -1
    outer loop
      vertex 114.528 2.46927 -7
      vertex 114.528 5.53073 -7
      vertex 114.637 5.76915 -7
    endloop
  endfacet
  facet normal 0 0 -1
    outer loop
      vertex 114.436 2.71424 -7
      vertex 114.528 5.53073 -7
      vertex 114.528 2.46927 -7
    endloop
  endfacet
  facet normal 0 0 -1
    outer loop
      vertex 114.436 2.71424 -7
      vertex 114.436 5.28576 -7
      vertex 114.528 5.53073 -7
    endloop
  endfacet
  facet normal 0 0 -1
    outer loop
      vertex 114.36 2.96472 -7
      vertex 114.436 5.28576 -7
      vertex 114.436 2.71424 -7
    endloop
  endfacet
  facet normal 0 0 -1
    outer loop
      vertex 114.36 2.96472 -7
      vertex 114.36 5.03528 -7
      vertex 114.436 5.28576 -7
    endloop
  endfacet
  facet normal 0 0 -1
    outer loop
      vertex 114.301 3.21964 -7
      vertex 114.36 5.03528 -7
      vertex 114.36 2.96472 -7
    endloop
  endfacet
  facet normal 0 0 -1
    outer loop
      vertex 114.301 3.21964 -7
      vertex 114.301 4.78036 -7
      vertex 114.36 5.03528 -7
    endloop
  endfacet
  facet normal 0 0 -1
    outer loop
      vertex 114.258 3.47789 -7
      vertex 114.301 4.78036 -7
      vertex 114.301 3.21964 -7
    endloop
  endfacet
  facet normal 0 0 -1
    outer loop
      vertex 114.258 3.47789 -7
      vertex 114.258 4.5221 -7
      vertex 114.301 4.78036 -7
    endloop
  endfacet
  facet normal 0 0 -1
    outer loop
      vertex 114.233 3.73839 -7
      vertex 114.258 4.5221 -7
      vertex 114.258 3.47789 -7
    endloop
  endfacet
  facet normal 0 0 -1
    outer loop
      vertex 114.233 3.73839 -7
      vertex 114.233 4.26161 -7
      vertex 114.258 4.5221 -7
    endloop
  endfacet
  facet normal 0 -0 -1
    outer loop
      vertex 114.233 4.26161 -7
      vertex 114.233 3.73839 -7
      vertex 114.224 4 -7
    endloop
  endfacet
  facet normal -0.729746 -0.683719 0
    outer loop
      vertex 115.396 1.17157 -7
      vertex 115.217 1.36262 0
      vertex 115.217 1.36262 -7
    endloop
  endfacet
  facet normal -0.729746 -0.683719 0
    outer loop
      vertex 115.217 1.36262 0
      vertex 115.396 1.17157 -7
      vertex 115.396 1.17157 0
    endloop
  endfacet
  facet normal -0.0326696 -0.999466 0
    outer loop
      vertex 117.962 0.008564 -7
      vertex 118.224 0 0
      vertex 117.962 0.008564 0
    endloop
  endfacet
  facet normal -0.0326696 -0.999466 -0
    outer loop
      vertex 118.224 0 0
      vertex 117.962 0.008564 -7
      vertex 118.224 0 -7
    endloop
  endfacet
  facet normal -0.289726 0.95711 0
    outer loop
      vertex 117.189 7.8637 -7
      vertex 116.938 7.78772 0
      vertex 117.189 7.8637 0
    endloop
  endfacet
  facet normal -0.289726 0.95711 0
    outer loop
      vertex 116.938 7.78772 0
      vertex 117.189 7.8637 -7
      vertex 116.938 7.78772 -7
    endloop
  endfacet
  facet normal 0.849583 -0.527454 0
    outer loop
      vertex 121.55 1.77772 0
      vertex 121.688 2 -7
      vertex 121.688 2 0
    endloop
  endfacet
  facet normal 0.849583 -0.527454 0
    outer loop
      vertex 121.688 2 -7
      vertex 121.55 1.77772 0
      vertex 121.55 1.77772 -7
    endloop
  endfacet
  facet normal -0.936158 0.35158 0
    outer loop
      vertex 114.436 5.28576 -7
      vertex 114.528 5.53073 0
      vertex 114.528 5.53073 -7
    endloop
  endfacet
  facet normal -0.936158 0.35158 0
    outer loop
      vertex 114.528 5.53073 0
      vertex 114.436 5.28576 -7
      vertex 114.436 5.28576 0
    endloop
  endfacet
  facet normal -0.849583 -0.527454 0
    outer loop
      vertex 114.898 1.77772 -7
      vertex 114.76 2 0
      vertex 114.76 2 -7
    endloop
  endfacet
  facet normal -0.849583 -0.527454 0
    outer loop
      vertex 114.76 2 0
      vertex 114.898 1.77772 -7
      vertex 114.898 1.77772 0
    endloop
  endfacet
endsolid OpenSCAD_Model
