solid OpenSCAD_Model
  facet normal -0.162837 -0.986653 0
    outer loop
      vertex 47.0964 93.0212 0
      vertex 47.3321 92.9823 6.49
      vertex 47.0964 93.0212 6.49
    endloop
  endfacet
  facet normal -0.162837 -0.986653 -0
    outer loop
      vertex 47.3321 92.9823 6.49
      vertex 47.0964 93.0212 0
      vertex 47.3321 92.9823 0
    endloop
  endfacet
  facet normal -0.995189 -0.0979698 0
    outer loop
      vertex 50.2622 89.6411 0
      vertex 50.2388 89.8788 6.49
      vertex 50.2388 89.8788 0
    endloop
  endfacet
  facet normal -0.995189 -0.0979698 0
    outer loop
      vertex 50.2388 89.8788 6.49
      vertex 50.2622 89.6411 0
      vertex 50.2622 89.6411 6.49
    endloop
  endfacet
  facet normal -0.999467 -0.0326596 0
    outer loop
      vertex 50.27 89.4024 0
      vertex 50.2622 89.6411 6.49
      vertex 50.2622 89.6411 0
    endloop
  endfacet
  facet normal -0.999467 -0.0326596 0
    outer loop
      vertex 50.2622 89.6411 6.49
      vertex 50.27 89.4024 0
      vertex 50.27 89.4024 6.49
    endloop
  endfacet
  facet normal 0.849219 0.52804 0
    outer loop
      vertex 43.5851 87.3746 6.49
      vertex 43.459 87.5774 0
      vertex 43.459 87.5774 6.49
    endloop
  endfacet
  facet normal 0.849219 0.52804 0
    outer loop
      vertex 43.459 87.5774 0
      vertex 43.5851 87.3746 6.49
      vertex 43.5851 87.3746 0
    endloop
  endfacet
  facet normal -0.881866 -0.471501 0
    outer loop
      vertex 49.8936 91.0168 0
      vertex 49.781 91.2274 6.49
      vertex 49.781 91.2274 0
    endloop
  endfacet
  facet normal -0.881866 -0.471501 0
    outer loop
      vertex 49.781 91.2274 6.49
      vertex 49.8936 91.0168 0
      vertex 49.8936 91.0168 6.49
    endloop
  endfacet
  facet normal -0.528342 0.849032 0
    outer loop
      vertex 48.6478 86.3676 0
      vertex 48.445 86.2414 6.49
      vertex 48.6478 86.3676 6.49
    endloop
  endfacet
  facet normal -0.528342 0.849032 0
    outer loop
      vertex 48.445 86.2414 6.49
      vertex 48.6478 86.3676 0
      vertex 48.445 86.2414 0
    endloop
  endfacet
  facet normal -0.999467 0.0326596 0
    outer loop
      vertex 50.2622 89.1637 0
      vertex 50.27 89.4024 6.49
      vertex 50.27 89.4024 0
    endloop
  endfacet
  facet normal -0.999467 0.0326596 0
    outer loop
      vertex 50.27 89.4024 6.49
      vertex 50.2622 89.1637 0
      vertex 50.2622 89.1637 6.49
    endloop
  endfacet
  facet normal -0.986653 0.162837 0
    outer loop
      vertex 50.1999 88.6903 0
      vertex 50.2388 88.926 6.49
      vertex 50.2388 88.926 0
    endloop
  endfacet
  facet normal -0.986653 0.162837 0
    outer loop
      vertex 50.2388 88.926 6.49
      vertex 50.1999 88.6903 0
      vertex 50.1999 88.6903 6.49
    endloop
  endfacet
  facet normal 0.910782 0.412888 0
    outer loop
      vertex 43.3464 87.7881 6.49
      vertex 43.2478 88.0056 0
      vertex 43.2478 88.0056 6.49
    endloop
  endfacet
  facet normal 0.910782 0.412888 0
    outer loop
      vertex 43.2478 88.0056 0
      vertex 43.3464 87.7881 6.49
      vertex 43.3464 87.7881 0
    endloop
  endfacet
  facet normal 0.226938 -0.973909 0
    outer loop
      vertex 45.6753 92.9281 0
      vertex 45.9079 92.9823 6.49
      vertex 45.6753 92.9281 6.49
    endloop
  endfacet
  facet normal 0.226938 -0.973909 0
    outer loop
      vertex 45.9079 92.9823 6.49
      vertex 45.6753 92.9281 0
      vertex 45.9079 92.9823 0
    endloop
  endfacet
  facet normal -0.162837 0.986653 0
    outer loop
      vertex 47.3321 85.8226 0
      vertex 47.0964 85.7837 6.49
      vertex 47.3321 85.8226 6.49
    endloop
  endfacet
  facet normal -0.162837 0.986653 0
    outer loop
      vertex 47.0964 85.7837 6.49
      vertex 47.3321 85.8226 0
      vertex 47.0964 85.7837 0
    endloop
  endfacet
  facet normal 0.999467 0.0326596 0
    outer loop
      vertex 42.9778 89.1637 6.49
      vertex 42.97 89.4024 0
      vertex 42.97 89.4024 6.49
    endloop
  endfacet
  facet normal 0.999467 0.0326596 0
    outer loop
      vertex 42.97 89.4024 0
      vertex 42.9778 89.1637 6.49
      vertex 42.9778 89.1637 0
    endloop
  endfacet
  facet normal 0.956993 -0.290112 0
    outer loop
      vertex 43.0944 90.3471 6.49
      vertex 43.1637 90.5757 0
      vertex 43.1637 90.5757 6.49
    endloop
  endfacet
  facet normal 0.956993 -0.290112 0
    outer loop
      vertex 43.1637 90.5757 0
      vertex 43.0944 90.3471 6.49
      vertex 43.0944 90.3471 0
    endloop
  endfacet
  facet normal -0.973816 -0.227335 0
    outer loop
      vertex 50.1999 90.1145 0
      vertex 50.1456 90.3471 6.49
      vertex 50.1456 90.3471 0
    endloop
  endfacet
  facet normal -0.973816 -0.227335 0
    outer loop
      vertex 50.1456 90.3471 6.49
      vertex 50.1999 90.1145 0
      vertex 50.1999 90.1145 6.49
    endloop
  endfacet
  facet normal 0.986653 -0.162837 0
    outer loop
      vertex 43.0012 89.8788 6.49
      vertex 43.0401 90.1145 0
      vertex 43.0401 90.1145 6.49
    endloop
  endfacet
  facet normal 0.986653 -0.162837 0
    outer loop
      vertex 43.0401 90.1145 0
      vertex 43.0012 89.8788 6.49
      vertex 43.0012 89.8788 0
    endloop
  endfacet
  facet normal 0.773173 0.634195 0
    outer loop
      vertex 43.8758 86.9958 6.49
      vertex 43.7243 87.1805 0
      vertex 43.7243 87.1805 6.49
    endloop
  endfacet
  facet normal 0.773173 0.634195 0
    outer loop
      vertex 43.7243 87.1805 0
      vertex 43.8758 86.9958 6.49
      vertex 43.8758 86.9958 0
    endloop
  endfacet
  facet normal -0.0979698 -0.995189 0
    outer loop
      vertex 46.8587 93.0446 0
      vertex 47.0964 93.0212 6.49
      vertex 46.8587 93.0446 6.49
    endloop
  endfacet
  facet normal -0.0979698 -0.995189 -0
    outer loop
      vertex 47.0964 93.0212 6.49
      vertex 46.8587 93.0446 0
      vertex 47.0964 93.0212 0
    endloop
  endfacet
  facet normal -0.471501 -0.881866 0
    outer loop
      vertex 48.2344 92.676 0
      vertex 48.445 92.5634 6.49
      vertex 48.2344 92.676 6.49
    endloop
  endfacet
  facet normal -0.471501 -0.881866 -0
    outer loop
      vertex 48.445 92.5634 6.49
      vertex 48.2344 92.676 0
      vertex 48.445 92.5634 0
    endloop
  endfacet
  facet normal -0.582307 -0.812969 0
    outer loop
      vertex 48.6478 92.4373 0
      vertex 48.842 92.2982 6.49
      vertex 48.6478 92.4373 6.49
    endloop
  endfacet
  facet normal -0.582307 -0.812969 -0
    outer loop
      vertex 48.842 92.2982 6.49
      vertex 48.6478 92.4373 0
      vertex 48.842 92.2982 0
    endloop
  endfacet
  facet normal -0.471501 0.881866 0
    outer loop
      vertex 48.445 86.2414 0
      vertex 48.2344 86.1288 6.49
      vertex 48.445 86.2414 6.49
    endloop
  endfacet
  facet normal -0.471501 0.881866 0
    outer loop
      vertex 48.2344 86.1288 6.49
      vertex 48.445 86.2414 0
      vertex 48.2344 86.1288 0
    endloop
  endfacet
  facet normal -0.290495 -0.956876 0
    outer loop
      vertex 47.5647 92.9281 0
      vertex 47.7933 92.8587 6.49
      vertex 47.5647 92.9281 6.49
    endloop
  endfacet
  facet normal -0.290495 -0.956876 -0
    outer loop
      vertex 47.7933 92.8587 6.49
      vertex 47.5647 92.9281 0
      vertex 47.7933 92.8587 0
    endloop
  endfacet
  facet normal -0.935985 0.352041 0
    outer loop
      vertex 49.9922 88.0056 0
      vertex 50.0763 88.2292 6.49
      vertex 50.0763 88.2292 0
    endloop
  endfacet
  facet normal -0.935985 0.352041 0
    outer loop
      vertex 50.0763 88.2292 6.49
      vertex 49.9922 88.0056 0
      vertex 49.9922 88.0056 6.49
    endloop
  endfacet
  facet normal -0.0326596 0.999467 0
    outer loop
      vertex 46.8587 85.7602 0
      vertex 46.62 85.7524 6.49
      vertex 46.8587 85.7602 6.49
    endloop
  endfacet
  facet normal -0.0326596 0.999467 0
    outer loop
      vertex 46.62 85.7524 6.49
      vertex 46.8587 85.7602 0
      vertex 46.62 85.7524 0
    endloop
  endfacet
  facet normal 0.226938 0.973909 -0
    outer loop
      vertex 45.9079 85.8226 0
      vertex 45.6753 85.8768 6.49
      vertex 45.9079 85.8226 6.49
    endloop
  endfacet
  facet normal 0.226938 0.973909 0
    outer loop
      vertex 45.6753 85.8768 6.49
      vertex 45.9079 85.8226 0
      vertex 45.6753 85.8768 0
    endloop
  endfacet
  facet normal -0.41273 -0.910853 0
    outer loop
      vertex 48.0168 92.7746 0
      vertex 48.2344 92.676 6.49
      vertex 48.0168 92.7746 6.49
    endloop
  endfacet
  facet normal -0.41273 -0.910853 -0
    outer loop
      vertex 48.2344 92.676 6.49
      vertex 48.0168 92.7746 0
      vertex 48.2344 92.676 0
    endloop
  endfacet
  facet normal 0.849336 -0.527853 0
    outer loop
      vertex 43.459 91.2274 6.49
      vertex 43.5851 91.4303 0
      vertex 43.5851 91.4303 6.49
    endloop
  endfacet
  facet normal 0.849336 -0.527853 0
    outer loop
      vertex 43.5851 91.4303 0
      vertex 43.459 91.2274 6.49
      vertex 43.459 91.2274 0
    endloop
  endfacet
  facet normal -0.956993 -0.290112 0
    outer loop
      vertex 50.1456 90.3471 0
      vertex 50.0763 90.5757 6.49
      vertex 50.0763 90.5757 0
    endloop
  endfacet
  facet normal -0.956993 -0.290112 0
    outer loop
      vertex 50.0763 90.5757 6.49
      vertex 50.1456 90.3471 0
      vertex 50.1456 90.3471 6.49
    endloop
  endfacet
  facet normal -0.52804 -0.849219 0
    outer loop
      vertex 48.445 92.5634 0
      vertex 48.6478 92.4373 6.49
      vertex 48.445 92.5634 6.49
    endloop
  endfacet
  facet normal -0.52804 -0.849219 -0
    outer loop
      vertex 48.6478 92.4373 6.49
      vertex 48.445 92.5634 0
      vertex 48.6478 92.4373 0
    endloop
  endfacet
  facet normal -0.812629 0.582782 0
    outer loop
      vertex 49.5157 87.1805 0
      vertex 49.6549 87.3746 6.49
      vertex 49.6549 87.3746 0
    endloop
  endfacet
  facet normal -0.812629 0.582782 0
    outer loop
      vertex 49.6549 87.3746 6.49
      vertex 49.5157 87.1805 0
      vertex 49.5157 87.1805 6.49
    endloop
  endfacet
  facet normal -0.956957 0.290228 0
    outer loop
      vertex 50.0763 88.2292 0
      vertex 50.1456 88.4577 6.49
      vertex 50.1456 88.4577 0
    endloop
  endfacet
  facet normal -0.956957 0.290228 0
    outer loop
      vertex 50.1456 88.4577 6.49
      vertex 50.0763 88.2292 0
      vertex 50.0763 88.2292 6.49
    endloop
  endfacet
  facet normal -0.849219 0.52804 0
    outer loop
      vertex 49.6549 87.3746 0
      vertex 49.781 87.5774 6.49
      vertex 49.781 87.5774 0
    endloop
  endfacet
  facet normal -0.849219 0.52804 0
    outer loop
      vertex 49.781 87.5774 6.49
      vertex 49.6549 87.3746 0
      vertex 49.6549 87.3746 6.49
    endloop
  endfacet
  facet normal -0.63465 -0.7728 0
    outer loop
      vertex 48.842 92.2982 0
      vertex 49.0266 92.1466 6.49
      vertex 48.842 92.2982 6.49
    endloop
  endfacet
  facet normal -0.63465 -0.7728 -0
    outer loop
      vertex 49.0266 92.1466 6.49
      vertex 48.842 92.2982 0
      vertex 49.0266 92.1466 0
    endloop
  endfacet
  facet normal 0.683481 -0.729968 0
    outer loop
      vertex 44.0391 91.9834 0
      vertex 44.2134 92.1466 6.49
      vertex 44.0391 91.9834 6.49
    endloop
  endfacet
  facet normal 0.683481 -0.729968 0
    outer loop
      vertex 44.2134 92.1466 6.49
      vertex 44.0391 91.9834 0
      vertex 44.2134 92.1466 0
    endloop
  endfacet
  facet normal -0.412383 0.911011 0
    outer loop
      vertex 48.2344 86.1288 0
      vertex 48.0168 86.0303 6.49
      vertex 48.2344 86.1288 6.49
    endloop
  endfacet
  facet normal -0.412383 0.911011 0
    outer loop
      vertex 48.0168 86.0303 6.49
      vertex 48.2344 86.1288 0
      vertex 48.0168 86.0303 0
    endloop
  endfacet
  facet normal -0.683481 -0.729968 0
    outer loop
      vertex 49.0266 92.1466 0
      vertex 49.2009 91.9834 6.49
      vertex 49.0266 92.1466 6.49
    endloop
  endfacet
  facet normal -0.683481 -0.729968 -0
    outer loop
      vertex 49.2009 91.9834 6.49
      vertex 49.0266 92.1466 0
      vertex 49.2009 91.9834 0
    endloop
  endfacet
  facet normal -0.849336 -0.527853 0
    outer loop
      vertex 49.781 91.2274 0
      vertex 49.6549 91.4303 6.49
      vertex 49.6549 91.4303 0
    endloop
  endfacet
  facet normal -0.849336 -0.527853 0
    outer loop
      vertex 49.6549 91.4303 6.49
      vertex 49.781 91.2274 0
      vertex 49.781 91.2274 6.49
    endloop
  endfacet
  facet normal 0.352179 -0.935933 0
    outer loop
      vertex 45.2232 92.7746 0
      vertex 45.4467 92.8587 6.49
      vertex 45.2232 92.7746 6.49
    endloop
  endfacet
  facet normal 0.352179 -0.935933 0
    outer loop
      vertex 45.4467 92.8587 6.49
      vertex 45.2232 92.7746 0
      vertex 45.4467 92.8587 0
    endloop
  endfacet
  facet normal 0.412383 0.911011 -0
    outer loop
      vertex 45.2232 86.0303 0
      vertex 45.0056 86.1288 6.49
      vertex 45.2232 86.0303 6.49
    endloop
  endfacet
  facet normal 0.412383 0.911011 0
    outer loop
      vertex 45.0056 86.1288 6.49
      vertex 45.2232 86.0303 0
      vertex 45.0056 86.1288 0
    endloop
  endfacet
  facet normal 0.162837 -0.986653 0
    outer loop
      vertex 45.9079 92.9823 0
      vertex 46.1436 93.0212 6.49
      vertex 45.9079 92.9823 6.49
    endloop
  endfacet
  facet normal 0.162837 -0.986653 0
    outer loop
      vertex 46.1436 93.0212 6.49
      vertex 45.9079 92.9823 0
      vertex 46.1436 93.0212 0
    endloop
  endfacet
  facet normal -0.812629 -0.582782 0
    outer loop
      vertex 49.6549 91.4303 0
      vertex 49.5157 91.6244 6.49
      vertex 49.5157 91.6244 0
    endloop
  endfacet
  facet normal -0.812629 -0.582782 0
    outer loop
      vertex 49.5157 91.6244 6.49
      vertex 49.6549 91.4303 0
      vertex 49.6549 91.4303 6.49
    endloop
  endfacet
  facet normal -0.910853 -0.41273 0
    outer loop
      vertex 49.9922 90.7992 0
      vertex 49.8936 91.0168 6.49
      vertex 49.8936 91.0168 0
    endloop
  endfacet
  facet normal -0.910853 -0.41273 0
    outer loop
      vertex 49.8936 91.0168 6.49
      vertex 49.9922 90.7992 0
      vertex 49.9922 90.7992 6.49
    endloop
  endfacet
  facet normal -0.881959 0.471327 0
    outer loop
      vertex 49.781 87.5774 0
      vertex 49.8936 87.7881 6.49
      vertex 49.8936 87.7881 0
    endloop
  endfacet
  facet normal -0.881959 0.471327 0
    outer loop
      vertex 49.8936 87.7881 6.49
      vertex 49.781 87.5774 0
      vertex 49.781 87.5774 6.49
    endloop
  endfacet
  facet normal -0.995189 0.0979698 0
    outer loop
      vertex 50.2388 88.926 0
      vertex 50.2622 89.1637 6.49
      vertex 50.2622 89.1637 0
    endloop
  endfacet
  facet normal -0.995189 0.0979698 0
    outer loop
      vertex 50.2622 89.1637 6.49
      vertex 50.2388 88.926 0
      vertex 50.2388 88.926 6.49
    endloop
  endfacet
  facet normal 0.999467 -0.0326596 0
    outer loop
      vertex 42.97 89.4024 6.49
      vertex 42.9778 89.6411 0
      vertex 42.9778 89.6411 6.49
    endloop
  endfacet
  facet normal 0.999467 -0.0326596 0
    outer loop
      vertex 42.9778 89.6411 0
      vertex 42.97 89.4024 6.49
      vertex 42.97 89.4024 0
    endloop
  endfacet
  facet normal -0.0326596 -0.999467 0
    outer loop
      vertex 46.62 93.0524 0
      vertex 46.8587 93.0446 6.49
      vertex 46.62 93.0524 6.49
    endloop
  endfacet
  facet normal -0.0326596 -0.999467 -0
    outer loop
      vertex 46.8587 93.0446 6.49
      vertex 46.62 93.0524 0
      vertex 46.8587 93.0446 0
    endloop
  endfacet
  facet normal -0.0983845 0.995148 0
    outer loop
      vertex 47.0964 85.7837 0
      vertex 46.8587 85.7602 6.49
      vertex 47.0964 85.7837 6.49
    endloop
  endfacet
  facet normal -0.0983845 0.995148 0
    outer loop
      vertex 46.8587 85.7602 6.49
      vertex 47.0964 85.7837 0
      vertex 46.8587 85.7602 0
    endloop
  endfacet
  facet normal 0.0326596 -0.999467 0
    outer loop
      vertex 46.3813 93.0446 0
      vertex 46.62 93.0524 6.49
      vertex 46.3813 93.0446 6.49
    endloop
  endfacet
  facet normal 0.0326596 -0.999467 0
    outer loop
      vertex 46.62 93.0524 6.49
      vertex 46.3813 93.0446 0
      vertex 46.62 93.0524 0
    endloop
  endfacet
  facet normal -0.935933 -0.352179 0
    outer loop
      vertex 50.0763 90.5757 0
      vertex 49.9922 90.7992 6.49
      vertex 49.9922 90.7992 0
    endloop
  endfacet
  facet normal -0.935933 -0.352179 0
    outer loop
      vertex 49.9922 90.7992 6.49
      vertex 50.0763 90.5757 0
      vertex 50.0763 90.5757 6.49
    endloop
  endfacet
  facet normal 0.986653 0.162837 0
    outer loop
      vertex 43.0401 88.6903 6.49
      vertex 43.0012 88.926 0
      vertex 43.0012 88.926 6.49
    endloop
  endfacet
  facet normal 0.986653 0.162837 0
    outer loop
      vertex 43.0012 88.926 0
      vertex 43.0401 88.6903 6.49
      vertex 43.0401 88.6903 0
    endloop
  endfacet
  facet normal 0.0983845 0.995148 -0
    outer loop
      vertex 46.3813 85.7602 0
      vertex 46.1436 85.7837 6.49
      vertex 46.3813 85.7602 6.49
    endloop
  endfacet
  facet normal 0.0983845 0.995148 0
    outer loop
      vertex 46.1436 85.7837 6.49
      vertex 46.3813 85.7602 0
      vertex 46.1436 85.7837 0
    endloop
  endfacet
  facet normal 0.995189 -0.0979698 0
    outer loop
      vertex 42.9778 89.6411 6.49
      vertex 43.0012 89.8788 0
      vertex 43.0012 89.8788 6.49
    endloop
  endfacet
  facet normal 0.995189 -0.0979698 0
    outer loop
      vertex 43.0012 89.8788 0
      vertex 42.9778 89.6411 6.49
      vertex 42.9778 89.6411 0
    endloop
  endfacet
  facet normal 0.471501 -0.881866 0
    outer loop
      vertex 44.795 92.5634 0
      vertex 45.0056 92.676 6.49
      vertex 44.795 92.5634 6.49
    endloop
  endfacet
  facet normal 0.471501 -0.881866 0
    outer loop
      vertex 45.0056 92.676 6.49
      vertex 44.795 92.5634 0
      vertex 45.0056 92.676 0
    endloop
  endfacet
  facet normal -0.352545 0.935795 0
    outer loop
      vertex 48.0168 86.0303 0
      vertex 47.7933 85.9461 6.49
      vertex 48.0168 86.0303 6.49
    endloop
  endfacet
  facet normal -0.352545 0.935795 0
    outer loop
      vertex 47.7933 85.9461 6.49
      vertex 48.0168 86.0303 0
      vertex 47.7933 85.9461 0
    endloop
  endfacet
  facet normal -0.683704 0.729759 0
    outer loop
      vertex 49.2009 86.8215 0
      vertex 49.0266 86.6582 6.49
      vertex 49.2009 86.8215 6.49
    endloop
  endfacet
  facet normal -0.683704 0.729759 0
    outer loop
      vertex 49.0266 86.6582 6.49
      vertex 49.2009 86.8215 0
      vertex 49.0266 86.6582 0
    endloop
  endfacet
  facet normal -0.226938 -0.973909 0
    outer loop
      vertex 47.3321 92.9823 0
      vertex 47.5647 92.9281 6.49
      vertex 47.3321 92.9823 6.49
    endloop
  endfacet
  facet normal -0.226938 -0.973909 -0
    outer loop
      vertex 47.5647 92.9281 6.49
      vertex 47.3321 92.9823 0
      vertex 47.5647 92.9281 0
    endloop
  endfacet
  facet normal 0.910853 -0.41273 0
    outer loop
      vertex 43.2478 90.7992 6.49
      vertex 43.3464 91.0168 0
      vertex 43.3464 91.0168 6.49
    endloop
  endfacet
  facet normal 0.910853 -0.41273 0
    outer loop
      vertex 43.3464 91.0168 0
      vertex 43.2478 90.7992 6.49
      vertex 43.2478 90.7992 0
    endloop
  endfacet
  facet normal -0.910782 0.412888 0
    outer loop
      vertex 49.8936 87.7881 0
      vertex 49.9922 88.0056 6.49
      vertex 49.9922 88.0056 0
    endloop
  endfacet
  facet normal -0.910782 0.412888 0
    outer loop
      vertex 49.9922 88.0056 6.49
      vertex 49.8936 87.7881 0
      vertex 49.8936 87.7881 6.49
    endloop
  endfacet
  facet normal 0.935933 -0.352179 0
    outer loop
      vertex 43.1637 90.5757 6.49
      vertex 43.2478 90.7992 0
      vertex 43.2478 90.7992 6.49
    endloop
  endfacet
  facet normal 0.935933 -0.352179 0
    outer loop
      vertex 43.2478 90.7992 0
      vertex 43.1637 90.5757 6.49
      vertex 43.1637 90.5757 0
    endloop
  endfacet
  facet normal 0.995189 0.0979698 0
    outer loop
      vertex 43.0012 88.926 6.49
      vertex 42.9778 89.1637 0
      vertex 42.9778 89.1637 6.49
    endloop
  endfacet
  facet normal 0.995189 0.0979698 0
    outer loop
      vertex 42.9778 89.1637 0
      vertex 43.0012 88.926 6.49
      vertex 43.0012 88.926 0
    endloop
  endfacet
  facet normal 0.973816 0.227335 0
    outer loop
      vertex 43.0944 88.4577 6.49
      vertex 43.0401 88.6903 0
      vertex 43.0401 88.6903 6.49
    endloop
  endfacet
  facet normal 0.973816 0.227335 0
    outer loop
      vertex 43.0401 88.6903 0
      vertex 43.0944 88.4577 6.49
      vertex 43.0944 88.4577 0
    endloop
  endfacet
  facet normal 0.812629 0.582782 0
    outer loop
      vertex 43.7243 87.1805 6.49
      vertex 43.5851 87.3746 0
      vertex 43.5851 87.3746 6.49
    endloop
  endfacet
  facet normal 0.812629 0.582782 0
    outer loop
      vertex 43.5851 87.3746 0
      vertex 43.7243 87.1805 6.49
      vertex 43.7243 87.1805 0
    endloop
  endfacet
  facet normal 0.956957 0.290228 0
    outer loop
      vertex 43.1637 88.2292 6.49
      vertex 43.0944 88.4577 0
      vertex 43.0944 88.4577 6.49
    endloop
  endfacet
  facet normal 0.956957 0.290228 0
    outer loop
      vertex 43.0944 88.4577 0
      vertex 43.1637 88.2292 6.49
      vertex 43.1637 88.2292 0
    endloop
  endfacet
  facet normal 0.935985 0.352041 0
    outer loop
      vertex 43.2478 88.0056 6.49
      vertex 43.1637 88.2292 0
      vertex 43.1637 88.2292 6.49
    endloop
  endfacet
  facet normal 0.935985 0.352041 0
    outer loop
      vertex 43.1637 88.2292 0
      vertex 43.2478 88.0056 6.49
      vertex 43.2478 88.0056 0
    endloop
  endfacet
  facet normal 0.352545 0.935795 -0
    outer loop
      vertex 45.4467 85.9461 0
      vertex 45.2232 86.0303 6.49
      vertex 45.4467 85.9461 6.49
    endloop
  endfacet
  facet normal 0.352545 0.935795 0
    outer loop
      vertex 45.2232 86.0303 6.49
      vertex 45.4467 85.9461 0
      vertex 45.2232 86.0303 0
    endloop
  endfacet
  facet normal -0.729759 0.683704 0
    outer loop
      vertex 49.2009 86.8215 0
      vertex 49.3642 86.9958 6.49
      vertex 49.3642 86.9958 0
    endloop
  endfacet
  facet normal -0.729759 0.683704 0
    outer loop
      vertex 49.3642 86.9958 6.49
      vertex 49.2009 86.8215 0
      vertex 49.2009 86.8215 6.49
    endloop
  endfacet
  facet normal -0.773173 0.634195 0
    outer loop
      vertex 49.3642 86.9958 0
      vertex 49.5157 87.1805 6.49
      vertex 49.5157 87.1805 0
    endloop
  endfacet
  facet normal -0.773173 0.634195 0
    outer loop
      vertex 49.5157 87.1805 6.49
      vertex 49.3642 86.9958 0
      vertex 49.3642 86.9958 6.49
    endloop
  endfacet
  facet normal -0.773005 -0.6344 0
    outer loop
      vertex 49.5157 91.6244 0
      vertex 49.3642 91.809 6.49
      vertex 49.3642 91.809 0
    endloop
  endfacet
  facet normal -0.773005 -0.6344 0
    outer loop
      vertex 49.3642 91.809 6.49
      vertex 49.5157 91.6244 0
      vertex 49.5157 91.6244 6.49
    endloop
  endfacet
  facet normal -0.729955 -0.683495 0
    outer loop
      vertex 49.3642 91.809 0
      vertex 49.2009 91.9834 6.49
      vertex 49.2009 91.9834 0
    endloop
  endfacet
  facet normal -0.729955 -0.683495 0
    outer loop
      vertex 49.2009 91.9834 6.49
      vertex 49.3642 91.809 0
      vertex 49.3642 91.809 6.49
    endloop
  endfacet
  facet normal -0.973816 0.227335 0
    outer loop
      vertex 50.1456 88.4577 0
      vertex 50.1999 88.6903 6.49
      vertex 50.1999 88.6903 0
    endloop
  endfacet
  facet normal -0.973816 0.227335 0
    outer loop
      vertex 50.1999 88.6903 6.49
      vertex 50.1456 88.4577 0
      vertex 50.1456 88.4577 6.49
    endloop
  endfacet
  facet normal 0 0 -1
    outer loop
      vertex 50.2622 89.1637 6.49
      vertex 50.2622 89.6411 6.49
      vertex 50.27 89.4024 6.49
    endloop
  endfacet
  facet normal 0 0 -1
    outer loop
      vertex 50.2388 88.926 6.49
      vertex 50.2622 89.6411 6.49
      vertex 50.2622 89.1637 6.49
    endloop
  endfacet
  facet normal 0 0 -1
    outer loop
      vertex 50.2388 88.926 6.49
      vertex 50.2388 89.8788 6.49
      vertex 50.2622 89.6411 6.49
    endloop
  endfacet
  facet normal 0 0 -1
    outer loop
      vertex 50.1999 88.6903 6.49
      vertex 50.2388 89.8788 6.49
      vertex 50.2388 88.926 6.49
    endloop
  endfacet
  facet normal 0 0 -1
    outer loop
      vertex 50.1999 88.6903 6.49
      vertex 50.1999 90.1145 6.49
      vertex 50.2388 89.8788 6.49
    endloop
  endfacet
  facet normal 0 0 -1
    outer loop
      vertex 50.1456 88.4577 6.49
      vertex 50.1999 90.1145 6.49
      vertex 50.1999 88.6903 6.49
    endloop
  endfacet
  facet normal 0 0 -1
    outer loop
      vertex 50.1456 88.4577 6.49
      vertex 50.1456 90.3471 6.49
      vertex 50.1999 90.1145 6.49
    endloop
  endfacet
  facet normal 0 0 -1
    outer loop
      vertex 50.0763 88.2292 6.49
      vertex 50.1456 90.3471 6.49
      vertex 50.1456 88.4577 6.49
    endloop
  endfacet
  facet normal 0 0 -1
    outer loop
      vertex 50.0763 88.2292 6.49
      vertex 50.0763 90.5757 6.49
      vertex 50.1456 90.3471 6.49
    endloop
  endfacet
  facet normal 0 0 -1
    outer loop
      vertex 49.9922 88.0056 6.49
      vertex 50.0763 90.5757 6.49
      vertex 50.0763 88.2292 6.49
    endloop
  endfacet
  facet normal 0 0 -1
    outer loop
      vertex 49.9922 88.0056 6.49
      vertex 49.9922 90.7992 6.49
      vertex 50.0763 90.5757 6.49
    endloop
  endfacet
  facet normal 0 0 -1
    outer loop
      vertex 49.8936 87.7881 6.49
      vertex 49.9922 90.7992 6.49
      vertex 49.9922 88.0056 6.49
    endloop
  endfacet
  facet normal 0 0 -1
    outer loop
      vertex 49.8936 87.7881 6.49
      vertex 49.8936 91.0168 6.49
      vertex 49.9922 90.7992 6.49
    endloop
  endfacet
  facet normal 0 0 -1
    outer loop
      vertex 49.781 87.5774 6.49
      vertex 49.8936 91.0168 6.49
      vertex 49.8936 87.7881 6.49
    endloop
  endfacet
  facet normal 0 0 -1
    outer loop
      vertex 49.781 87.5774 6.49
      vertex 49.781 91.2274 6.49
      vertex 49.8936 91.0168 6.49
    endloop
  endfacet
  facet normal 0 0 -1
    outer loop
      vertex 49.6549 87.3746 6.49
      vertex 49.781 91.2274 6.49
      vertex 49.781 87.5774 6.49
    endloop
  endfacet
  facet normal 0 0 -1
    outer loop
      vertex 49.6549 87.3746 6.49
      vertex 49.6549 91.4303 6.49
      vertex 49.781 91.2274 6.49
    endloop
  endfacet
  facet normal 0 0 -1
    outer loop
      vertex 49.5157 87.1805 6.49
      vertex 49.6549 91.4303 6.49
      vertex 49.6549 87.3746 6.49
    endloop
  endfacet
  facet normal 0 0 -1
    outer loop
      vertex 49.5157 87.1805 6.49
      vertex 49.5157 91.6244 6.49
      vertex 49.6549 91.4303 6.49
    endloop
  endfacet
  facet normal 0 0 -1
    outer loop
      vertex 49.3642 86.9958 6.49
      vertex 49.5157 91.6244 6.49
      vertex 49.5157 87.1805 6.49
    endloop
  endfacet
  facet normal 0 0 -1
    outer loop
      vertex 49.3642 86.9958 6.49
      vertex 49.3642 91.809 6.49
      vertex 49.5157 91.6244 6.49
    endloop
  endfacet
  facet normal 0 0 -1
    outer loop
      vertex 49.2009 86.8215 6.49
      vertex 49.3642 91.809 6.49
      vertex 49.3642 86.9958 6.49
    endloop
  endfacet
  facet normal 0 0 -1
    outer loop
      vertex 49.2009 86.8215 6.49
      vertex 49.2009 91.9834 6.49
      vertex 49.3642 91.809 6.49
    endloop
  endfacet
  facet normal 0 0 -1
    outer loop
      vertex 49.0266 86.6582 6.49
      vertex 49.2009 91.9834 6.49
      vertex 49.2009 86.8215 6.49
    endloop
  endfacet
  facet normal 0 0 -1
    outer loop
      vertex 49.0266 86.6582 6.49
      vertex 49.0266 92.1466 6.49
      vertex 49.2009 91.9834 6.49
    endloop
  endfacet
  facet normal 0 0 -1
    outer loop
      vertex 48.842 86.5067 6.49
      vertex 49.0266 92.1466 6.49
      vertex 49.0266 86.6582 6.49
    endloop
  endfacet
  facet normal 0 0 -1
    outer loop
      vertex 48.842 86.5067 6.49
      vertex 48.842 92.2982 6.49
      vertex 49.0266 92.1466 6.49
    endloop
  endfacet
  facet normal 0 0 -1
    outer loop
      vertex 48.6478 86.3676 6.49
      vertex 48.842 92.2982 6.49
      vertex 48.842 86.5067 6.49
    endloop
  endfacet
  facet normal 0 0 -1
    outer loop
      vertex 48.6478 86.3676 6.49
      vertex 48.6478 92.4373 6.49
      vertex 48.842 92.2982 6.49
    endloop
  endfacet
  facet normal 0 0 -1
    outer loop
      vertex 48.445 86.2414 6.49
      vertex 48.6478 92.4373 6.49
      vertex 48.6478 86.3676 6.49
    endloop
  endfacet
  facet normal 0 0 -1
    outer loop
      vertex 48.445 86.2414 6.49
      vertex 48.445 92.5634 6.49
      vertex 48.6478 92.4373 6.49
    endloop
  endfacet
  facet normal 0 0 -1
    outer loop
      vertex 48.2344 86.1288 6.49
      vertex 48.445 92.5634 6.49
      vertex 48.445 86.2414 6.49
    endloop
  endfacet
  facet normal 0 0 -1
    outer loop
      vertex 48.2344 86.1288 6.49
      vertex 48.2344 92.676 6.49
      vertex 48.445 92.5634 6.49
    endloop
  endfacet
  facet normal 0 0 -1
    outer loop
      vertex 48.0168 86.0303 6.49
      vertex 48.2344 92.676 6.49
      vertex 48.2344 86.1288 6.49
    endloop
  endfacet
  facet normal 0 0 -1
    outer loop
      vertex 48.0168 86.0303 6.49
      vertex 48.0168 92.7746 6.49
      vertex 48.2344 92.676 6.49
    endloop
  endfacet
  facet normal 0 0 -1
    outer loop
      vertex 47.7933 85.9461 6.49
      vertex 48.0168 92.7746 6.49
      vertex 48.0168 86.0303 6.49
    endloop
  endfacet
  facet normal 0 0 -1
    outer loop
      vertex 47.7933 85.9461 6.49
      vertex 47.7933 92.8587 6.49
      vertex 48.0168 92.7746 6.49
    endloop
  endfacet
  facet normal 0 0 -1
    outer loop
      vertex 47.5647 85.8768 6.49
      vertex 47.7933 92.8587 6.49
      vertex 47.7933 85.9461 6.49
    endloop
  endfacet
  facet normal 0 0 -1
    outer loop
      vertex 47.5647 85.8768 6.49
      vertex 47.5647 92.9281 6.49
      vertex 47.7933 92.8587 6.49
    endloop
  endfacet
  facet normal 0 0 -1
    outer loop
      vertex 47.3321 85.8226 6.49
      vertex 47.5647 92.9281 6.49
      vertex 47.5647 85.8768 6.49
    endloop
  endfacet
  facet normal 0 0 -1
    outer loop
      vertex 47.3321 85.8226 6.49
      vertex 47.3321 92.9823 6.49
      vertex 47.5647 92.9281 6.49
    endloop
  endfacet
  facet normal 0 0 -1
    outer loop
      vertex 47.0964 85.7837 6.49
      vertex 47.3321 92.9823 6.49
      vertex 47.3321 85.8226 6.49
    endloop
  endfacet
  facet normal 0 0 -1
    outer loop
      vertex 47.0964 85.7837 6.49
      vertex 47.0964 93.0212 6.49
      vertex 47.3321 92.9823 6.49
    endloop
  endfacet
  facet normal 0 0 -1
    outer loop
      vertex 46.8587 85.7602 6.49
      vertex 47.0964 93.0212 6.49
      vertex 47.0964 85.7837 6.49
    endloop
  endfacet
  facet normal 0 0 -1
    outer loop
      vertex 46.8587 85.7602 6.49
      vertex 46.8587 93.0446 6.49
      vertex 47.0964 93.0212 6.49
    endloop
  endfacet
  facet normal 0 0 -1
    outer loop
      vertex 46.62 85.7524 6.49
      vertex 46.8587 93.0446 6.49
      vertex 46.8587 85.7602 6.49
    endloop
  endfacet
  facet normal 0 0 -1
    outer loop
      vertex 46.62 85.7524 6.49
      vertex 46.62 93.0524 6.49
      vertex 46.8587 93.0446 6.49
    endloop
  endfacet
  facet normal 0 0 -1
    outer loop
      vertex 46.3813 85.7602 6.49
      vertex 46.62 93.0524 6.49
      vertex 46.62 85.7524 6.49
    endloop
  endfacet
  facet normal 0 0 -1
    outer loop
      vertex 46.3813 85.7602 6.49
      vertex 46.3813 93.0446 6.49
      vertex 46.62 93.0524 6.49
    endloop
  endfacet
  facet normal 0 0 -1
    outer loop
      vertex 46.1436 85.7837 6.49
      vertex 46.3813 93.0446 6.49
      vertex 46.3813 85.7602 6.49
    endloop
  endfacet
  facet normal 0 0 -1
    outer loop
      vertex 46.1436 85.7837 6.49
      vertex 46.1436 93.0212 6.49
      vertex 46.3813 93.0446 6.49
    endloop
  endfacet
  facet normal 0 0 -1
    outer loop
      vertex 45.9079 85.8226 6.49
      vertex 46.1436 93.0212 6.49
      vertex 46.1436 85.7837 6.49
    endloop
  endfacet
  facet normal 0 0 -1
    outer loop
      vertex 45.9079 85.8226 6.49
      vertex 45.9079 92.9823 6.49
      vertex 46.1436 93.0212 6.49
    endloop
  endfacet
  facet normal 0 0 -1
    outer loop
      vertex 45.6753 85.8768 6.49
      vertex 45.9079 92.9823 6.49
      vertex 45.9079 85.8226 6.49
    endloop
  endfacet
  facet normal 0 0 -1
    outer loop
      vertex 45.6753 85.8768 6.49
      vertex 45.6753 92.9281 6.49
      vertex 45.9079 92.9823 6.49
    endloop
  endfacet
  facet normal 0 0 -1
    outer loop
      vertex 45.4467 85.9461 6.49
      vertex 45.6753 92.9281 6.49
      vertex 45.6753 85.8768 6.49
    endloop
  endfacet
  facet normal 0 0 -1
    outer loop
      vertex 45.4467 85.9461 6.49
      vertex 45.4467 92.8587 6.49
      vertex 45.6753 92.9281 6.49
    endloop
  endfacet
  facet normal 0 0 -1
    outer loop
      vertex 45.2232 86.0303 6.49
      vertex 45.4467 92.8587 6.49
      vertex 45.4467 85.9461 6.49
    endloop
  endfacet
  facet normal 0 0 -1
    outer loop
      vertex 45.2232 86.0303 6.49
      vertex 45.2232 92.7746 6.49
      vertex 45.4467 92.8587 6.49
    endloop
  endfacet
  facet normal 0 0 -1
    outer loop
      vertex 45.0056 86.1288 6.49
      vertex 45.2232 92.7746 6.49
      vertex 45.2232 86.0303 6.49
    endloop
  endfacet
  facet normal 0 0 -1
    outer loop
      vertex 45.0056 86.1288 6.49
      vertex 45.0056 92.676 6.49
      vertex 45.2232 92.7746 6.49
    endloop
  endfacet
  facet normal 0 0 -1
    outer loop
      vertex 44.795 86.2414 6.49
      vertex 45.0056 92.676 6.49
      vertex 45.0056 86.1288 6.49
    endloop
  endfacet
  facet normal 0 0 -1
    outer loop
      vertex 44.795 86.2414 6.49
      vertex 44.795 92.5634 6.49
      vertex 45.0056 92.676 6.49
    endloop
  endfacet
  facet normal 0 0 -1
    outer loop
      vertex 44.5922 86.3676 6.49
      vertex 44.795 92.5634 6.49
      vertex 44.795 86.2414 6.49
    endloop
  endfacet
  facet normal 0 0 -1
    outer loop
      vertex 44.5922 86.3676 6.49
      vertex 44.5922 92.4373 6.49
      vertex 44.795 92.5634 6.49
    endloop
  endfacet
  facet normal 0 0 -1
    outer loop
      vertex 44.398 86.5067 6.49
      vertex 44.5922 92.4373 6.49
      vertex 44.5922 86.3676 6.49
    endloop
  endfacet
  facet normal 0 0 -1
    outer loop
      vertex 44.398 86.5067 6.49
      vertex 44.398 92.2982 6.49
      vertex 44.5922 92.4373 6.49
    endloop
  endfacet
  facet normal 0 0 -1
    outer loop
      vertex 44.2134 86.6582 6.49
      vertex 44.398 92.2982 6.49
      vertex 44.398 86.5067 6.49
    endloop
  endfacet
  facet normal 0 0 -1
    outer loop
      vertex 44.2134 86.6582 6.49
      vertex 44.2134 92.1466 6.49
      vertex 44.398 92.2982 6.49
    endloop
  endfacet
  facet normal 0 0 -1
    outer loop
      vertex 44.0391 86.8215 6.49
      vertex 44.2134 92.1466 6.49
      vertex 44.2134 86.6582 6.49
    endloop
  endfacet
  facet normal 0 0 -1
    outer loop
      vertex 44.0391 86.8215 6.49
      vertex 44.0391 91.9834 6.49
      vertex 44.2134 92.1466 6.49
    endloop
  endfacet
  facet normal 0 0 -1
    outer loop
      vertex 43.8758 86.9958 6.49
      vertex 44.0391 91.9834 6.49
      vertex 44.0391 86.8215 6.49
    endloop
  endfacet
  facet normal 0 0 -1
    outer loop
      vertex 43.8758 86.9958 6.49
      vertex 43.8758 91.809 6.49
      vertex 44.0391 91.9834 6.49
    endloop
  endfacet
  facet normal 0 0 -1
    outer loop
      vertex 43.7243 87.1805 6.49
      vertex 43.8758 91.809 6.49
      vertex 43.8758 86.9958 6.49
    endloop
  endfacet
  facet normal 0 0 -1
    outer loop
      vertex 43.7243 87.1805 6.49
      vertex 43.7243 91.6244 6.49
      vertex 43.8758 91.809 6.49
    endloop
  endfacet
  facet normal 0 0 -1
    outer loop
      vertex 43.5851 87.3746 6.49
      vertex 43.7243 91.6244 6.49
      vertex 43.7243 87.1805 6.49
    endloop
  endfacet
  facet normal 0 0 -1
    outer loop
      vertex 43.5851 87.3746 6.49
      vertex 43.5851 91.4303 6.49
      vertex 43.7243 91.6244 6.49
    endloop
  endfacet
  facet normal 0 0 -1
    outer loop
      vertex 43.459 87.5774 6.49
      vertex 43.5851 91.4303 6.49
      vertex 43.5851 87.3746 6.49
    endloop
  endfacet
  facet normal 0 0 -1
    outer loop
      vertex 43.459 87.5774 6.49
      vertex 43.459 91.2274 6.49
      vertex 43.5851 91.4303 6.49
    endloop
  endfacet
  facet normal 0 0 -1
    outer loop
      vertex 43.3464 87.7881 6.49
      vertex 43.459 91.2274 6.49
      vertex 43.459 87.5774 6.49
    endloop
  endfacet
  facet normal 0 0 -1
    outer loop
      vertex 43.3464 87.7881 6.49
      vertex 43.3464 91.0168 6.49
      vertex 43.459 91.2274 6.49
    endloop
  endfacet
  facet normal 0 0 -1
    outer loop
      vertex 43.2478 88.0056 6.49
      vertex 43.3464 91.0168 6.49
      vertex 43.3464 87.7881 6.49
    endloop
  endfacet
  facet normal 0 0 -1
    outer loop
      vertex 43.2478 88.0056 6.49
      vertex 43.2478 90.7992 6.49
      vertex 43.3464 91.0168 6.49
    endloop
  endfacet
  facet normal 0 0 -1
    outer loop
      vertex 43.1637 88.2292 6.49
      vertex 43.2478 90.7992 6.49
      vertex 43.2478 88.0056 6.49
    endloop
  endfacet
  facet normal 0 0 -1
    outer loop
      vertex 43.1637 88.2292 6.49
      vertex 43.1637 90.5757 6.49
      vertex 43.2478 90.7992 6.49
    endloop
  endfacet
  facet normal 0 0 -1
    outer loop
      vertex 43.0944 88.4577 6.49
      vertex 43.1637 90.5757 6.49
      vertex 43.1637 88.2292 6.49
    endloop
  endfacet
  facet normal 0 0 -1
    outer loop
      vertex 43.0944 88.4577 6.49
      vertex 43.0944 90.3471 6.49
      vertex 43.1637 90.5757 6.49
    endloop
  endfacet
  facet normal 0 0 -1
    outer loop
      vertex 43.0401 88.6903 6.49
      vertex 43.0944 90.3471 6.49
      vertex 43.0944 88.4577 6.49
    endloop
  endfacet
  facet normal 0 0 -1
    outer loop
      vertex 43.0401 88.6903 6.49
      vertex 43.0401 90.1145 6.49
      vertex 43.0944 90.3471 6.49
    endloop
  endfacet
  facet normal 0 0 -1
    outer loop
      vertex 43.0012 88.926 6.49
      vertex 43.0401 90.1145 6.49
      vertex 43.0401 88.6903 6.49
    endloop
  endfacet
  facet normal 0 0 -1
    outer loop
      vertex 43.0012 88.926 6.49
      vertex 43.0012 89.8788 6.49
      vertex 43.0401 90.1145 6.49
    endloop
  endfacet
  facet normal 0 0 -1
    outer loop
      vertex 42.9778 89.1637 6.49
      vertex 43.0012 89.8788 6.49
      vertex 43.0012 88.926 6.49
    endloop
  endfacet
  facet normal 0 0 -1
    outer loop
      vertex 42.9778 89.1637 6.49
      vertex 42.9778 89.6411 6.49
      vertex 43.0012 89.8788 6.49
    endloop
  endfacet
  facet normal 0 -0 -1
    outer loop
      vertex 42.9778 89.6411 6.49
      vertex 42.9778 89.1637 6.49
      vertex 42.97 89.4024 6.49
    endloop
  endfacet
  facet normal 0.973816 -0.227335 0
    outer loop
      vertex 43.0401 90.1145 6.49
      vertex 43.0944 90.3471 0
      vertex 43.0944 90.3471 6.49
    endloop
  endfacet
  facet normal 0.973816 -0.227335 0
    outer loop
      vertex 43.0944 90.3471 0
      vertex 43.0401 90.1145 6.49
      vertex 43.0401 90.1145 0
    endloop
  endfacet
  facet normal 0.773005 -0.6344 0
    outer loop
      vertex 43.7243 91.6244 6.49
      vertex 43.8758 91.809 0
      vertex 43.8758 91.809 6.49
    endloop
  endfacet
  facet normal 0.773005 -0.6344 0
    outer loop
      vertex 43.8758 91.809 0
      vertex 43.7243 91.6244 6.49
      vertex 43.7243 91.6244 0
    endloop
  endfacet
  facet normal -0.986653 -0.162837 0
    outer loop
      vertex 50.2388 89.8788 0
      vertex 50.1999 90.1145 6.49
      vertex 50.1999 90.1145 0
    endloop
  endfacet
  facet normal -0.986653 -0.162837 0
    outer loop
      vertex 50.1999 90.1145 6.49
      vertex 50.2388 89.8788 0
      vertex 50.2388 89.8788 6.49
    endloop
  endfacet
  facet normal 0.290495 -0.956876 0
    outer loop
      vertex 45.4467 92.8587 0
      vertex 45.6753 92.9281 6.49
      vertex 45.4467 92.8587 6.49
    endloop
  endfacet
  facet normal 0.290495 -0.956876 0
    outer loop
      vertex 45.6753 92.9281 6.49
      vertex 45.4467 92.8587 0
      vertex 45.6753 92.9281 0
    endloop
  endfacet
  facet normal 0.0326596 0.999467 -0
    outer loop
      vertex 46.62 85.7524 0
      vertex 46.3813 85.7602 6.49
      vertex 46.62 85.7524 6.49
    endloop
  endfacet
  facet normal 0.0326596 0.999467 0
    outer loop
      vertex 46.3813 85.7602 6.49
      vertex 46.62 85.7524 0
      vertex 46.3813 85.7602 0
    endloop
  endfacet
  facet normal 0.0979698 -0.995189 0
    outer loop
      vertex 46.1436 93.0212 0
      vertex 46.3813 93.0446 6.49
      vertex 46.1436 93.0212 6.49
    endloop
  endfacet
  facet normal 0.0979698 -0.995189 0
    outer loop
      vertex 46.3813 93.0446 6.49
      vertex 46.1436 93.0212 0
      vertex 46.3813 93.0446 0
    endloop
  endfacet
  facet normal 0.52804 -0.849219 0
    outer loop
      vertex 44.5922 92.4373 0
      vertex 44.795 92.5634 6.49
      vertex 44.5922 92.4373 6.49
    endloop
  endfacet
  facet normal 0.52804 -0.849219 0
    outer loop
      vertex 44.795 92.5634 6.49
      vertex 44.5922 92.4373 0
      vertex 44.795 92.5634 0
    endloop
  endfacet
  facet normal -0.226938 0.973909 0
    outer loop
      vertex 47.5647 85.8768 0
      vertex 47.3321 85.8226 6.49
      vertex 47.5647 85.8768 6.49
    endloop
  endfacet
  facet normal -0.226938 0.973909 0
    outer loop
      vertex 47.3321 85.8226 6.49
      vertex 47.5647 85.8768 0
      vertex 47.3321 85.8226 0
    endloop
  endfacet
  facet normal 0.729759 0.683704 0
    outer loop
      vertex 44.0391 86.8215 6.49
      vertex 43.8758 86.9958 0
      vertex 43.8758 86.9958 6.49
    endloop
  endfacet
  facet normal 0.729759 0.683704 0
    outer loop
      vertex 43.8758 86.9958 0
      vertex 44.0391 86.8215 6.49
      vertex 44.0391 86.8215 0
    endloop
  endfacet
  facet normal 0.881959 0.471327 0
    outer loop
      vertex 43.459 87.5774 6.49
      vertex 43.3464 87.7881 0
      vertex 43.3464 87.7881 6.49
    endloop
  endfacet
  facet normal 0.881959 0.471327 0
    outer loop
      vertex 43.3464 87.7881 0
      vertex 43.459 87.5774 6.49
      vertex 43.459 87.5774 0
    endloop
  endfacet
  facet normal 0.41273 -0.910853 0
    outer loop
      vertex 45.0056 92.676 0
      vertex 45.2232 92.7746 6.49
      vertex 45.0056 92.676 6.49
    endloop
  endfacet
  facet normal 0.41273 -0.910853 0
    outer loop
      vertex 45.2232 92.7746 6.49
      vertex 45.0056 92.676 0
      vertex 45.2232 92.7746 0
    endloop
  endfacet
  facet normal 0.582307 0.812969 -0
    outer loop
      vertex 44.5922 86.3676 0
      vertex 44.398 86.5067 6.49
      vertex 44.5922 86.3676 6.49
    endloop
  endfacet
  facet normal 0.582307 0.812969 0
    outer loop
      vertex 44.398 86.5067 6.49
      vertex 44.5922 86.3676 0
      vertex 44.398 86.5067 0
    endloop
  endfacet
  facet normal -0.290112 0.956993 0
    outer loop
      vertex 47.7933 85.9461 0
      vertex 47.5647 85.8768 6.49
      vertex 47.7933 85.9461 6.49
    endloop
  endfacet
  facet normal -0.290112 0.956993 0
    outer loop
      vertex 47.5647 85.8768 6.49
      vertex 47.7933 85.9461 0
      vertex 47.5647 85.8768 0
    endloop
  endfacet
  facet normal 0.162837 0.986653 -0
    outer loop
      vertex 46.1436 85.7837 0
      vertex 45.9079 85.8226 6.49
      vertex 46.1436 85.7837 6.49
    endloop
  endfacet
  facet normal 0.162837 0.986653 0
    outer loop
      vertex 45.9079 85.8226 6.49
      vertex 46.1436 85.7837 0
      vertex 45.9079 85.8226 0
    endloop
  endfacet
  facet normal -0.582307 0.812969 0
    outer loop
      vertex 48.842 86.5067 0
      vertex 48.6478 86.3676 6.49
      vertex 48.842 86.5067 6.49
    endloop
  endfacet
  facet normal -0.582307 0.812969 0
    outer loop
      vertex 48.6478 86.3676 6.49
      vertex 48.842 86.5067 0
      vertex 48.6478 86.3676 0
    endloop
  endfacet
  facet normal 0.812629 -0.582782 0
    outer loop
      vertex 43.5851 91.4303 6.49
      vertex 43.7243 91.6244 0
      vertex 43.7243 91.6244 6.49
    endloop
  endfacet
  facet normal 0.812629 -0.582782 0
    outer loop
      vertex 43.7243 91.6244 0
      vertex 43.5851 91.4303 6.49
      vertex 43.5851 91.4303 0
    endloop
  endfacet
  facet normal 0.471501 0.881866 -0
    outer loop
      vertex 45.0056 86.1288 0
      vertex 44.795 86.2414 6.49
      vertex 45.0056 86.1288 6.49
    endloop
  endfacet
  facet normal 0.471501 0.881866 0
    outer loop
      vertex 44.795 86.2414 6.49
      vertex 45.0056 86.1288 0
      vertex 44.795 86.2414 0
    endloop
  endfacet
  facet normal 0.6344 0.773005 -0
    outer loop
      vertex 44.398 86.5067 0
      vertex 44.2134 86.6582 6.49
      vertex 44.398 86.5067 6.49
    endloop
  endfacet
  facet normal 0.6344 0.773005 0
    outer loop
      vertex 44.2134 86.6582 6.49
      vertex 44.398 86.5067 0
      vertex 44.2134 86.6582 0
    endloop
  endfacet
  facet normal 0.683704 0.729759 -0
    outer loop
      vertex 44.2134 86.6582 0
      vertex 44.0391 86.8215 6.49
      vertex 44.2134 86.6582 6.49
    endloop
  endfacet
  facet normal 0.683704 0.729759 0
    outer loop
      vertex 44.0391 86.8215 6.49
      vertex 44.2134 86.6582 0
      vertex 44.0391 86.8215 0
    endloop
  endfacet
  facet normal -0.352179 -0.935933 0
    outer loop
      vertex 47.7933 92.8587 0
      vertex 48.0168 92.7746 6.49
      vertex 47.7933 92.8587 6.49
    endloop
  endfacet
  facet normal -0.352179 -0.935933 -0
    outer loop
      vertex 48.0168 92.7746 6.49
      vertex 47.7933 92.8587 0
      vertex 48.0168 92.7746 0
    endloop
  endfacet
  facet normal 0.290112 0.956993 -0
    outer loop
      vertex 45.6753 85.8768 0
      vertex 45.4467 85.9461 6.49
      vertex 45.6753 85.8768 6.49
    endloop
  endfacet
  facet normal 0.290112 0.956993 0
    outer loop
      vertex 45.4467 85.9461 6.49
      vertex 45.6753 85.8768 0
      vertex 45.4467 85.9461 0
    endloop
  endfacet
  facet normal 0.528342 0.849032 -0
    outer loop
      vertex 44.795 86.2414 0
      vertex 44.5922 86.3676 6.49
      vertex 44.795 86.2414 6.49
    endloop
  endfacet
  facet normal 0.528342 0.849032 0
    outer loop
      vertex 44.5922 86.3676 6.49
      vertex 44.795 86.2414 0
      vertex 44.5922 86.3676 0
    endloop
  endfacet
  facet normal 0.63465 -0.7728 0
    outer loop
      vertex 44.2134 92.1466 0
      vertex 44.398 92.2982 6.49
      vertex 44.2134 92.1466 6.49
    endloop
  endfacet
  facet normal 0.63465 -0.7728 0
    outer loop
      vertex 44.398 92.2982 6.49
      vertex 44.2134 92.1466 0
      vertex 44.398 92.2982 0
    endloop
  endfacet
  facet normal 0.582307 -0.812969 0
    outer loop
      vertex 44.398 92.2982 0
      vertex 44.5922 92.4373 6.49
      vertex 44.398 92.2982 6.49
    endloop
  endfacet
  facet normal 0.582307 -0.812969 0
    outer loop
      vertex 44.5922 92.4373 6.49
      vertex 44.398 92.2982 0
      vertex 44.5922 92.4373 0
    endloop
  endfacet
  facet normal 0.729955 -0.683495 0
    outer loop
      vertex 43.8758 91.809 6.49
      vertex 44.0391 91.9834 0
      vertex 44.0391 91.9834 6.49
    endloop
  endfacet
  facet normal 0.729955 -0.683495 0
    outer loop
      vertex 44.0391 91.9834 0
      vertex 43.8758 91.809 6.49
      vertex 43.8758 91.809 0
    endloop
  endfacet
  facet normal -0.6344 0.773005 0
    outer loop
      vertex 49.0266 86.6582 0
      vertex 48.842 86.5067 6.49
      vertex 49.0266 86.6582 6.49
    endloop
  endfacet
  facet normal -0.6344 0.773005 0
    outer loop
      vertex 48.842 86.5067 6.49
      vertex 49.0266 86.6582 0
      vertex 48.842 86.5067 0
    endloop
  endfacet
  facet normal 0.881866 -0.471501 0
    outer loop
      vertex 43.3464 91.0168 6.49
      vertex 43.459 91.2274 0
      vertex 43.459 91.2274 6.49
    endloop
  endfacet
  facet normal 0.881866 -0.471501 0
    outer loop
      vertex 43.459 91.2274 0
      vertex 43.3464 91.0168 6.49
      vertex 43.3464 91.0168 0
    endloop
  endfacet
  facet normal -0.995351 -0.0963108 0
    outer loop
      vertex 112.422 89.6411 0
      vertex 112.399 89.8788 6.49
      vertex 112.399 89.8788 0
    endloop
  endfacet
  facet normal -0.995351 -0.0963108 0
    outer loop
      vertex 112.399 89.8788 6.49
      vertex 112.422 89.6411 0
      vertex 112.422 89.6411 6.49
    endloop
  endfacet
  facet normal -0.999439 -0.0334961 0
    outer loop
      vertex 112.43 89.4024 0
      vertex 112.422 89.6411 6.49
      vertex 112.422 89.6411 0
    endloop
  endfacet
  facet normal -0.999439 -0.0334961 0
    outer loop
      vertex 112.422 89.6411 6.49
      vertex 112.43 89.4024 0
      vertex 112.43 89.4024 6.49
    endloop
  endfacet
  facet normal -0.986586 -0.163245 0
    outer loop
      vertex 112.399 89.8788 0
      vertex 112.36 90.1145 6.49
      vertex 112.36 90.1145 0
    endloop
  endfacet
  facet normal -0.986586 -0.163245 0
    outer loop
      vertex 112.36 90.1145 6.49
      vertex 112.399 89.8788 0
      vertex 112.399 89.8788 6.49
    endloop
  endfacet
  facet normal 0.771979 -0.635649 0
    outer loop
      vertex 105.884 91.6244 6.49
      vertex 106.036 91.809 0
      vertex 106.036 91.809 6.49
    endloop
  endfacet
  facet normal 0.771979 -0.635649 0
    outer loop
      vertex 106.036 91.809 0
      vertex 105.884 91.6244 6.49
      vertex 105.884 91.6244 0
    endloop
  endfacet
  facet normal 0.730386 0.683035 0
    outer loop
      vertex 106.199 86.8215 6.49
      vertex 106.036 86.9958 0
      vertex 106.036 86.9958 6.49
    endloop
  endfacet
  facet normal 0.730386 0.683035 0
    outer loop
      vertex 106.036 86.9958 0
      vertex 106.199 86.8215 6.49
      vertex 106.199 86.8215 0
    endloop
  endfacet
  facet normal -0.881262 0.472628 0
    outer loop
      vertex 111.941 87.5774 0
      vertex 112.054 87.7881 6.49
      vertex 112.054 87.7881 0
    endloop
  endfacet
  facet normal -0.881262 0.472628 0
    outer loop
      vertex 112.054 87.7881 6.49
      vertex 111.941 87.5774 0
      vertex 111.941 87.5774 6.49
    endloop
  endfacet
  facet normal -0.684108 -0.72938 0
    outer loop
      vertex 111.187 92.1466 0
      vertex 111.361 91.9834 6.49
      vertex 111.187 92.1466 6.49
    endloop
  endfacet
  facet normal -0.684108 -0.72938 -0
    outer loop
      vertex 111.361 91.9834 6.49
      vertex 111.187 92.1466 0
      vertex 111.361 91.9834 0
    endloop
  endfacet
  facet normal -0.936123 0.351674 0
    outer loop
      vertex 112.152 88.0056 0
      vertex 112.236 88.2292 6.49
      vertex 112.236 88.2292 0
    endloop
  endfacet
  facet normal -0.936123 0.351674 0
    outer loop
      vertex 112.236 88.2292 6.49
      vertex 112.152 88.0056 0
      vertex 112.152 88.0056 6.49
    endloop
  endfacet
  facet normal -0.881169 -0.472802 0
    outer loop
      vertex 112.054 91.0168 0
      vertex 111.941 91.2274 6.49
      vertex 111.941 91.2274 0
    endloop
  endfacet
  facet normal -0.881169 -0.472802 0
    outer loop
      vertex 111.941 91.2274 6.49
      vertex 112.054 91.0168 0
      vertex 112.054 91.0168 6.49
    endloop
  endfacet
  facet normal -0.974094 -0.226144 0
    outer loop
      vertex 112.36 90.1145 0
      vertex 112.306 90.3471 6.49
      vertex 112.306 90.3471 0
    endloop
  endfacet
  facet normal -0.974094 -0.226144 0
    outer loop
      vertex 112.306 90.3471 6.49
      vertex 112.36 90.1145 0
      vertex 112.36 90.1145 6.49
    endloop
  endfacet
  facet normal 0.527665 -0.849453 0
    outer loop
      vertex 106.752 92.4373 0
      vertex 106.955 92.5634 6.49
      vertex 106.752 92.4373 6.49
    endloop
  endfacet
  facet normal 0.527665 -0.849453 0
    outer loop
      vertex 106.955 92.5634 6.49
      vertex 106.752 92.4373 0
      vertex 106.955 92.5634 0
    endloop
  endfacet
  facet normal -0.527665 -0.849453 0
    outer loop
      vertex 110.605 92.5634 0
      vertex 110.808 92.4373 6.49
      vertex 110.605 92.5634 6.49
    endloop
  endfacet
  facet normal -0.527665 -0.849453 -0
    outer loop
      vertex 110.808 92.4373 6.49
      vertex 110.605 92.5634 0
      vertex 110.808 92.4373 0
    endloop
  endfacet
  facet normal -0.162636 0.986686 0
    outer loop
      vertex 109.492 85.8226 0
      vertex 109.256 85.7837 6.49
      vertex 109.492 85.8226 6.49
    endloop
  endfacet
  facet normal -0.162636 0.986686 0
    outer loop
      vertex 109.256 85.7837 6.49
      vertex 109.492 85.8226 0
      vertex 109.256 85.7837 0
    endloop
  endfacet
  facet normal 0.413677 -0.910424 0
    outer loop
      vertex 107.166 92.676 0
      vertex 107.383 92.7746 6.49
      vertex 107.166 92.676 6.49
    endloop
  endfacet
  facet normal 0.413677 -0.910424 0
    outer loop
      vertex 107.383 92.7746 6.49
      vertex 107.166 92.676 0
      vertex 107.383 92.7746 0
    endloop
  endfacet
  facet normal 0.290811 0.956781 -0
    outer loop
      vertex 107.835 85.8768 0
      vertex 107.607 85.9461 6.49
      vertex 107.835 85.8768 6.49
    endloop
  endfacet
  facet normal 0.290811 0.956781 0
    outer loop
      vertex 107.607 85.9461 6.49
      vertex 107.835 85.8768 0
      vertex 107.607 85.9461 0
    endloop
  endfacet
  facet normal 0.730581 -0.682826 0
    outer loop
      vertex 106.036 91.809 6.49
      vertex 106.199 91.9834 0
      vertex 106.199 91.9834 6.49
    endloop
  endfacet
  facet normal 0.730581 -0.682826 0
    outer loop
      vertex 106.199 91.9834 0
      vertex 106.036 91.809 6.49
      vertex 106.036 91.809 0
    endloop
  endfacet
  facet normal -0.0982564 -0.995161 0
    outer loop
      vertex 109.019 93.0446 0
      vertex 109.256 93.0212 6.49
      vertex 109.019 93.0446 6.49
    endloop
  endfacet
  facet normal -0.0982564 -0.995161 -0
    outer loop
      vertex 109.256 93.0212 6.49
      vertex 109.019 93.0446 0
      vertex 109.256 93.0212 0
    endloop
  endfacet
  facet normal -0.226569 -0.973995 0
    outer loop
      vertex 109.492 92.9823 0
      vertex 109.725 92.9281 6.49
      vertex 109.492 92.9823 6.49
    endloop
  endfacet
  facet normal -0.226569 -0.973995 -0
    outer loop
      vertex 109.725 92.9281 6.49
      vertex 109.492 92.9823 0
      vertex 109.725 92.9281 0
    endloop
  endfacet
  facet normal -0.936071 -0.351812 0
    outer loop
      vertex 112.236 90.5757 0
      vertex 112.152 90.7992 6.49
      vertex 112.152 90.7992 0
    endloop
  endfacet
  facet normal -0.936071 -0.351812 0
    outer loop
      vertex 112.152 90.7992 6.49
      vertex 112.236 90.5757 0
      vertex 112.236 90.5757 6.49
    endloop
  endfacet
  facet normal 0.684108 -0.72938 0
    outer loop
      vertex 106.199 91.9834 0
      vertex 106.373 92.1466 6.49
      vertex 106.199 91.9834 6.49
    endloop
  endfacet
  facet normal 0.684108 -0.72938 0
    outer loop
      vertex 106.373 92.1466 6.49
      vertex 106.199 91.9834 0
      vertex 106.373 92.1466 0
    endloop
  endfacet
  facet normal 0.986586 0.163245 0
    outer loop
      vertex 105.2 88.6903 6.49
      vertex 105.161 88.926 0
      vertex 105.161 88.926 6.49
    endloop
  endfacet
  facet normal 0.986586 0.163245 0
    outer loop
      vertex 105.161 88.926 0
      vertex 105.2 88.6903 6.49
      vertex 105.2 88.6903 0
    endloop
  endfacet
  facet normal 0.849524 -0.52755 0
    outer loop
      vertex 105.619 91.2274 6.49
      vertex 105.745 91.4303 0
      vertex 105.745 91.4303 6.49
    endloop
  endfacet
  facet normal 0.849524 -0.52755 0
    outer loop
      vertex 105.745 91.4303 0
      vertex 105.619 91.2274 6.49
      vertex 105.619 91.2274 0
    endloop
  endfacet
  facet normal 0.470805 0.882237 -0
    outer loop
      vertex 107.166 86.1288 0
      vertex 106.955 86.2414 6.49
      vertex 107.166 86.1288 6.49
    endloop
  endfacet
  facet normal 0.470805 0.882237 0
    outer loop
      vertex 106.955 86.2414 6.49
      vertex 107.166 86.1288 0
      vertex 106.955 86.2414 0
    endloop
  endfacet
  facet normal 0.956176 -0.292792 0
    outer loop
      vertex 105.254 90.3471 6.49
      vertex 105.324 90.5757 0
      vertex 105.324 90.5757 6.49
    endloop
  endfacet
  facet normal 0.956176 -0.292792 0
    outer loop
      vertex 105.324 90.5757 0
      vertex 105.254 90.3471 6.49
      vertex 105.254 90.3471 0
    endloop
  endfacet
  facet normal 0.772147 0.635443 0
    outer loop
      vertex 106.036 86.9958 6.49
      vertex 105.884 87.1805 0
      vertex 105.884 87.1805 6.49
    endloop
  endfacet
  facet normal 0.772147 0.635443 0
    outer loop
      vertex 105.884 87.1805 0
      vertex 106.036 86.9958 6.49
      vertex 106.036 86.9958 0
    endloop
  endfacet
  facet normal -0.35149 -0.936192 0
    outer loop
      vertex 109.953 92.8587 0
      vertex 110.177 92.7746 6.49
      vertex 109.953 92.8587 6.49
    endloop
  endfacet
  facet normal -0.35149 -0.936192 -0
    outer loop
      vertex 110.177 92.7746 6.49
      vertex 109.953 92.8587 0
      vertex 110.177 92.7746 0
    endloop
  endfacet
  facet normal -0.999439 0.0334961 0
    outer loop
      vertex 112.422 89.1637 0
      vertex 112.43 89.4024 6.49
      vertex 112.43 89.4024 0
    endloop
  endfacet
  facet normal -0.999439 0.0334961 0
    outer loop
      vertex 112.43 89.4024 6.49
      vertex 112.422 89.1637 0
      vertex 112.422 89.1637 6.49
    endloop
  endfacet
  facet normal -0.956176 -0.292792 0
    outer loop
      vertex 112.306 90.3471 0
      vertex 112.236 90.5757 6.49
      vertex 112.236 90.5757 0
    endloop
  endfacet
  facet normal -0.956176 -0.292792 0
    outer loop
      vertex 112.236 90.5757 6.49
      vertex 112.306 90.3471 0
      vertex 112.306 90.3471 6.49
    endloop
  endfacet
  facet normal -0.813025 -0.582228 0
    outer loop
      vertex 111.815 91.4303 0
      vertex 111.676 91.6244 6.49
      vertex 111.676 91.6244 0
    endloop
  endfacet
  facet normal -0.813025 -0.582228 0
    outer loop
      vertex 111.676 91.6244 6.49
      vertex 111.815 91.4303 0
      vertex 111.815 91.4303 6.49
    endloop
  endfacet
  facet normal 0.911796 -0.410643 0
    outer loop
      vertex 105.408 90.7992 6.49
      vertex 105.506 91.0168 0
      vertex 105.506 91.0168 6.49
    endloop
  endfacet
  facet normal 0.911796 -0.410643 0
    outer loop
      vertex 105.506 91.0168 0
      vertex 105.408 90.7992 6.49
      vertex 105.408 90.7992 0
    endloop
  endfacet
  facet normal -0.470805 -0.882237 0
    outer loop
      vertex 110.394 92.676 0
      vertex 110.605 92.5634 6.49
      vertex 110.394 92.676 6.49
    endloop
  endfacet
  facet normal -0.470805 -0.882237 -0
    outer loop
      vertex 110.605 92.5634 6.49
      vertex 110.394 92.676 0
      vertex 110.605 92.5634 0
    endloop
  endfacet
  facet normal 0.881262 0.472628 0
    outer loop
      vertex 105.619 87.5774 6.49
      vertex 105.506 87.7881 0
      vertex 105.506 87.7881 6.49
    endloop
  endfacet
  facet normal 0.881262 0.472628 0
    outer loop
      vertex 105.506 87.7881 0
      vertex 105.619 87.5774 6.49
      vertex 105.619 87.5774 0
    endloop
  endfacet
  facet normal 0.849407 0.527738 0
    outer loop
      vertex 105.745 87.3746 6.49
      vertex 105.619 87.5774 0
      vertex 105.619 87.5774 6.49
    endloop
  endfacet
  facet normal 0.849407 0.527738 0
    outer loop
      vertex 105.619 87.5774 0
      vertex 105.745 87.3746 6.49
      vertex 105.745 87.3746 0
    endloop
  endfacet
  facet normal -0.162636 -0.986686 0
    outer loop
      vertex 109.256 93.0212 0
      vertex 109.492 92.9823 6.49
      vertex 109.256 93.0212 6.49
    endloop
  endfacet
  facet normal -0.162636 -0.986686 -0
    outer loop
      vertex 109.492 92.9823 6.49
      vertex 109.256 93.0212 0
      vertex 109.492 92.9823 0
    endloop
  endfacet
  facet normal 0.63383 -0.773473 0
    outer loop
      vertex 106.373 92.1466 0
      vertex 106.558 92.2982 6.49
      vertex 106.373 92.1466 6.49
    endloop
  endfacet
  facet normal 0.63383 -0.773473 0
    outer loop
      vertex 106.558 92.2982 6.49
      vertex 106.373 92.1466 0
      vertex 106.558 92.2982 0
    endloop
  endfacet
  facet normal -0.413329 0.910582 0
    outer loop
      vertex 110.394 86.1288 0
      vertex 110.177 86.0303 6.49
      vertex 110.394 86.1288 6.49
    endloop
  endfacet
  facet normal -0.413329 0.910582 0
    outer loop
      vertex 110.177 86.0303 6.49
      vertex 110.394 86.1288 0
      vertex 110.177 86.0303 0
    endloop
  endfacet
  facet normal -0.995351 0.0963108 0
    outer loop
      vertex 112.399 88.926 0
      vertex 112.422 89.1637 6.49
      vertex 112.422 89.1637 0
    endloop
  endfacet
  facet normal -0.995351 0.0963108 0
    outer loop
      vertex 112.422 89.1637 6.49
      vertex 112.399 88.926 0
      vertex 112.399 88.926 6.49
    endloop
  endfacet
  facet normal 0.0326186 -0.999468 0
    outer loop
      vertex 108.541 93.0446 0
      vertex 108.78 93.0524 6.49
      vertex 108.541 93.0446 6.49
    endloop
  endfacet
  facet normal 0.0326186 -0.999468 0
    outer loop
      vertex 108.78 93.0524 6.49
      vertex 108.541 93.0446 0
      vertex 108.78 93.0524 0
    endloop
  endfacet
  facet normal 0.999439 0.0334961 0
    outer loop
      vertex 105.138 89.1637 6.49
      vertex 105.13 89.4024 0
      vertex 105.13 89.4024 6.49
    endloop
  endfacet
  facet normal 0.999439 0.0334961 0
    outer loop
      vertex 105.13 89.4024 0
      vertex 105.138 89.1637 6.49
      vertex 105.138 89.1637 0
    endloop
  endfacet
  facet normal 0.633579 0.773678 -0
    outer loop
      vertex 106.558 86.5067 0
      vertex 106.373 86.6582 6.49
      vertex 106.558 86.5067 6.49
    endloop
  endfacet
  facet normal 0.633579 0.773678 0
    outer loop
      vertex 106.373 86.6582 6.49
      vertex 106.558 86.5067 0
      vertex 106.373 86.6582 0
    endloop
  endfacet
  facet normal 0.351856 0.936054 -0
    outer loop
      vertex 107.607 85.9461 0
      vertex 107.383 86.0303 6.49
      vertex 107.607 85.9461 6.49
    endloop
  endfacet
  facet normal 0.351856 0.936054 0
    outer loop
      vertex 107.383 86.0303 6.49
      vertex 107.607 85.9461 0
      vertex 107.383 86.0303 0
    endloop
  endfacet
  facet normal -0.413677 -0.910424 0
    outer loop
      vertex 110.177 92.7746 0
      vertex 110.394 92.676 6.49
      vertex 110.177 92.7746 6.49
    endloop
  endfacet
  facet normal -0.413677 -0.910424 -0
    outer loop
      vertex 110.394 92.676 6.49
      vertex 110.177 92.7746 0
      vertex 110.394 92.676 0
    endloop
  endfacet
  facet normal -0.582703 -0.812685 0
    outer loop
      vertex 110.808 92.4373 0
      vertex 111.002 92.2982 6.49
      vertex 110.808 92.4373 6.49
    endloop
  endfacet
  facet normal -0.582703 -0.812685 -0
    outer loop
      vertex 111.002 92.2982 6.49
      vertex 110.808 92.4373 0
      vertex 111.002 92.2982 0
    endloop
  endfacet
  facet normal -0.95614 0.292909 0
    outer loop
      vertex 112.236 88.2292 0
      vertex 112.306 88.4577 6.49
      vertex 112.306 88.4577 0
    endloop
  endfacet
  facet normal -0.95614 0.292909 0
    outer loop
      vertex 112.306 88.4577 6.49
      vertex 112.236 88.2292 0
      vertex 112.236 88.2292 6.49
    endloop
  endfacet
  facet normal 0.291195 -0.956664 0
    outer loop
      vertex 107.607 92.8587 0
      vertex 107.835 92.9281 6.49
      vertex 107.607 92.8587 6.49
    endloop
  endfacet
  facet normal 0.291195 -0.956664 0
    outer loop
      vertex 107.835 92.9281 6.49
      vertex 107.607 92.8587 0
      vertex 107.835 92.9281 0
    endloop
  endfacet
  facet normal -0.0326186 -0.999468 0
    outer loop
      vertex 108.78 93.0524 0
      vertex 109.019 93.0446 6.49
      vertex 108.78 93.0524 6.49
    endloop
  endfacet
  facet normal -0.0326186 -0.999468 -0
    outer loop
      vertex 109.019 93.0446 6.49
      vertex 108.78 93.0524 0
      vertex 109.019 93.0446 0
    endloop
  endfacet
  facet normal 0.226569 -0.973995 0
    outer loop
      vertex 107.835 92.9281 0
      vertex 108.068 92.9823 6.49
      vertex 107.835 92.9281 6.49
    endloop
  endfacet
  facet normal 0.226569 -0.973995 0
    outer loop
      vertex 108.068 92.9823 6.49
      vertex 107.835 92.9281 0
      vertex 108.068 92.9823 0
    endloop
  endfacet
  facet normal -0.63383 -0.773473 0
    outer loop
      vertex 111.002 92.2982 0
      vertex 111.187 92.1466 6.49
      vertex 111.002 92.2982 6.49
    endloop
  endfacet
  facet normal -0.63383 -0.773473 -0
    outer loop
      vertex 111.187 92.1466 6.49
      vertex 111.002 92.2982 0
      vertex 111.187 92.1466 0
    endloop
  endfacet
  facet normal -0.772147 0.635443 0
    outer loop
      vertex 111.524 86.9958 0
      vertex 111.676 87.1805 6.49
      vertex 111.676 87.1805 0
    endloop
  endfacet
  facet normal -0.772147 0.635443 0
    outer loop
      vertex 111.676 87.1805 6.49
      vertex 111.524 86.9958 0
      vertex 111.524 86.9958 6.49
    endloop
  endfacet
  facet normal 0.35149 -0.936192 0
    outer loop
      vertex 107.383 92.7746 0
      vertex 107.607 92.8587 6.49
      vertex 107.383 92.7746 6.49
    endloop
  endfacet
  facet normal 0.35149 -0.936192 0
    outer loop
      vertex 107.607 92.8587 6.49
      vertex 107.383 92.7746 0
      vertex 107.607 92.8587 0
    endloop
  endfacet
  facet normal 0.813025 -0.582228 0
    outer loop
      vertex 105.745 91.4303 6.49
      vertex 105.884 91.6244 0
      vertex 105.884 91.6244 6.49
    endloop
  endfacet
  facet normal 0.813025 -0.582228 0
    outer loop
      vertex 105.884 91.6244 0
      vertex 105.745 91.4303 6.49
      vertex 105.745 91.4303 0
    endloop
  endfacet
  facet normal 0.684331 0.729171 -0
    outer loop
      vertex 106.373 86.6582 0
      vertex 106.199 86.8215 6.49
      vertex 106.373 86.6582 6.49
    endloop
  endfacet
  facet normal 0.684331 0.729171 0
    outer loop
      vertex 106.199 86.8215 6.49
      vertex 106.373 86.6582 0
      vertex 106.199 86.8215 0
    endloop
  endfacet
  facet normal -0.911796 -0.410643 0
    outer loop
      vertex 112.152 90.7992 0
      vertex 112.054 91.0168 6.49
      vertex 112.054 91.0168 0
    endloop
  endfacet
  facet normal -0.911796 -0.410643 0
    outer loop
      vertex 112.054 91.0168 6.49
      vertex 112.152 90.7992 0
      vertex 112.152 90.7992 6.49
    endloop
  endfacet
  facet normal -0.684331 0.729171 0
    outer loop
      vertex 111.361 86.8215 0
      vertex 111.187 86.6582 6.49
      vertex 111.361 86.8215 6.49
    endloop
  endfacet
  facet normal -0.684331 0.729171 0
    outer loop
      vertex 111.187 86.6582 6.49
      vertex 111.361 86.8215 0
      vertex 111.187 86.6582 0
    endloop
  endfacet
  facet normal -0.849524 -0.52755 0
    outer loop
      vertex 111.941 91.2274 0
      vertex 111.815 91.4303 6.49
      vertex 111.815 91.4303 0
    endloop
  endfacet
  facet normal -0.849524 -0.52755 0
    outer loop
      vertex 111.815 91.4303 6.49
      vertex 111.941 91.2274 0
      vertex 111.941 91.2274 6.49
    endloop
  endfacet
  facet normal 0.881169 -0.472802 0
    outer loop
      vertex 105.506 91.0168 6.49
      vertex 105.619 91.2274 0
      vertex 105.619 91.2274 6.49
    endloop
  endfacet
  facet normal 0.881169 -0.472802 0
    outer loop
      vertex 105.619 91.2274 0
      vertex 105.506 91.0168 6.49
      vertex 105.506 91.0168 0
    endloop
  endfacet
  facet normal -0.771979 -0.635649 0
    outer loop
      vertex 111.676 91.6244 0
      vertex 111.524 91.809 6.49
      vertex 111.524 91.809 0
    endloop
  endfacet
  facet normal -0.771979 -0.635649 0
    outer loop
      vertex 111.524 91.809 6.49
      vertex 111.676 91.6244 0
      vertex 111.676 91.6244 6.49
    endloop
  endfacet
  facet normal 0.582703 -0.812685 0
    outer loop
      vertex 106.558 92.2982 0
      vertex 106.752 92.4373 6.49
      vertex 106.558 92.2982 6.49
    endloop
  endfacet
  facet normal 0.582703 -0.812685 0
    outer loop
      vertex 106.752 92.4373 6.49
      vertex 106.558 92.2982 0
      vertex 106.752 92.4373 0
    endloop
  endfacet
  facet normal -0.849407 0.527738 0
    outer loop
      vertex 111.815 87.3746 0
      vertex 111.941 87.5774 6.49
      vertex 111.941 87.5774 0
    endloop
  endfacet
  facet normal -0.849407 0.527738 0
    outer loop
      vertex 111.941 87.5774 6.49
      vertex 111.815 87.3746 0
      vertex 111.815 87.3746 6.49
    endloop
  endfacet
  facet normal -0.0986722 0.99512 0
    outer loop
      vertex 109.256 85.7837 0
      vertex 109.019 85.7602 6.49
      vertex 109.256 85.7837 6.49
    endloop
  endfacet
  facet normal -0.0986722 0.99512 0
    outer loop
      vertex 109.019 85.7602 6.49
      vertex 109.256 85.7837 0
      vertex 109.019 85.7602 0
    endloop
  endfacet
  facet normal 0.0326186 0.999468 -0
    outer loop
      vertex 108.78 85.7524 0
      vertex 108.541 85.7602 6.49
      vertex 108.78 85.7524 6.49
    endloop
  endfacet
  facet normal 0.0326186 0.999468 0
    outer loop
      vertex 108.541 85.7602 6.49
      vertex 108.78 85.7524 0
      vertex 108.541 85.7602 0
    endloop
  endfacet
  facet normal -0.730386 0.683035 0
    outer loop
      vertex 111.361 86.8215 0
      vertex 111.524 86.9958 6.49
      vertex 111.524 86.9958 0
    endloop
  endfacet
  facet normal -0.730386 0.683035 0
    outer loop
      vertex 111.524 86.9958 6.49
      vertex 111.361 86.8215 0
      vertex 111.361 86.8215 6.49
    endloop
  endfacet
  facet normal -0.527967 0.849265 0
    outer loop
      vertex 110.808 86.3676 0
      vertex 110.605 86.2414 6.49
      vertex 110.808 86.3676 6.49
    endloop
  endfacet
  facet normal -0.527967 0.849265 0
    outer loop
      vertex 110.605 86.2414 6.49
      vertex 110.808 86.3676 0
      vertex 110.605 86.2414 0
    endloop
  endfacet
  facet normal 0.162636 -0.986686 0
    outer loop
      vertex 108.068 92.9823 0
      vertex 108.304 93.0212 6.49
      vertex 108.068 92.9823 6.49
    endloop
  endfacet
  facet normal 0.162636 -0.986686 0
    outer loop
      vertex 108.304 93.0212 6.49
      vertex 108.068 92.9823 0
      vertex 108.304 93.0212 0
    endloop
  endfacet
  facet normal -0.0326186 0.999468 0
    outer loop
      vertex 109.019 85.7602 0
      vertex 108.78 85.7524 6.49
      vertex 109.019 85.7602 6.49
    endloop
  endfacet
  facet normal -0.0326186 0.999468 0
    outer loop
      vertex 108.78 85.7524 6.49
      vertex 109.019 85.7602 0
      vertex 108.78 85.7524 0
    endloop
  endfacet
  facet normal 0.936123 0.351674 0
    outer loop
      vertex 105.408 88.0056 6.49
      vertex 105.324 88.2292 0
      vertex 105.324 88.2292 6.49
    endloop
  endfacet
  facet normal 0.936123 0.351674 0
    outer loop
      vertex 105.324 88.2292 0
      vertex 105.408 88.0056 6.49
      vertex 105.408 88.0056 0
    endloop
  endfacet
  facet normal 0.974094 -0.226144 0
    outer loop
      vertex 105.2 90.1145 6.49
      vertex 105.254 90.3471 0
      vertex 105.254 90.3471 6.49
    endloop
  endfacet
  facet normal 0.974094 -0.226144 0
    outer loop
      vertex 105.254 90.3471 0
      vertex 105.2 90.1145 6.49
      vertex 105.2 90.1145 0
    endloop
  endfacet
  facet normal -0.470805 0.882237 0
    outer loop
      vertex 110.605 86.2414 0
      vertex 110.394 86.1288 6.49
      vertex 110.605 86.2414 6.49
    endloop
  endfacet
  facet normal -0.470805 0.882237 0
    outer loop
      vertex 110.394 86.1288 6.49
      vertex 110.605 86.2414 0
      vertex 110.394 86.1288 0
    endloop
  endfacet
  facet normal 0.582703 0.812685 -0
    outer loop
      vertex 106.752 86.3676 0
      vertex 106.558 86.5067 6.49
      vertex 106.752 86.3676 6.49
    endloop
  endfacet
  facet normal 0.582703 0.812685 0
    outer loop
      vertex 106.558 86.5067 6.49
      vertex 106.752 86.3676 0
      vertex 106.558 86.5067 0
    endloop
  endfacet
  facet normal -0.291195 -0.956664 0
    outer loop
      vertex 109.725 92.9281 0
      vertex 109.953 92.8587 6.49
      vertex 109.725 92.9281 6.49
    endloop
  endfacet
  facet normal -0.291195 -0.956664 -0
    outer loop
      vertex 109.953 92.8587 6.49
      vertex 109.725 92.9281 0
      vertex 109.953 92.8587 0
    endloop
  endfacet
  facet normal -0.226569 0.973995 0
    outer loop
      vertex 109.725 85.8768 0
      vertex 109.492 85.8226 6.49
      vertex 109.725 85.8768 6.49
    endloop
  endfacet
  facet normal -0.226569 0.973995 0
    outer loop
      vertex 109.492 85.8226 6.49
      vertex 109.725 85.8768 0
      vertex 109.492 85.8226 0
    endloop
  endfacet
  facet normal 0.527967 0.849265 -0
    outer loop
      vertex 106.955 86.2414 0
      vertex 106.752 86.3676 6.49
      vertex 106.955 86.2414 6.49
    endloop
  endfacet
  facet normal 0.527967 0.849265 0
    outer loop
      vertex 106.752 86.3676 6.49
      vertex 106.955 86.2414 0
      vertex 106.752 86.3676 0
    endloop
  endfacet
  facet normal 0.0986722 0.99512 -0
    outer loop
      vertex 108.541 85.7602 0
      vertex 108.304 85.7837 6.49
      vertex 108.541 85.7602 6.49
    endloop
  endfacet
  facet normal 0.0986722 0.99512 0
    outer loop
      vertex 108.304 85.7837 6.49
      vertex 108.541 85.7602 0
      vertex 108.304 85.7837 0
    endloop
  endfacet
  facet normal 0.0982564 -0.995161 0
    outer loop
      vertex 108.304 93.0212 0
      vertex 108.541 93.0446 6.49
      vertex 108.304 93.0212 6.49
    endloop
  endfacet
  facet normal 0.0982564 -0.995161 0
    outer loop
      vertex 108.541 93.0446 6.49
      vertex 108.304 93.0212 0
      vertex 108.541 93.0446 0
    endloop
  endfacet
  facet normal 0.470805 -0.882237 0
    outer loop
      vertex 106.955 92.5634 0
      vertex 107.166 92.676 6.49
      vertex 106.955 92.5634 6.49
    endloop
  endfacet
  facet normal 0.470805 -0.882237 0
    outer loop
      vertex 107.166 92.676 6.49
      vertex 106.955 92.5634 0
      vertex 107.166 92.676 0
    endloop
  endfacet
  facet normal 0.936071 -0.351812 0
    outer loop
      vertex 105.324 90.5757 6.49
      vertex 105.408 90.7992 0
      vertex 105.408 90.7992 6.49
    endloop
  endfacet
  facet normal 0.936071 -0.351812 0
    outer loop
      vertex 105.408 90.7992 0
      vertex 105.324 90.5757 6.49
      vertex 105.324 90.5757 0
    endloop
  endfacet
  facet normal 0.95614 0.292909 0
    outer loop
      vertex 105.324 88.2292 6.49
      vertex 105.254 88.4577 0
      vertex 105.254 88.4577 6.49
    endloop
  endfacet
  facet normal 0.95614 0.292909 0
    outer loop
      vertex 105.254 88.4577 0
      vertex 105.324 88.2292 6.49
      vertex 105.324 88.2292 0
    endloop
  endfacet
  facet normal 0.226569 0.973995 -0
    outer loop
      vertex 108.068 85.8226 0
      vertex 107.835 85.8768 6.49
      vertex 108.068 85.8226 6.49
    endloop
  endfacet
  facet normal 0.226569 0.973995 0
    outer loop
      vertex 107.835 85.8768 6.49
      vertex 108.068 85.8226 0
      vertex 107.835 85.8768 0
    endloop
  endfacet
  facet normal 0.995351 0.0963108 0
    outer loop
      vertex 105.161 88.926 6.49
      vertex 105.138 89.1637 0
      vertex 105.138 89.1637 6.49
    endloop
  endfacet
  facet normal 0.995351 0.0963108 0
    outer loop
      vertex 105.138 89.1637 0
      vertex 105.161 88.926 6.49
      vertex 105.161 88.926 0
    endloop
  endfacet
  facet normal 0.413329 0.910582 -0
    outer loop
      vertex 107.383 86.0303 0
      vertex 107.166 86.1288 6.49
      vertex 107.383 86.0303 6.49
    endloop
  endfacet
  facet normal 0.413329 0.910582 0
    outer loop
      vertex 107.166 86.1288 6.49
      vertex 107.383 86.0303 0
      vertex 107.166 86.1288 0
    endloop
  endfacet
  facet normal -0.813025 0.582228 0
    outer loop
      vertex 111.676 87.1805 0
      vertex 111.815 87.3746 6.49
      vertex 111.815 87.3746 0
    endloop
  endfacet
  facet normal -0.813025 0.582228 0
    outer loop
      vertex 111.815 87.3746 6.49
      vertex 111.676 87.1805 0
      vertex 111.676 87.1805 6.49
    endloop
  endfacet
  facet normal -0.974094 0.226144 0
    outer loop
      vertex 112.306 88.4577 0
      vertex 112.36 88.6903 6.49
      vertex 112.36 88.6903 0
    endloop
  endfacet
  facet normal -0.974094 0.226144 0
    outer loop
      vertex 112.36 88.6903 6.49
      vertex 112.306 88.4577 0
      vertex 112.306 88.4577 6.49
    endloop
  endfacet
  facet normal -0.582703 0.812685 0
    outer loop
      vertex 111.002 86.5067 0
      vertex 110.808 86.3676 6.49
      vertex 111.002 86.5067 6.49
    endloop
  endfacet
  facet normal -0.582703 0.812685 0
    outer loop
      vertex 110.808 86.3676 6.49
      vertex 111.002 86.5067 0
      vertex 110.808 86.3676 0
    endloop
  endfacet
  facet normal 0.986586 -0.163245 0
    outer loop
      vertex 105.161 89.8788 6.49
      vertex 105.2 90.1145 0
      vertex 105.2 90.1145 6.49
    endloop
  endfacet
  facet normal 0.986586 -0.163245 0
    outer loop
      vertex 105.2 90.1145 0
      vertex 105.161 89.8788 6.49
      vertex 105.161 89.8788 0
    endloop
  endfacet
  facet normal -0.986586 0.163245 0
    outer loop
      vertex 112.36 88.6903 0
      vertex 112.399 88.926 6.49
      vertex 112.399 88.926 0
    endloop
  endfacet
  facet normal -0.986586 0.163245 0
    outer loop
      vertex 112.399 88.926 6.49
      vertex 112.36 88.6903 0
      vertex 112.36 88.6903 6.49
    endloop
  endfacet
  facet normal -0.290811 0.956781 0
    outer loop
      vertex 109.953 85.9461 0
      vertex 109.725 85.8768 6.49
      vertex 109.953 85.9461 6.49
    endloop
  endfacet
  facet normal -0.290811 0.956781 0
    outer loop
      vertex 109.725 85.8768 6.49
      vertex 109.953 85.9461 0
      vertex 109.725 85.8768 0
    endloop
  endfacet
  facet normal 0.162636 0.986686 -0
    outer loop
      vertex 108.304 85.7837 0
      vertex 108.068 85.8226 6.49
      vertex 108.304 85.7837 6.49
    endloop
  endfacet
  facet normal 0.162636 0.986686 0
    outer loop
      vertex 108.068 85.8226 6.49
      vertex 108.304 85.7837 0
      vertex 108.068 85.8226 0
    endloop
  endfacet
  facet normal -0.351856 0.936054 0
    outer loop
      vertex 110.177 86.0303 0
      vertex 109.953 85.9461 6.49
      vertex 110.177 86.0303 6.49
    endloop
  endfacet
  facet normal -0.351856 0.936054 0
    outer loop
      vertex 109.953 85.9461 6.49
      vertex 110.177 86.0303 0
      vertex 109.953 85.9461 0
    endloop
  endfacet
  facet normal 0 0 -1
    outer loop
      vertex 112.422 89.1637 6.49
      vertex 112.422 89.6411 6.49
      vertex 112.43 89.4024 6.49
    endloop
  endfacet
  facet normal 0 0 -1
    outer loop
      vertex 112.399 88.926 6.49
      vertex 112.422 89.6411 6.49
      vertex 112.422 89.1637 6.49
    endloop
  endfacet
  facet normal 0 0 -1
    outer loop
      vertex 112.399 88.926 6.49
      vertex 112.399 89.8788 6.49
      vertex 112.422 89.6411 6.49
    endloop
  endfacet
  facet normal 0 0 -1
    outer loop
      vertex 112.36 88.6903 6.49
      vertex 112.399 89.8788 6.49
      vertex 112.399 88.926 6.49
    endloop
  endfacet
  facet normal 0 0 -1
    outer loop
      vertex 112.36 88.6903 6.49
      vertex 112.36 90.1145 6.49
      vertex 112.399 89.8788 6.49
    endloop
  endfacet
  facet normal 0 0 -1
    outer loop
      vertex 112.306 88.4577 6.49
      vertex 112.36 90.1145 6.49
      vertex 112.36 88.6903 6.49
    endloop
  endfacet
  facet normal 0 0 -1
    outer loop
      vertex 112.306 88.4577 6.49
      vertex 112.306 90.3471 6.49
      vertex 112.36 90.1145 6.49
    endloop
  endfacet
  facet normal 0 0 -1
    outer loop
      vertex 112.236 88.2292 6.49
      vertex 112.306 90.3471 6.49
      vertex 112.306 88.4577 6.49
    endloop
  endfacet
  facet normal 0 0 -1
    outer loop
      vertex 112.236 88.2292 6.49
      vertex 112.236 90.5757 6.49
      vertex 112.306 90.3471 6.49
    endloop
  endfacet
  facet normal 0 0 -1
    outer loop
      vertex 112.152 88.0056 6.49
      vertex 112.236 90.5757 6.49
      vertex 112.236 88.2292 6.49
    endloop
  endfacet
  facet normal 0 0 -1
    outer loop
      vertex 112.152 88.0056 6.49
      vertex 112.152 90.7992 6.49
      vertex 112.236 90.5757 6.49
    endloop
  endfacet
  facet normal 0 0 -1
    outer loop
      vertex 112.054 87.7881 6.49
      vertex 112.152 90.7992 6.49
      vertex 112.152 88.0056 6.49
    endloop
  endfacet
  facet normal 0 0 -1
    outer loop
      vertex 112.054 87.7881 6.49
      vertex 112.054 91.0168 6.49
      vertex 112.152 90.7992 6.49
    endloop
  endfacet
  facet normal 0 0 -1
    outer loop
      vertex 111.941 87.5774 6.49
      vertex 112.054 91.0168 6.49
      vertex 112.054 87.7881 6.49
    endloop
  endfacet
  facet normal 0 0 -1
    outer loop
      vertex 111.941 87.5774 6.49
      vertex 111.941 91.2274 6.49
      vertex 112.054 91.0168 6.49
    endloop
  endfacet
  facet normal 0 0 -1
    outer loop
      vertex 111.815 87.3746 6.49
      vertex 111.941 91.2274 6.49
      vertex 111.941 87.5774 6.49
    endloop
  endfacet
  facet normal 0 0 -1
    outer loop
      vertex 111.815 87.3746 6.49
      vertex 111.815 91.4303 6.49
      vertex 111.941 91.2274 6.49
    endloop
  endfacet
  facet normal 0 0 -1
    outer loop
      vertex 111.676 87.1805 6.49
      vertex 111.815 91.4303 6.49
      vertex 111.815 87.3746 6.49
    endloop
  endfacet
  facet normal 0 0 -1
    outer loop
      vertex 111.676 87.1805 6.49
      vertex 111.676 91.6244 6.49
      vertex 111.815 91.4303 6.49
    endloop
  endfacet
  facet normal 0 0 -1
    outer loop
      vertex 111.524 86.9958 6.49
      vertex 111.676 91.6244 6.49
      vertex 111.676 87.1805 6.49
    endloop
  endfacet
  facet normal 0 0 -1
    outer loop
      vertex 111.524 86.9958 6.49
      vertex 111.524 91.809 6.49
      vertex 111.676 91.6244 6.49
    endloop
  endfacet
  facet normal 0 0 -1
    outer loop
      vertex 111.361 86.8215 6.49
      vertex 111.524 91.809 6.49
      vertex 111.524 86.9958 6.49
    endloop
  endfacet
  facet normal 0 0 -1
    outer loop
      vertex 111.361 86.8215 6.49
      vertex 111.361 91.9834 6.49
      vertex 111.524 91.809 6.49
    endloop
  endfacet
  facet normal 0 0 -1
    outer loop
      vertex 111.187 86.6582 6.49
      vertex 111.361 91.9834 6.49
      vertex 111.361 86.8215 6.49
    endloop
  endfacet
  facet normal 0 0 -1
    outer loop
      vertex 111.187 86.6582 6.49
      vertex 111.187 92.1466 6.49
      vertex 111.361 91.9834 6.49
    endloop
  endfacet
  facet normal 0 0 -1
    outer loop
      vertex 111.002 86.5067 6.49
      vertex 111.187 92.1466 6.49
      vertex 111.187 86.6582 6.49
    endloop
  endfacet
  facet normal 0 0 -1
    outer loop
      vertex 111.002 86.5067 6.49
      vertex 111.002 92.2982 6.49
      vertex 111.187 92.1466 6.49
    endloop
  endfacet
  facet normal 0 0 -1
    outer loop
      vertex 110.808 86.3676 6.49
      vertex 111.002 92.2982 6.49
      vertex 111.002 86.5067 6.49
    endloop
  endfacet
  facet normal 0 0 -1
    outer loop
      vertex 110.808 86.3676 6.49
      vertex 110.808 92.4373 6.49
      vertex 111.002 92.2982 6.49
    endloop
  endfacet
  facet normal 0 0 -1
    outer loop
      vertex 110.605 86.2414 6.49
      vertex 110.808 92.4373 6.49
      vertex 110.808 86.3676 6.49
    endloop
  endfacet
  facet normal 0 0 -1
    outer loop
      vertex 110.605 86.2414 6.49
      vertex 110.605 92.5634 6.49
      vertex 110.808 92.4373 6.49
    endloop
  endfacet
  facet normal 0 0 -1
    outer loop
      vertex 110.394 86.1288 6.49
      vertex 110.605 92.5634 6.49
      vertex 110.605 86.2414 6.49
    endloop
  endfacet
  facet normal 0 0 -1
    outer loop
      vertex 110.394 86.1288 6.49
      vertex 110.394 92.676 6.49
      vertex 110.605 92.5634 6.49
    endloop
  endfacet
  facet normal 0 0 -1
    outer loop
      vertex 110.177 86.0303 6.49
      vertex 110.394 92.676 6.49
      vertex 110.394 86.1288 6.49
    endloop
  endfacet
  facet normal 0 0 -1
    outer loop
      vertex 110.177 86.0303 6.49
      vertex 110.177 92.7746 6.49
      vertex 110.394 92.676 6.49
    endloop
  endfacet
  facet normal 0 0 -1
    outer loop
      vertex 109.953 85.9461 6.49
      vertex 110.177 92.7746 6.49
      vertex 110.177 86.0303 6.49
    endloop
  endfacet
  facet normal 0 0 -1
    outer loop
      vertex 109.953 85.9461 6.49
      vertex 109.953 92.8587 6.49
      vertex 110.177 92.7746 6.49
    endloop
  endfacet
  facet normal 0 0 -1
    outer loop
      vertex 109.725 85.8768 6.49
      vertex 109.953 92.8587 6.49
      vertex 109.953 85.9461 6.49
    endloop
  endfacet
  facet normal 0 0 -1
    outer loop
      vertex 109.725 85.8768 6.49
      vertex 109.725 92.9281 6.49
      vertex 109.953 92.8587 6.49
    endloop
  endfacet
  facet normal 0 0 -1
    outer loop
      vertex 109.492 85.8226 6.49
      vertex 109.725 92.9281 6.49
      vertex 109.725 85.8768 6.49
    endloop
  endfacet
  facet normal 0 0 -1
    outer loop
      vertex 109.492 85.8226 6.49
      vertex 109.492 92.9823 6.49
      vertex 109.725 92.9281 6.49
    endloop
  endfacet
  facet normal 0 0 -1
    outer loop
      vertex 109.256 85.7837 6.49
      vertex 109.492 92.9823 6.49
      vertex 109.492 85.8226 6.49
    endloop
  endfacet
  facet normal 0 0 -1
    outer loop
      vertex 109.256 85.7837 6.49
      vertex 109.256 93.0212 6.49
      vertex 109.492 92.9823 6.49
    endloop
  endfacet
  facet normal 0 0 -1
    outer loop
      vertex 109.019 85.7602 6.49
      vertex 109.256 93.0212 6.49
      vertex 109.256 85.7837 6.49
    endloop
  endfacet
  facet normal 0 0 -1
    outer loop
      vertex 109.019 85.7602 6.49
      vertex 109.019 93.0446 6.49
      vertex 109.256 93.0212 6.49
    endloop
  endfacet
  facet normal 0 0 -1
    outer loop
      vertex 108.78 85.7524 6.49
      vertex 109.019 93.0446 6.49
      vertex 109.019 85.7602 6.49
    endloop
  endfacet
  facet normal 0 0 -1
    outer loop
      vertex 108.78 85.7524 6.49
      vertex 108.78 93.0524 6.49
      vertex 109.019 93.0446 6.49
    endloop
  endfacet
  facet normal 0 0 -1
    outer loop
      vertex 108.541 85.7602 6.49
      vertex 108.78 93.0524 6.49
      vertex 108.78 85.7524 6.49
    endloop
  endfacet
  facet normal 0 0 -1
    outer loop
      vertex 108.541 85.7602 6.49
      vertex 108.541 93.0446 6.49
      vertex 108.78 93.0524 6.49
    endloop
  endfacet
  facet normal 0 0 -1
    outer loop
      vertex 108.304 85.7837 6.49
      vertex 108.541 93.0446 6.49
      vertex 108.541 85.7602 6.49
    endloop
  endfacet
  facet normal 0 0 -1
    outer loop
      vertex 108.304 85.7837 6.49
      vertex 108.304 93.0212 6.49
      vertex 108.541 93.0446 6.49
    endloop
  endfacet
  facet normal 0 0 -1
    outer loop
      vertex 108.068 85.8226 6.49
      vertex 108.304 93.0212 6.49
      vertex 108.304 85.7837 6.49
    endloop
  endfacet
  facet normal 0 0 -1
    outer loop
      vertex 108.068 85.8226 6.49
      vertex 108.068 92.9823 6.49
      vertex 108.304 93.0212 6.49
    endloop
  endfacet
  facet normal 0 0 -1
    outer loop
      vertex 107.835 85.8768 6.49
      vertex 108.068 92.9823 6.49
      vertex 108.068 85.8226 6.49
    endloop
  endfacet
  facet normal 0 0 -1
    outer loop
      vertex 107.835 85.8768 6.49
      vertex 107.835 92.9281 6.49
      vertex 108.068 92.9823 6.49
    endloop
  endfacet
  facet normal 0 0 -1
    outer loop
      vertex 107.607 85.9461 6.49
      vertex 107.835 92.9281 6.49
      vertex 107.835 85.8768 6.49
    endloop
  endfacet
  facet normal 0 0 -1
    outer loop
      vertex 107.607 85.9461 6.49
      vertex 107.607 92.8587 6.49
      vertex 107.835 92.9281 6.49
    endloop
  endfacet
  facet normal 0 0 -1
    outer loop
      vertex 107.383 86.0303 6.49
      vertex 107.607 92.8587 6.49
      vertex 107.607 85.9461 6.49
    endloop
  endfacet
  facet normal 0 0 -1
    outer loop
      vertex 107.383 86.0303 6.49
      vertex 107.383 92.7746 6.49
      vertex 107.607 92.8587 6.49
    endloop
  endfacet
  facet normal 0 0 -1
    outer loop
      vertex 107.166 86.1288 6.49
      vertex 107.383 92.7746 6.49
      vertex 107.383 86.0303 6.49
    endloop
  endfacet
  facet normal 0 0 -1
    outer loop
      vertex 107.166 86.1288 6.49
      vertex 107.166 92.676 6.49
      vertex 107.383 92.7746 6.49
    endloop
  endfacet
  facet normal 0 0 -1
    outer loop
      vertex 106.955 86.2414 6.49
      vertex 107.166 92.676 6.49
      vertex 107.166 86.1288 6.49
    endloop
  endfacet
  facet normal 0 0 -1
    outer loop
      vertex 106.955 86.2414 6.49
      vertex 106.955 92.5634 6.49
      vertex 107.166 92.676 6.49
    endloop
  endfacet
  facet normal 0 0 -1
    outer loop
      vertex 106.752 86.3676 6.49
      vertex 106.955 92.5634 6.49
      vertex 106.955 86.2414 6.49
    endloop
  endfacet
  facet normal 0 0 -1
    outer loop
      vertex 106.752 86.3676 6.49
      vertex 106.752 92.4373 6.49
      vertex 106.955 92.5634 6.49
    endloop
  endfacet
  facet normal 0 0 -1
    outer loop
      vertex 106.558 86.5067 6.49
      vertex 106.752 92.4373 6.49
      vertex 106.752 86.3676 6.49
    endloop
  endfacet
  facet normal 0 0 -1
    outer loop
      vertex 106.558 86.5067 6.49
      vertex 106.558 92.2982 6.49
      vertex 106.752 92.4373 6.49
    endloop
  endfacet
  facet normal 0 0 -1
    outer loop
      vertex 106.373 86.6582 6.49
      vertex 106.558 92.2982 6.49
      vertex 106.558 86.5067 6.49
    endloop
  endfacet
  facet normal 0 0 -1
    outer loop
      vertex 106.373 86.6582 6.49
      vertex 106.373 92.1466 6.49
      vertex 106.558 92.2982 6.49
    endloop
  endfacet
  facet normal 0 0 -1
    outer loop
      vertex 106.199 86.8215 6.49
      vertex 106.373 92.1466 6.49
      vertex 106.373 86.6582 6.49
    endloop
  endfacet
  facet normal 0 0 -1
    outer loop
      vertex 106.199 86.8215 6.49
      vertex 106.199 91.9834 6.49
      vertex 106.373 92.1466 6.49
    endloop
  endfacet
  facet normal 0 0 -1
    outer loop
      vertex 106.036 86.9958 6.49
      vertex 106.199 91.9834 6.49
      vertex 106.199 86.8215 6.49
    endloop
  endfacet
  facet normal 0 0 -1
    outer loop
      vertex 106.036 86.9958 6.49
      vertex 106.036 91.809 6.49
      vertex 106.199 91.9834 6.49
    endloop
  endfacet
  facet normal 0 0 -1
    outer loop
      vertex 105.884 87.1805 6.49
      vertex 106.036 91.809 6.49
      vertex 106.036 86.9958 6.49
    endloop
  endfacet
  facet normal 0 0 -1
    outer loop
      vertex 105.884 87.1805 6.49
      vertex 105.884 91.6244 6.49
      vertex 106.036 91.809 6.49
    endloop
  endfacet
  facet normal 0 0 -1
    outer loop
      vertex 105.745 87.3746 6.49
      vertex 105.884 91.6244 6.49
      vertex 105.884 87.1805 6.49
    endloop
  endfacet
  facet normal 0 0 -1
    outer loop
      vertex 105.745 87.3746 6.49
      vertex 105.745 91.4303 6.49
      vertex 105.884 91.6244 6.49
    endloop
  endfacet
  facet normal 0 0 -1
    outer loop
      vertex 105.619 87.5774 6.49
      vertex 105.745 91.4303 6.49
      vertex 105.745 87.3746 6.49
    endloop
  endfacet
  facet normal 0 0 -1
    outer loop
      vertex 105.619 87.5774 6.49
      vertex 105.619 91.2274 6.49
      vertex 105.745 91.4303 6.49
    endloop
  endfacet
  facet normal 0 0 -1
    outer loop
      vertex 105.506 87.7881 6.49
      vertex 105.619 91.2274 6.49
      vertex 105.619 87.5774 6.49
    endloop
  endfacet
  facet normal 0 0 -1
    outer loop
      vertex 105.506 87.7881 6.49
      vertex 105.506 91.0168 6.49
      vertex 105.619 91.2274 6.49
    endloop
  endfacet
  facet normal 0 0 -1
    outer loop
      vertex 105.408 88.0056 6.49
      vertex 105.506 91.0168 6.49
      vertex 105.506 87.7881 6.49
    endloop
  endfacet
  facet normal 0 0 -1
    outer loop
      vertex 105.408 88.0056 6.49
      vertex 105.408 90.7992 6.49
      vertex 105.506 91.0168 6.49
    endloop
  endfacet
  facet normal 0 0 -1
    outer loop
      vertex 105.324 88.2292 6.49
      vertex 105.408 90.7992 6.49
      vertex 105.408 88.0056 6.49
    endloop
  endfacet
  facet normal 0 0 -1
    outer loop
      vertex 105.324 88.2292 6.49
      vertex 105.324 90.5757 6.49
      vertex 105.408 90.7992 6.49
    endloop
  endfacet
  facet normal 0 0 -1
    outer loop
      vertex 105.254 88.4577 6.49
      vertex 105.324 90.5757 6.49
      vertex 105.324 88.2292 6.49
    endloop
  endfacet
  facet normal 0 0 -1
    outer loop
      vertex 105.254 88.4577 6.49
      vertex 105.254 90.3471 6.49
      vertex 105.324 90.5757 6.49
    endloop
  endfacet
  facet normal 0 0 -1
    outer loop
      vertex 105.2 88.6903 6.49
      vertex 105.254 90.3471 6.49
      vertex 105.254 88.4577 6.49
    endloop
  endfacet
  facet normal 0 0 -1
    outer loop
      vertex 105.2 88.6903 6.49
      vertex 105.2 90.1145 6.49
      vertex 105.254 90.3471 6.49
    endloop
  endfacet
  facet normal 0 0 -1
    outer loop
      vertex 105.161 88.926 6.49
      vertex 105.2 90.1145 6.49
      vertex 105.2 88.6903 6.49
    endloop
  endfacet
  facet normal 0 0 -1
    outer loop
      vertex 105.161 88.926 6.49
      vertex 105.161 89.8788 6.49
      vertex 105.2 90.1145 6.49
    endloop
  endfacet
  facet normal 0 0 -1
    outer loop
      vertex 105.138 89.1637 6.49
      vertex 105.161 89.8788 6.49
      vertex 105.161 88.926 6.49
    endloop
  endfacet
  facet normal 0 0 -1
    outer loop
      vertex 105.138 89.1637 6.49
      vertex 105.138 89.6411 6.49
      vertex 105.161 89.8788 6.49
    endloop
  endfacet
  facet normal 0 -0 -1
    outer loop
      vertex 105.138 89.6411 6.49
      vertex 105.138 89.1637 6.49
      vertex 105.13 89.4024 6.49
    endloop
  endfacet
  facet normal -0.633579 0.773678 0
    outer loop
      vertex 111.187 86.6582 0
      vertex 111.002 86.5067 6.49
      vertex 111.187 86.6582 6.49
    endloop
  endfacet
  facet normal -0.633579 0.773678 0
    outer loop
      vertex 111.002 86.5067 6.49
      vertex 111.187 86.6582 0
      vertex 111.002 86.5067 0
    endloop
  endfacet
  facet normal -0.730581 -0.682826 0
    outer loop
      vertex 111.524 91.809 0
      vertex 111.361 91.9834 6.49
      vertex 111.361 91.9834 0
    endloop
  endfacet
  facet normal -0.730581 -0.682826 0
    outer loop
      vertex 111.361 91.9834 6.49
      vertex 111.524 91.809 0
      vertex 111.524 91.809 6.49
    endloop
  endfacet
  facet normal 0.813025 0.582228 0
    outer loop
      vertex 105.884 87.1805 6.49
      vertex 105.745 87.3746 0
      vertex 105.745 87.3746 6.49
    endloop
  endfacet
  facet normal 0.813025 0.582228 0
    outer loop
      vertex 105.745 87.3746 0
      vertex 105.884 87.1805 6.49
      vertex 105.884 87.1805 0
    endloop
  endfacet
  facet normal 0.995351 -0.0963108 0
    outer loop
      vertex 105.138 89.6411 6.49
      vertex 105.161 89.8788 0
      vertex 105.161 89.8788 6.49
    endloop
  endfacet
  facet normal 0.995351 -0.0963108 0
    outer loop
      vertex 105.161 89.8788 0
      vertex 105.138 89.6411 6.49
      vertex 105.138 89.6411 0
    endloop
  endfacet
  facet normal 0.999439 -0.0334961 0
    outer loop
      vertex 105.13 89.4024 6.49
      vertex 105.138 89.6411 0
      vertex 105.138 89.6411 6.49
    endloop
  endfacet
  facet normal 0.999439 -0.0334961 0
    outer loop
      vertex 105.138 89.6411 0
      vertex 105.13 89.4024 6.49
      vertex 105.13 89.4024 0
    endloop
  endfacet
  facet normal 0.974094 0.226144 0
    outer loop
      vertex 105.254 88.4577 6.49
      vertex 105.2 88.6903 0
      vertex 105.2 88.6903 6.49
    endloop
  endfacet
  facet normal 0.974094 0.226144 0
    outer loop
      vertex 105.2 88.6903 0
      vertex 105.254 88.4577 6.49
      vertex 105.254 88.4577 0
    endloop
  endfacet
  facet normal -0.911725 0.4108 0
    outer loop
      vertex 112.054 87.7881 0
      vertex 112.152 88.0056 6.49
      vertex 112.152 88.0056 0
    endloop
  endfacet
  facet normal -0.911725 0.4108 0
    outer loop
      vertex 112.152 88.0056 6.49
      vertex 112.054 87.7881 0
      vertex 112.054 87.7881 6.49
    endloop
  endfacet
  facet normal 0.911725 0.4108 0
    outer loop
      vertex 105.506 87.7881 6.49
      vertex 105.408 88.0056 0
      vertex 105.408 88.0056 6.49
    endloop
  endfacet
  facet normal 0.911725 0.4108 0
    outer loop
      vertex 105.408 88.0056 0
      vertex 105.506 87.7881 6.49
      vertex 105.506 87.7881 0
    endloop
  endfacet
  facet normal 0 -0.987252 -0.159167
    outer loop
      vertex 0 139.656 55.4764
      vertex 6.5 139.618 55.7121
      vertex 0 139.618 55.7121
    endloop
  endfacet
  facet normal 0 -0.987252 -0.159167
    outer loop
      vertex 6.5 139.618 55.7121
      vertex 0 139.656 55.4764
      vertex 6.5 139.656 55.4764
    endloop
  endfacet
  facet normal 0 0.728298 -0.68526
    outer loop
      vertex 6.5 133.293 57.4066
      vertex 0 133.457 57.5809
      vertex 6.5 133.457 57.5809
    endloop
  endfacet
  facet normal 0 0.728298 -0.68526
    outer loop
      vertex 0 133.457 57.5809
      vertex 6.5 133.293 57.4066
      vertex 0 133.293 57.4066
    endloop
  endfacet
  facet normal 0 -0.910223 0.414118
    outer loop
      vertex 0 139.311 53.3856
      vertex 6.5 139.41 53.6032
      vertex 0 139.41 53.6032
    endloop
  endfacet
  facet normal 0 -0.910223 0.414118
    outer loop
      vertex 6.5 139.41 53.6032
      vertex 0 139.311 53.3856
      vertex 6.5 139.311 53.3856
    endloop
  endfacet
  facet normal 0 -0.289648 0.957133
    outer loop
      vertex 0 137.211 51.5437
      vertex 6.5 136.982 51.4744
      vertex 6.5 137.211 51.5437
    endloop
  endfacet
  facet normal 0 -0.289648 0.957133
    outer loop
      vertex 6.5 136.982 51.4744
      vertex 0 137.211 51.5437
      vertex 0 136.982 51.4744
    endloop
  endfacet
  facet normal 0 -0.227893 0.973686
    outer loop
      vertex 0 136.982 51.4744
      vertex 6.5 136.75 51.4201
      vertex 6.5 136.982 51.4744
    endloop
  endfacet
  facet normal 0 -0.227893 0.973686
    outer loop
      vertex 6.5 136.75 51.4201
      vertex 0 136.982 51.4744
      vertex 0 136.75 51.4201
    endloop
  endfacet
  facet normal 0 0.527665 -0.849453
    outer loop
      vertex 0 134.01 58.0349
      vertex 6.5 134.213 58.161
      vertex 6.5 134.01 58.0349
    endloop
  endfacet
  facet normal 0 0.527665 -0.849453
    outer loop
      vertex 6.5 134.213 58.161
      vertex 0 134.01 58.0349
      vertex 0 134.213 58.161
    endloop
  endfacet
  facet normal 0 -0.35287 0.935672
    outer loop
      vertex 0 137.434 51.6278
      vertex 6.5 137.211 51.5437
      vertex 6.5 137.434 51.6278
    endloop
  endfacet
  facet normal 0 -0.35287 0.935672
    outer loop
      vertex 6.5 137.211 51.5437
      vertex 0 137.434 51.6278
      vertex 0 137.211 51.5437
    endloop
  endfacet
  facet normal 0 -0.0978475 0.995201
    outer loop
      vertex 0 136.514 51.3812
      vertex 6.5 136.276 51.3578
      vertex 6.5 136.514 51.3812
    endloop
  endfacet
  facet normal 0 -0.0978475 0.995201
    outer loop
      vertex 6.5 136.276 51.3578
      vertex 0 136.514 51.3812
      vertex 0 136.276 51.3578
    endloop
  endfacet
  facet normal 0 -0.0327555 0.999463
    outer loop
      vertex 0 136.276 51.3578
      vertex 6.5 136.038 51.35
      vertex 6.5 136.276 51.3578
    endloop
  endfacet
  facet normal 0 -0.0327555 0.999463
    outer loop
      vertex 6.5 136.038 51.35
      vertex 0 136.276 51.3578
      vertex 0 136.038 51.35
    endloop
  endfacet
  facet normal -0 0.0978475 0.995201
    outer loop
      vertex 0 135.799 51.3578
      vertex 6.5 135.561 51.3812
      vertex 6.5 135.799 51.3578
    endloop
  endfacet
  facet normal 0 0.0978475 0.995201
    outer loop
      vertex 6.5 135.561 51.3812
      vertex 0 135.799 51.3578
      vertex 0 135.561 51.3812
    endloop
  endfacet
  facet normal 0 0.633579 -0.773678
    outer loop
      vertex 0 133.631 57.7442
      vertex 6.5 133.816 57.8957
      vertex 6.5 133.631 57.7442
    endloop
  endfacet
  facet normal 0 0.633579 -0.773678
    outer loop
      vertex 6.5 133.816 57.8957
      vertex 0 133.631 57.7442
      vertex 0 133.816 57.8957
    endloop
  endfacet
  facet normal 0 0.994941 0.100457
    outer loop
      vertex 6.5 132.419 54.5236
      vertex 0 132.395 54.7613
      vertex 6.5 132.395 54.7613
    endloop
  endfacet
  facet normal 0 0.994941 0.100457
    outer loop
      vertex 0 132.395 54.7613
      vertex 6.5 132.419 54.5236
      vertex 0 132.419 54.5236
    endloop
  endfacet
  facet normal 0 0.994941 -0.100457
    outer loop
      vertex 6.5 132.395 55.2387
      vertex 0 132.419 55.4764
      vertex 6.5 132.419 55.4764
    endloop
  endfacet
  facet normal 0 0.994941 -0.100457
    outer loop
      vertex 0 132.419 55.4764
      vertex 6.5 132.395 55.2387
      vertex 0 132.395 55.2387
    endloop
  endfacet
  facet normal 0 -0.973164 0.230112
    outer loop
      vertex 0 139.563 54.0553
      vertex 6.5 139.618 54.2879
      vertex 0 139.618 54.2879
    endloop
  endfacet
  facet normal 0 -0.973164 0.230112
    outer loop
      vertex 6.5 139.618 54.2879
      vertex 0 139.563 54.0553
      vertex 6.5 139.563 54.0553
    endloop
  endfacet
  facet normal 0 -0.957341 -0.288961
    outer loop
      vertex 0 139.563 55.9447
      vertex 6.5 139.494 56.1733
      vertex 0 139.494 56.1733
    endloop
  endfacet
  facet normal 0 -0.957341 -0.288961
    outer loop
      vertex 6.5 139.494 56.1733
      vertex 0 139.563 55.9447
      vertex 6.5 139.563 55.9447
    endloop
  endfacet
  facet normal 0 0.911796 0.410643
    outer loop
      vertex 6.5 132.764 53.3856
      vertex 0 132.666 53.6032
      vertex 6.5 132.666 53.6032
    endloop
  endfacet
  facet normal 0 0.911796 0.410643
    outer loop
      vertex 0 132.666 53.6032
      vertex 6.5 132.764 53.3856
      vertex 0 132.764 53.3856
    endloop
  endfacet
  facet normal 0 -0.412102 0.911138
    outer loop
      vertex 0 137.652 51.7264
      vertex 6.5 137.434 51.6278
      vertex 6.5 137.652 51.7264
    endloop
  endfacet
  facet normal 0 -0.412102 0.911138
    outer loop
      vertex 6.5 137.434 51.6278
      vertex 0 137.652 51.7264
      vertex 0 137.434 51.6278
    endloop
  endfacet
  facet normal 0 -0.774032 0.633146
    outer loop
      vertex 0 138.782 52.5934
      vertex 6.5 138.933 52.778
      vertex 0 138.933 52.778
    endloop
  endfacet
  facet normal 0 -0.774032 0.633146
    outer loop
      vertex 6.5 138.933 52.778
      vertex 0 138.782 52.5934
      vertex 6.5 138.782 52.5934
    endloop
  endfacet
  facet normal 0 0.957341 -0.288961
    outer loop
      vertex 6.5 132.512 55.9447
      vertex 0 132.581 56.1733
      vertex 6.5 132.581 56.1733
    endloop
  endfacet
  facet normal 0 0.957341 -0.288961
    outer loop
      vertex 0 132.581 56.1733
      vertex 6.5 132.512 55.9447
      vertex 0 132.512 55.9447
    endloop
  endfacet
  facet normal 0 -0.882909 0.469543
    outer loop
      vertex 0 139.199 53.175
      vertex 6.5 139.311 53.3856
      vertex 0 139.311 53.3856
    endloop
  endfacet
  facet normal 0 -0.882909 0.469543
    outer loop
      vertex 6.5 139.311 53.3856
      vertex 0 139.199 53.175
      vertex 6.5 139.199 53.175
    endloop
  endfacet
  facet normal -0 0.289648 0.957133
    outer loop
      vertex 0 135.093 51.4744
      vertex 6.5 134.864 51.5437
      vertex 6.5 135.093 51.4744
    endloop
  endfacet
  facet normal 0 0.289648 0.957133
    outer loop
      vertex 6.5 134.864 51.5437
      vertex 0 135.093 51.4744
      vertex 0 134.864 51.5437
    endloop
  endfacet
  facet normal 0 -0.682244 -0.731125
    outer loop
      vertex 0 138.444 57.7442
      vertex 6.5 138.619 57.5809
      vertex 6.5 138.444 57.7442
    endloop
  endfacet
  facet normal -0 -0.682244 -0.731125
    outer loop
      vertex 6.5 138.619 57.5809
      vertex 0 138.444 57.7442
      vertex 0 138.619 57.5809
    endloop
  endfacet
  facet normal 0 -0.994941 -0.100457
    outer loop
      vertex 0 139.68 55.2387
      vertex 6.5 139.656 55.4764
      vertex 0 139.656 55.4764
    endloop
  endfacet
  facet normal 0 -0.994941 -0.100457
    outer loop
      vertex 6.5 139.656 55.4764
      vertex 0 139.68 55.2387
      vertex 6.5 139.68 55.2387
    endloop
  endfacet
  facet normal 0 -0.994941 0.100457
    outer loop
      vertex 0 139.656 54.5236
      vertex 6.5 139.68 54.7613
      vertex 0 139.68 54.7613
    endloop
  endfacet
  facet normal 0 -0.994941 0.100457
    outer loop
      vertex 6.5 139.68 54.7613
      vertex 0 139.656 54.5236
      vertex 6.5 139.656 54.5236
    endloop
  endfacet
  facet normal 0 -0.412102 -0.911138
    outer loop
      vertex 0 137.434 58.3722
      vertex 6.5 137.652 58.2736
      vertex 6.5 137.434 58.3722
    endloop
  endfacet
  facet normal -0 -0.412102 -0.911138
    outer loop
      vertex 6.5 137.652 58.2736
      vertex 0 137.434 58.3722
      vertex 0 137.652 58.2736
    endloop
  endfacet
  facet normal 0 0.35287 -0.935672
    outer loop
      vertex 0 134.641 58.3722
      vertex 6.5 134.864 58.4563
      vertex 6.5 134.641 58.3722
    endloop
  endfacet
  facet normal 0 0.35287 -0.935672
    outer loop
      vertex 6.5 134.864 58.4563
      vertex 0 134.641 58.3722
      vertex 0 134.864 58.4563
    endloop
  endfacet
  facet normal 0 -0.849407 -0.527738
    outer loop
      vertex 0 139.199 56.825
      vertex 6.5 139.073 57.0278
      vertex 0 139.073 57.0278
    endloop
  endfacet
  facet normal 0 -0.849407 -0.527738
    outer loop
      vertex 6.5 139.073 57.0278
      vertex 0 139.199 56.825
      vertex 6.5 139.199 56.825
    endloop
  endfacet
  facet normal 0 -0.162636 0.986686
    outer loop
      vertex 0 136.75 51.4201
      vertex 6.5 136.514 51.3812
      vertex 6.5 136.75 51.4201
    endloop
  endfacet
  facet normal 0 -0.162636 0.986686
    outer loop
      vertex 6.5 136.514 51.3812
      vertex 0 136.75 51.4201
      vertex 0 136.514 51.3812
    endloop
  endfacet
  facet normal 0 0.934686 0.355474
    outer loop
      vertex 6.5 132.666 53.6032
      vertex 0 132.581 53.8267
      vertex 6.5 132.581 53.8267
    endloop
  endfacet
  facet normal 0 0.934686 0.355474
    outer loop
      vertex 0 132.581 53.8267
      vertex 6.5 132.666 53.6032
      vertex 0 132.666 53.6032
    endloop
  endfacet
  facet normal -0 0.633579 0.773678
    outer loop
      vertex 0 133.816 52.1043
      vertex 6.5 133.631 52.2558
      vertex 6.5 133.816 52.1043
    endloop
  endfacet
  facet normal 0 0.633579 0.773678
    outer loop
      vertex 6.5 133.631 52.2558
      vertex 0 133.816 52.1043
      vertex 0 133.631 52.2558
    endloop
  endfacet
  facet normal -0 0.412102 0.911138
    outer loop
      vertex 0 134.641 51.6278
      vertex 6.5 134.423 51.7264
      vertex 6.5 134.641 51.6278
    endloop
  endfacet
  facet normal 0 0.412102 0.911138
    outer loop
      vertex 6.5 134.423 51.7264
      vertex 0 134.641 51.6278
      vertex 0 134.423 51.7264
    endloop
  endfacet
  facet normal -0 0.58298 0.812487
    outer loop
      vertex 0 134.01 51.9651
      vertex 6.5 133.816 52.1043
      vertex 6.5 134.01 51.9651
    endloop
  endfacet
  facet normal 0 0.58298 0.812487
    outer loop
      vertex 6.5 133.816 52.1043
      vertex 0 134.01 51.9651
      vertex 0 133.816 52.1043
    endloop
  endfacet
  facet normal -0 0.472547 0.881305
    outer loop
      vertex 0 134.423 51.7264
      vertex 6.5 134.213 51.839
      vertex 6.5 134.423 51.7264
    endloop
  endfacet
  facet normal 0 0.472547 0.881305
    outer loop
      vertex 6.5 134.213 51.839
      vertex 0 134.423 51.7264
      vertex 0 134.213 51.839
    endloop
  endfacet
  facet normal -0 0.16331 0.986575
    outer loop
      vertex 0 135.561 51.3812
      vertex 6.5 135.326 51.4201
      vertex 6.5 135.561 51.3812
    endloop
  endfacet
  facet normal 0 0.16331 0.986575
    outer loop
      vertex 6.5 135.326 51.4201
      vertex 0 135.561 51.3812
      vertex 0 135.326 51.4201
    endloop
  endfacet
  facet normal 0 0.986586 -0.163245
    outer loop
      vertex 6.5 132.419 55.4764
      vertex 0 132.458 55.7121
      vertex 6.5 132.458 55.7121
    endloop
  endfacet
  facet normal 0 0.986586 -0.163245
    outer loop
      vertex 0 132.458 55.7121
      vertex 6.5 132.419 55.4764
      vertex 0 132.419 55.4764
    endloop
  endfacet
  facet normal 0 -0.470805 -0.882237
    outer loop
      vertex 0 137.652 58.2736
      vertex 6.5 137.863 58.161
      vertex 6.5 137.652 58.2736
    endloop
  endfacet
  facet normal -0 -0.470805 -0.882237
    outer loop
      vertex 6.5 137.863 58.161
      vertex 0 137.652 58.2736
      vertex 0 137.863 58.161
    endloop
  endfacet
  facet normal 0 0.881169 -0.472802
    outer loop
      vertex 6.5 132.764 56.6144
      vertex 0 132.877 56.825
      vertex 6.5 132.877 56.825
    endloop
  endfacet
  facet normal 0 0.881169 -0.472802
    outer loop
      vertex 0 132.877 56.825
      vertex 6.5 132.764 56.6144
      vertex 0 132.764 56.6144
    endloop
  endfacet
  facet normal 0 0.849407 0.527738
    outer loop
      vertex 6.5 133.003 52.9722
      vertex 0 132.877 53.175
      vertex 6.5 132.877 53.175
    endloop
  endfacet
  facet normal 0 0.849407 0.527738
    outer loop
      vertex 0 132.877 53.175
      vertex 6.5 133.003 52.9722
      vertex 0 133.003 52.9722
    endloop
  endfacet
  facet normal 0 0.881169 0.472802
    outer loop
      vertex 6.5 132.877 53.175
      vertex 0 132.764 53.3856
      vertex 6.5 132.764 53.3856
    endloop
  endfacet
  facet normal 0 0.881169 0.472802
    outer loop
      vertex 0 132.764 53.3856
      vertex 6.5 132.877 53.175
      vertex 0 132.877 53.175
    endloop
  endfacet
  facet normal 0 -0.999439 0.0334961
    outer loop
      vertex 0 139.68 54.7613
      vertex 6.5 139.688 55
      vertex 0 139.688 55
    endloop
  endfacet
  facet normal 0 -0.999439 0.0334961
    outer loop
      vertex 6.5 139.688 55
      vertex 0 139.68 54.7613
      vertex 6.5 139.68 54.7613
    endloop
  endfacet
  facet normal 0 -0.470805 0.882237
    outer loop
      vertex 0 137.863 51.839
      vertex 6.5 137.652 51.7264
      vertex 6.5 137.863 51.839
    endloop
  endfacet
  facet normal 0 -0.470805 0.882237
    outer loop
      vertex 6.5 137.652 51.7264
      vertex 0 137.863 51.839
      vertex 0 137.652 51.7264
    endloop
  endfacet
  facet normal 0 -0.527665 0.849453
    outer loop
      vertex 0 138.066 51.9651
      vertex 6.5 137.863 51.839
      vertex 6.5 138.066 51.9651
    endloop
  endfacet
  facet normal 0 -0.527665 0.849453
    outer loop
      vertex 6.5 137.863 51.839
      vertex 0 138.066 51.9651
      vertex 0 137.863 51.839
    endloop
  endfacet
  facet normal 0 -0.849407 0.527738
    outer loop
      vertex 0 139.073 52.9722
      vertex 6.5 139.199 53.175
      vertex 0 139.199 53.175
    endloop
  endfacet
  facet normal 0 -0.849407 0.527738
    outer loop
      vertex 6.5 139.199 53.175
      vertex 0 139.073 52.9722
      vertex 6.5 139.073 52.9722
    endloop
  endfacet
  facet normal 0 -0.730386 -0.683035
    outer loop
      vertex 0 138.782 57.4066
      vertex 6.5 138.619 57.5809
      vertex 0 138.619 57.5809
    endloop
  endfacet
  facet normal 0 -0.730386 -0.683035
    outer loop
      vertex 6.5 138.619 57.5809
      vertex 0 138.782 57.4066
      vertex 6.5 138.782 57.4066
    endloop
  endfacet
  facet normal 0 -0.811186 -0.584789
    outer loop
      vertex 0 139.073 57.0278
      vertex 6.5 138.933 57.222
      vertex 0 138.933 57.222
    endloop
  endfacet
  facet normal 0 -0.811186 -0.584789
    outer loop
      vertex 6.5 138.933 57.222
      vertex 0 139.073 57.0278
      vertex 6.5 139.073 57.0278
    endloop
  endfacet
  facet normal 0 -0.999439 -0.0334961
    outer loop
      vertex 0 139.688 55
      vertex 6.5 139.68 55.2387
      vertex 0 139.68 55.2387
    endloop
  endfacet
  facet normal 0 -0.999439 -0.0334961
    outer loop
      vertex 6.5 139.68 55.2387
      vertex 0 139.688 55
      vertex 6.5 139.688 55
    endloop
  endfacet
  facet normal 0 -0.227893 -0.973686
    outer loop
      vertex 0 136.75 58.5799
      vertex 6.5 136.982 58.5256
      vertex 6.5 136.75 58.5799
    endloop
  endfacet
  facet normal -0 -0.227893 -0.973686
    outer loop
      vertex 6.5 136.982 58.5256
      vertex 0 136.75 58.5799
      vertex 0 136.982 58.5256
    endloop
  endfacet
  facet normal 0 -0.289648 -0.957133
    outer loop
      vertex 0 136.982 58.5256
      vertex 6.5 137.211 58.4563
      vertex 6.5 136.982 58.5256
    endloop
  endfacet
  facet normal -0 -0.289648 -0.957133
    outer loop
      vertex 6.5 137.211 58.4563
      vertex 0 136.982 58.5256
      vertex 0 137.211 58.4563
    endloop
  endfacet
  facet normal 0 -0.973164 -0.230112
    outer loop
      vertex 0 139.618 55.7121
      vertex 6.5 139.563 55.9447
      vertex 0 139.563 55.9447
    endloop
  endfacet
  facet normal 0 -0.973164 -0.230112
    outer loop
      vertex 6.5 139.563 55.9447
      vertex 0 139.618 55.7121
      vertex 6.5 139.618 55.7121
    endloop
  endfacet
  facet normal 0 0.99957 0.0293129
    outer loop
      vertex 6.5 132.395 54.7613
      vertex 0 132.388 55
      vertex 6.5 132.388 55
    endloop
  endfacet
  facet normal 0 0.99957 0.0293129
    outer loop
      vertex 0 132.388 55
      vertex 6.5 132.395 54.7613
      vertex 0 132.395 54.7613
    endloop
  endfacet
  facet normal 0 -0.635634 -0.771991
    outer loop
      vertex 0 138.26 57.8957
      vertex 6.5 138.444 57.7442
      vertex 6.5 138.26 57.8957
    endloop
  endfacet
  facet normal -0 -0.635634 -0.771991
    outer loop
      vertex 6.5 138.444 57.7442
      vertex 0 138.26 57.8957
      vertex 0 138.444 57.7442
    endloop
  endfacet
  facet normal 0 -0.910223 -0.414118
    outer loop
      vertex 0 139.41 56.3968
      vertex 6.5 139.311 56.6144
      vertex 0 139.311 56.6144
    endloop
  endfacet
  facet normal 0 -0.910223 -0.414118
    outer loop
      vertex 6.5 139.311 56.6144
      vertex 0 139.41 56.3968
      vertex 6.5 139.41 56.3968
    endloop
  endfacet
  facet normal 0 -0.774032 -0.633146
    outer loop
      vertex 0 138.933 57.222
      vertex 6.5 138.782 57.4066
      vertex 0 138.782 57.4066
    endloop
  endfacet
  facet normal 0 -0.774032 -0.633146
    outer loop
      vertex 6.5 138.782 57.4066
      vertex 0 138.933 57.222
      vertex 6.5 138.933 57.222
    endloop
  endfacet
  facet normal 0 -0.730386 0.683035
    outer loop
      vertex 0 138.619 52.4191
      vertex 6.5 138.782 52.5934
      vertex 0 138.782 52.5934
    endloop
  endfacet
  facet normal 0 -0.730386 0.683035
    outer loop
      vertex 6.5 138.782 52.5934
      vertex 0 138.619 52.4191
      vertex 6.5 138.619 52.4191
    endloop
  endfacet
  facet normal 0 0.99957 -0.0293129
    outer loop
      vertex 6.5 132.388 55
      vertex 0 132.395 55.2387
      vertex 6.5 132.395 55.2387
    endloop
  endfacet
  facet normal 0 0.99957 -0.0293129
    outer loop
      vertex 0 132.395 55.2387
      vertex 6.5 132.388 55
      vertex 0 132.388 55
    endloop
  endfacet
  facet normal 0 0.0326186 -0.999468
    outer loop
      vertex 0 135.799 58.6422
      vertex 6.5 136.038 58.65
      vertex 6.5 135.799 58.6422
    endloop
  endfacet
  facet normal 0 0.0326186 -0.999468
    outer loop
      vertex 6.5 136.038 58.65
      vertex 0 135.799 58.6422
      vertex 0 136.038 58.65
    endloop
  endfacet
  facet normal 0 0.974094 -0.226144
    outer loop
      vertex 6.5 132.458 55.7121
      vertex 0 132.512 55.9447
      vertex 6.5 132.512 55.9447
    endloop
  endfacet
  facet normal 0 0.974094 -0.226144
    outer loop
      vertex 0 132.512 55.9447
      vertex 6.5 132.458 55.7121
      vertex 0 132.458 55.7121
    endloop
  endfacet
  facet normal -0 0.0326186 0.999468
    outer loop
      vertex 0 136.038 51.35
      vertex 6.5 135.799 51.3578
      vertex 6.5 136.038 51.35
    endloop
  endfacet
  facet normal 0 0.0326186 0.999468
    outer loop
      vertex 6.5 135.799 51.3578
      vertex 0 136.038 51.35
      vertex 0 135.799 51.3578
    endloop
  endfacet
  facet normal 0 -0.0327555 -0.999463
    outer loop
      vertex 0 136.038 58.65
      vertex 6.5 136.276 58.6422
      vertex 6.5 136.038 58.65
    endloop
  endfacet
  facet normal -0 -0.0327555 -0.999463
    outer loop
      vertex 6.5 136.276 58.6422
      vertex 0 136.038 58.65
      vertex 0 136.276 58.6422
    endloop
  endfacet
  facet normal -0 0.35287 0.935672
    outer loop
      vertex 0 134.864 51.5437
      vertex 6.5 134.641 51.6278
      vertex 6.5 134.864 51.5437
    endloop
  endfacet
  facet normal 0 0.35287 0.935672
    outer loop
      vertex 6.5 134.641 51.6278
      vertex 0 134.864 51.5437
      vertex 0 134.641 51.6278
    endloop
  endfacet
  facet normal 0 0.774032 0.633146
    outer loop
      vertex 6.5 133.293 52.5934
      vertex 0 133.142 52.778
      vertex 6.5 133.142 52.778
    endloop
  endfacet
  facet normal 0 0.774032 0.633146
    outer loop
      vertex 0 133.142 52.778
      vertex 6.5 133.293 52.5934
      vertex 0 133.293 52.5934
    endloop
  endfacet
  facet normal 0 -0.882909 -0.469543
    outer loop
      vertex 0 139.311 56.6144
      vertex 6.5 139.199 56.825
      vertex 0 139.199 56.825
    endloop
  endfacet
  facet normal 0 -0.882909 -0.469543
    outer loop
      vertex 6.5 139.199 56.825
      vertex 0 139.311 56.6144
      vertex 6.5 139.311 56.6144
    endloop
  endfacet
  facet normal 0 -0.936071 0.351812
    outer loop
      vertex 0 139.41 53.6032
      vertex 6.5 139.494 53.8267
      vertex 0 139.494 53.8267
    endloop
  endfacet
  facet normal 0 -0.936071 0.351812
    outer loop
      vertex 6.5 139.494 53.8267
      vertex 0 139.41 53.6032
      vertex 6.5 139.41 53.6032
    endloop
  endfacet
  facet normal 0 -0.527665 -0.849453
    outer loop
      vertex 0 137.863 58.161
      vertex 6.5 138.066 58.0349
      vertex 6.5 137.863 58.161
    endloop
  endfacet
  facet normal -0 -0.527665 -0.849453
    outer loop
      vertex 6.5 138.066 58.0349
      vertex 0 137.863 58.161
      vertex 0 138.066 58.0349
    endloop
  endfacet
  facet normal 0 0.0978475 -0.995201
    outer loop
      vertex 0 135.561 58.6188
      vertex 6.5 135.799 58.6422
      vertex 6.5 135.561 58.6188
    endloop
  endfacet
  facet normal 0 0.0978475 -0.995201
    outer loop
      vertex 6.5 135.799 58.6422
      vertex 0 135.561 58.6188
      vertex 0 135.799 58.6422
    endloop
  endfacet
  facet normal 0 -0.682244 0.731125
    outer loop
      vertex 0 138.619 52.4191
      vertex 6.5 138.444 52.2558
      vertex 6.5 138.619 52.4191
    endloop
  endfacet
  facet normal 0 -0.682244 0.731125
    outer loop
      vertex 6.5 138.444 52.2558
      vertex 0 138.619 52.4191
      vertex 0 138.444 52.2558
    endloop
  endfacet
  facet normal 0 0.911796 -0.410643
    outer loop
      vertex 6.5 132.666 56.3968
      vertex 0 132.764 56.6144
      vertex 6.5 132.764 56.6144
    endloop
  endfacet
  facet normal 0 0.911796 -0.410643
    outer loop
      vertex 0 132.764 56.6144
      vertex 6.5 132.666 56.3968
      vertex 0 132.666 56.3968
    endloop
  endfacet
  facet normal 0 -0.58298 0.812487
    outer loop
      vertex 0 138.26 52.1043
      vertex 6.5 138.066 51.9651
      vertex 6.5 138.26 52.1043
    endloop
  endfacet
  facet normal 0 -0.58298 0.812487
    outer loop
      vertex 6.5 138.066 51.9651
      vertex 0 138.26 52.1043
      vertex 0 138.066 51.9651
    endloop
  endfacet
  facet normal 0 -0.35287 -0.935672
    outer loop
      vertex 0 137.211 58.4563
      vertex 6.5 137.434 58.3722
      vertex 6.5 137.211 58.4563
    endloop
  endfacet
  facet normal -0 -0.35287 -0.935672
    outer loop
      vertex 6.5 137.434 58.3722
      vertex 0 137.211 58.4563
      vertex 0 137.434 58.3722
    endloop
  endfacet
  facet normal 0 0.472547 -0.881305
    outer loop
      vertex 0 134.213 58.161
      vertex 6.5 134.423 58.2736
      vertex 6.5 134.213 58.161
    endloop
  endfacet
  facet normal 0 0.472547 -0.881305
    outer loop
      vertex 6.5 134.423 58.2736
      vertex 0 134.213 58.161
      vertex 0 134.423 58.2736
    endloop
  endfacet
  facet normal 0 0.58298 -0.812487
    outer loop
      vertex 0 133.816 57.8957
      vertex 6.5 134.01 58.0349
      vertex 6.5 133.816 57.8957
    endloop
  endfacet
  facet normal 0 0.58298 -0.812487
    outer loop
      vertex 6.5 134.01 58.0349
      vertex 0 133.816 57.8957
      vertex 0 134.01 58.0349
    endloop
  endfacet
  facet normal 0 0.16331 -0.986575
    outer loop
      vertex 0 135.326 58.5799
      vertex 6.5 135.561 58.6188
      vertex 6.5 135.326 58.5799
    endloop
  endfacet
  facet normal 0 0.16331 -0.986575
    outer loop
      vertex 6.5 135.561 58.6188
      vertex 0 135.326 58.5799
      vertex 0 135.561 58.6188
    endloop
  endfacet
  facet normal 0 -0.936071 -0.351812
    outer loop
      vertex 0 139.494 56.1733
      vertex 6.5 139.41 56.3968
      vertex 0 139.41 56.3968
    endloop
  endfacet
  facet normal 0 -0.936071 -0.351812
    outer loop
      vertex 6.5 139.41 56.3968
      vertex 0 139.494 56.1733
      vertex 6.5 139.494 56.1733
    endloop
  endfacet
  facet normal 0 -0.811186 0.584789
    outer loop
      vertex 0 138.933 52.778
      vertex 6.5 139.073 52.9722
      vertex 0 139.073 52.9722
    endloop
  endfacet
  facet normal 0 -0.811186 0.584789
    outer loop
      vertex 6.5 139.073 52.9722
      vertex 0 138.933 52.778
      vertex 6.5 138.933 52.778
    endloop
  endfacet
  facet normal 0 0.813167 -0.58203
    outer loop
      vertex 6.5 133.003 57.0278
      vertex 0 133.142 57.222
      vertex 6.5 133.142 57.222
    endloop
  endfacet
  facet normal 0 0.813167 -0.58203
    outer loop
      vertex 0 133.142 57.222
      vertex 6.5 133.003 57.0278
      vertex 0 133.003 57.0278
    endloop
  endfacet
  facet normal 0 0.957341 0.288961
    outer loop
      vertex 6.5 132.581 53.8267
      vertex 0 132.512 54.0553
      vertex 6.5 132.512 54.0553
    endloop
  endfacet
  facet normal 0 0.957341 0.288961
    outer loop
      vertex 0 132.512 54.0553
      vertex 6.5 132.581 53.8267
      vertex 0 132.581 53.8267
    endloop
  endfacet
  facet normal 0 0.289648 -0.957133
    outer loop
      vertex 0 134.864 58.4563
      vertex 6.5 135.093 58.5256
      vertex 6.5 134.864 58.4563
    endloop
  endfacet
  facet normal 0 0.289648 -0.957133
    outer loop
      vertex 6.5 135.093 58.5256
      vertex 0 134.864 58.4563
      vertex 0 135.093 58.5256
    endloop
  endfacet
  facet normal 0 0.934686 -0.355474
    outer loop
      vertex 6.5 132.581 56.1733
      vertex 0 132.666 56.3968
      vertex 6.5 132.666 56.3968
    endloop
  endfacet
  facet normal 0 0.934686 -0.355474
    outer loop
      vertex 0 132.666 56.3968
      vertex 6.5 132.581 56.1733
      vertex 0 132.581 56.1733
    endloop
  endfacet
  facet normal 0 0.226965 -0.973903
    outer loop
      vertex 0 135.093 58.5256
      vertex 6.5 135.326 58.5799
      vertex 6.5 135.093 58.5256
    endloop
  endfacet
  facet normal 0 0.226965 -0.973903
    outer loop
      vertex 6.5 135.326 58.5799
      vertex 0 135.093 58.5256
      vertex 0 135.326 58.5799
    endloop
  endfacet
  facet normal 0 0.849407 -0.527738
    outer loop
      vertex 6.5 132.877 56.825
      vertex 0 133.003 57.0278
      vertex 6.5 133.003 57.0278
    endloop
  endfacet
  facet normal 0 0.849407 -0.527738
    outer loop
      vertex 0 133.003 57.0278
      vertex 6.5 132.877 56.825
      vertex 0 132.877 56.825
    endloop
  endfacet
  facet normal -0 0.684331 0.729171
    outer loop
      vertex 0 133.631 52.2558
      vertex 6.5 133.457 52.4191
      vertex 6.5 133.631 52.2558
    endloop
  endfacet
  facet normal 0 0.684331 0.729171
    outer loop
      vertex 6.5 133.457 52.4191
      vertex 0 133.631 52.2558
      vertex 0 133.457 52.4191
    endloop
  endfacet
  facet normal -0 0.226965 0.973903
    outer loop
      vertex 0 135.326 51.4201
      vertex 6.5 135.093 51.4744
      vertex 6.5 135.326 51.4201
    endloop
  endfacet
  facet normal 0 0.226965 0.973903
    outer loop
      vertex 6.5 135.093 51.4744
      vertex 0 135.326 51.4201
      vertex 0 135.093 51.4744
    endloop
  endfacet
  facet normal 0 0.412102 -0.911138
    outer loop
      vertex 0 134.423 58.2736
      vertex 6.5 134.641 58.3722
      vertex 6.5 134.423 58.2736
    endloop
  endfacet
  facet normal 0 0.412102 -0.911138
    outer loop
      vertex 6.5 134.641 58.3722
      vertex 0 134.423 58.2736
      vertex 0 134.641 58.3722
    endloop
  endfacet
  facet normal 0 0.813167 0.58203
    outer loop
      vertex 6.5 133.142 52.778
      vertex 0 133.003 52.9722
      vertex 6.5 133.003 52.9722
    endloop
  endfacet
  facet normal 0 0.813167 0.58203
    outer loop
      vertex 0 133.003 52.9722
      vertex 6.5 133.142 52.778
      vertex 0 133.142 52.778
    endloop
  endfacet
  facet normal 0 0.974094 0.226144
    outer loop
      vertex 6.5 132.512 54.0553
      vertex 0 132.458 54.2879
      vertex 6.5 132.458 54.2879
    endloop
  endfacet
  facet normal 0 0.974094 0.226144
    outer loop
      vertex 0 132.458 54.2879
      vertex 6.5 132.512 54.0553
      vertex 0 132.512 54.0553
    endloop
  endfacet
  facet normal 0 0.986586 0.163245
    outer loop
      vertex 6.5 132.458 54.2879
      vertex 0 132.419 54.5236
      vertex 6.5 132.419 54.5236
    endloop
  endfacet
  facet normal 0 0.986586 0.163245
    outer loop
      vertex 0 132.419 54.5236
      vertex 6.5 132.458 54.2879
      vertex 0 132.458 54.2879
    endloop
  endfacet
  facet normal 0 -0.0978475 -0.995201
    outer loop
      vertex 0 136.276 58.6422
      vertex 6.5 136.514 58.6188
      vertex 6.5 136.276 58.6422
    endloop
  endfacet
  facet normal -0 -0.0978475 -0.995201
    outer loop
      vertex 6.5 136.514 58.6188
      vertex 0 136.276 58.6422
      vertex 0 136.514 58.6188
    endloop
  endfacet
  facet normal 0 0.684331 -0.729171
    outer loop
      vertex 0 133.457 57.5809
      vertex 6.5 133.631 57.7442
      vertex 6.5 133.457 57.5809
    endloop
  endfacet
  facet normal 0 0.684331 -0.729171
    outer loop
      vertex 6.5 133.631 57.7442
      vertex 0 133.457 57.5809
      vertex 0 133.631 57.7442
    endloop
  endfacet
  facet normal 0 -0.58298 -0.812487
    outer loop
      vertex 0 138.066 58.0349
      vertex 6.5 138.26 57.8957
      vertex 6.5 138.066 58.0349
    endloop
  endfacet
  facet normal -0 -0.58298 -0.812487
    outer loop
      vertex 6.5 138.26 57.8957
      vertex 0 138.066 58.0349
      vertex 0 138.26 57.8957
    endloop
  endfacet
  facet normal 0 -0.957341 0.288961
    outer loop
      vertex 0 139.494 53.8267
      vertex 6.5 139.563 54.0553
      vertex 0 139.563 54.0553
    endloop
  endfacet
  facet normal 0 -0.957341 0.288961
    outer loop
      vertex 6.5 139.563 54.0553
      vertex 0 139.494 53.8267
      vertex 6.5 139.494 53.8267
    endloop
  endfacet
  facet normal -0 0.527665 0.849453
    outer loop
      vertex 0 134.213 51.839
      vertex 6.5 134.01 51.9651
      vertex 6.5 134.213 51.839
    endloop
  endfacet
  facet normal 0 0.527665 0.849453
    outer loop
      vertex 6.5 134.01 51.9651
      vertex 0 134.213 51.839
      vertex 0 134.01 51.9651
    endloop
  endfacet
  facet normal 0 0.728298 0.68526
    outer loop
      vertex 6.5 133.457 52.4191
      vertex 0 133.293 52.5934
      vertex 6.5 133.293 52.5934
    endloop
  endfacet
  facet normal 0 0.728298 0.68526
    outer loop
      vertex 0 133.293 52.5934
      vertex 6.5 133.457 52.4191
      vertex 0 133.457 52.4191
    endloop
  endfacet
  facet normal 0 -0.162636 -0.986686
    outer loop
      vertex 0 136.514 58.6188
      vertex 6.5 136.75 58.5799
      vertex 6.5 136.514 58.6188
    endloop
  endfacet
  facet normal -0 -0.162636 -0.986686
    outer loop
      vertex 6.5 136.75 58.5799
      vertex 0 136.514 58.6188
      vertex 0 136.75 58.5799
    endloop
  endfacet
  facet normal 0 -0.635634 0.771991
    outer loop
      vertex 0 138.444 52.2558
      vertex 6.5 138.26 52.1043
      vertex 6.5 138.444 52.2558
    endloop
  endfacet
  facet normal 0 -0.635634 0.771991
    outer loop
      vertex 6.5 138.26 52.1043
      vertex 0 138.444 52.2558
      vertex 0 138.26 52.1043
    endloop
  endfacet
  facet normal 0 -0.987252 0.159167
    outer loop
      vertex 0 139.618 54.2879
      vertex 6.5 139.656 54.5236
      vertex 0 139.656 54.5236
    endloop
  endfacet
  facet normal 0 -0.987252 0.159167
    outer loop
      vertex 6.5 139.656 54.5236
      vertex 0 139.618 54.2879
      vertex 6.5 139.618 54.2879
    endloop
  endfacet
  facet normal 0 0.774032 -0.633146
    outer loop
      vertex 6.5 133.142 57.222
      vertex 0 133.293 57.4066
      vertex 6.5 133.293 57.4066
    endloop
  endfacet
  facet normal 0 0.774032 -0.633146
    outer loop
      vertex 0 133.293 57.4066
      vertex 6.5 133.142 57.222
      vertex 0 133.142 57.222
    endloop
  endfacet
  facet normal -1 0 0
    outer loop
      vertex 6.5 139.68 54.7613
      vertex 6.5 139.68 55.2387
      vertex 6.5 139.688 55
    endloop
  endfacet
  facet normal -1 0 0
    outer loop
      vertex 6.5 139.656 54.5236
      vertex 6.5 139.68 55.2387
      vertex 6.5 139.68 54.7613
    endloop
  endfacet
  facet normal -1 0 0
    outer loop
      vertex 6.5 139.656 54.5236
      vertex 6.5 139.656 55.4764
      vertex 6.5 139.68 55.2387
    endloop
  endfacet
  facet normal -1 0 0
    outer loop
      vertex 6.5 139.618 54.2879
      vertex 6.5 139.656 55.4764
      vertex 6.5 139.656 54.5236
    endloop
  endfacet
  facet normal -1 0 0
    outer loop
      vertex 6.5 139.618 54.2879
      vertex 6.5 139.618 55.7121
      vertex 6.5 139.656 55.4764
    endloop
  endfacet
  facet normal -1 0 0
    outer loop
      vertex 6.5 139.563 54.0553
      vertex 6.5 139.618 55.7121
      vertex 6.5 139.618 54.2879
    endloop
  endfacet
  facet normal -1 0 0
    outer loop
      vertex 6.5 139.563 54.0553
      vertex 6.5 139.563 55.9447
      vertex 6.5 139.618 55.7121
    endloop
  endfacet
  facet normal -1 0 0
    outer loop
      vertex 6.5 139.494 53.8267
      vertex 6.5 139.563 55.9447
      vertex 6.5 139.563 54.0553
    endloop
  endfacet
  facet normal -1 0 0
    outer loop
      vertex 6.5 139.494 53.8267
      vertex 6.5 139.494 56.1733
      vertex 6.5 139.563 55.9447
    endloop
  endfacet
  facet normal -1 0 0
    outer loop
      vertex 6.5 139.41 53.6032
      vertex 6.5 139.494 56.1733
      vertex 6.5 139.494 53.8267
    endloop
  endfacet
  facet normal -1 0 0
    outer loop
      vertex 6.5 139.41 53.6032
      vertex 6.5 139.41 56.3968
      vertex 6.5 139.494 56.1733
    endloop
  endfacet
  facet normal -1 0 0
    outer loop
      vertex 6.5 139.311 53.3856
      vertex 6.5 139.41 56.3968
      vertex 6.5 139.41 53.6032
    endloop
  endfacet
  facet normal -1 0 0
    outer loop
      vertex 6.5 139.311 53.3856
      vertex 6.5 139.311 56.6144
      vertex 6.5 139.41 56.3968
    endloop
  endfacet
  facet normal -1 0 0
    outer loop
      vertex 6.5 139.199 53.175
      vertex 6.5 139.311 56.6144
      vertex 6.5 139.311 53.3856
    endloop
  endfacet
  facet normal -1 0 0
    outer loop
      vertex 6.5 139.199 53.175
      vertex 6.5 139.199 56.825
      vertex 6.5 139.311 56.6144
    endloop
  endfacet
  facet normal -1 0 0
    outer loop
      vertex 6.5 139.073 52.9722
      vertex 6.5 139.199 56.825
      vertex 6.5 139.199 53.175
    endloop
  endfacet
  facet normal -1 0 0
    outer loop
      vertex 6.5 139.073 52.9722
      vertex 6.5 139.073 57.0278
      vertex 6.5 139.199 56.825
    endloop
  endfacet
  facet normal -1 0 0
    outer loop
      vertex 6.5 138.933 52.778
      vertex 6.5 139.073 57.0278
      vertex 6.5 139.073 52.9722
    endloop
  endfacet
  facet normal -1 0 0
    outer loop
      vertex 6.5 138.933 52.778
      vertex 6.5 138.933 57.222
      vertex 6.5 139.073 57.0278
    endloop
  endfacet
  facet normal -1 0 0
    outer loop
      vertex 6.5 138.782 52.5934
      vertex 6.5 138.933 57.222
      vertex 6.5 138.933 52.778
    endloop
  endfacet
  facet normal -1 0 0
    outer loop
      vertex 6.5 138.782 52.5934
      vertex 6.5 138.782 57.4066
      vertex 6.5 138.933 57.222
    endloop
  endfacet
  facet normal -1 0 0
    outer loop
      vertex 6.5 138.619 52.4191
      vertex 6.5 138.782 57.4066
      vertex 6.5 138.782 52.5934
    endloop
  endfacet
  facet normal -1 0 0
    outer loop
      vertex 6.5 138.619 52.4191
      vertex 6.5 138.619 57.5809
      vertex 6.5 138.782 57.4066
    endloop
  endfacet
  facet normal -1 0 0
    outer loop
      vertex 6.5 138.444 52.2558
      vertex 6.5 138.619 57.5809
      vertex 6.5 138.619 52.4191
    endloop
  endfacet
  facet normal -1 0 0
    outer loop
      vertex 6.5 138.444 52.2558
      vertex 6.5 138.444 57.7442
      vertex 6.5 138.619 57.5809
    endloop
  endfacet
  facet normal -1 0 0
    outer loop
      vertex 6.5 138.26 52.1043
      vertex 6.5 138.444 57.7442
      vertex 6.5 138.444 52.2558
    endloop
  endfacet
  facet normal -1 0 0
    outer loop
      vertex 6.5 138.26 52.1043
      vertex 6.5 138.26 57.8957
      vertex 6.5 138.444 57.7442
    endloop
  endfacet
  facet normal -1 0 0
    outer loop
      vertex 6.5 138.066 51.9651
      vertex 6.5 138.26 57.8957
      vertex 6.5 138.26 52.1043
    endloop
  endfacet
  facet normal -1 0 0
    outer loop
      vertex 6.5 138.066 51.9651
      vertex 6.5 138.066 58.0349
      vertex 6.5 138.26 57.8957
    endloop
  endfacet
  facet normal -1 0 0
    outer loop
      vertex 6.5 137.863 51.839
      vertex 6.5 138.066 58.0349
      vertex 6.5 138.066 51.9651
    endloop
  endfacet
  facet normal -1 0 0
    outer loop
      vertex 6.5 137.863 51.839
      vertex 6.5 137.863 58.161
      vertex 6.5 138.066 58.0349
    endloop
  endfacet
  facet normal -1 0 0
    outer loop
      vertex 6.5 137.652 51.7264
      vertex 6.5 137.863 58.161
      vertex 6.5 137.863 51.839
    endloop
  endfacet
  facet normal -1 0 0
    outer loop
      vertex 6.5 137.652 51.7264
      vertex 6.5 137.652 58.2736
      vertex 6.5 137.863 58.161
    endloop
  endfacet
  facet normal -1 0 0
    outer loop
      vertex 6.5 137.434 51.6278
      vertex 6.5 137.652 58.2736
      vertex 6.5 137.652 51.7264
    endloop
  endfacet
  facet normal -1 0 0
    outer loop
      vertex 6.5 137.434 51.6278
      vertex 6.5 137.434 58.3722
      vertex 6.5 137.652 58.2736
    endloop
  endfacet
  facet normal -1 0 0
    outer loop
      vertex 6.5 137.211 51.5437
      vertex 6.5 137.434 58.3722
      vertex 6.5 137.434 51.6278
    endloop
  endfacet
  facet normal -1 0 0
    outer loop
      vertex 6.5 137.211 51.5437
      vertex 6.5 137.211 58.4563
      vertex 6.5 137.434 58.3722
    endloop
  endfacet
  facet normal -1 0 0
    outer loop
      vertex 6.5 136.982 51.4744
      vertex 6.5 137.211 58.4563
      vertex 6.5 137.211 51.5437
    endloop
  endfacet
  facet normal -1 0 0
    outer loop
      vertex 6.5 136.982 51.4744
      vertex 6.5 136.982 58.5256
      vertex 6.5 137.211 58.4563
    endloop
  endfacet
  facet normal -1 0 0
    outer loop
      vertex 6.5 136.75 51.4201
      vertex 6.5 136.982 58.5256
      vertex 6.5 136.982 51.4744
    endloop
  endfacet
  facet normal -1 0 0
    outer loop
      vertex 6.5 136.75 51.4201
      vertex 6.5 136.75 58.5799
      vertex 6.5 136.982 58.5256
    endloop
  endfacet
  facet normal -1 0 0
    outer loop
      vertex 6.5 136.514 51.3812
      vertex 6.5 136.75 58.5799
      vertex 6.5 136.75 51.4201
    endloop
  endfacet
  facet normal -1 0 0
    outer loop
      vertex 6.5 136.514 51.3812
      vertex 6.5 136.514 58.6188
      vertex 6.5 136.75 58.5799
    endloop
  endfacet
  facet normal -1 0 0
    outer loop
      vertex 6.5 136.276 51.3578
      vertex 6.5 136.514 58.6188
      vertex 6.5 136.514 51.3812
    endloop
  endfacet
  facet normal -1 0 0
    outer loop
      vertex 6.5 136.276 51.3578
      vertex 6.5 136.276 58.6422
      vertex 6.5 136.514 58.6188
    endloop
  endfacet
  facet normal -1 0 0
    outer loop
      vertex 6.5 136.038 51.35
      vertex 6.5 136.276 58.6422
      vertex 6.5 136.276 51.3578
    endloop
  endfacet
  facet normal -1 0 0
    outer loop
      vertex 6.5 136.038 51.35
      vertex 6.5 136.038 58.65
      vertex 6.5 136.276 58.6422
    endloop
  endfacet
  facet normal -1 0 0
    outer loop
      vertex 6.5 135.799 51.3578
      vertex 6.5 136.038 58.65
      vertex 6.5 136.038 51.35
    endloop
  endfacet
  facet normal -1 0 0
    outer loop
      vertex 6.5 135.799 51.3578
      vertex 6.5 135.799 58.6422
      vertex 6.5 136.038 58.65
    endloop
  endfacet
  facet normal -1 0 0
    outer loop
      vertex 6.5 135.561 51.3812
      vertex 6.5 135.799 58.6422
      vertex 6.5 135.799 51.3578
    endloop
  endfacet
  facet normal -1 0 0
    outer loop
      vertex 6.5 135.561 51.3812
      vertex 6.5 135.561 58.6188
      vertex 6.5 135.799 58.6422
    endloop
  endfacet
  facet normal -1 0 0
    outer loop
      vertex 6.5 135.326 51.4201
      vertex 6.5 135.561 58.6188
      vertex 6.5 135.561 51.3812
    endloop
  endfacet
  facet normal -1 0 0
    outer loop
      vertex 6.5 135.326 51.4201
      vertex 6.5 135.326 58.5799
      vertex 6.5 135.561 58.6188
    endloop
  endfacet
  facet normal -1 0 0
    outer loop
      vertex 6.5 135.093 51.4744
      vertex 6.5 135.326 58.5799
      vertex 6.5 135.326 51.4201
    endloop
  endfacet
  facet normal -1 0 0
    outer loop
      vertex 6.5 135.093 51.4744
      vertex 6.5 135.093 58.5256
      vertex 6.5 135.326 58.5799
    endloop
  endfacet
  facet normal -1 0 0
    outer loop
      vertex 6.5 134.864 51.5437
      vertex 6.5 135.093 58.5256
      vertex 6.5 135.093 51.4744
    endloop
  endfacet
  facet normal -1 0 0
    outer loop
      vertex 6.5 134.864 51.5437
      vertex 6.5 134.864 58.4563
      vertex 6.5 135.093 58.5256
    endloop
  endfacet
  facet normal -1 0 0
    outer loop
      vertex 6.5 134.641 51.6278
      vertex 6.5 134.864 58.4563
      vertex 6.5 134.864 51.5437
    endloop
  endfacet
  facet normal -1 0 0
    outer loop
      vertex 6.5 134.641 51.6278
      vertex 6.5 134.641 58.3722
      vertex 6.5 134.864 58.4563
    endloop
  endfacet
  facet normal -1 0 0
    outer loop
      vertex 6.5 134.423 51.7264
      vertex 6.5 134.641 58.3722
      vertex 6.5 134.641 51.6278
    endloop
  endfacet
  facet normal -1 0 0
    outer loop
      vertex 6.5 134.423 51.7264
      vertex 6.5 134.423 58.2736
      vertex 6.5 134.641 58.3722
    endloop
  endfacet
  facet normal -1 0 0
    outer loop
      vertex 6.5 134.213 51.839
      vertex 6.5 134.423 58.2736
      vertex 6.5 134.423 51.7264
    endloop
  endfacet
  facet normal -1 0 0
    outer loop
      vertex 6.5 134.213 51.839
      vertex 6.5 134.213 58.161
      vertex 6.5 134.423 58.2736
    endloop
  endfacet
  facet normal -1 0 0
    outer loop
      vertex 6.5 134.01 51.9651
      vertex 6.5 134.213 58.161
      vertex 6.5 134.213 51.839
    endloop
  endfacet
  facet normal -1 0 0
    outer loop
      vertex 6.5 134.01 51.9651
      vertex 6.5 134.01 58.0349
      vertex 6.5 134.213 58.161
    endloop
  endfacet
  facet normal -1 0 0
    outer loop
      vertex 6.5 133.816 52.1043
      vertex 6.5 134.01 58.0349
      vertex 6.5 134.01 51.9651
    endloop
  endfacet
  facet normal -1 0 0
    outer loop
      vertex 6.5 133.816 52.1043
      vertex 6.5 133.816 57.8957
      vertex 6.5 134.01 58.0349
    endloop
  endfacet
  facet normal -1 0 0
    outer loop
      vertex 6.5 133.631 52.2558
      vertex 6.5 133.816 57.8957
      vertex 6.5 133.816 52.1043
    endloop
  endfacet
  facet normal -1 0 0
    outer loop
      vertex 6.5 133.631 52.2558
      vertex 6.5 133.631 57.7442
      vertex 6.5 133.816 57.8957
    endloop
  endfacet
  facet normal -1 0 0
    outer loop
      vertex 6.5 133.457 52.4191
      vertex 6.5 133.631 57.7442
      vertex 6.5 133.631 52.2558
    endloop
  endfacet
  facet normal -1 0 0
    outer loop
      vertex 6.5 133.457 52.4191
      vertex 6.5 133.457 57.5809
      vertex 6.5 133.631 57.7442
    endloop
  endfacet
  facet normal -1 0 0
    outer loop
      vertex 6.5 133.293 52.5934
      vertex 6.5 133.457 57.5809
      vertex 6.5 133.457 52.4191
    endloop
  endfacet
  facet normal -1 0 0
    outer loop
      vertex 6.5 133.293 52.5934
      vertex 6.5 133.293 57.4066
      vertex 6.5 133.457 57.5809
    endloop
  endfacet
  facet normal -1 0 0
    outer loop
      vertex 6.5 133.142 52.778
      vertex 6.5 133.293 57.4066
      vertex 6.5 133.293 52.5934
    endloop
  endfacet
  facet normal -1 0 0
    outer loop
      vertex 6.5 133.142 52.778
      vertex 6.5 133.142 57.222
      vertex 6.5 133.293 57.4066
    endloop
  endfacet
  facet normal -1 0 0
    outer loop
      vertex 6.5 133.003 52.9722
      vertex 6.5 133.142 57.222
      vertex 6.5 133.142 52.778
    endloop
  endfacet
  facet normal -1 0 0
    outer loop
      vertex 6.5 133.003 52.9722
      vertex 6.5 133.003 57.0278
      vertex 6.5 133.142 57.222
    endloop
  endfacet
  facet normal -1 0 0
    outer loop
      vertex 6.5 132.877 53.175
      vertex 6.5 133.003 57.0278
      vertex 6.5 133.003 52.9722
    endloop
  endfacet
  facet normal -1 0 0
    outer loop
      vertex 6.5 132.877 53.175
      vertex 6.5 132.877 56.825
      vertex 6.5 133.003 57.0278
    endloop
  endfacet
  facet normal -1 0 0
    outer loop
      vertex 6.5 132.764 53.3856
      vertex 6.5 132.877 56.825
      vertex 6.5 132.877 53.175
    endloop
  endfacet
  facet normal -1 0 0
    outer loop
      vertex 6.5 132.764 53.3856
      vertex 6.5 132.764 56.6144
      vertex 6.5 132.877 56.825
    endloop
  endfacet
  facet normal -1 0 0
    outer loop
      vertex 6.5 132.666 53.6032
      vertex 6.5 132.764 56.6144
      vertex 6.5 132.764 53.3856
    endloop
  endfacet
  facet normal -1 0 0
    outer loop
      vertex 6.5 132.666 53.6032
      vertex 6.5 132.666 56.3968
      vertex 6.5 132.764 56.6144
    endloop
  endfacet
  facet normal -1 0 0
    outer loop
      vertex 6.5 132.581 53.8267
      vertex 6.5 132.666 56.3968
      vertex 6.5 132.666 53.6032
    endloop
  endfacet
  facet normal -1 0 0
    outer loop
      vertex 6.5 132.581 53.8267
      vertex 6.5 132.581 56.1733
      vertex 6.5 132.666 56.3968
    endloop
  endfacet
  facet normal -1 0 0
    outer loop
      vertex 6.5 132.512 54.0553
      vertex 6.5 132.581 56.1733
      vertex 6.5 132.581 53.8267
    endloop
  endfacet
  facet normal -1 0 0
    outer loop
      vertex 6.5 132.512 54.0553
      vertex 6.5 132.512 55.9447
      vertex 6.5 132.581 56.1733
    endloop
  endfacet
  facet normal -1 0 0
    outer loop
      vertex 6.5 132.458 54.2879
      vertex 6.5 132.512 55.9447
      vertex 6.5 132.512 54.0553
    endloop
  endfacet
  facet normal -1 0 0
    outer loop
      vertex 6.5 132.458 54.2879
      vertex 6.5 132.458 55.7121
      vertex 6.5 132.512 55.9447
    endloop
  endfacet
  facet normal -1 0 0
    outer loop
      vertex 6.5 132.419 54.5236
      vertex 6.5 132.458 55.7121
      vertex 6.5 132.458 54.2879
    endloop
  endfacet
  facet normal -1 0 0
    outer loop
      vertex 6.5 132.419 54.5236
      vertex 6.5 132.419 55.4764
      vertex 6.5 132.458 55.7121
    endloop
  endfacet
  facet normal -1 0 0
    outer loop
      vertex 6.5 132.395 54.7613
      vertex 6.5 132.419 55.4764
      vertex 6.5 132.419 54.5236
    endloop
  endfacet
  facet normal -1 0 0
    outer loop
      vertex 6.5 132.395 54.7613
      vertex 6.5 132.395 55.2387
      vertex 6.5 132.419 55.4764
    endloop
  endfacet
  facet normal -1 0 -0
    outer loop
      vertex 6.5 132.395 55.2387
      vertex 6.5 132.395 54.7613
      vertex 6.5 132.388 55
    endloop
  endfacet
  facet normal 0 -0.99944 -0.0334541
    outer loop
      vertex 0 139.688 110
      vertex 6.5 139.68 110.239
      vertex 0 139.68 110.239
    endloop
  endfacet
  facet normal 0 -0.99944 -0.0334541
    outer loop
      vertex 6.5 139.68 110.239
      vertex 0 139.688 110
      vertex 6.5 139.688 110
    endloop
  endfacet
  facet normal 0 -0.352503 0.935811
    outer loop
      vertex 0 137.434 106.628
      vertex 6.5 137.211 106.544
      vertex 6.5 137.434 106.628
    endloop
  endfacet
  facet normal 0 -0.352503 0.935811
    outer loop
      vertex 6.5 137.211 106.544
      vertex 0 137.434 106.628
      vertex 0 137.211 106.544
    endloop
  endfacet
  facet normal 0 -0.774703 0.632325
    outer loop
      vertex 0 138.782 107.593
      vertex 6.5 138.933 107.778
      vertex 0 138.933 107.778
    endloop
  endfacet
  facet normal 0 -0.774703 0.632325
    outer loop
      vertex 6.5 138.933 107.778
      vertex 0 138.782 107.593
      vertex 6.5 138.782 107.593
    endloop
  endfacet
  facet normal 0 -0.226699 0.973965
    outer loop
      vertex 0 136.982 106.474
      vertex 6.5 136.75 106.42
      vertex 6.5 136.982 106.474
    endloop
  endfacet
  facet normal 0 -0.226699 0.973965
    outer loop
      vertex 6.5 136.75 106.42
      vertex 0 136.982 106.474
      vertex 0 136.75 106.42
    endloop
  endfacet
  facet normal 0 -0.973253 0.229738
    outer loop
      vertex 0 139.563 109.055
      vertex 6.5 139.618 109.288
      vertex 0 139.618 109.288
    endloop
  endfacet
  facet normal 0 -0.973253 0.229738
    outer loop
      vertex 6.5 139.618 109.288
      vertex 0 139.563 109.055
      vertex 6.5 139.563 109.055
    endloop
  endfacet
  facet normal 0 -0.410017 -0.912078
    outer loop
      vertex 0 137.434 113.372
      vertex 6.5 137.652 113.274
      vertex 6.5 137.434 113.372
    endloop
  endfacet
  facet normal -0 -0.410017 -0.912078
    outer loop
      vertex 6.5 137.652 113.274
      vertex 0 137.434 113.372
      vertex 0 137.652 113.274
    endloop
  endfacet
  facet normal 0 -0.95713 0.289658
    outer loop
      vertex 0 139.494 108.827
      vertex 6.5 139.563 109.055
      vertex 0 139.563 109.055
    endloop
  endfacet
  facet normal 0 -0.95713 0.289658
    outer loop
      vertex 6.5 139.563 109.055
      vertex 0 139.494 108.827
      vertex 6.5 139.494 108.827
    endloop
  endfacet
  facet normal 0 -0.410017 0.912078
    outer loop
      vertex 0 137.652 106.726
      vertex 6.5 137.434 106.628
      vertex 6.5 137.652 106.726
    endloop
  endfacet
  facet normal 0 -0.410017 0.912078
    outer loop
      vertex 6.5 137.434 106.628
      vertex 0 137.652 106.726
      vertex 0 137.434 106.628
    endloop
  endfacet
  facet normal 0 -0.8109 -0.585185
    outer loop
      vertex 0 139.073 112.028
      vertex 6.5 138.933 112.222
      vertex 0 138.933 112.222
    endloop
  endfacet
  facet normal 0 -0.8109 -0.585185
    outer loop
      vertex 6.5 138.933 112.222
      vertex 0 139.073 112.028
      vertex 6.5 139.073 112.028
    endloop
  endfacet
  facet normal 0 0.410017 -0.912078
    outer loop
      vertex 0 134.423 113.274
      vertex 6.5 134.641 113.372
      vertex 6.5 134.423 113.274
    endloop
  endfacet
  facet normal 0 0.410017 -0.912078
    outer loop
      vertex 6.5 134.641 113.372
      vertex 0 134.423 113.274
      vertex 0 134.641 113.372
    endloop
  endfacet
  facet normal 0 0.582427 -0.812883
    outer loop
      vertex 0 133.816 112.896
      vertex 6.5 134.01 113.035
      vertex 6.5 133.816 112.896
    endloop
  endfacet
  facet normal 0 0.582427 -0.812883
    outer loop
      vertex 6.5 134.01 113.035
      vertex 0 133.816 112.896
      vertex 0 134.01 113.035
    endloop
  endfacet
  facet normal -0 0.410017 0.912078
    outer loop
      vertex 0 134.641 106.628
      vertex 6.5 134.423 106.726
      vertex 6.5 134.641 106.628
    endloop
  endfacet
  facet normal 0 0.410017 0.912078
    outer loop
      vertex 6.5 134.423 106.726
      vertex 0 134.641 106.628
      vertex 0 134.423 106.726
    endloop
  endfacet
  facet normal 0 -0.0335945 0.999436
    outer loop
      vertex 0 136.276 106.358
      vertex 6.5 136.038 106.35
      vertex 6.5 136.276 106.358
    endloop
  endfacet
  facet normal 0 -0.0335945 0.999436
    outer loop
      vertex 6.5 136.038 106.35
      vertex 0 136.276 106.358
      vertex 0 136.038 106.35
    endloop
  endfacet
  facet normal 0 -0.527363 0.84964
    outer loop
      vertex 0 138.066 106.965
      vertex 6.5 137.863 106.839
      vertex 6.5 138.066 106.965
    endloop
  endfacet
  facet normal 0 -0.527363 0.84964
    outer loop
      vertex 6.5 137.863 106.839
      vertex 0 138.066 106.965
      vertex 0 137.863 106.839
    endloop
  endfacet
  facet normal 0 0.352503 -0.935811
    outer loop
      vertex 0 134.641 113.372
      vertex 6.5 134.864 113.456
      vertex 6.5 134.641 113.372
    endloop
  endfacet
  facet normal 0 0.352503 -0.935811
    outer loop
      vertex 6.5 134.864 113.456
      vertex 0 134.641 113.372
      vertex 0 134.864 113.456
    endloop
  endfacet
  facet normal 0 0.95713 0.289658
    outer loop
      vertex 6.5 132.581 108.827
      vertex 0 132.512 109.055
      vertex 6.5 132.512 109.055
    endloop
  endfacet
  facet normal 0 0.95713 0.289658
    outer loop
      vertex 0 132.512 109.055
      vertex 6.5 132.581 108.827
      vertex 0 132.581 108.827
    endloop
  endfacet
  facet normal 0 0.225775 -0.974179
    outer loop
      vertex 0 135.093 113.526
      vertex 6.5 135.326 113.58
      vertex 6.5 135.093 113.526
    endloop
  endfacet
  facet normal 0 0.225775 -0.974179
    outer loop
      vertex 6.5 135.326 113.58
      vertex 0 135.093 113.526
      vertex 0 135.326 113.58
    endloop
  endfacet
  facet normal 0 -0.994912 0.100751
    outer loop
      vertex 0 139.656 109.524
      vertex 6.5 139.68 109.761
      vertex 0 139.68 109.761
    endloop
  endfacet
  facet normal 0 -0.994912 0.100751
    outer loop
      vertex 6.5 139.68 109.761
      vertex 0 139.656 109.524
      vertex 6.5 139.656 109.524
    endloop
  endfacet
  facet normal 0 0.999571 0.0292761
    outer loop
      vertex 6.5 132.395 109.761
      vertex 0 132.388 110
      vertex 6.5 132.388 110
    endloop
  endfacet
  facet normal 0 0.999571 0.0292761
    outer loop
      vertex 0 132.388 110
      vertex 6.5 132.395 109.761
      vertex 0 132.395 109.761
    endloop
  endfacet
  facet normal 0 -0.352503 -0.935811
    outer loop
      vertex 0 137.211 113.456
      vertex 6.5 137.434 113.372
      vertex 6.5 137.211 113.456
    endloop
  endfacet
  facet normal -0 -0.352503 -0.935811
    outer loop
      vertex 6.5 137.434 113.372
      vertex 0 137.211 113.456
      vertex 0 137.434 113.372
    endloop
  endfacet
  facet normal 0 -0.987284 -0.158969
    outer loop
      vertex 0 139.656 110.476
      vertex 6.5 139.618 110.712
      vertex 0 139.618 110.712
    endloop
  endfacet
  facet normal 0 -0.987284 -0.158969
    outer loop
      vertex 6.5 139.618 110.712
      vertex 0 139.656 110.476
      vertex 6.5 139.656 110.476
    endloop
  endfacet
  facet normal 0 0.727709 0.685886
    outer loop
      vertex 6.5 133.457 107.419
      vertex 0 133.293 107.593
      vertex 6.5 133.293 107.593
    endloop
  endfacet
  facet normal 0 0.727709 0.685886
    outer loop
      vertex 0 133.293 107.593
      vertex 6.5 133.457 107.419
      vertex 0 133.457 107.419
    endloop
  endfacet
  facet normal 0 0.93495 -0.35478
    outer loop
      vertex 6.5 132.581 111.173
      vertex 0 132.666 111.397
      vertex 6.5 132.666 111.397
    endloop
  endfacet
  facet normal 0 0.93495 -0.35478
    outer loop
      vertex 0 132.666 111.397
      vertex 6.5 132.581 111.173
      vertex 0 132.581 111.173
    endloop
  endfacet
  facet normal 0 0.47385 -0.880606
    outer loop
      vertex 0 134.213 113.161
      vertex 6.5 134.423 113.274
      vertex 6.5 134.213 113.161
    endloop
  endfacet
  facet normal 0 0.47385 -0.880606
    outer loop
      vertex 6.5 134.423 113.274
      vertex 0 134.213 113.161
      vertex 0 134.423 113.274
    endloop
  endfacet
  facet normal 0 -0.883278 -0.468849
    outer loop
      vertex 0 139.311 111.614
      vertex 6.5 139.199 111.825
      vertex 0 139.199 111.825
    endloop
  endfacet
  facet normal 0 -0.883278 -0.468849
    outer loop
      vertex 6.5 139.199 111.825
      vertex 0 139.311 111.614
      vertex 6.5 139.311 111.614
    endloop
  endfacet
  facet normal -0 0.352503 0.935811
    outer loop
      vertex 0 134.864 106.544
      vertex 6.5 134.641 106.628
      vertex 6.5 134.864 106.544
    endloop
  endfacet
  facet normal 0 0.352503 0.935811
    outer loop
      vertex 6.5 134.641 106.628
      vertex 0 134.864 106.544
      vertex 0 134.641 106.628
    endloop
  endfacet
  facet normal 0 -0.681573 -0.73175
    outer loop
      vertex 0 138.444 112.744
      vertex 6.5 138.619 112.581
      vertex 6.5 138.444 112.744
    endloop
  endfacet
  facet normal -0 -0.681573 -0.73175
    outer loop
      vertex 6.5 138.619 112.581
      vertex 0 138.444 112.744
      vertex 0 138.619 112.581
    endloop
  endfacet
  facet normal 0 -0.582427 0.812883
    outer loop
      vertex 0 138.26 107.104
      vertex 6.5 138.066 106.965
      vertex 6.5 138.26 107.104
    endloop
  endfacet
  facet normal 0 -0.582427 0.812883
    outer loop
      vertex 6.5 138.066 106.965
      vertex 0 138.26 107.104
      vertex 0 138.066 106.965
    endloop
  endfacet
  facet normal 0 -0.292325 0.956319
    outer loop
      vertex 0 137.211 106.544
      vertex 6.5 136.982 106.474
      vertex 6.5 137.211 106.544
    endloop
  endfacet
  facet normal 0 -0.292325 0.956319
    outer loop
      vertex 6.5 136.982 106.474
      vertex 0 137.211 106.544
      vertex 0 136.982 106.474
    endloop
  endfacet
  facet normal 0 0.812883 -0.582427
    outer loop
      vertex 6.5 133.003 112.028
      vertex 0 133.142 112.222
      vertex 6.5 133.142 112.222
    endloop
  endfacet
  facet normal 0 0.812883 -0.582427
    outer loop
      vertex 0 133.142 112.222
      vertex 6.5 133.003 112.028
      vertex 0 133.003 112.028
    endloop
  endfacet
  facet normal 0 -0.84964 0.527363
    outer loop
      vertex 0 139.073 107.972
      vertex 6.5 139.199 108.175
      vertex 0 139.199 108.175
    endloop
  endfacet
  facet normal 0 -0.84964 0.527363
    outer loop
      vertex 6.5 139.199 108.175
      vertex 0 139.073 107.972
      vertex 6.5 139.073 107.972
    endloop
  endfacet
  facet normal -0 0.47385 0.880606
    outer loop
      vertex 0 134.423 106.726
      vertex 6.5 134.213 106.839
      vertex 6.5 134.423 106.726
    endloop
  endfacet
  facet normal 0 0.47385 0.880606
    outer loop
      vertex 6.5 134.213 106.839
      vertex 0 134.423 106.726
      vertex 0 134.213 106.839
    endloop
  endfacet
  facet normal 0 -0.582427 -0.812883
    outer loop
      vertex 0 138.066 113.035
      vertex 6.5 138.26 112.896
      vertex 6.5 138.066 113.035
    endloop
  endfacet
  facet normal -0 -0.582427 -0.812883
    outer loop
      vertex 6.5 138.26 112.896
      vertex 0 138.066 113.035
      vertex 0 138.26 112.896
    endloop
  endfacet
  facet normal 0 -0.0961905 0.995363
    outer loop
      vertex 0 136.514 106.381
      vertex 6.5 136.276 106.358
      vertex 6.5 136.514 106.381
    endloop
  endfacet
  facet normal 0 -0.0961905 0.995363
    outer loop
      vertex 6.5 136.276 106.358
      vertex 0 136.514 106.381
      vertex 0 136.276 106.358
    endloop
  endfacet
  facet normal -0 0.683662 0.729799
    outer loop
      vertex 0 133.631 107.256
      vertex 6.5 133.457 107.419
      vertex 6.5 133.631 107.256
    endloop
  endfacet
  facet normal 0 0.683662 0.729799
    outer loop
      vertex 6.5 133.457 107.419
      vertex 0 133.631 107.256
      vertex 0 133.457 107.419
    endloop
  endfacet
  facet normal 0 0.0334541 -0.99944
    outer loop
      vertex 0 135.799 113.642
      vertex 6.5 136.038 113.65
      vertex 6.5 135.799 113.642
    endloop
  endfacet
  facet normal 0 0.0334541 -0.99944
    outer loop
      vertex 6.5 136.038 113.65
      vertex 0 135.799 113.642
      vertex 0 136.038 113.65
    endloop
  endfacet
  facet normal 0 -0.472105 -0.881542
    outer loop
      vertex 0 137.652 113.274
      vertex 6.5 137.863 113.161
      vertex 6.5 137.652 113.274
    endloop
  endfacet
  facet normal -0 -0.472105 -0.881542
    outer loop
      vertex 6.5 137.863 113.161
      vertex 0 137.652 113.274
      vertex 0 137.863 113.161
    endloop
  endfacet
  facet normal 0 0.911371 0.411587
    outer loop
      vertex 6.5 132.764 108.386
      vertex 0 132.666 108.603
      vertex 6.5 132.666 108.603
    endloop
  endfacet
  facet normal 0 0.911371 0.411587
    outer loop
      vertex 0 132.666 108.603
      vertex 6.5 132.764 108.386
      vertex 0 132.764 108.386
    endloop
  endfacet
  facet normal -0 0.0961905 0.995363
    outer loop
      vertex 0 135.799 106.358
      vertex 6.5 135.561 106.381
      vertex 6.5 135.799 106.358
    endloop
  endfacet
  facet normal 0 0.0961905 0.995363
    outer loop
      vertex 6.5 135.561 106.381
      vertex 0 135.799 106.358
      vertex 0 135.561 106.381
    endloop
  endfacet
  facet normal 0 0.994912 0.100751
    outer loop
      vertex 6.5 132.419 109.524
      vertex 0 132.395 109.761
      vertex 6.5 132.395 109.761
    endloop
  endfacet
  facet normal 0 0.994912 0.100751
    outer loop
      vertex 0 132.395 109.761
      vertex 6.5 132.419 109.524
      vertex 0 132.419 109.524
    endloop
  endfacet
  facet normal 0 -0.774703 -0.632325
    outer loop
      vertex 0 138.933 112.222
      vertex 6.5 138.782 112.407
      vertex 0 138.782 112.407
    endloop
  endfacet
  facet normal 0 -0.774703 -0.632325
    outer loop
      vertex 6.5 138.782 112.407
      vertex 0 138.933 112.222
      vertex 6.5 138.933 112.222
    endloop
  endfacet
  facet normal -0 0.163718 0.986507
    outer loop
      vertex 0 135.561 106.381
      vertex 6.5 135.326 106.42
      vertex 6.5 135.561 106.381
    endloop
  endfacet
  facet normal 0 0.163718 0.986507
    outer loop
      vertex 6.5 135.326 106.42
      vertex 0 135.561 106.381
      vertex 0 135.326 106.42
    endloop
  endfacet
  facet normal 0 -0.936329 -0.351123
    outer loop
      vertex 0 139.494 111.173
      vertex 6.5 139.41 111.397
      vertex 0 139.41 111.397
    endloop
  endfacet
  facet normal 0 -0.936329 -0.351123
    outer loop
      vertex 6.5 139.41 111.397
      vertex 0 139.494 111.173
      vertex 6.5 139.494 111.173
    endloop
  endfacet
  facet normal 0 -0.883278 0.468849
    outer loop
      vertex 0 139.199 108.175
      vertex 6.5 139.311 108.386
      vertex 0 139.311 108.386
    endloop
  endfacet
  facet normal 0 -0.883278 0.468849
    outer loop
      vertex 6.5 139.311 108.386
      vertex 0 139.199 108.175
      vertex 6.5 139.199 108.175
    endloop
  endfacet
  facet normal -0 0.634828 0.772653
    outer loop
      vertex 0 133.816 107.104
      vertex 6.5 133.631 107.256
      vertex 6.5 133.816 107.104
    endloop
  endfacet
  facet normal 0 0.634828 0.772653
    outer loop
      vertex 6.5 133.631 107.256
      vertex 0 133.816 107.104
      vertex 0 133.631 107.256
    endloop
  endfacet
  facet normal -0 0.0334541 0.99944
    outer loop
      vertex 0 136.038 106.35
      vertex 6.5 135.799 106.358
      vertex 6.5 136.038 106.35
    endloop
  endfacet
  facet normal 0 0.0334541 0.99944
    outer loop
      vertex 6.5 135.799 106.358
      vertex 0 136.038 106.35
      vertex 0 135.799 106.358
    endloop
  endfacet
  facet normal -0 0.225775 0.974179
    outer loop
      vertex 0 135.326 106.42
      vertex 6.5 135.093 106.474
      vertex 6.5 135.326 106.42
    endloop
  endfacet
  facet normal 0 0.225775 0.974179
    outer loop
      vertex 6.5 135.093 106.474
      vertex 0 135.326 106.42
      vertex 0 135.093 106.474
    endloop
  endfacet
  facet normal 0 -0.681573 0.73175
    outer loop
      vertex 0 138.619 107.419
      vertex 6.5 138.444 107.256
      vertex 6.5 138.619 107.419
    endloop
  endfacet
  facet normal 0 -0.681573 0.73175
    outer loop
      vertex 6.5 138.444 107.256
      vertex 0 138.619 107.419
      vertex 0 138.444 107.256
    endloop
  endfacet
  facet normal 0 -0.472105 0.881542
    outer loop
      vertex 0 137.863 106.839
      vertex 6.5 137.652 106.726
      vertex 6.5 137.863 106.839
    endloop
  endfacet
  facet normal 0 -0.472105 0.881542
    outer loop
      vertex 6.5 137.652 106.726
      vertex 0 137.863 106.839
      vertex 0 137.652 106.726
    endloop
  endfacet
  facet normal 0 0.881542 -0.472105
    outer loop
      vertex 6.5 132.764 111.614
      vertex 0 132.877 111.825
      vertex 6.5 132.877 111.825
    endloop
  endfacet
  facet normal 0 0.881542 -0.472105
    outer loop
      vertex 0 132.877 111.825
      vertex 6.5 132.764 111.614
      vertex 0 132.764 111.614
    endloop
  endfacet
  facet normal -0 0.582427 0.812883
    outer loop
      vertex 0 134.01 106.965
      vertex 6.5 133.816 107.104
      vertex 6.5 134.01 106.965
    endloop
  endfacet
  facet normal 0 0.582427 0.812883
    outer loop
      vertex 6.5 133.816 107.104
      vertex 0 134.01 106.965
      vertex 0 133.816 107.104
    endloop
  endfacet
  facet normal 0 0.84964 -0.527363
    outer loop
      vertex 6.5 132.877 111.825
      vertex 0 133.003 112.028
      vertex 6.5 133.003 112.028
    endloop
  endfacet
  facet normal 0 0.84964 -0.527363
    outer loop
      vertex 0 133.003 112.028
      vertex 6.5 132.877 111.825
      vertex 0 132.877 111.825
    endloop
  endfacet
  facet normal 0 -0.994912 -0.100751
    outer loop
      vertex 0 139.68 110.239
      vertex 6.5 139.656 110.476
      vertex 0 139.656 110.476
    endloop
  endfacet
  facet normal 0 -0.994912 -0.100751
    outer loop
      vertex 6.5 139.656 110.476
      vertex 0 139.68 110.239
      vertex 6.5 139.68 110.239
    endloop
  endfacet
  facet normal 0 -0.8109 0.585185
    outer loop
      vertex 0 138.933 107.778
      vertex 6.5 139.073 107.972
      vertex 0 139.073 107.972
    endloop
  endfacet
  facet normal 0 -0.8109 0.585185
    outer loop
      vertex 6.5 139.073 107.972
      vertex 0 138.933 107.778
      vertex 6.5 138.933 107.778
    endloop
  endfacet
  facet normal 0 -0.95713 -0.289658
    outer loop
      vertex 0 139.563 110.945
      vertex 6.5 139.494 111.173
      vertex 0 139.494 111.173
    endloop
  endfacet
  facet normal 0 -0.95713 -0.289658
    outer loop
      vertex 6.5 139.494 111.173
      vertex 0 139.563 110.945
      vertex 6.5 139.563 110.945
    endloop
  endfacet
  facet normal 0 -0.99944 0.0334541
    outer loop
      vertex 0 139.68 109.761
      vertex 6.5 139.688 110
      vertex 0 139.688 110
    endloop
  endfacet
  facet normal 0 -0.99944 0.0334541
    outer loop
      vertex 6.5 139.688 110
      vertex 0 139.68 109.761
      vertex 6.5 139.68 109.761
    endloop
  endfacet
  facet normal -0 0.292325 0.956319
    outer loop
      vertex 0 135.093 106.474
      vertex 6.5 134.864 106.544
      vertex 6.5 135.093 106.474
    endloop
  endfacet
  facet normal 0 0.292325 0.956319
    outer loop
      vertex 6.5 134.864 106.544
      vertex 0 135.093 106.474
      vertex 0 134.864 106.544
    endloop
  endfacet
  facet normal 0 -0.527363 -0.84964
    outer loop
      vertex 0 137.863 113.161
      vertex 6.5 138.066 113.035
      vertex 6.5 137.863 113.161
    endloop
  endfacet
  facet normal -0 -0.527363 -0.84964
    outer loop
      vertex 6.5 138.066 113.035
      vertex 0 137.863 113.161
      vertex 0 138.066 113.035
    endloop
  endfacet
  facet normal 0 -0.729799 0.683662
    outer loop
      vertex 0 138.619 107.419
      vertex 6.5 138.782 107.593
      vertex 0 138.782 107.593
    endloop
  endfacet
  facet normal 0 -0.729799 0.683662
    outer loop
      vertex 6.5 138.782 107.593
      vertex 0 138.619 107.419
      vertex 6.5 138.619 107.419
    endloop
  endfacet
  facet normal 0 0.986619 0.163043
    outer loop
      vertex 6.5 132.458 109.288
      vertex 0 132.419 109.524
      vertex 6.5 132.419 109.524
    endloop
  endfacet
  facet normal 0 0.986619 0.163043
    outer loop
      vertex 0 132.419 109.524
      vertex 6.5 132.458 109.288
      vertex 0 132.458 109.288
    endloop
  endfacet
  facet normal 0 -0.909791 0.415066
    outer loop
      vertex 0 139.311 108.386
      vertex 6.5 139.41 108.603
      vertex 0 139.41 108.603
    endloop
  endfacet
  facet normal 0 -0.909791 0.415066
    outer loop
      vertex 6.5 139.41 108.603
      vertex 0 139.311 108.386
      vertex 6.5 139.311 108.386
    endloop
  endfacet
  facet normal -0 0.527363 0.84964
    outer loop
      vertex 0 134.213 106.839
      vertex 6.5 134.01 106.965
      vertex 6.5 134.213 106.839
    endloop
  endfacet
  facet normal 0 0.527363 0.84964
    outer loop
      vertex 6.5 134.01 106.965
      vertex 0 134.213 106.839
      vertex 0 134.01 106.965
    endloop
  endfacet
  facet normal 0 -0.936329 0.351123
    outer loop
      vertex 0 139.41 108.603
      vertex 6.5 139.494 108.827
      vertex 0 139.494 108.827
    endloop
  endfacet
  facet normal 0 -0.936329 0.351123
    outer loop
      vertex 6.5 139.494 108.827
      vertex 0 139.41 108.603
      vertex 6.5 139.41 108.603
    endloop
  endfacet
  facet normal -1 0 0
    outer loop
      vertex 6.5 139.68 109.761
      vertex 6.5 139.68 110.239
      vertex 6.5 139.688 110
    endloop
  endfacet
  facet normal -1 0 0
    outer loop
      vertex 6.5 139.656 109.524
      vertex 6.5 139.68 110.239
      vertex 6.5 139.68 109.761
    endloop
  endfacet
  facet normal -1 0 0
    outer loop
      vertex 6.5 139.656 109.524
      vertex 6.5 139.656 110.476
      vertex 6.5 139.68 110.239
    endloop
  endfacet
  facet normal -1 0 0
    outer loop
      vertex 6.5 139.618 109.288
      vertex 6.5 139.656 110.476
      vertex 6.5 139.656 109.524
    endloop
  endfacet
  facet normal -1 0 0
    outer loop
      vertex 6.5 139.618 109.288
      vertex 6.5 139.618 110.712
      vertex 6.5 139.656 110.476
    endloop
  endfacet
  facet normal -1 0 0
    outer loop
      vertex 6.5 139.563 109.055
      vertex 6.5 139.618 110.712
      vertex 6.5 139.618 109.288
    endloop
  endfacet
  facet normal -1 0 0
    outer loop
      vertex 6.5 139.563 109.055
      vertex 6.5 139.563 110.945
      vertex 6.5 139.618 110.712
    endloop
  endfacet
  facet normal -1 0 0
    outer loop
      vertex 6.5 139.494 108.827
      vertex 6.5 139.563 110.945
      vertex 6.5 139.563 109.055
    endloop
  endfacet
  facet normal -1 0 0
    outer loop
      vertex 6.5 139.494 108.827
      vertex 6.5 139.494 111.173
      vertex 6.5 139.563 110.945
    endloop
  endfacet
  facet normal -1 0 0
    outer loop
      vertex 6.5 139.41 108.603
      vertex 6.5 139.494 111.173
      vertex 6.5 139.494 108.827
    endloop
  endfacet
  facet normal -1 0 0
    outer loop
      vertex 6.5 139.41 108.603
      vertex 6.5 139.41 111.397
      vertex 6.5 139.494 111.173
    endloop
  endfacet
  facet normal -1 0 0
    outer loop
      vertex 6.5 139.311 108.386
      vertex 6.5 139.41 111.397
      vertex 6.5 139.41 108.603
    endloop
  endfacet
  facet normal -1 0 0
    outer loop
      vertex 6.5 139.311 108.386
      vertex 6.5 139.311 111.614
      vertex 6.5 139.41 111.397
    endloop
  endfacet
  facet normal -1 0 0
    outer loop
      vertex 6.5 139.199 108.175
      vertex 6.5 139.311 111.614
      vertex 6.5 139.311 108.386
    endloop
  endfacet
  facet normal -1 0 0
    outer loop
      vertex 6.5 139.199 108.175
      vertex 6.5 139.199 111.825
      vertex 6.5 139.311 111.614
    endloop
  endfacet
  facet normal -1 0 0
    outer loop
      vertex 6.5 139.073 107.972
      vertex 6.5 139.199 111.825
      vertex 6.5 139.199 108.175
    endloop
  endfacet
  facet normal -1 0 0
    outer loop
      vertex 6.5 139.073 107.972
      vertex 6.5 139.073 112.028
      vertex 6.5 139.199 111.825
    endloop
  endfacet
  facet normal -1 0 0
    outer loop
      vertex 6.5 138.933 107.778
      vertex 6.5 139.073 112.028
      vertex 6.5 139.073 107.972
    endloop
  endfacet
  facet normal -1 0 0
    outer loop
      vertex 6.5 138.933 107.778
      vertex 6.5 138.933 112.222
      vertex 6.5 139.073 112.028
    endloop
  endfacet
  facet normal -1 0 0
    outer loop
      vertex 6.5 138.782 107.593
      vertex 6.5 138.933 112.222
      vertex 6.5 138.933 107.778
    endloop
  endfacet
  facet normal -1 0 0
    outer loop
      vertex 6.5 138.782 107.593
      vertex 6.5 138.782 112.407
      vertex 6.5 138.933 112.222
    endloop
  endfacet
  facet normal -1 0 0
    outer loop
      vertex 6.5 138.619 107.419
      vertex 6.5 138.782 112.407
      vertex 6.5 138.782 107.593
    endloop
  endfacet
  facet normal -1 0 0
    outer loop
      vertex 6.5 138.619 107.419
      vertex 6.5 138.619 112.581
      vertex 6.5 138.782 112.407
    endloop
  endfacet
  facet normal -1 0 0
    outer loop
      vertex 6.5 138.444 107.256
      vertex 6.5 138.619 112.581
      vertex 6.5 138.619 107.419
    endloop
  endfacet
  facet normal -1 0 0
    outer loop
      vertex 6.5 138.444 107.256
      vertex 6.5 138.444 112.744
      vertex 6.5 138.619 112.581
    endloop
  endfacet
  facet normal -1 0 0
    outer loop
      vertex 6.5 138.26 107.104
      vertex 6.5 138.444 112.744
      vertex 6.5 138.444 107.256
    endloop
  endfacet
  facet normal -1 0 0
    outer loop
      vertex 6.5 138.26 107.104
      vertex 6.5 138.26 112.896
      vertex 6.5 138.444 112.744
    endloop
  endfacet
  facet normal -1 0 0
    outer loop
      vertex 6.5 138.066 106.965
      vertex 6.5 138.26 112.896
      vertex 6.5 138.26 107.104
    endloop
  endfacet
  facet normal -1 0 0
    outer loop
      vertex 6.5 138.066 106.965
      vertex 6.5 138.066 113.035
      vertex 6.5 138.26 112.896
    endloop
  endfacet
  facet normal -1 0 0
    outer loop
      vertex 6.5 137.863 106.839
      vertex 6.5 138.066 113.035
      vertex 6.5 138.066 106.965
    endloop
  endfacet
  facet normal -1 0 0
    outer loop
      vertex 6.5 137.863 106.839
      vertex 6.5 137.863 113.161
      vertex 6.5 138.066 113.035
    endloop
  endfacet
  facet normal -1 0 0
    outer loop
      vertex 6.5 137.652 106.726
      vertex 6.5 137.863 113.161
      vertex 6.5 137.863 106.839
    endloop
  endfacet
  facet normal -1 0 0
    outer loop
      vertex 6.5 137.652 106.726
      vertex 6.5 137.652 113.274
      vertex 6.5 137.863 113.161
    endloop
  endfacet
  facet normal -1 0 0
    outer loop
      vertex 6.5 137.434 106.628
      vertex 6.5 137.652 113.274
      vertex 6.5 137.652 106.726
    endloop
  endfacet
  facet normal -1 0 0
    outer loop
      vertex 6.5 137.434 106.628
      vertex 6.5 137.434 113.372
      vertex 6.5 137.652 113.274
    endloop
  endfacet
  facet normal -1 0 0
    outer loop
      vertex 6.5 137.211 106.544
      vertex 6.5 137.434 113.372
      vertex 6.5 137.434 106.628
    endloop
  endfacet
  facet normal -1 0 0
    outer loop
      vertex 6.5 137.211 106.544
      vertex 6.5 137.211 113.456
      vertex 6.5 137.434 113.372
    endloop
  endfacet
  facet normal -1 0 0
    outer loop
      vertex 6.5 136.982 106.474
      vertex 6.5 137.211 113.456
      vertex 6.5 137.211 106.544
    endloop
  endfacet
  facet normal -1 0 0
    outer loop
      vertex 6.5 136.982 106.474
      vertex 6.5 136.982 113.526
      vertex 6.5 137.211 113.456
    endloop
  endfacet
  facet normal -1 0 0
    outer loop
      vertex 6.5 136.75 106.42
      vertex 6.5 136.982 113.526
      vertex 6.5 136.982 106.474
    endloop
  endfacet
  facet normal -1 0 0
    outer loop
      vertex 6.5 136.75 106.42
      vertex 6.5 136.75 113.58
      vertex 6.5 136.982 113.526
    endloop
  endfacet
  facet normal -1 0 0
    outer loop
      vertex 6.5 136.514 106.381
      vertex 6.5 136.75 113.58
      vertex 6.5 136.75 106.42
    endloop
  endfacet
  facet normal -1 0 0
    outer loop
      vertex 6.5 136.514 106.381
      vertex 6.5 136.514 113.619
      vertex 6.5 136.75 113.58
    endloop
  endfacet
  facet normal -1 0 0
    outer loop
      vertex 6.5 136.276 106.358
      vertex 6.5 136.514 113.619
      vertex 6.5 136.514 106.381
    endloop
  endfacet
  facet normal -1 0 0
    outer loop
      vertex 6.5 136.276 106.358
      vertex 6.5 136.276 113.642
      vertex 6.5 136.514 113.619
    endloop
  endfacet
  facet normal -1 0 0
    outer loop
      vertex 6.5 136.038 106.35
      vertex 6.5 136.276 113.642
      vertex 6.5 136.276 106.358
    endloop
  endfacet
  facet normal -1 0 0
    outer loop
      vertex 6.5 136.038 106.35
      vertex 6.5 136.038 113.65
      vertex 6.5 136.276 113.642
    endloop
  endfacet
  facet normal -1 0 0
    outer loop
      vertex 6.5 135.799 106.358
      vertex 6.5 136.038 113.65
      vertex 6.5 136.038 106.35
    endloop
  endfacet
  facet normal -1 0 0
    outer loop
      vertex 6.5 135.799 106.358
      vertex 6.5 135.799 113.642
      vertex 6.5 136.038 113.65
    endloop
  endfacet
  facet normal -1 0 0
    outer loop
      vertex 6.5 135.561 106.381
      vertex 6.5 135.799 113.642
      vertex 6.5 135.799 106.358
    endloop
  endfacet
  facet normal -1 0 0
    outer loop
      vertex 6.5 135.561 106.381
      vertex 6.5 135.561 113.619
      vertex 6.5 135.799 113.642
    endloop
  endfacet
  facet normal -1 0 0
    outer loop
      vertex 6.5 135.326 106.42
      vertex 6.5 135.561 113.619
      vertex 6.5 135.561 106.381
    endloop
  endfacet
  facet normal -1 0 0
    outer loop
      vertex 6.5 135.326 106.42
      vertex 6.5 135.326 113.58
      vertex 6.5 135.561 113.619
    endloop
  endfacet
  facet normal -1 0 0
    outer loop
      vertex 6.5 135.093 106.474
      vertex 6.5 135.326 113.58
      vertex 6.5 135.326 106.42
    endloop
  endfacet
  facet normal -1 0 0
    outer loop
      vertex 6.5 135.093 106.474
      vertex 6.5 135.093 113.526
      vertex 6.5 135.326 113.58
    endloop
  endfacet
  facet normal -1 0 0
    outer loop
      vertex 6.5 134.864 106.544
      vertex 6.5 135.093 113.526
      vertex 6.5 135.093 106.474
    endloop
  endfacet
  facet normal -1 0 0
    outer loop
      vertex 6.5 134.864 106.544
      vertex 6.5 134.864 113.456
      vertex 6.5 135.093 113.526
    endloop
  endfacet
  facet normal -1 0 0
    outer loop
      vertex 6.5 134.641 106.628
      vertex 6.5 134.864 113.456
      vertex 6.5 134.864 106.544
    endloop
  endfacet
  facet normal -1 0 0
    outer loop
      vertex 6.5 134.641 106.628
      vertex 6.5 134.641 113.372
      vertex 6.5 134.864 113.456
    endloop
  endfacet
  facet normal -1 0 0
    outer loop
      vertex 6.5 134.423 106.726
      vertex 6.5 134.641 113.372
      vertex 6.5 134.641 106.628
    endloop
  endfacet
  facet normal -1 0 0
    outer loop
      vertex 6.5 134.423 106.726
      vertex 6.5 134.423 113.274
      vertex 6.5 134.641 113.372
    endloop
  endfacet
  facet normal -1 0 0
    outer loop
      vertex 6.5 134.213 106.839
      vertex 6.5 134.423 113.274
      vertex 6.5 134.423 106.726
    endloop
  endfacet
  facet normal -1 0 0
    outer loop
      vertex 6.5 134.213 106.839
      vertex 6.5 134.213 113.161
      vertex 6.5 134.423 113.274
    endloop
  endfacet
  facet normal -1 0 0
    outer loop
      vertex 6.5 134.01 106.965
      vertex 6.5 134.213 113.161
      vertex 6.5 134.213 106.839
    endloop
  endfacet
  facet normal -1 0 0
    outer loop
      vertex 6.5 134.01 106.965
      vertex 6.5 134.01 113.035
      vertex 6.5 134.213 113.161
    endloop
  endfacet
  facet normal -1 0 0
    outer loop
      vertex 6.5 133.816 107.104
      vertex 6.5 134.01 113.035
      vertex 6.5 134.01 106.965
    endloop
  endfacet
  facet normal -1 0 0
    outer loop
      vertex 6.5 133.816 107.104
      vertex 6.5 133.816 112.896
      vertex 6.5 134.01 113.035
    endloop
  endfacet
  facet normal -1 0 0
    outer loop
      vertex 6.5 133.631 107.256
      vertex 6.5 133.816 112.896
      vertex 6.5 133.816 107.104
    endloop
  endfacet
  facet normal -1 0 0
    outer loop
      vertex 6.5 133.631 107.256
      vertex 6.5 133.631 112.744
      vertex 6.5 133.816 112.896
    endloop
  endfacet
  facet normal -1 0 0
    outer loop
      vertex 6.5 133.457 107.419
      vertex 6.5 133.631 112.744
      vertex 6.5 133.631 107.256
    endloop
  endfacet
  facet normal -1 0 0
    outer loop
      vertex 6.5 133.457 107.419
      vertex 6.5 133.457 112.581
      vertex 6.5 133.631 112.744
    endloop
  endfacet
  facet normal -1 0 0
    outer loop
      vertex 6.5 133.293 107.593
      vertex 6.5 133.457 112.581
      vertex 6.5 133.457 107.419
    endloop
  endfacet
  facet normal -1 0 0
    outer loop
      vertex 6.5 133.293 107.593
      vertex 6.5 133.293 112.407
      vertex 6.5 133.457 112.581
    endloop
  endfacet
  facet normal -1 0 0
    outer loop
      vertex 6.5 133.142 107.778
      vertex 6.5 133.293 112.407
      vertex 6.5 133.293 107.593
    endloop
  endfacet
  facet normal -1 0 0
    outer loop
      vertex 6.5 133.142 107.778
      vertex 6.5 133.142 112.222
      vertex 6.5 133.293 112.407
    endloop
  endfacet
  facet normal -1 0 0
    outer loop
      vertex 6.5 133.003 107.972
      vertex 6.5 133.142 112.222
      vertex 6.5 133.142 107.778
    endloop
  endfacet
  facet normal -1 0 0
    outer loop
      vertex 6.5 133.003 107.972
      vertex 6.5 133.003 112.028
      vertex 6.5 133.142 112.222
    endloop
  endfacet
  facet normal -1 0 0
    outer loop
      vertex 6.5 132.877 108.175
      vertex 6.5 133.003 112.028
      vertex 6.5 133.003 107.972
    endloop
  endfacet
  facet normal -1 0 0
    outer loop
      vertex 6.5 132.877 108.175
      vertex 6.5 132.877 111.825
      vertex 6.5 133.003 112.028
    endloop
  endfacet
  facet normal -1 0 0
    outer loop
      vertex 6.5 132.764 108.386
      vertex 6.5 132.877 111.825
      vertex 6.5 132.877 108.175
    endloop
  endfacet
  facet normal -1 0 0
    outer loop
      vertex 6.5 132.764 108.386
      vertex 6.5 132.764 111.614
      vertex 6.5 132.877 111.825
    endloop
  endfacet
  facet normal -1 0 0
    outer loop
      vertex 6.5 132.666 108.603
      vertex 6.5 132.764 111.614
      vertex 6.5 132.764 108.386
    endloop
  endfacet
  facet normal -1 0 0
    outer loop
      vertex 6.5 132.666 108.603
      vertex 6.5 132.666 111.397
      vertex 6.5 132.764 111.614
    endloop
  endfacet
  facet normal -1 0 0
    outer loop
      vertex 6.5 132.581 108.827
      vertex 6.5 132.666 111.397
      vertex 6.5 132.666 108.603
    endloop
  endfacet
  facet normal -1 0 0
    outer loop
      vertex 6.5 132.581 108.827
      vertex 6.5 132.581 111.173
      vertex 6.5 132.666 111.397
    endloop
  endfacet
  facet normal -1 0 0
    outer loop
      vertex 6.5 132.512 109.055
      vertex 6.5 132.581 111.173
      vertex 6.5 132.581 108.827
    endloop
  endfacet
  facet normal -1 0 0
    outer loop
      vertex 6.5 132.512 109.055
      vertex 6.5 132.512 110.945
      vertex 6.5 132.581 111.173
    endloop
  endfacet
  facet normal -1 0 0
    outer loop
      vertex 6.5 132.458 109.288
      vertex 6.5 132.512 110.945
      vertex 6.5 132.512 109.055
    endloop
  endfacet
  facet normal -1 0 0
    outer loop
      vertex 6.5 132.458 109.288
      vertex 6.5 132.458 110.712
      vertex 6.5 132.512 110.945
    endloop
  endfacet
  facet normal -1 0 0
    outer loop
      vertex 6.5 132.419 109.524
      vertex 6.5 132.458 110.712
      vertex 6.5 132.458 109.288
    endloop
  endfacet
  facet normal -1 0 0
    outer loop
      vertex 6.5 132.419 109.524
      vertex 6.5 132.419 110.476
      vertex 6.5 132.458 110.712
    endloop
  endfacet
  facet normal -1 0 0
    outer loop
      vertex 6.5 132.395 109.761
      vertex 6.5 132.419 110.476
      vertex 6.5 132.419 109.524
    endloop
  endfacet
  facet normal -1 0 0
    outer loop
      vertex 6.5 132.395 109.761
      vertex 6.5 132.395 110.239
      vertex 6.5 132.419 110.476
    endloop
  endfacet
  facet normal -1 0 -0
    outer loop
      vertex 6.5 132.395 110.239
      vertex 6.5 132.395 109.761
      vertex 6.5 132.388 110
    endloop
  endfacet
  facet normal 0 -0.292325 -0.956319
    outer loop
      vertex 0 136.982 113.526
      vertex 6.5 137.211 113.456
      vertex 6.5 136.982 113.526
    endloop
  endfacet
  facet normal -0 -0.292325 -0.956319
    outer loop
      vertex 6.5 137.211 113.456
      vertex 0 136.982 113.526
      vertex 0 137.211 113.456
    endloop
  endfacet
  facet normal 0 -0.973253 -0.229738
    outer loop
      vertex 0 139.618 110.712
      vertex 6.5 139.563 110.945
      vertex 0 139.563 110.945
    endloop
  endfacet
  facet normal 0 -0.973253 -0.229738
    outer loop
      vertex 6.5 139.563 110.945
      vertex 0 139.618 110.712
      vertex 6.5 139.618 110.712
    endloop
  endfacet
  facet normal 0 0.0961905 -0.995363
    outer loop
      vertex 0 135.561 113.619
      vertex 6.5 135.799 113.642
      vertex 6.5 135.561 113.619
    endloop
  endfacet
  facet normal 0 0.0961905 -0.995363
    outer loop
      vertex 6.5 135.799 113.642
      vertex 0 135.561 113.619
      vertex 0 135.799 113.642
    endloop
  endfacet
  facet normal 0 0.986619 -0.163043
    outer loop
      vertex 6.5 132.419 110.476
      vertex 0 132.458 110.712
      vertex 6.5 132.458 110.712
    endloop
  endfacet
  facet normal 0 0.986619 -0.163043
    outer loop
      vertex 0 132.458 110.712
      vertex 6.5 132.419 110.476
      vertex 0 132.419 110.476
    endloop
  endfacet
  facet normal 0 0.95713 -0.289658
    outer loop
      vertex 6.5 132.512 110.945
      vertex 0 132.581 111.173
      vertex 6.5 132.581 111.173
    endloop
  endfacet
  facet normal 0 0.95713 -0.289658
    outer loop
      vertex 0 132.581 111.173
      vertex 6.5 132.512 110.945
      vertex 0 132.512 110.945
    endloop
  endfacet
  facet normal 0 0.93495 0.35478
    outer loop
      vertex 6.5 132.666 108.603
      vertex 0 132.581 108.827
      vertex 6.5 132.581 108.827
    endloop
  endfacet
  facet normal 0 0.93495 0.35478
    outer loop
      vertex 0 132.581 108.827
      vertex 6.5 132.666 108.603
      vertex 0 132.666 108.603
    endloop
  endfacet
  facet normal 0 -0.226699 -0.973965
    outer loop
      vertex 0 136.75 113.58
      vertex 6.5 136.982 113.526
      vertex 6.5 136.75 113.58
    endloop
  endfacet
  facet normal -0 -0.226699 -0.973965
    outer loop
      vertex 6.5 136.982 113.526
      vertex 0 136.75 113.58
      vertex 0 136.982 113.526
    endloop
  endfacet
  facet normal 0 -0.729799 -0.683662
    outer loop
      vertex 0 138.782 112.407
      vertex 6.5 138.619 112.581
      vertex 0 138.619 112.581
    endloop
  endfacet
  facet normal 0 -0.729799 -0.683662
    outer loop
      vertex 6.5 138.619 112.581
      vertex 0 138.782 112.407
      vertex 6.5 138.782 112.407
    endloop
  endfacet
  facet normal 0 -0.909791 -0.415066
    outer loop
      vertex 0 139.41 111.397
      vertex 6.5 139.311 111.614
      vertex 0 139.311 111.614
    endloop
  endfacet
  facet normal 0 -0.909791 -0.415066
    outer loop
      vertex 6.5 139.311 111.614
      vertex 0 139.41 111.397
      vertex 6.5 139.41 111.397
    endloop
  endfacet
  facet normal 0 -0.163043 0.986619
    outer loop
      vertex 0 136.75 106.42
      vertex 6.5 136.514 106.381
      vertex 6.5 136.75 106.42
    endloop
  endfacet
  facet normal 0 -0.163043 0.986619
    outer loop
      vertex 6.5 136.514 106.381
      vertex 0 136.75 106.42
      vertex 0 136.514 106.381
    endloop
  endfacet
  facet normal 0 0.774703 0.632325
    outer loop
      vertex 6.5 133.293 107.593
      vertex 0 133.142 107.778
      vertex 6.5 133.142 107.778
    endloop
  endfacet
  facet normal 0 0.774703 0.632325
    outer loop
      vertex 0 133.142 107.778
      vertex 6.5 133.293 107.593
      vertex 0 133.293 107.593
    endloop
  endfacet
  facet normal 0 0.881542 0.472105
    outer loop
      vertex 6.5 132.877 108.175
      vertex 0 132.764 108.386
      vertex 6.5 132.764 108.386
    endloop
  endfacet
  facet normal 0 0.881542 0.472105
    outer loop
      vertex 0 132.764 108.386
      vertex 6.5 132.877 108.175
      vertex 0 132.877 108.175
    endloop
  endfacet
  facet normal 0 -0.84964 -0.527363
    outer loop
      vertex 0 139.199 111.825
      vertex 6.5 139.073 112.028
      vertex 0 139.073 112.028
    endloop
  endfacet
  facet normal 0 -0.84964 -0.527363
    outer loop
      vertex 6.5 139.073 112.028
      vertex 0 139.199 111.825
      vertex 6.5 139.199 111.825
    endloop
  endfacet
  facet normal 0 0.994912 -0.100751
    outer loop
      vertex 6.5 132.395 110.239
      vertex 0 132.419 110.476
      vertex 6.5 132.419 110.476
    endloop
  endfacet
  facet normal 0 0.994912 -0.100751
    outer loop
      vertex 0 132.419 110.476
      vertex 6.5 132.395 110.239
      vertex 0 132.395 110.239
    endloop
  endfacet
  facet normal 0 -0.163043 -0.986619
    outer loop
      vertex 0 136.514 113.619
      vertex 6.5 136.75 113.58
      vertex 6.5 136.514 113.619
    endloop
  endfacet
  facet normal -0 -0.163043 -0.986619
    outer loop
      vertex 6.5 136.75 113.58
      vertex 0 136.514 113.619
      vertex 0 136.75 113.58
    endloop
  endfacet
  facet normal 0 -0.636881 -0.770962
    outer loop
      vertex 0 138.26 112.896
      vertex 6.5 138.444 112.744
      vertex 6.5 138.26 112.896
    endloop
  endfacet
  facet normal -0 -0.636881 -0.770962
    outer loop
      vertex 6.5 138.444 112.744
      vertex 0 138.26 112.896
      vertex 0 138.444 112.744
    endloop
  endfacet
  facet normal 0 0.974179 -0.225775
    outer loop
      vertex 6.5 132.458 110.712
      vertex 0 132.512 110.945
      vertex 6.5 132.512 110.945
    endloop
  endfacet
  facet normal 0 0.974179 -0.225775
    outer loop
      vertex 0 132.512 110.945
      vertex 6.5 132.458 110.712
      vertex 0 132.458 110.712
    endloop
  endfacet
  facet normal 0 0.974179 0.225775
    outer loop
      vertex 6.5 132.512 109.055
      vertex 0 132.458 109.288
      vertex 6.5 132.458 109.288
    endloop
  endfacet
  facet normal 0 0.974179 0.225775
    outer loop
      vertex 0 132.458 109.288
      vertex 6.5 132.512 109.055
      vertex 0 132.512 109.055
    endloop
  endfacet
  facet normal 0 0.292325 -0.956319
    outer loop
      vertex 0 134.864 113.456
      vertex 6.5 135.093 113.526
      vertex 6.5 134.864 113.456
    endloop
  endfacet
  facet normal 0 0.292325 -0.956319
    outer loop
      vertex 6.5 135.093 113.526
      vertex 0 134.864 113.456
      vertex 0 135.093 113.526
    endloop
  endfacet
  facet normal 0 0.527363 -0.84964
    outer loop
      vertex 0 134.01 113.035
      vertex 6.5 134.213 113.161
      vertex 6.5 134.01 113.035
    endloop
  endfacet
  facet normal 0 0.527363 -0.84964
    outer loop
      vertex 6.5 134.213 113.161
      vertex 0 134.01 113.035
      vertex 0 134.213 113.161
    endloop
  endfacet
  facet normal 0 0.163718 -0.986507
    outer loop
      vertex 0 135.326 113.58
      vertex 6.5 135.561 113.619
      vertex 6.5 135.326 113.58
    endloop
  endfacet
  facet normal 0 0.163718 -0.986507
    outer loop
      vertex 6.5 135.561 113.619
      vertex 0 135.326 113.58
      vertex 0 135.561 113.619
    endloop
  endfacet
  facet normal 0 0.683662 -0.729799
    outer loop
      vertex 0 133.457 112.581
      vertex 6.5 133.631 112.744
      vertex 6.5 133.457 112.581
    endloop
  endfacet
  facet normal 0 0.683662 -0.729799
    outer loop
      vertex 6.5 133.631 112.744
      vertex 0 133.457 112.581
      vertex 0 133.631 112.744
    endloop
  endfacet
  facet normal 0 0.634828 -0.772653
    outer loop
      vertex 0 133.631 112.744
      vertex 6.5 133.816 112.896
      vertex 6.5 133.631 112.744
    endloop
  endfacet
  facet normal 0 0.634828 -0.772653
    outer loop
      vertex 6.5 133.816 112.896
      vertex 0 133.631 112.744
      vertex 0 133.816 112.896
    endloop
  endfacet
  facet normal 0 -0.0961905 -0.995363
    outer loop
      vertex 0 136.276 113.642
      vertex 6.5 136.514 113.619
      vertex 6.5 136.276 113.642
    endloop
  endfacet
  facet normal -0 -0.0961905 -0.995363
    outer loop
      vertex 6.5 136.514 113.619
      vertex 0 136.276 113.642
      vertex 0 136.514 113.619
    endloop
  endfacet
  facet normal 0 0.812883 0.582427
    outer loop
      vertex 6.5 133.142 107.778
      vertex 0 133.003 107.972
      vertex 6.5 133.003 107.972
    endloop
  endfacet
  facet normal 0 0.812883 0.582427
    outer loop
      vertex 0 133.003 107.972
      vertex 6.5 133.142 107.778
      vertex 0 133.142 107.778
    endloop
  endfacet
  facet normal 0 0.84964 0.527363
    outer loop
      vertex 6.5 133.003 107.972
      vertex 0 132.877 108.175
      vertex 6.5 132.877 108.175
    endloop
  endfacet
  facet normal 0 0.84964 0.527363
    outer loop
      vertex 0 132.877 108.175
      vertex 6.5 133.003 107.972
      vertex 0 133.003 107.972
    endloop
  endfacet
  facet normal 0 0.774703 -0.632325
    outer loop
      vertex 6.5 133.142 112.222
      vertex 0 133.293 112.407
      vertex 6.5 133.293 112.407
    endloop
  endfacet
  facet normal 0 0.774703 -0.632325
    outer loop
      vertex 0 133.293 112.407
      vertex 6.5 133.142 112.222
      vertex 0 133.142 112.222
    endloop
  endfacet
  facet normal 0 -0.987284 0.158969
    outer loop
      vertex 0 139.618 109.288
      vertex 6.5 139.656 109.524
      vertex 0 139.656 109.524
    endloop
  endfacet
  facet normal 0 -0.987284 0.158969
    outer loop
      vertex 6.5 139.656 109.524
      vertex 0 139.618 109.288
      vertex 6.5 139.618 109.288
    endloop
  endfacet
  facet normal 0 -0.0335945 -0.999436
    outer loop
      vertex 0 136.038 113.65
      vertex 6.5 136.276 113.642
      vertex 6.5 136.038 113.65
    endloop
  endfacet
  facet normal -0 -0.0335945 -0.999436
    outer loop
      vertex 6.5 136.276 113.642
      vertex 0 136.038 113.65
      vertex 0 136.276 113.642
    endloop
  endfacet
  facet normal 0 0.999571 -0.0292761
    outer loop
      vertex 6.5 132.388 110
      vertex 0 132.395 110.239
      vertex 6.5 132.395 110.239
    endloop
  endfacet
  facet normal 0 0.999571 -0.0292761
    outer loop
      vertex 0 132.395 110.239
      vertex 6.5 132.388 110
      vertex 0 132.388 110
    endloop
  endfacet
  facet normal 0 0.727709 -0.685886
    outer loop
      vertex 6.5 133.293 112.407
      vertex 0 133.457 112.581
      vertex 6.5 133.457 112.581
    endloop
  endfacet
  facet normal 0 0.727709 -0.685886
    outer loop
      vertex 0 133.457 112.581
      vertex 6.5 133.293 112.407
      vertex 0 133.293 112.407
    endloop
  endfacet
  facet normal 0 -0.636881 0.770962
    outer loop
      vertex 0 138.444 107.256
      vertex 6.5 138.26 107.104
      vertex 6.5 138.444 107.256
    endloop
  endfacet
  facet normal 0 -0.636881 0.770962
    outer loop
      vertex 6.5 138.26 107.104
      vertex 0 138.444 107.256
      vertex 0 138.26 107.104
    endloop
  endfacet
  facet normal 0 0.911371 -0.411587
    outer loop
      vertex 6.5 132.666 111.397
      vertex 0 132.764 111.614
      vertex 6.5 132.764 111.614
    endloop
  endfacet
  facet normal 0 0.911371 -0.411587
    outer loop
      vertex 0 132.764 111.614
      vertex 6.5 132.666 111.397
      vertex 0 132.666 111.397
    endloop
  endfacet
  facet normal 0 -1 0
    outer loop
      vertex 0 7.99998 72.3781
      vertex 50.86 7.99998 66.7181
      vertex 50.86 7.99998 72.3781
    endloop
  endfacet
  facet normal 0 -1 -0
    outer loop
      vertex 50.86 7.99998 66.7181
      vertex 0 7.99998 0
      vertex 104.54 7.99998 66.7181
    endloop
  endfacet
  facet normal 0 -1 0
    outer loop
      vertex 0 7.99998 0
      vertex 50.86 7.99998 66.7181
      vertex 0 7.99998 72.3781
    endloop
  endfacet
  facet normal 0 -1 0
    outer loop
      vertex 104.54 7.99998 66.7181
      vertex 155.4 7.99998 72.3781
      vertex 104.54 7.99998 72.3781
    endloop
  endfacet
  facet normal 0 -1 0
    outer loop
      vertex 155.4 7.99998 0
      vertex 104.54 7.99998 66.7181
      vertex 0 7.99998 0
    endloop
  endfacet
  facet normal 0 -1 0
    outer loop
      vertex 104.54 7.99998 66.7181
      vertex 155.4 7.99998 0
      vertex 155.4 7.99998 72.3781
    endloop
  endfacet
  facet normal 0 -0.873593 0.486657
    outer loop
      vertex 107.655 25.3143 103.458
      vertex 77.7 81.0725 203.549
      vertex 47.745 25.3143 103.458
    endloop
  endfacet
  facet normal -0.00240406 -0.873896 0.486106
    outer loop
      vertex 77.7 81.0725 203.549
      vertex 107.655 25.3143 103.458
      vertex 107.73 25.3369 103.499
    endloop
  endfacet
  facet normal 0 -0.872351 0.48888
    outer loop
      vertex 47.9594 25.2336 103.314
      vertex 107.655 25.3143 103.458
      vertex 47.745 25.3143 103.458
    endloop
  endfacet
  facet normal 0 -0.872351 0.48888
    outer loop
      vertex 47.9594 25.2336 103.314
      vertex 107.441 25.2336 103.314
      vertex 107.655 25.3143 103.458
    endloop
  endfacet
  facet normal 0 -0.874036 0.485861
    outer loop
      vertex 48.168 25.1391 103.144
      vertex 107.441 25.2336 103.314
      vertex 47.9594 25.2336 103.314
    endloop
  endfacet
  facet normal 0 -0.874036 0.485861
    outer loop
      vertex 48.168 25.1391 103.144
      vertex 107.232 25.1391 103.144
      vertex 107.441 25.2336 103.314
    endloop
  endfacet
  facet normal 0 -0.873732 0.486408
    outer loop
      vertex 48.37 25.0311 102.95
      vertex 107.232 25.1391 103.144
      vertex 48.168 25.1391 103.144
    endloop
  endfacet
  facet normal 0 -0.873732 0.486408
    outer loop
      vertex 48.37 25.0311 102.95
      vertex 107.03 25.0311 102.95
      vertex 107.232 25.1391 103.144
    endloop
  endfacet
  facet normal 0 -0.873397 0.487009
    outer loop
      vertex 48.5645 24.9101 102.733
      vertex 107.03 25.0311 102.95
      vertex 48.37 25.0311 102.95
    endloop
  endfacet
  facet normal 0 -0.873397 0.487009
    outer loop
      vertex 48.5645 24.9101 102.733
      vertex 106.836 24.9101 102.733
      vertex 107.03 25.0311 102.95
    endloop
  endfacet
  facet normal 0 -0.87319 0.487379
    outer loop
      vertex 48.7507 24.7767 102.494
      vertex 106.836 24.9101 102.733
      vertex 48.5645 24.9101 102.733
    endloop
  endfacet
  facet normal 0 -0.87319 0.487379
    outer loop
      vertex 48.7507 24.7767 102.494
      vertex 106.649 24.7767 102.494
      vertex 106.836 24.9101 102.733
    endloop
  endfacet
  facet normal 0 -0.873731 0.48641
    outer loop
      vertex 48.9277 24.6314 102.233
      vertex 106.649 24.7767 102.494
      vertex 48.7507 24.7767 102.494
    endloop
  endfacet
  facet normal 0 -0.873731 0.48641
    outer loop
      vertex 48.9277 24.6314 102.233
      vertex 106.472 24.6314 102.233
      vertex 106.649 24.7767 102.494
    endloop
  endfacet
  facet normal 0 -0.873644 0.486567
    outer loop
      vertex 49.0949 24.4749 101.952
      vertex 106.472 24.6314 102.233
      vertex 48.9277 24.6314 102.233
    endloop
  endfacet
  facet normal 0 -0.873644 0.486567
    outer loop
      vertex 49.0949 24.4749 101.952
      vertex 106.305 24.4749 101.952
      vertex 106.472 24.6314 102.233
    endloop
  endfacet
  facet normal 0 -0.873497 0.486829
    outer loop
      vertex 49.2514 24.3077 101.652
      vertex 106.305 24.4749 101.952
      vertex 49.0949 24.4749 101.952
    endloop
  endfacet
  facet normal 0 -0.873497 0.486829
    outer loop
      vertex 49.2514 24.3077 101.652
      vertex 106.149 24.3077 101.652
      vertex 106.305 24.4749 101.952
    endloop
  endfacet
  facet normal 0 -0.873768 0.486343
    outer loop
      vertex 49.3967 24.1307 101.334
      vertex 106.149 24.3077 101.652
      vertex 49.2514 24.3077 101.652
    endloop
  endfacet
  facet normal 0 -0.873768 0.486343
    outer loop
      vertex 49.3967 24.1307 101.334
      vertex 106.003 24.1307 101.334
      vertex 106.149 24.3077 101.652
    endloop
  endfacet
  facet normal 0 -0.873441 0.48693
    outer loop
      vertex 49.5301 23.9445 101
      vertex 106.003 24.1307 101.334
      vertex 49.3967 24.1307 101.334
    endloop
  endfacet
  facet normal 0 -0.873441 0.48693
    outer loop
      vertex 49.5301 23.9445 101
      vertex 105.87 23.9445 101
      vertex 106.003 24.1307 101.334
    endloop
  endfacet
  facet normal 0 -0.873507 0.486811
    outer loop
      vertex 49.6511 23.75 100.651
      vertex 105.87 23.9445 101
      vertex 49.5301 23.9445 101
    endloop
  endfacet
  facet normal 0 -0.873507 0.486811
    outer loop
      vertex 49.6511 23.75 100.651
      vertex 105.749 23.75 100.651
      vertex 105.87 23.9445 101
    endloop
  endfacet
  facet normal 0 -0.873816 0.486256
    outer loop
      vertex 49.7591 23.548 100.288
      vertex 105.749 23.75 100.651
      vertex 49.6511 23.75 100.651
    endloop
  endfacet
  facet normal 0 -0.873816 0.486256
    outer loop
      vertex 49.7591 23.548 100.288
      vertex 105.641 23.548 100.288
      vertex 105.749 23.75 100.651
    endloop
  endfacet
  facet normal 0 -0.873673 0.486514
    outer loop
      vertex 49.8536 23.3394 99.9134
      vertex 105.641 23.548 100.288
      vertex 49.7591 23.548 100.288
    endloop
  endfacet
  facet normal 0 -0.873673 0.486514
    outer loop
      vertex 49.8536 23.3394 99.9134
      vertex 105.546 23.3394 99.9134
      vertex 105.641 23.548 100.288
    endloop
  endfacet
  facet normal 0 -0.873557 0.486722
    outer loop
      vertex 49.9343 23.125 99.5286
      vertex 105.546 23.3394 99.9134
      vertex 49.8536 23.3394 99.9134
    endloop
  endfacet
  facet normal 0 -0.873557 0.486722
    outer loop
      vertex 49.9343 23.125 99.5286
      vertex 105.466 23.125 99.5286
      vertex 105.546 23.3394 99.9134
    endloop
  endfacet
  facet normal 0 -0.873644 0.486567
    outer loop
      vertex 50.0007 22.9059 99.1352
      vertex 105.466 23.125 99.5286
      vertex 49.9343 23.125 99.5286
    endloop
  endfacet
  facet normal 0 -0.873644 0.486567
    outer loop
      vertex 50.0007 22.9059 99.1352
      vertex 105.399 22.9059 99.1352
      vertex 105.466 23.125 99.5286
    endloop
  endfacet
  facet normal 0 -0.873549 0.486735
    outer loop
      vertex 50.0527 22.6828 98.7348
      vertex 105.399 22.9059 99.1352
      vertex 50.0007 22.9059 99.1352
    endloop
  endfacet
  facet normal 0 -0.873549 0.486735
    outer loop
      vertex 50.0527 22.6828 98.7348
      vertex 105.347 22.6828 98.7348
      vertex 105.399 22.9059 99.1352
    endloop
  endfacet
  facet normal 0 -0.873547 0.48674
    outer loop
      vertex 50.0901 22.4568 98.3292
      vertex 105.347 22.6828 98.7348
      vertex 50.0527 22.6828 98.7348
    endloop
  endfacet
  facet normal 0 -0.873547 0.48674
    outer loop
      vertex 50.0901 22.4568 98.3292
      vertex 105.31 22.4568 98.3292
      vertex 105.347 22.6828 98.7348
    endloop
  endfacet
  facet normal 0 -0.873643 0.486567
    outer loop
      vertex 50.1125 22.2289 97.92
      vertex 105.31 22.4568 98.3292
      vertex 50.0901 22.4568 98.3292
    endloop
  endfacet
  facet normal 0 -0.873643 0.486567
    outer loop
      vertex 50.1125 22.2289 97.92
      vertex 105.287 22.2289 97.92
      vertex 105.31 22.4568 98.3292
    endloop
  endfacet
  facet normal 0 -0.873595 0.486653
    outer loop
      vertex 50.12 22 97.5091
      vertex 105.287 22.2289 97.92
      vertex 50.1125 22.2289 97.92
    endloop
  endfacet
  facet normal 0 -0.873595 0.486653
    outer loop
      vertex 50.12 22 97.5091
      vertex 105.28 22 97.5091
      vertex 105.287 22.2289 97.92
    endloop
  endfacet
  facet normal 0 -0.872506 0.488603
    outer loop
      vertex 50.1198 21.9944 97.4991
      vertex 105.28 22 97.5091
      vertex 50.12 22 97.5091
    endloop
  endfacet
  facet normal 0 -0.872506 0.488603
    outer loop
      vertex 105.28 22 97.5091
      vertex 50.1198 21.9944 97.4991
      vertex 105.28 21.9944 97.4991
    endloop
  endfacet
  facet normal -0 0 1
    outer loop
      vertex 0 81.0726 203.549
      vertex 77.7 81.0725 203.549
      vertex 77.7 81.0726 203.549
    endloop
  endfacet
  facet normal 0 -0.873592 0.486659
    outer loop
      vertex 47.6704 25.3369 103.499
      vertex 77.7 81.0725 203.549
      vertex 45.5696 25.3369 103.499
    endloop
  endfacet
  facet normal -1.12431e-06 -0.873592 0.486659
    outer loop
      vertex 0 81.0726 203.549
      vertex 45.5696 25.3369 103.499
      vertex 77.7 81.0725 203.549
    endloop
  endfacet
  facet normal -0.00225095 -0.874025 0.485875
    outer loop
      vertex 0 81.0726 203.549
      vertex 45.495 25.3143 103.458
      vertex 45.5696 25.3369 103.499
    endloop
  endfacet
  facet normal 0.00150114 -0.873302 0.487178
    outer loop
      vertex 0 81.0726 203.549
      vertex 45.2806 25.2336 103.314
      vertex 45.495 25.3143 103.458
    endloop
  endfacet
  facet normal -0.000623747 -0.873711 0.486446
    outer loop
      vertex 0 81.0726 203.549
      vertex 45.072 25.1391 103.144
      vertex 45.2806 25.2336 103.314
    endloop
  endfacet
  facet normal -0.000221495 -0.873634 0.486584
    outer loop
      vertex 0 81.0726 203.549
      vertex 44.87 25.0311 102.95
      vertex 45.072 25.1391 103.144
    endloop
  endfacet
  facet normal 0.000342023 -0.873527 0.486775
    outer loop
      vertex 0 81.0726 203.549
      vertex 44.6755 24.9101 102.733
      vertex 44.87 25.0311 102.95
    endloop
  endfacet
  facet normal 0.000771641 -0.873446 0.486921
    outer loop
      vertex 0 81.0726 203.549
      vertex 44.4893 24.7767 102.494
      vertex 44.6755 24.9101 102.733
    endloop
  endfacet
  facet normal -0.000294342 -0.873646 0.486563
    outer loop
      vertex 0 81.0726 203.549
      vertex 44.3123 24.6314 102.233
      vertex 44.4893 24.7767 102.494
    endloop
  endfacet
  facet normal -2.62013e-06 -0.873592 0.48666
    outer loop
      vertex 0 7.99998 72.3781
      vertex 44.3123 24.6314 102.233
      vertex 0 81.0726 203.549
    endloop
  endfacet
  facet normal 0.000133179 -0.873677 0.486506
    outer loop
      vertex 44.3123 24.6314 102.233
      vertex 0 7.99998 72.3781
      vertex 44.1451 24.4749 101.952
    endloop
  endfacet
  facet normal -0.000231164 -0.873446 0.486921
    outer loop
      vertex 44.1451 24.4749 101.952
      vertex 0 7.99998 72.3781
      vertex 43.9886 24.3077 101.652
    endloop
  endfacet
  facet normal 0.000392688 -0.873844 0.486206
    outer loop
      vertex 43.9886 24.3077 101.652
      vertex 0 7.99998 72.3781
      vertex 43.8433 24.1307 101.334
    endloop
  endfacet
  facet normal -0.000318224 -0.873387 0.487027
    outer loop
      vertex 43.8433 24.1307 101.334
      vertex 0 7.99998 72.3781
      vertex 43.7099 23.9445 101
    endloop
  endfacet
  facet normal -0.000172012 -0.873482 0.486857
    outer loop
      vertex 43.7099 23.9445 101
      vertex 0 7.99998 72.3781
      vertex 43.5889 23.75 100.651
    endloop
  endfacet
  facet normal 0.000419608 -0.873869 0.486161
    outer loop
      vertex 43.5889 23.75 100.651
      vertex 0 7.99998 72.3781
      vertex 43.4809 23.548 100.288
    endloop
  endfacet
  facet normal 0.000146132 -0.873688 0.486486
    outer loop
      vertex 43.4809 23.548 100.288
      vertex 0 7.99998 72.3781
      vertex 43.3864 23.3394 99.9134
    endloop
  endfacet
  facet normal -5.79132e-05 -0.873552 0.486731
    outer loop
      vertex 43.3864 23.3394 99.9134
      vertex 0 7.99998 72.3781
      vertex 43.3057 23.125 99.5286
    endloop
  endfacet
  facet normal 8.65019e-05 -0.87365 0.486555
    outer loop
      vertex 43.3057 23.125 99.5286
      vertex 0 7.99998 72.3781
      vertex 43.2393 22.9059 99.1352
    endloop
  endfacet
  facet normal -6.46665e-05 -0.873546 0.486742
    outer loop
      vertex 43.2393 22.9059 99.1352
      vertex 0 7.99998 72.3781
      vertex 43.1873 22.6828 98.7348
    endloop
  endfacet
  facet normal -6.67091e-05 -0.873544 0.486744
    outer loop
      vertex 43.1873 22.6828 98.7348
      vertex 0 7.99998 72.3781
      vertex 43.1499 22.4568 98.3292
    endloop
  endfacet
  facet normal 7.54686e-05 -0.873645 0.486564
    outer loop
      vertex 43.1499 22.4568 98.3292
      vertex 0 7.99998 72.3781
      vertex 43.1275 22.2289 97.92
    endloop
  endfacet
  facet normal 6.0958e-06 -0.873595 0.486653
    outer loop
      vertex 43.1275 22.2289 97.92
      vertex 0 7.99998 72.3781
      vertex 43.12 22 97.5091
    endloop
  endfacet
  facet normal 0 -0.873592 0.486658
    outer loop
      vertex 50.86 14.6792 84.3677
      vertex 50.1198 21.9944 97.4991
      vertex 43.1202 21.9944 97.4991
    endloop
  endfacet
  facet normal 0 -0.873592 0.486658
    outer loop
      vertex 50.1198 21.9944 97.4991
      vertex 50.86 14.6792 84.3677
      vertex 105.28 21.9944 97.4991
    endloop
  endfacet
  facet normal 0 -0.873592 0.486658
    outer loop
      vertex 104.54 14.6792 84.3677
      vertex 105.28 21.9944 97.4991
      vertex 50.86 14.6792 84.3677
    endloop
  endfacet
  facet normal -0.00146691 -0.872518 0.488581
    outer loop
      vertex 43.12 22 97.5091
      vertex 0 7.99998 72.3781
      vertex 43.1202 21.9944 97.4991
    endloop
  endfacet
  facet normal 1.3639e-06 -0.873592 0.486659
    outer loop
      vertex 0 7.99998 72.3781
      vertex 50.86 14.6792 84.3677
      vertex 43.1202 21.9944 97.4991
    endloop
  endfacet
  facet normal 0 -0.87359 0.486663
    outer loop
      vertex 50.86 14.6792 84.3677
      vertex 0 7.99998 72.3781
      vertex 50.86 7.99998 72.3781
    endloop
  endfacet
  facet normal 0 0 1
    outer loop
      vertex 77.7 81.0725 203.549
      vertex 155.4 81.0726 203.549
      vertex 77.7001 81.0726 203.549
    endloop
  endfacet
  facet normal 0.00241513 -0.873898 0.486104
    outer loop
      vertex 47.745 25.3143 103.458
      vertex 77.7 81.0725 203.549
      vertex 47.6704 25.3369 103.499
    endloop
  endfacet
  facet normal 0 -0.873592 0.486659
    outer loop
      vertex 109.83 25.3369 103.499
      vertex 77.7 81.0725 203.549
      vertex 107.73 25.3369 103.499
    endloop
  endfacet
  facet normal 1.12431e-06 -0.873592 0.486659
    outer loop
      vertex 77.7 81.0725 203.549
      vertex 109.83 25.3369 103.499
      vertex 155.4 81.0726 203.549
    endloop
  endfacet
  facet normal 0.00224133 -0.874023 0.485879
    outer loop
      vertex 109.905 25.3143 103.458
      vertex 155.4 81.0726 203.549
      vertex 109.83 25.3369 103.499
    endloop
  endfacet
  facet normal -0.00150329 -0.873301 0.487178
    outer loop
      vertex 110.119 25.2336 103.314
      vertex 155.4 81.0726 203.549
      vertex 109.905 25.3143 103.458
    endloop
  endfacet
  facet normal 0.000622872 -0.87371 0.486446
    outer loop
      vertex 110.328 25.1391 103.144
      vertex 155.4 81.0726 203.549
      vertex 110.119 25.2336 103.314
    endloop
  endfacet
  facet normal 0.000221495 -0.873634 0.486584
    outer loop
      vertex 110.53 25.0311 102.95
      vertex 155.4 81.0726 203.549
      vertex 110.328 25.1391 103.144
    endloop
  endfacet
  facet normal -0.000342611 -0.873527 0.486776
    outer loop
      vertex 110.724 24.9101 102.733
      vertex 155.4 81.0726 203.549
      vertex 110.53 25.0311 102.95
    endloop
  endfacet
  facet normal -0.000769531 -0.873446 0.48692
    outer loop
      vertex 110.911 24.7767 102.494
      vertex 155.4 81.0726 203.549
      vertex 110.724 24.9101 102.733
    endloop
  endfacet
  facet normal 0.000294343 -0.873646 0.486563
    outer loop
      vertex 111.088 24.6314 102.233
      vertex 155.4 81.0726 203.549
      vertex 110.911 24.7767 102.494
    endloop
  endfacet
  facet normal -0.000133074 -0.873677 0.486506
    outer loop
      vertex 155.4 7.99998 72.3781
      vertex 111.088 24.6314 102.233
      vertex 111.255 24.4749 101.952
    endloop
  endfacet
  facet normal 0.000230769 -0.873446 0.486921
    outer loop
      vertex 155.4 7.99998 72.3781
      vertex 111.255 24.4749 101.952
      vertex 111.411 24.3077 101.652
    endloop
  endfacet
  facet normal -0.000393512 -0.873845 0.486205
    outer loop
      vertex 155.4 7.99998 72.3781
      vertex 111.411 24.3077 101.652
      vertex 111.557 24.1307 101.334
    endloop
  endfacet
  facet normal 0.000317885 -0.873387 0.487027
    outer loop
      vertex 155.4 7.99998 72.3781
      vertex 111.557 24.1307 101.334
      vertex 111.69 23.9445 101
    endloop
  endfacet
  facet normal 0.000172012 -0.873482 0.486857
    outer loop
      vertex 155.4 7.99998 72.3781
      vertex 111.69 23.9445 101
      vertex 111.811 23.75 100.651
    endloop
  endfacet
  facet normal -0.000419606 -0.873869 0.486161
    outer loop
      vertex 155.4 7.99998 72.3781
      vertex 111.811 23.75 100.651
      vertex 111.919 23.548 100.288
    endloop
  endfacet
  facet normal -0.000146281 -0.873689 0.486486
    outer loop
      vertex 155.4 7.99998 72.3781
      vertex 111.919 23.548 100.288
      vertex 112.014 23.3394 99.9134
    endloop
  endfacet
  facet normal 5.78368e-05 -0.873552 0.486731
    outer loop
      vertex 155.4 7.99998 72.3781
      vertex 112.014 23.3394 99.9134
      vertex 112.094 23.125 99.5286
    endloop
  endfacet
  facet normal -8.65939e-05 -0.87365 0.486555
    outer loop
      vertex 155.4 7.99998 72.3781
      vertex 112.094 23.125 99.5286
      vertex 112.161 22.9059 99.1352
    endloop
  endfacet
  facet normal 6.4667e-05 -0.873546 0.486742
    outer loop
      vertex 155.4 7.99998 72.3781
      vertex 112.161 22.9059 99.1352
      vertex 112.213 22.6828 98.7348
    endloop
  endfacet
  facet normal 6.6667e-05 -0.873544 0.486744
    outer loop
      vertex 155.4 7.99998 72.3781
      vertex 112.213 22.6828 98.7348
      vertex 112.25 22.4568 98.3292
    endloop
  endfacet
  facet normal -7.55373e-05 -0.873645 0.486564
    outer loop
      vertex 155.4 7.99998 72.3781
      vertex 112.25 22.4568 98.3292
      vertex 112.273 22.2289 97.92
    endloop
  endfacet
  facet normal -6.09143e-06 -0.873595 0.486653
    outer loop
      vertex 155.4 7.99998 72.3781
      vertex 112.273 22.2289 97.92
      vertex 112.28 22 97.5091
    endloop
  endfacet
  facet normal 0.00148399 -0.872505 0.488603
    outer loop
      vertex 155.4 7.99998 72.3781
      vertex 112.28 22 97.5091
      vertex 112.28 21.9944 97.4991
    endloop
  endfacet
  facet normal 0 -0.873592 0.486658
    outer loop
      vertex 105.28 21.9944 97.4991
      vertex 104.54 14.6792 84.3677
      vertex 112.28 21.9944 97.4991
    endloop
  endfacet
  facet normal -1.11796e-05 -0.87359 0.486663
    outer loop
      vertex 104.54 7.99998 72.3781
      vertex 112.28 21.9944 97.4991
      vertex 104.54 14.6792 84.3677
    endloop
  endfacet
  facet normal 0 -0.873591 0.486661
    outer loop
      vertex 155.4 7.99998 72.3781
      vertex 112.28 21.9944 97.4991
      vertex 104.54 7.99998 72.3781
    endloop
  endfacet
  facet normal 2.62015e-06 -0.873592 0.48666
    outer loop
      vertex 111.088 24.6314 102.233
      vertex 155.4 7.99998 72.3781
      vertex 155.4 81.0726 203.549
    endloop
  endfacet
  facet normal 0 1 -0
    outer loop
      vertex 155.4 191.003 0
      vertex 0 191.003 126.575
      vertex 155.4 191.003 126.575
    endloop
  endfacet
  facet normal 0 1 0
    outer loop
      vertex 0 191.003 126.575
      vertex 155.4 191.003 0
      vertex 0 191.003 0
    endloop
  endfacet
  facet normal 1 0 0
    outer loop
      vertex 155.4 139.508 109.543
      vertex 155.4 191.003 126.575
      vertex 155.4 139.53 109.771
    endloop
  endfacet
  facet normal 1 0 0
    outer loop
      vertex 155.4 191.003 126.575
      vertex 155.4 139.53 55.2289
      vertex 155.4 139.538 55
    endloop
  endfacet
  facet normal 1 0 0
    outer loop
      vertex 155.4 139.47 109.317
      vertex 155.4 191.003 126.575
      vertex 155.4 139.508 109.543
    endloop
  endfacet
  facet normal 1 0 0
    outer loop
      vertex 155.4 191.003 126.575
      vertex 155.4 139.508 55.4568
      vertex 155.4 139.53 55.2289
    endloop
  endfacet
  facet normal 1 0 0
    outer loop
      vertex 155.4 139.418 109.094
      vertex 155.4 191.003 126.575
      vertex 155.4 139.47 109.317
    endloop
  endfacet
  facet normal 1 0 0
    outer loop
      vertex 155.4 191.003 126.575
      vertex 155.4 139.47 55.6828
      vertex 155.4 139.508 55.4568
    endloop
  endfacet
  facet normal 1 0 0
    outer loop
      vertex 155.4 139.352 108.875
      vertex 155.4 191.003 126.575
      vertex 155.4 139.418 109.094
    endloop
  endfacet
  facet normal 1 0 0
    outer loop
      vertex 155.4 191.003 126.575
      vertex 155.4 139.418 55.9059
      vertex 155.4 139.47 55.6828
    endloop
  endfacet
  facet normal 1 0 0
    outer loop
      vertex 155.4 139.271 108.661
      vertex 155.4 191.003 126.575
      vertex 155.4 139.352 108.875
    endloop
  endfacet
  facet normal 1 0 0
    outer loop
      vertex 155.4 191.003 126.575
      vertex 155.4 139.352 56.125
      vertex 155.4 139.418 55.9059
    endloop
  endfacet
  facet normal 1 0 0
    outer loop
      vertex 155.4 139.177 108.452
      vertex 155.4 191.003 126.575
      vertex 155.4 139.271 108.661
    endloop
  endfacet
  facet normal 1 0 0
    outer loop
      vertex 155.4 191.003 126.575
      vertex 155.4 139.271 56.3394
      vertex 155.4 139.352 56.125
    endloop
  endfacet
  facet normal 1 0 0
    outer loop
      vertex 155.4 139.069 108.25
      vertex 155.4 191.003 126.575
      vertex 155.4 139.177 108.452
    endloop
  endfacet
  facet normal 1 0 0
    outer loop
      vertex 155.4 191.003 126.575
      vertex 155.4 139.177 56.548
      vertex 155.4 139.271 56.3394
    endloop
  endfacet
  facet normal 1 0 0
    outer loop
      vertex 155.4 138.948 108.056
      vertex 155.4 191.003 126.575
      vertex 155.4 139.069 108.25
    endloop
  endfacet
  facet normal 1 0 0
    outer loop
      vertex 155.4 191.003 126.575
      vertex 155.4 139.069 56.75
      vertex 155.4 139.177 56.548
    endloop
  endfacet
  facet normal 1 0 0
    outer loop
      vertex 155.4 138.948 56.9445
      vertex 155.4 191.003 126.575
      vertex 155.4 138.948 108.056
    endloop
  endfacet
  facet normal 1 0 0
    outer loop
      vertex 155.4 191.003 126.575
      vertex 155.4 138.948 56.9445
      vertex 155.4 139.069 56.75
    endloop
  endfacet
  facet normal 1 -0 0
    outer loop
      vertex 155.4 138.814 107.869
      vertex 155.4 138.948 56.9445
      vertex 155.4 138.948 108.056
    endloop
  endfacet
  facet normal 1 0 0
    outer loop
      vertex 155.4 138.814 107.869
      vertex 155.4 138.814 57.1307
      vertex 155.4 138.948 56.9445
    endloop
  endfacet
  facet normal 1 -0 0
    outer loop
      vertex 155.4 138.669 107.692
      vertex 155.4 138.814 57.1307
      vertex 155.4 138.814 107.869
    endloop
  endfacet
  facet normal 1 0 0
    outer loop
      vertex 155.4 138.669 107.692
      vertex 155.4 138.669 57.3077
      vertex 155.4 138.814 57.1307
    endloop
  endfacet
  facet normal 1 -0 0
    outer loop
      vertex 155.4 138.513 107.525
      vertex 155.4 138.669 57.3077
      vertex 155.4 138.669 107.692
    endloop
  endfacet
  facet normal 1 0 0
    outer loop
      vertex 155.4 138.513 107.525
      vertex 155.4 138.513 57.4749
      vertex 155.4 138.669 57.3077
    endloop
  endfacet
  facet normal 1 -0 0
    outer loop
      vertex 155.4 138.345 107.369
      vertex 155.4 138.513 57.4749
      vertex 155.4 138.513 107.525
    endloop
  endfacet
  facet normal 1 0 0
    outer loop
      vertex 155.4 138.345 107.369
      vertex 155.4 138.345 57.6314
      vertex 155.4 138.513 57.4749
    endloop
  endfacet
  facet normal 1 -0 0
    outer loop
      vertex 155.4 138.168 107.223
      vertex 155.4 138.345 57.6314
      vertex 155.4 138.345 107.369
    endloop
  endfacet
  facet normal 1 0 0
    outer loop
      vertex 155.4 138.168 107.223
      vertex 155.4 138.168 57.7767
      vertex 155.4 138.345 57.6314
    endloop
  endfacet
  facet normal 1 -0 0
    outer loop
      vertex 155.4 137.982 107.09
      vertex 155.4 138.168 57.7767
      vertex 155.4 138.168 107.223
    endloop
  endfacet
  facet normal 1 0 0
    outer loop
      vertex 155.4 137.982 107.09
      vertex 155.4 137.982 57.9101
      vertex 155.4 138.168 57.7767
    endloop
  endfacet
  facet normal 1 -0 0
    outer loop
      vertex 155.4 137.788 106.969
      vertex 155.4 137.982 57.9101
      vertex 155.4 137.982 107.09
    endloop
  endfacet
  facet normal 1 0 0
    outer loop
      vertex 155.4 137.788 106.969
      vertex 155.4 137.788 58.0311
      vertex 155.4 137.982 57.9101
    endloop
  endfacet
  facet normal 1 -0 0
    outer loop
      vertex 155.4 137.586 106.861
      vertex 155.4 137.788 58.0311
      vertex 155.4 137.788 106.969
    endloop
  endfacet
  facet normal 1 0 0
    outer loop
      vertex 155.4 137.586 106.861
      vertex 155.4 137.586 58.1391
      vertex 155.4 137.788 58.0311
    endloop
  endfacet
  facet normal 1 -0 0
    outer loop
      vertex 155.4 137.377 106.766
      vertex 155.4 137.586 58.1391
      vertex 155.4 137.586 106.861
    endloop
  endfacet
  facet normal 1 0 0
    outer loop
      vertex 155.4 137.377 106.766
      vertex 155.4 137.377 58.2336
      vertex 155.4 137.586 58.1391
    endloop
  endfacet
  facet normal 1 -0 0
    outer loop
      vertex 155.4 137.163 106.686
      vertex 155.4 137.377 58.2336
      vertex 155.4 137.377 106.766
    endloop
  endfacet
  facet normal 1 0 0
    outer loop
      vertex 155.4 137.163 106.686
      vertex 155.4 137.163 58.3143
      vertex 155.4 137.377 58.2336
    endloop
  endfacet
  facet normal 1 -0 0
    outer loop
      vertex 155.4 136.944 106.619
      vertex 155.4 137.163 58.3143
      vertex 155.4 137.163 106.686
    endloop
  endfacet
  facet normal 1 0 0
    outer loop
      vertex 155.4 136.944 106.619
      vertex 155.4 136.944 58.3807
      vertex 155.4 137.163 58.3143
    endloop
  endfacet
  facet normal 1 -0 0
    outer loop
      vertex 155.4 136.72 106.567
      vertex 155.4 136.944 58.3807
      vertex 155.4 136.944 106.619
    endloop
  endfacet
  facet normal 1 0 0
    outer loop
      vertex 155.4 136.72 106.567
      vertex 155.4 136.72 58.4327
      vertex 155.4 136.944 58.3807
    endloop
  endfacet
  facet normal 1 -0 0
    outer loop
      vertex 155.4 136.495 106.53
      vertex 155.4 136.72 58.4327
      vertex 155.4 136.72 106.567
    endloop
  endfacet
  facet normal 1 0 0
    outer loop
      vertex 155.4 136.495 106.53
      vertex 155.4 136.495 58.4701
      vertex 155.4 136.72 58.4327
    endloop
  endfacet
  facet normal 1 -0 0
    outer loop
      vertex 155.4 136.267 106.507
      vertex 155.4 136.495 58.4701
      vertex 155.4 136.495 106.53
    endloop
  endfacet
  facet normal 1 0 0
    outer loop
      vertex 155.4 136.267 106.507
      vertex 155.4 136.267 58.4925
      vertex 155.4 136.495 58.4701
    endloop
  endfacet
  facet normal 1 -0 0
    outer loop
      vertex 155.4 136.038 106.5
      vertex 155.4 136.267 58.4925
      vertex 155.4 136.267 106.507
    endloop
  endfacet
  facet normal 1 0 0
    outer loop
      vertex 155.4 136.038 106.5
      vertex 155.4 136.038 58.5
      vertex 155.4 136.267 58.4925
    endloop
  endfacet
  facet normal 1 0 0
    outer loop
      vertex 155.4 135.809 106.507
      vertex 155.4 136.038 58.5
      vertex 155.4 136.038 106.5
    endloop
  endfacet
  facet normal 1 0 0
    outer loop
      vertex 155.4 135.809 106.507
      vertex 155.4 135.809 58.4925
      vertex 155.4 136.038 58.5
    endloop
  endfacet
  facet normal 1 0 0
    outer loop
      vertex 155.4 135.581 106.53
      vertex 155.4 135.809 58.4925
      vertex 155.4 135.809 106.507
    endloop
  endfacet
  facet normal 1 0 0
    outer loop
      vertex 155.4 135.581 106.53
      vertex 155.4 135.581 58.4701
      vertex 155.4 135.809 58.4925
    endloop
  endfacet
  facet normal 1 0 0
    outer loop
      vertex 155.4 135.355 106.567
      vertex 155.4 135.581 58.4701
      vertex 155.4 135.581 106.53
    endloop
  endfacet
  facet normal 1 0 0
    outer loop
      vertex 155.4 135.355 106.567
      vertex 155.4 135.355 58.4327
      vertex 155.4 135.581 58.4701
    endloop
  endfacet
  facet normal 1 0 0
    outer loop
      vertex 155.4 135.132 106.619
      vertex 155.4 135.355 58.4327
      vertex 155.4 135.355 106.567
    endloop
  endfacet
  facet normal 1 0 0
    outer loop
      vertex 155.4 135.132 106.619
      vertex 155.4 135.132 58.3807
      vertex 155.4 135.355 58.4327
    endloop
  endfacet
  facet normal 1 0 0
    outer loop
      vertex 155.4 134.913 106.686
      vertex 155.4 135.132 58.3807
      vertex 155.4 135.132 106.619
    endloop
  endfacet
  facet normal 1 0 0
    outer loop
      vertex 155.4 134.913 106.686
      vertex 155.4 134.913 58.3143
      vertex 155.4 135.132 58.3807
    endloop
  endfacet
  facet normal 1 0 0
    outer loop
      vertex 155.4 134.698 106.766
      vertex 155.4 134.913 58.3143
      vertex 155.4 134.913 106.686
    endloop
  endfacet
  facet normal 1 0 0
    outer loop
      vertex 155.4 134.698 106.766
      vertex 155.4 134.698 58.2336
      vertex 155.4 134.913 58.3143
    endloop
  endfacet
  facet normal 1 0 0
    outer loop
      vertex 155.4 134.49 106.861
      vertex 155.4 134.698 58.2336
      vertex 155.4 134.698 106.766
    endloop
  endfacet
  facet normal 1 0 0
    outer loop
      vertex 155.4 134.49 106.861
      vertex 155.4 134.49 58.1391
      vertex 155.4 134.698 58.2336
    endloop
  endfacet
  facet normal 1 0 0
    outer loop
      vertex 155.4 134.288 106.969
      vertex 155.4 134.49 58.1391
      vertex 155.4 134.49 106.861
    endloop
  endfacet
  facet normal 1 0 0
    outer loop
      vertex 155.4 134.288 106.969
      vertex 155.4 134.288 58.0311
      vertex 155.4 134.49 58.1391
    endloop
  endfacet
  facet normal 1 0 0
    outer loop
      vertex 155.4 134.093 107.09
      vertex 155.4 134.288 58.0311
      vertex 155.4 134.288 106.969
    endloop
  endfacet
  facet normal 1 0 0
    outer loop
      vertex 155.4 134.093 107.09
      vertex 155.4 134.093 57.9101
      vertex 155.4 134.288 58.0311
    endloop
  endfacet
  facet normal 1 0 0
    outer loop
      vertex 155.4 133.907 107.223
      vertex 155.4 134.093 57.9101
      vertex 155.4 134.093 107.09
    endloop
  endfacet
  facet normal 1 0 0
    outer loop
      vertex 155.4 133.907 107.223
      vertex 155.4 133.907 57.7767
      vertex 155.4 134.093 57.9101
    endloop
  endfacet
  facet normal 1 0 0
    outer loop
      vertex 155.4 133.73 107.369
      vertex 155.4 133.907 57.7767
      vertex 155.4 133.907 107.223
    endloop
  endfacet
  facet normal 1 0 0
    outer loop
      vertex 155.4 133.73 107.369
      vertex 155.4 133.73 57.6314
      vertex 155.4 133.907 57.7767
    endloop
  endfacet
  facet normal 1 0 0
    outer loop
      vertex 155.4 133.563 107.525
      vertex 155.4 133.73 57.6314
      vertex 155.4 133.73 107.369
    endloop
  endfacet
  facet normal 1 0 0
    outer loop
      vertex 155.4 133.563 107.525
      vertex 155.4 133.563 57.4749
      vertex 155.4 133.73 57.6314
    endloop
  endfacet
  facet normal 1 0 0
    outer loop
      vertex 155.4 133.406 107.692
      vertex 155.4 133.563 57.4749
      vertex 155.4 133.563 107.525
    endloop
  endfacet
  facet normal 1 0 0
    outer loop
      vertex 155.4 133.406 107.692
      vertex 155.4 133.406 57.3077
      vertex 155.4 133.563 57.4749
    endloop
  endfacet
  facet normal 1 0 0
    outer loop
      vertex 155.4 133.261 107.869
      vertex 155.4 133.406 57.3077
      vertex 155.4 133.406 107.692
    endloop
  endfacet
  facet normal 1 0 0
    outer loop
      vertex 155.4 133.261 107.869
      vertex 155.4 133.261 57.1307
      vertex 155.4 133.406 57.3077
    endloop
  endfacet
  facet normal 1 0 0
    outer loop
      vertex 155.4 133.128 108.056
      vertex 155.4 133.261 57.1307
      vertex 155.4 133.261 107.869
    endloop
  endfacet
  facet normal 1 0 0
    outer loop
      vertex 155.4 133.128 108.056
      vertex 155.4 133.128 56.9445
      vertex 155.4 133.261 57.1307
    endloop
  endfacet
  facet normal 1 0 0
    outer loop
      vertex 155.4 133.007 108.25
      vertex 155.4 133.128 56.9445
      vertex 155.4 133.128 108.056
    endloop
  endfacet
  facet normal 1 0 0
    outer loop
      vertex 155.4 133.007 108.25
      vertex 155.4 133.007 56.75
      vertex 155.4 133.128 56.9445
    endloop
  endfacet
  facet normal 1 0 0
    outer loop
      vertex 155.4 132.899 108.452
      vertex 155.4 133.007 56.75
      vertex 155.4 133.007 108.25
    endloop
  endfacet
  facet normal 1 0 0
    outer loop
      vertex 155.4 132.899 108.452
      vertex 155.4 132.899 56.548
      vertex 155.4 133.007 56.75
    endloop
  endfacet
  facet normal 1 0 0
    outer loop
      vertex 155.4 132.804 108.661
      vertex 155.4 132.899 56.548
      vertex 155.4 132.899 108.452
    endloop
  endfacet
  facet normal 1 0 0
    outer loop
      vertex 155.4 132.804 108.661
      vertex 155.4 132.804 56.3394
      vertex 155.4 132.899 56.548
    endloop
  endfacet
  facet normal 1 0 0
    outer loop
      vertex 155.4 7.99998 72.3781
      vertex 155.4 132.804 108.661
      vertex 155.4 132.723 108.875
    endloop
  endfacet
  facet normal 1 0 0
    outer loop
      vertex 155.4 132.804 108.661
      vertex 155.4 7.99998 72.3781
      vertex 155.4 132.804 56.3394
    endloop
  endfacet
  facet normal 1 0 0
    outer loop
      vertex 155.4 7.99998 72.3781
      vertex 155.4 132.723 108.875
      vertex 155.4 132.657 109.094
    endloop
  endfacet
  facet normal 1 0 0
    outer loop
      vertex 155.4 132.804 56.3394
      vertex 155.4 7.99998 72.3781
      vertex 155.4 132.723 56.125
    endloop
  endfacet
  facet normal 1 0 0
    outer loop
      vertex 155.4 7.99998 72.3781
      vertex 155.4 132.657 109.094
      vertex 155.4 132.605 109.317
    endloop
  endfacet
  facet normal 1 0 0
    outer loop
      vertex 155.4 132.723 56.125
      vertex 155.4 7.99998 72.3781
      vertex 155.4 132.657 55.9059
    endloop
  endfacet
  facet normal 1 0 0
    outer loop
      vertex 155.4 7.99998 72.3781
      vertex 155.4 132.605 109.317
      vertex 155.4 132.568 109.543
    endloop
  endfacet
  facet normal 1 0 0
    outer loop
      vertex 155.4 132.657 55.9059
      vertex 155.4 7.99998 72.3781
      vertex 155.4 132.605 55.6828
    endloop
  endfacet
  facet normal 1 0 0
    outer loop
      vertex 155.4 7.99998 72.3781
      vertex 155.4 132.568 109.543
      vertex 155.4 132.545 109.771
    endloop
  endfacet
  facet normal 1 0 0
    outer loop
      vertex 155.4 132.605 55.6828
      vertex 155.4 7.99998 72.3781
      vertex 155.4 132.568 55.4568
    endloop
  endfacet
  facet normal 1 0 0
    outer loop
      vertex 155.4 7.99998 72.3781
      vertex 155.4 132.545 109.771
      vertex 155.4 132.538 110
    endloop
  endfacet
  facet normal 1 0 0
    outer loop
      vertex 155.4 132.568 55.4568
      vertex 155.4 7.99998 72.3781
      vertex 155.4 132.545 55.2289
    endloop
  endfacet
  facet normal 1 0 0
    outer loop
      vertex 155.4 139.53 109.771
      vertex 155.4 191.003 126.575
      vertex 155.4 139.538 110
    endloop
  endfacet
  facet normal 1 0 0
    outer loop
      vertex 155.4 191.003 126.575
      vertex 155.4 139.53 110.229
      vertex 155.4 139.538 110
    endloop
  endfacet
  facet normal 1 0 0
    outer loop
      vertex 155.4 191.003 126.575
      vertex 155.4 139.508 110.457
      vertex 155.4 139.53 110.229
    endloop
  endfacet
  facet normal 1 0 0
    outer loop
      vertex 155.4 191.003 126.575
      vertex 155.4 139.47 110.683
      vertex 155.4 139.508 110.457
    endloop
  endfacet
  facet normal 1 0 0
    outer loop
      vertex 155.4 191.003 126.575
      vertex 155.4 139.418 110.906
      vertex 155.4 139.47 110.683
    endloop
  endfacet
  facet normal 1 0 0
    outer loop
      vertex 155.4 191.003 126.575
      vertex 155.4 139.352 111.125
      vertex 155.4 139.418 110.906
    endloop
  endfacet
  facet normal 1 0 0
    outer loop
      vertex 155.4 191.003 126.575
      vertex 155.4 139.271 111.339
      vertex 155.4 139.352 111.125
    endloop
  endfacet
  facet normal 1 0 0
    outer loop
      vertex 155.4 191.003 126.575
      vertex 155.4 139.177 111.548
      vertex 155.4 139.271 111.339
    endloop
  endfacet
  facet normal 1 0 0
    outer loop
      vertex 155.4 191.003 126.575
      vertex 155.4 139.069 111.75
      vertex 155.4 139.177 111.548
    endloop
  endfacet
  facet normal 1 0 0
    outer loop
      vertex 155.4 191.003 126.575
      vertex 155.4 138.948 111.944
      vertex 155.4 139.069 111.75
    endloop
  endfacet
  facet normal 1 0 0
    outer loop
      vertex 155.4 191.003 126.575
      vertex 155.4 138.814 112.131
      vertex 155.4 138.948 111.944
    endloop
  endfacet
  facet normal 1 0 0
    outer loop
      vertex 155.4 191.003 126.575
      vertex 155.4 138.669 112.308
      vertex 155.4 138.814 112.131
    endloop
  endfacet
  facet normal 1 0 0
    outer loop
      vertex 155.4 191.003 126.575
      vertex 155.4 138.513 112.475
      vertex 155.4 138.669 112.308
    endloop
  endfacet
  facet normal 1 0 0
    outer loop
      vertex 155.4 191.003 126.575
      vertex 155.4 138.345 112.631
      vertex 155.4 138.513 112.475
    endloop
  endfacet
  facet normal 1 0 0
    outer loop
      vertex 155.4 191.003 126.575
      vertex 155.4 138.168 112.777
      vertex 155.4 138.345 112.631
    endloop
  endfacet
  facet normal 1 0 0
    outer loop
      vertex 155.4 191.003 126.575
      vertex 155.4 137.982 112.91
      vertex 155.4 138.168 112.777
    endloop
  endfacet
  facet normal 1 0 0
    outer loop
      vertex 155.4 191.003 126.575
      vertex 155.4 137.788 113.031
      vertex 155.4 137.982 112.91
    endloop
  endfacet
  facet normal 1 0 0
    outer loop
      vertex 155.4 191.003 126.575
      vertex 155.4 137.586 113.139
      vertex 155.4 137.788 113.031
    endloop
  endfacet
  facet normal 1 0 0
    outer loop
      vertex 155.4 191.003 126.575
      vertex 155.4 137.377 113.234
      vertex 155.4 137.586 113.139
    endloop
  endfacet
  facet normal 1 0 0
    outer loop
      vertex 155.4 191.003 126.575
      vertex 155.4 137.163 113.314
      vertex 155.4 137.377 113.234
    endloop
  endfacet
  facet normal 1 0 0
    outer loop
      vertex 155.4 191.003 126.575
      vertex 155.4 136.944 113.381
      vertex 155.4 137.163 113.314
    endloop
  endfacet
  facet normal 1 0 0
    outer loop
      vertex 155.4 191.003 126.575
      vertex 155.4 136.72 113.433
      vertex 155.4 136.944 113.381
    endloop
  endfacet
  facet normal 1 0 0
    outer loop
      vertex 155.4 191.003 126.575
      vertex 155.4 136.495 113.47
      vertex 155.4 136.72 113.433
    endloop
  endfacet
  facet normal 1 0 0
    outer loop
      vertex 155.4 81.0726 203.549
      vertex 155.4 136.495 113.47
      vertex 155.4 191.003 126.575
    endloop
  endfacet
  facet normal 1 0 0
    outer loop
      vertex 155.4 136.495 113.47
      vertex 155.4 81.0726 203.549
      vertex 155.4 136.267 113.493
    endloop
  endfacet
  facet normal 1 0 0
    outer loop
      vertex 155.4 136.267 113.493
      vertex 155.4 81.0726 203.549
      vertex 155.4 136.038 113.5
    endloop
  endfacet
  facet normal 1 0 0
    outer loop
      vertex 155.4 136.038 113.5
      vertex 155.4 81.0726 203.549
      vertex 155.4 135.809 113.493
    endloop
  endfacet
  facet normal 1 0 0
    outer loop
      vertex 155.4 135.809 113.493
      vertex 155.4 81.0726 203.549
      vertex 155.4 135.581 113.47
    endloop
  endfacet
  facet normal 1 0 0
    outer loop
      vertex 155.4 135.581 113.47
      vertex 155.4 81.0726 203.549
      vertex 155.4 135.355 113.433
    endloop
  endfacet
  facet normal 1 0 0
    outer loop
      vertex 155.4 132.545 110.229
      vertex 155.4 7.99998 72.3781
      vertex 155.4 132.538 110
    endloop
  endfacet
  facet normal 1 0 0
    outer loop
      vertex 155.4 132.568 110.457
      vertex 155.4 7.99998 72.3781
      vertex 155.4 132.545 110.229
    endloop
  endfacet
  facet normal 1 0 0
    outer loop
      vertex 155.4 132.605 110.683
      vertex 155.4 7.99998 72.3781
      vertex 155.4 132.568 110.457
    endloop
  endfacet
  facet normal 1 0 0
    outer loop
      vertex 155.4 132.657 110.906
      vertex 155.4 7.99998 72.3781
      vertex 155.4 132.605 110.683
    endloop
  endfacet
  facet normal 1 0 0
    outer loop
      vertex 155.4 7.99998 72.3781
      vertex 155.4 132.657 110.906
      vertex 155.4 81.0726 203.549
    endloop
  endfacet
  facet normal 1 0 0
    outer loop
      vertex 155.4 132.723 111.125
      vertex 155.4 81.0726 203.549
      vertex 155.4 132.657 110.906
    endloop
  endfacet
  facet normal 1 0 0
    outer loop
      vertex 155.4 132.804 111.339
      vertex 155.4 81.0726 203.549
      vertex 155.4 132.723 111.125
    endloop
  endfacet
  facet normal 1 0 0
    outer loop
      vertex 155.4 132.899 111.548
      vertex 155.4 81.0726 203.549
      vertex 155.4 132.804 111.339
    endloop
  endfacet
  facet normal 1 0 0
    outer loop
      vertex 155.4 133.007 111.75
      vertex 155.4 81.0726 203.549
      vertex 155.4 132.899 111.548
    endloop
  endfacet
  facet normal 1 0 0
    outer loop
      vertex 155.4 133.128 111.944
      vertex 155.4 81.0726 203.549
      vertex 155.4 133.007 111.75
    endloop
  endfacet
  facet normal 1 0 0
    outer loop
      vertex 155.4 133.261 112.131
      vertex 155.4 81.0726 203.549
      vertex 155.4 133.128 111.944
    endloop
  endfacet
  facet normal 1 0 0
    outer loop
      vertex 155.4 133.406 112.308
      vertex 155.4 81.0726 203.549
      vertex 155.4 133.261 112.131
    endloop
  endfacet
  facet normal 1 0 0
    outer loop
      vertex 155.4 133.563 112.475
      vertex 155.4 81.0726 203.549
      vertex 155.4 133.406 112.308
    endloop
  endfacet
  facet normal 1 0 0
    outer loop
      vertex 155.4 133.73 112.631
      vertex 155.4 81.0726 203.549
      vertex 155.4 133.563 112.475
    endloop
  endfacet
  facet normal 1 0 0
    outer loop
      vertex 155.4 133.907 112.777
      vertex 155.4 81.0726 203.549
      vertex 155.4 133.73 112.631
    endloop
  endfacet
  facet normal 1 0 0
    outer loop
      vertex 155.4 134.093 112.91
      vertex 155.4 81.0726 203.549
      vertex 155.4 133.907 112.777
    endloop
  endfacet
  facet normal 1 0 0
    outer loop
      vertex 155.4 134.288 113.031
      vertex 155.4 81.0726 203.549
      vertex 155.4 134.093 112.91
    endloop
  endfacet
  facet normal 1 0 0
    outer loop
      vertex 155.4 134.49 113.139
      vertex 155.4 81.0726 203.549
      vertex 155.4 134.288 113.031
    endloop
  endfacet
  facet normal 1 0 0
    outer loop
      vertex 155.4 134.698 113.234
      vertex 155.4 81.0726 203.549
      vertex 155.4 134.49 113.139
    endloop
  endfacet
  facet normal 1 0 0
    outer loop
      vertex 155.4 134.913 113.314
      vertex 155.4 81.0726 203.549
      vertex 155.4 134.698 113.234
    endloop
  endfacet
  facet normal 1 0 0
    outer loop
      vertex 155.4 135.132 113.381
      vertex 155.4 81.0726 203.549
      vertex 155.4 134.913 113.314
    endloop
  endfacet
  facet normal 1 0 0
    outer loop
      vertex 155.4 135.355 113.433
      vertex 155.4 81.0726 203.549
      vertex 155.4 135.132 113.381
    endloop
  endfacet
  facet normal 1 0 0
    outer loop
      vertex 155.4 191.003 126.575
      vertex 155.4 139.538 55
      vertex 155.4 191.003 0
    endloop
  endfacet
  facet normal 1 -0 0
    outer loop
      vertex 155.4 139.53 54.7711
      vertex 155.4 191.003 0
      vertex 155.4 139.538 55
    endloop
  endfacet
  facet normal 1 -0 0
    outer loop
      vertex 155.4 139.508 54.5432
      vertex 155.4 191.003 0
      vertex 155.4 139.53 54.7711
    endloop
  endfacet
  facet normal 1 -0 0
    outer loop
      vertex 155.4 139.47 54.3172
      vertex 155.4 191.003 0
      vertex 155.4 139.508 54.5432
    endloop
  endfacet
  facet normal 1 -0 0
    outer loop
      vertex 155.4 139.418 54.0941
      vertex 155.4 191.003 0
      vertex 155.4 139.47 54.3172
    endloop
  endfacet
  facet normal 1 -0 0
    outer loop
      vertex 155.4 139.352 53.875
      vertex 155.4 191.003 0
      vertex 155.4 139.418 54.0941
    endloop
  endfacet
  facet normal 1 -0 0
    outer loop
      vertex 155.4 139.271 53.6606
      vertex 155.4 191.003 0
      vertex 155.4 139.352 53.875
    endloop
  endfacet
  facet normal 1 -0 0
    outer loop
      vertex 155.4 139.177 53.452
      vertex 155.4 191.003 0
      vertex 155.4 139.271 53.6606
    endloop
  endfacet
  facet normal 1 -0 0
    outer loop
      vertex 155.4 139.069 53.25
      vertex 155.4 191.003 0
      vertex 155.4 139.177 53.452
    endloop
  endfacet
  facet normal 1 -0 0
    outer loop
      vertex 155.4 138.948 53.0555
      vertex 155.4 191.003 0
      vertex 155.4 139.069 53.25
    endloop
  endfacet
  facet normal 1 -0 0
    outer loop
      vertex 155.4 138.814 52.8693
      vertex 155.4 191.003 0
      vertex 155.4 138.948 53.0555
    endloop
  endfacet
  facet normal 1 -0 0
    outer loop
      vertex 155.4 138.669 52.6923
      vertex 155.4 191.003 0
      vertex 155.4 138.814 52.8693
    endloop
  endfacet
  facet normal 1 -0 0
    outer loop
      vertex 155.4 138.513 52.5251
      vertex 155.4 191.003 0
      vertex 155.4 138.669 52.6923
    endloop
  endfacet
  facet normal 1 -0 0
    outer loop
      vertex 155.4 138.345 52.3686
      vertex 155.4 191.003 0
      vertex 155.4 138.513 52.5251
    endloop
  endfacet
  facet normal 1 -0 0
    outer loop
      vertex 155.4 138.168 52.2233
      vertex 155.4 191.003 0
      vertex 155.4 138.345 52.3686
    endloop
  endfacet
  facet normal 1 -0 0
    outer loop
      vertex 155.4 137.982 52.0899
      vertex 155.4 191.003 0
      vertex 155.4 138.168 52.2233
    endloop
  endfacet
  facet normal 1 -0 0
    outer loop
      vertex 155.4 137.788 51.9689
      vertex 155.4 191.003 0
      vertex 155.4 137.982 52.0899
    endloop
  endfacet
  facet normal 1 -0 0
    outer loop
      vertex 155.4 137.586 51.8609
      vertex 155.4 191.003 0
      vertex 155.4 137.788 51.9689
    endloop
  endfacet
  facet normal 1 -0 0
    outer loop
      vertex 155.4 137.377 51.7664
      vertex 155.4 191.003 0
      vertex 155.4 137.586 51.8609
    endloop
  endfacet
  facet normal 1 -0 0
    outer loop
      vertex 155.4 137.163 51.6857
      vertex 155.4 191.003 0
      vertex 155.4 137.377 51.7664
    endloop
  endfacet
  facet normal 1 -0 0
    outer loop
      vertex 155.4 136.944 51.6193
      vertex 155.4 191.003 0
      vertex 155.4 137.163 51.6857
    endloop
  endfacet
  facet normal 1 -0 0
    outer loop
      vertex 155.4 136.72 51.5673
      vertex 155.4 191.003 0
      vertex 155.4 136.944 51.6193
    endloop
  endfacet
  facet normal 1 -0 0
    outer loop
      vertex 155.4 136.495 51.5299
      vertex 155.4 191.003 0
      vertex 155.4 136.72 51.5673
    endloop
  endfacet
  facet normal 1 -0 0
    outer loop
      vertex 155.4 136.267 51.5075
      vertex 155.4 191.003 0
      vertex 155.4 136.495 51.5299
    endloop
  endfacet
  facet normal 1 -0 0
    outer loop
      vertex 155.4 136.038 51.5
      vertex 155.4 191.003 0
      vertex 155.4 136.267 51.5075
    endloop
  endfacet
  facet normal 1 0 0
    outer loop
      vertex 155.4 135.809 51.5075
      vertex 155.4 191.003 0
      vertex 155.4 136.038 51.5
    endloop
  endfacet
  facet normal 1 0 0
    outer loop
      vertex 155.4 135.581 51.5299
      vertex 155.4 191.003 0
      vertex 155.4 135.809 51.5075
    endloop
  endfacet
  facet normal 1 0 0
    outer loop
      vertex 155.4 135.355 51.5673
      vertex 155.4 191.003 0
      vertex 155.4 135.581 51.5299
    endloop
  endfacet
  facet normal 1 0 0
    outer loop
      vertex 155.4 135.132 51.6193
      vertex 155.4 191.003 0
      vertex 155.4 135.355 51.5673
    endloop
  endfacet
  facet normal 1 0 0
    outer loop
      vertex 155.4 134.913 51.6857
      vertex 155.4 191.003 0
      vertex 155.4 135.132 51.6193
    endloop
  endfacet
  facet normal 1 0 0
    outer loop
      vertex 155.4 134.698 51.7664
      vertex 155.4 191.003 0
      vertex 155.4 134.913 51.6857
    endloop
  endfacet
  facet normal 1 0 0
    outer loop
      vertex 155.4 7.99998 0
      vertex 155.4 134.698 51.7664
      vertex 155.4 134.49 51.8609
    endloop
  endfacet
  facet normal 1 0 0
    outer loop
      vertex 155.4 7.99998 0
      vertex 155.4 134.49 51.8609
      vertex 155.4 134.288 51.9689
    endloop
  endfacet
  facet normal 1 0 0
    outer loop
      vertex 155.4 7.99998 0
      vertex 155.4 134.288 51.9689
      vertex 155.4 134.093 52.0899
    endloop
  endfacet
  facet normal 1 0 0
    outer loop
      vertex 155.4 7.99998 0
      vertex 155.4 134.093 52.0899
      vertex 155.4 133.907 52.2233
    endloop
  endfacet
  facet normal 1 0 0
    outer loop
      vertex 155.4 7.99998 0
      vertex 155.4 133.907 52.2233
      vertex 155.4 133.73 52.3686
    endloop
  endfacet
  facet normal 1 0 0
    outer loop
      vertex 155.4 132.545 55.2289
      vertex 155.4 7.99998 72.3781
      vertex 155.4 132.538 55
    endloop
  endfacet
  facet normal 1 0 0
    outer loop
      vertex 155.4 132.538 55
      vertex 155.4 7.99998 72.3781
      vertex 155.4 132.545 54.7711
    endloop
  endfacet
  facet normal 1 0 0
    outer loop
      vertex 155.4 132.545 54.7711
      vertex 155.4 7.99998 72.3781
      vertex 155.4 132.568 54.5432
    endloop
  endfacet
  facet normal 1 0 0
    outer loop
      vertex 155.4 132.568 54.5432
      vertex 155.4 7.99998 72.3781
      vertex 155.4 132.605 54.3172
    endloop
  endfacet
  facet normal 1 0 0
    outer loop
      vertex 155.4 132.605 54.3172
      vertex 155.4 7.99998 72.3781
      vertex 155.4 132.657 54.0941
    endloop
  endfacet
  facet normal 1 0 0
    outer loop
      vertex 155.4 7.99998 0
      vertex 155.4 132.657 54.0941
      vertex 155.4 7.99998 72.3781
    endloop
  endfacet
  facet normal 1 0 0
    outer loop
      vertex 155.4 132.657 54.0941
      vertex 155.4 7.99998 0
      vertex 155.4 132.723 53.875
    endloop
  endfacet
  facet normal 1 0 0
    outer loop
      vertex 155.4 132.723 53.875
      vertex 155.4 7.99998 0
      vertex 155.4 132.804 53.6606
    endloop
  endfacet
  facet normal 1 0 0
    outer loop
      vertex 155.4 132.804 53.6606
      vertex 155.4 7.99998 0
      vertex 155.4 132.899 53.452
    endloop
  endfacet
  facet normal 1 0 0
    outer loop
      vertex 155.4 132.899 53.452
      vertex 155.4 7.99998 0
      vertex 155.4 133.007 53.25
    endloop
  endfacet
  facet normal 1 0 0
    outer loop
      vertex 155.4 133.007 53.25
      vertex 155.4 7.99998 0
      vertex 155.4 133.128 53.0555
    endloop
  endfacet
  facet normal 1 0 0
    outer loop
      vertex 155.4 133.128 53.0555
      vertex 155.4 7.99998 0
      vertex 155.4 133.261 52.8693
    endloop
  endfacet
  facet normal 1 0 0
    outer loop
      vertex 155.4 133.261 52.8693
      vertex 155.4 7.99998 0
      vertex 155.4 133.406 52.6923
    endloop
  endfacet
  facet normal 1 0 0
    outer loop
      vertex 155.4 133.406 52.6923
      vertex 155.4 7.99998 0
      vertex 155.4 133.563 52.5251
    endloop
  endfacet
  facet normal 1 0 0
    outer loop
      vertex 155.4 133.563 52.5251
      vertex 155.4 7.99998 0
      vertex 155.4 133.73 52.3686
    endloop
  endfacet
  facet normal 1 0 0
    outer loop
      vertex 155.4 134.698 51.7664
      vertex 155.4 7.99998 0
      vertex 155.4 191.003 0
    endloop
  endfacet
  facet normal -0.000246791 0.573545 0.819174
    outer loop
      vertex 10.7437 139.633 162.545
      vertex 0 191.003 126.575
      vertex 10.6 136.038 165.062
    endloop
  endfacet
  facet normal 0.000648654 0.573671 0.819086
    outer loop
      vertex 11.1741 143.212 160.038
      vertex 0 191.003 126.575
      vertex 10.7437 139.633 162.545
    endloop
  endfacet
  facet normal 4.97017e-06 0.57357 0.819156
    outer loop
      vertex 11.8893 146.761 157.553
      vertex 0 191.003 126.575
      vertex 11.1741 143.212 160.038
    endloop
  endfacet
  facet normal -0.000330022 0.57351 0.819199
    outer loop
      vertex 12.8864 150.264 155.101
      vertex 0 191.003 126.575
      vertex 11.8893 146.761 157.553
    endloop
  endfacet
  facet normal -4.68109e-05 0.57357 0.819157
    outer loop
      vertex 14.161 153.706 152.691
      vertex 0 191.003 126.575
      vertex 12.8864 150.264 155.101
    endloop
  endfacet
  facet normal 0.000309979 0.573661 0.819093
    outer loop
      vertex 15.7077 157.072 150.333
      vertex 0 191.003 126.575
      vertex 14.161 153.706 152.691
    endloop
  endfacet
  facet normal 4.71858e-05 0.573579 0.81915
    outer loop
      vertex 17.5198 160.348 148.039
      vertex 0 191.003 126.575
      vertex 15.7077 157.072 150.333
    endloop
  endfacet
  facet normal 6.51747e-06 0.573563 0.819161
    outer loop
      vertex 19.5897 163.52 145.818
      vertex 0 191.003 126.575
      vertex 17.5198 160.348 148.039
    endloop
  endfacet
  facet normal -0.000190342 0.573469 0.819227
    outer loop
      vertex 21.9084 166.575 143.68
      vertex 0 191.003 126.575
      vertex 19.5897 163.52 145.818
    endloop
  endfacet
  facet normal 0.000198293 0.573703 0.819063
    outer loop
      vertex 24.466 169.498 141.632
      vertex 0 191.003 126.575
      vertex 21.9084 166.575 143.68
    endloop
  endfacet
  facet normal -0.000158716 0.573431 0.819254
    outer loop
      vertex 27.2516 172.279 139.686
      vertex 0 191.003 126.575
      vertex 24.466 169.498 141.632
    endloop
  endfacet
  facet normal 0.000109399 0.573692 0.819071
    outer loop
      vertex 30.2531 174.904 137.847
      vertex 0 191.003 126.575
      vertex 27.2516 172.279 139.686
    endloop
  endfacet
  facet normal -7.45777e-05 0.57346 0.819233
    outer loop
      vertex 33.4579 177.363 136.126
      vertex 0 191.003 126.575
      vertex 30.2531 174.904 137.847
    endloop
  endfacet
  facet normal 7.27385e-05 0.573703 0.819063
    outer loop
      vertex 36.8521 179.644 134.528
      vertex 0 191.003 126.575
      vertex 33.4579 177.363 136.126
    endloop
  endfacet
  facet normal 1.47347e-05 0.573577 0.819152
    outer loop
      vertex 40.4212 181.739 133.061
      vertex 0 191.003 126.575
      vertex 36.8521 179.644 134.528
    endloop
  endfacet
  facet normal -1.67752e-05 0.573484 0.819216
    outer loop
      vertex 44.15 183.639 131.731
      vertex 0 191.003 126.575
      vertex 40.4212 181.739 133.061
    endloop
  endfacet
  facet normal 1.30617e-05 0.573604 0.819132
    outer loop
      vertex 48.0224 185.334 130.544
      vertex 0 191.003 126.575
      vertex 44.15 183.639 131.731
    endloop
  endfacet
  facet normal 1.5644e-05 0.573619 0.819122
    outer loop
      vertex 52.0219 186.819 129.504
      vertex 0 191.003 126.575
      vertex 48.0224 185.334 130.544
    endloop
  endfacet
  facet normal 1.62646e-06 0.573502 0.819204
    outer loop
      vertex 56.1314 188.086 128.617
      vertex 0 191.003 126.575
      vertex 52.0219 186.819 129.504
    endloop
  endfacet
  facet normal 5.53759e-06 0.573553 0.819169
    outer loop
      vertex 60.3332 189.13 127.886
      vertex 0 191.003 126.575
      vertex 56.1314 188.086 128.617
    endloop
  endfacet
  facet normal 3.84568e-06 0.573516 0.819194
    outer loop
      vertex 64.6094 189.947 127.314
      vertex 0 191.003 126.575
      vertex 60.3332 189.13 127.886
    endloop
  endfacet
  facet normal -1.81496e-06 0.573284 0.819357
    outer loop
      vertex 68.9417 190.533 126.904
      vertex 0 191.003 126.575
      vertex 64.6094 189.947 127.314
    endloop
  endfacet
  facet normal 8.77059e-06 0.574325 0.818627
    outer loop
      vertex 73.3114 190.885 126.657
      vertex 0 191.003 126.575
      vertex 68.9417 190.533 126.904
    endloop
  endfacet
  facet normal -0 0.570657 0.821189
    outer loop
      vertex 0 191.003 126.575
      vertex 73.3114 190.885 126.657
      vertex 77.7 191.003 126.575
    endloop
  endfacet
  facet normal 1.08222e-05 0.573576 0.819152
    outer loop
      vertex 155.4 191.003 126.575
      vertex 144.8 136.038 165.062
      vertex 155.4 81.0726 203.549
    endloop
  endfacet
  facet normal 0.000246703 0.573545 0.819174
    outer loop
      vertex 155.4 191.003 126.575
      vertex 144.656 139.633 162.545
      vertex 144.8 136.038 165.062
    endloop
  endfacet
  facet normal -0.000648862 0.573671 0.819086
    outer loop
      vertex 155.4 191.003 126.575
      vertex 144.226 143.212 160.038
      vertex 144.656 139.633 162.545
    endloop
  endfacet
  facet normal -4.97083e-06 0.57357 0.819156
    outer loop
      vertex 155.4 191.003 126.575
      vertex 143.511 146.761 157.553
      vertex 144.226 143.212 160.038
    endloop
  endfacet
  facet normal 0.000330043 0.57351 0.819199
    outer loop
      vertex 155.4 191.003 126.575
      vertex 142.514 150.264 155.101
      vertex 143.511 146.761 157.553
    endloop
  endfacet
  facet normal 4.68037e-05 0.57357 0.819157
    outer loop
      vertex 155.4 191.003 126.575
      vertex 141.239 153.706 152.691
      vertex 142.514 150.264 155.101
    endloop
  endfacet
  facet normal -0.000309946 0.573661 0.819093
    outer loop
      vertex 155.4 191.003 126.575
      vertex 139.692 157.072 150.333
      vertex 141.239 153.706 152.691
    endloop
  endfacet
  facet normal -4.71868e-05 0.573579 0.81915
    outer loop
      vertex 155.4 191.003 126.575
      vertex 137.88 160.348 148.039
      vertex 139.692 157.072 150.333
    endloop
  endfacet
  facet normal -6.51727e-06 0.573563 0.819161
    outer loop
      vertex 155.4 191.003 126.575
      vertex 135.81 163.52 145.818
      vertex 137.88 160.348 148.039
    endloop
  endfacet
  facet normal 0.00019037 0.573469 0.819227
    outer loop
      vertex 155.4 191.003 126.575
      vertex 133.492 166.575 143.68
      vertex 135.81 163.52 145.818
    endloop
  endfacet
  facet normal -0.000198279 0.573703 0.819063
    outer loop
      vertex 155.4 191.003 126.575
      vertex 130.934 169.498 141.632
      vertex 133.492 166.575 143.68
    endloop
  endfacet
  facet normal 0.000158706 0.573431 0.819254
    outer loop
      vertex 155.4 191.003 126.575
      vertex 128.148 172.279 139.686
      vertex 130.934 169.498 141.632
    endloop
  endfacet
  facet normal -0.000109406 0.573692 0.819071
    outer loop
      vertex 155.4 191.003 126.575
      vertex 125.147 174.904 137.847
      vertex 128.148 172.279 139.686
    endloop
  endfacet
  facet normal 7.4576e-05 0.57346 0.819233
    outer loop
      vertex 155.4 191.003 126.575
      vertex 121.942 177.363 136.126
      vertex 125.147 174.904 137.847
    endloop
  endfacet
  facet normal -7.274e-05 0.573703 0.819063
    outer loop
      vertex 155.4 191.003 126.575
      vertex 118.548 179.644 134.528
      vertex 121.942 177.363 136.126
    endloop
  endfacet
  facet normal -1.47349e-05 0.573577 0.819152
    outer loop
      vertex 155.4 191.003 126.575
      vertex 114.979 181.739 133.061
      vertex 118.548 179.644 134.528
    endloop
  endfacet
  facet normal 1.6775e-05 0.573484 0.819216
    outer loop
      vertex 155.4 191.003 126.575
      vertex 111.25 183.639 131.731
      vertex 114.979 181.739 133.061
    endloop
  endfacet
  facet normal -1.3062e-05 0.573604 0.819132
    outer loop
      vertex 155.4 191.003 126.575
      vertex 107.378 185.334 130.544
      vertex 111.25 183.639 131.731
    endloop
  endfacet
  facet normal -1.56436e-05 0.573619 0.819122
    outer loop
      vertex 155.4 191.003 126.575
      vertex 103.378 186.819 129.504
      vertex 107.378 185.334 130.544
    endloop
  endfacet
  facet normal -1.62647e-06 0.573502 0.819204
    outer loop
      vertex 155.4 191.003 126.575
      vertex 99.2686 188.086 128.617
      vertex 103.378 186.819 129.504
    endloop
  endfacet
  facet normal -5.53759e-06 0.573553 0.819169
    outer loop
      vertex 155.4 191.003 126.575
      vertex 95.0668 189.13 127.886
      vertex 99.2686 188.086 128.617
    endloop
  endfacet
  facet normal -3.84568e-06 0.573516 0.819194
    outer loop
      vertex 155.4 191.003 126.575
      vertex 90.7906 189.947 127.314
      vertex 95.0668 189.13 127.886
    endloop
  endfacet
  facet normal 1.81496e-06 0.573284 0.819357
    outer loop
      vertex 155.4 191.003 126.575
      vertex 86.4583 190.533 126.904
      vertex 90.7906 189.947 127.314
    endloop
  endfacet
  facet normal -8.77058e-06 0.574325 0.818627
    outer loop
      vertex 155.4 191.003 126.575
      vertex 82.0885 190.885 126.657
      vertex 86.4583 190.533 126.904
    endloop
  endfacet
  facet normal 0 0.570657 0.821189
    outer loop
      vertex 82.0885 190.885 126.657
      vertex 155.4 191.003 126.575
      vertex 77.7 191.003 126.575
    endloop
  endfacet
  facet normal -0.000228782 0.573545 0.819174
    outer loop
      vertex 144.656 132.443 167.579
      vertex 155.4 81.0726 203.549
      vertex 144.8 136.038 165.062
    endloop
  endfacet
  facet normal -0.0005192 0.573504 0.819203
    outer loop
      vertex 144.226 128.863 170.085
      vertex 155.4 81.0726 203.549
      vertex 144.656 132.443 167.579
    endloop
  endfacet
  facet normal 0.000320385 0.573636 0.81911
    outer loop
      vertex 143.511 125.315 172.57
      vertex 155.4 81.0726 203.549
      vertex 144.226 128.863 170.085
    endloop
  endfacet
  facet normal 6.84892e-05 0.57359 0.819142
    outer loop
      vertex 142.514 121.812 175.023
      vertex 155.4 81.0726 203.549
      vertex 143.511 125.315 172.57
    endloop
  endfacet
  facet normal -3.86031e-05 0.573568 0.819158
    outer loop
      vertex 141.239 118.37 177.433
      vertex 155.4 81.0726 203.549
      vertex 142.514 121.812 175.023
    endloop
  endfacet
  facet normal -0.000175686 0.573533 0.819183
    outer loop
      vertex 139.692 115.003 179.79
      vertex 155.4 81.0726 203.549
      vertex 141.239 118.37 177.433
    endloop
  endfacet
  facet normal 1.34438e-05 0.573592 0.819141
    outer loop
      vertex 137.88 111.727 182.084
      vertex 155.4 81.0726 203.549
      vertex 139.692 115.003 179.79
    endloop
  endfacet
  facet normal -2.44834e-05 0.573577 0.819152
    outer loop
      vertex 135.81 108.555 184.305
      vertex 155.4 81.0726 203.549
      vertex 137.88 111.727 182.084
    endloop
  endfacet
  facet normal 9.06931e-05 0.573632 0.819113
    outer loop
      vertex 133.492 105.501 186.444
      vertex 155.4 81.0726 203.549
      vertex 135.81 108.555 184.305
    endloop
  endfacet
  facet normal -6.52848e-05 0.573538 0.819179
    outer loop
      vertex 130.934 102.577 188.491
      vertex 155.4 81.0726 203.549
      vertex 133.492 105.501 186.444
    endloop
  endfacet
  facet normal 2.11893e-05 0.573604 0.819133
    outer loop
      vertex 128.148 99.7967 190.438
      vertex 155.4 81.0726 203.549
      vertex 130.934 102.577 188.491
    endloop
  endfacet
  facet normal -2.63027e-05 0.573558 0.819165
    outer loop
      vertex 125.147 97.1715 192.276
      vertex 155.4 81.0726 203.549
      vertex 128.148 99.7967 190.438
    endloop
  endfacet
  facet normal 2.76548e-05 0.573626 0.819117
    outer loop
      vertex 121.942 94.7127 193.998
      vertex 155.4 81.0726 203.549
      vertex 125.147 97.1715 192.276
    endloop
  endfacet
  facet normal 2.27625e-05 0.573618 0.819123
    outer loop
      vertex 118.548 92.4309 195.596
      vertex 155.4 81.0726 203.549
      vertex 121.942 94.7127 193.998
    endloop
  endfacet
  facet normal 7.59088e-06 0.573585 0.819146
    outer loop
      vertex 114.979 90.3359 197.063
      vertex 155.4 81.0726 203.549
      vertex 118.548 92.4309 195.596
    endloop
  endfacet
  facet normal 5.00828e-06 0.573577 0.819151
    outer loop
      vertex 111.25 88.4365 198.393
      vertex 155.4 81.0726 203.549
      vertex 114.979 90.3359 197.063
    endloop
  endfacet
  facet normal -8.31081e-06 0.573524 0.819189
    outer loop
      vertex 107.378 86.741 199.58
      vertex 155.4 81.0726 203.549
      vertex 111.25 88.4365 198.393
    endloop
  endfacet
  facet normal -2.19096e-05 0.573446 0.819243
    outer loop
      vertex 103.378 85.2565 200.619
      vertex 155.4 81.0726 203.549
      vertex 107.378 86.741 199.58
    endloop
  endfacet
  facet normal -8.84917e-06 0.573555 0.819167
    outer loop
      vertex 99.2686 83.9896 201.506
      vertex 155.4 81.0726 203.549
      vertex 103.378 85.2565 200.619
    endloop
  endfacet
  facet normal -8.89295e-06 0.573555 0.819167
    outer loop
      vertex 95.0668 82.9455 202.237
      vertex 155.4 81.0726 203.549
      vertex 99.2686 83.9896 201.506
    endloop
  endfacet
  facet normal -4.90128e-06 0.573641 0.819107
    outer loop
      vertex 90.7906 82.1287 202.809
      vertex 155.4 81.0726 203.549
      vertex 95.0668 82.9455 202.237
    endloop
  endfacet
  facet normal 9.47585e-06 0.574231 0.818693
    outer loop
      vertex 86.4583 81.5428 203.22
      vertex 155.4 81.0726 203.549
      vertex 90.7906 82.1287 202.809
    endloop
  endfacet
  facet normal -9.43614e-06 0.572369 0.819996
    outer loop
      vertex 82.0885 81.1903 203.466
      vertex 155.4 81.0726 203.549
      vertex 86.4583 81.5428 203.22
    endloop
  endfacet
  facet normal 0 0.576301 0.817237
    outer loop
      vertex 155.4 81.0726 203.549
      vertex 82.0885 81.1903 203.466
      vertex 77.7001 81.0726 203.549
    endloop
  endfacet
  facet normal -1.08222e-05 0.573576 0.819152
    outer loop
      vertex 0 81.0726 203.549
      vertex 10.6 136.038 165.062
      vertex 0 191.003 126.575
    endloop
  endfacet
  facet normal 0.000228864 0.573545 0.819174
    outer loop
      vertex 10.6 136.038 165.062
      vertex 0 81.0726 203.549
      vertex 10.7437 132.443 167.579
    endloop
  endfacet
  facet normal 0 0.576301 0.817237
    outer loop
      vertex 73.3114 81.1903 203.466
      vertex 0 81.0726 203.549
      vertex 77.7 81.0726 203.549
    endloop
  endfacet
  facet normal 9.43615e-06 0.572369 0.819996
    outer loop
      vertex 68.9417 81.5428 203.22
      vertex 0 81.0726 203.549
      vertex 73.3114 81.1903 203.466
    endloop
  endfacet
  facet normal -9.47585e-06 0.574231 0.818693
    outer loop
      vertex 64.6094 82.1287 202.809
      vertex 0 81.0726 203.549
      vertex 68.9417 81.5428 203.22
    endloop
  endfacet
  facet normal 4.90128e-06 0.573641 0.819107
    outer loop
      vertex 60.3332 82.9455 202.237
      vertex 0 81.0726 203.549
      vertex 64.6094 82.1287 202.809
    endloop
  endfacet
  facet normal 8.89295e-06 0.573555 0.819167
    outer loop
      vertex 56.1314 83.9896 201.506
      vertex 0 81.0726 203.549
      vertex 60.3332 82.9455 202.237
    endloop
  endfacet
  facet normal 8.84914e-06 0.573555 0.819167
    outer loop
      vertex 52.0219 85.2565 200.619
      vertex 0 81.0726 203.549
      vertex 56.1314 83.9896 201.506
    endloop
  endfacet
  facet normal 2.19101e-05 0.573446 0.819243
    outer loop
      vertex 48.0224 86.741 199.58
      vertex 0 81.0726 203.549
      vertex 52.0219 85.2565 200.619
    endloop
  endfacet
  facet normal 8.31058e-06 0.573524 0.819189
    outer loop
      vertex 44.15 88.4365 198.393
      vertex 0 81.0726 203.549
      vertex 48.0224 86.741 199.58
    endloop
  endfacet
  facet normal -5.00835e-06 0.573577 0.819151
    outer loop
      vertex 40.4212 90.3359 197.063
      vertex 0 81.0726 203.549
      vertex 44.15 88.4365 198.393
    endloop
  endfacet
  facet normal -7.59079e-06 0.573585 0.819146
    outer loop
      vertex 36.8521 92.4309 195.596
      vertex 0 81.0726 203.549
      vertex 40.4212 90.3359 197.063
    endloop
  endfacet
  facet normal -2.27621e-05 0.573618 0.819123
    outer loop
      vertex 33.4579 94.7127 193.998
      vertex 0 81.0726 203.549
      vertex 36.8521 92.4309 195.596
    endloop
  endfacet
  facet normal -2.76554e-05 0.573626 0.819117
    outer loop
      vertex 30.2531 97.1715 192.276
      vertex 0 81.0726 203.549
      vertex 33.4579 94.7127 193.998
    endloop
  endfacet
  facet normal 2.6301e-05 0.573558 0.819165
    outer loop
      vertex 27.2516 99.7967 190.438
      vertex 0 81.0726 203.549
      vertex 30.2531 97.1715 192.276
    endloop
  endfacet
  facet normal -2.11908e-05 0.573604 0.819133
    outer loop
      vertex 24.466 102.577 188.491
      vertex 0 81.0726 203.549
      vertex 27.2516 99.7967 190.438
    endloop
  endfacet
  facet normal 6.52892e-05 0.573538 0.819179
    outer loop
      vertex 21.9084 105.501 186.444
      vertex 0 81.0726 203.549
      vertex 24.466 102.577 188.491
    endloop
  endfacet
  facet normal -9.06796e-05 0.573632 0.819113
    outer loop
      vertex 19.5897 108.555 184.305
      vertex 0 81.0726 203.549
      vertex 21.9084 105.501 186.444
    endloop
  endfacet
  facet normal 2.44842e-05 0.573577 0.819152
    outer loop
      vertex 17.5198 111.727 182.084
      vertex 0 81.0726 203.549
      vertex 19.5897 108.555 184.305
    endloop
  endfacet
  facet normal -1.34435e-05 0.573592 0.819141
    outer loop
      vertex 15.7077 115.003 179.79
      vertex 0 81.0726 203.549
      vertex 17.5198 111.727 182.084
    endloop
  endfacet
  facet normal 0.000175705 0.573533 0.819183
    outer loop
      vertex 14.161 118.37 177.433
      vertex 0 81.0726 203.549
      vertex 15.7077 115.003 179.79
    endloop
  endfacet
  facet normal 3.86091e-05 0.573568 0.819158
    outer loop
      vertex 12.8864 121.812 175.023
      vertex 0 81.0726 203.549
      vertex 14.161 118.37 177.433
    endloop
  endfacet
  facet normal -6.84848e-05 0.57359 0.819142
    outer loop
      vertex 11.8893 125.315 172.57
      vertex 0 81.0726 203.549
      vertex 12.8864 121.812 175.023
    endloop
  endfacet
  facet normal -0.000320342 0.573636 0.81911
    outer loop
      vertex 11.1741 128.863 170.085
      vertex 0 81.0726 203.549
      vertex 11.8893 125.315 172.57
    endloop
  endfacet
  facet normal 0.000519033 0.573504 0.819202
    outer loop
      vertex 10.7437 132.443 167.579
      vertex 0 81.0726 203.549
      vertex 11.1741 128.863 170.085
    endloop
  endfacet
  facet normal 0 -0 0
    outer loop
      vertex 77.7 191.003 126.575
      vertex 155.4 191.003 126.575
      vertex 0 191.003 126.575
    endloop
  endfacet
  facet normal 0 0 -1
    outer loop
      vertex 112.422 89.6411 0
      vertex 155.4 7.99998 0
      vertex 112.43 89.4024 0
    endloop
  endfacet
  facet normal 0 0 -1
    outer loop
      vertex 155.4 7.99998 0
      vertex 112.422 89.1637 0
      vertex 112.43 89.4024 0
    endloop
  endfacet
  facet normal 0 0 -1
    outer loop
      vertex 155.4 7.99998 0
      vertex 112.399 88.926 0
      vertex 112.422 89.1637 0
    endloop
  endfacet
  facet normal 0 0 -1
    outer loop
      vertex 155.4 7.99998 0
      vertex 112.36 88.6903 0
      vertex 112.399 88.926 0
    endloop
  endfacet
  facet normal 0 0 -1
    outer loop
      vertex 155.4 7.99998 0
      vertex 112.306 88.4577 0
      vertex 112.36 88.6903 0
    endloop
  endfacet
  facet normal 0 0 -1
    outer loop
      vertex 155.4 7.99998 0
      vertex 112.236 88.2292 0
      vertex 112.306 88.4577 0
    endloop
  endfacet
  facet normal 0 0 -1
    outer loop
      vertex 155.4 7.99998 0
      vertex 112.152 88.0056 0
      vertex 112.236 88.2292 0
    endloop
  endfacet
  facet normal 0 0 -1
    outer loop
      vertex 155.4 7.99998 0
      vertex 112.054 87.7881 0
      vertex 112.152 88.0056 0
    endloop
  endfacet
  facet normal 0 0 -1
    outer loop
      vertex 155.4 7.99998 0
      vertex 111.941 87.5774 0
      vertex 112.054 87.7881 0
    endloop
  endfacet
  facet normal 0 0 -1
    outer loop
      vertex 155.4 7.99998 0
      vertex 111.815 87.3746 0
      vertex 111.941 87.5774 0
    endloop
  endfacet
  facet normal 0 0 -1
    outer loop
      vertex 155.4 7.99998 0
      vertex 111.676 87.1805 0
      vertex 111.815 87.3746 0
    endloop
  endfacet
  facet normal 0 0 -1
    outer loop
      vertex 155.4 7.99998 0
      vertex 111.524 86.9958 0
      vertex 111.676 87.1805 0
    endloop
  endfacet
  facet normal 0 0 -1
    outer loop
      vertex 155.4 7.99998 0
      vertex 111.361 86.8215 0
      vertex 111.524 86.9958 0
    endloop
  endfacet
  facet normal 0 0 -1
    outer loop
      vertex 155.4 7.99998 0
      vertex 111.187 86.6582 0
      vertex 111.361 86.8215 0
    endloop
  endfacet
  facet normal 0 0 -1
    outer loop
      vertex 155.4 7.99998 0
      vertex 111.002 86.5067 0
      vertex 111.187 86.6582 0
    endloop
  endfacet
  facet normal 0 0 -1
    outer loop
      vertex 155.4 7.99998 0
      vertex 110.808 86.3676 0
      vertex 111.002 86.5067 0
    endloop
  endfacet
  facet normal 0 0 -1
    outer loop
      vertex 155.4 7.99998 0
      vertex 110.605 86.2414 0
      vertex 110.808 86.3676 0
    endloop
  endfacet
  facet normal 0 0 -1
    outer loop
      vertex 155.4 7.99998 0
      vertex 110.394 86.1288 0
      vertex 110.605 86.2414 0
    endloop
  endfacet
  facet normal 0 0 -1
    outer loop
      vertex 155.4 7.99998 0
      vertex 110.177 86.0303 0
      vertex 110.394 86.1288 0
    endloop
  endfacet
  facet normal 0 0 -1
    outer loop
      vertex 155.4 7.99998 0
      vertex 109.953 85.9461 0
      vertex 110.177 86.0303 0
    endloop
  endfacet
  facet normal 0 0 -1
    outer loop
      vertex 155.4 7.99998 0
      vertex 109.725 85.8768 0
      vertex 109.953 85.9461 0
    endloop
  endfacet
  facet normal 0 0 -1
    outer loop
      vertex 155.4 7.99998 0
      vertex 109.492 85.8226 0
      vertex 109.725 85.8768 0
    endloop
  endfacet
  facet normal 0 0 -1
    outer loop
      vertex 155.4 7.99998 0
      vertex 109.256 85.7837 0
      vertex 109.492 85.8226 0
    endloop
  endfacet
  facet normal 0 0 -1
    outer loop
      vertex 155.4 7.99998 0
      vertex 109.019 85.7602 0
      vertex 109.256 85.7837 0
    endloop
  endfacet
  facet normal 0 0 -1
    outer loop
      vertex 155.4 7.99998 0
      vertex 108.78 85.7524 0
      vertex 109.019 85.7602 0
    endloop
  endfacet
  facet normal 0 0 -1
    outer loop
      vertex 155.4 7.99998 0
      vertex 108.541 85.7602 0
      vertex 108.78 85.7524 0
    endloop
  endfacet
  facet normal 0 0 -1
    outer loop
      vertex 155.4 7.99998 0
      vertex 108.304 85.7837 0
      vertex 108.541 85.7602 0
    endloop
  endfacet
  facet normal 0 0 -1
    outer loop
      vertex 155.4 7.99998 0
      vertex 108.068 85.8226 0
      vertex 108.304 85.7837 0
    endloop
  endfacet
  facet normal 0 0 -1
    outer loop
      vertex 78.8647 85.0558 0
      vertex 108.068 85.8226 0
      vertex 155.4 7.99998 0
    endloop
  endfacet
  facet normal -0 0 -1
    outer loop
      vertex 108.068 85.8226 0
      vertex 78.8647 85.0558 0
      vertex 107.835 85.8768 0
    endloop
  endfacet
  facet normal 0 -0 -1
    outer loop
      vertex 79.1465 85.1412 0
      vertex 107.835 85.8768 0
      vertex 78.8647 85.0558 0
    endloop
  endfacet
  facet normal -0 0 -1
    outer loop
      vertex 107.835 85.8768 0
      vertex 79.1465 85.1412 0
      vertex 107.607 85.9461 0
    endloop
  endfacet
  facet normal 0 -0 -1
    outer loop
      vertex 79.4221 85.245 0
      vertex 107.607 85.9461 0
      vertex 79.1465 85.1412 0
    endloop
  endfacet
  facet normal -0 0 -1
    outer loop
      vertex 107.607 85.9461 0
      vertex 79.4221 85.245 0
      vertex 107.383 86.0303 0
    endloop
  endfacet
  facet normal 0 -0 -1
    outer loop
      vertex 79.6903 85.3665 0
      vertex 107.383 86.0303 0
      vertex 79.4221 85.245 0
    endloop
  endfacet
  facet normal -0 0 -1
    outer loop
      vertex 107.383 86.0303 0
      vertex 79.6903 85.3665 0
      vertex 107.166 86.1288 0
    endloop
  endfacet
  facet normal 0 -0 -1
    outer loop
      vertex 79.95 85.5053 0
      vertex 107.166 86.1288 0
      vertex 79.6903 85.3665 0
    endloop
  endfacet
  facet normal 0 -0 -1
    outer loop
      vertex 80.2001 85.6608 0
      vertex 106.955 86.2414 0
      vertex 79.95 85.5053 0
    endloop
  endfacet
  facet normal -0 0 -1
    outer loop
      vertex 106.955 86.2414 0
      vertex 80.2001 85.6608 0
      vertex 106.752 86.3676 0
    endloop
  endfacet
  facet normal 0 -0 -1
    outer loop
      vertex 80.4394 85.8323 0
      vertex 106.752 86.3676 0
      vertex 80.2001 85.6608 0
    endloop
  endfacet
  facet normal 0 0 -1
    outer loop
      vertex 105.138 89.1637 0
      vertex 82.2 89.4024 0
      vertex 105.13 89.4024 0
    endloop
  endfacet
  facet normal 0 0 -1
    outer loop
      vertex 82.1904 89.1081 0
      vertex 105.138 89.1637 0
      vertex 105.161 88.926 0
    endloop
  endfacet
  facet normal 0 0 -1
    outer loop
      vertex 82.1615 88.8151 0
      vertex 105.161 88.926 0
      vertex 105.2 88.6903 0
    endloop
  endfacet
  facet normal 0 0 -1
    outer loop
      vertex 82.1135 88.5245 0
      vertex 105.2 88.6903 0
      vertex 105.254 88.4577 0
    endloop
  endfacet
  facet normal 0 0 -1
    outer loop
      vertex 82.0467 88.2377 0
      vertex 105.254 88.4577 0
      vertex 105.324 88.2292 0
    endloop
  endfacet
  facet normal 0 0 -1
    outer loop
      vertex 81.9612 87.9559 0
      vertex 105.324 88.2292 0
      vertex 105.408 88.0056 0
    endloop
  endfacet
  facet normal 0 0 -1
    outer loop
      vertex 81.8575 87.6804 0
      vertex 105.408 88.0056 0
      vertex 105.506 87.7881 0
    endloop
  endfacet
  facet normal 0 0 -1
    outer loop
      vertex 81.7359 87.4121 0
      vertex 105.506 87.7881 0
      vertex 105.619 87.5774 0
    endloop
  endfacet
  facet normal 0 0 -1
    outer loop
      vertex 81.5971 87.1524 0
      vertex 105.619 87.5774 0
      vertex 105.745 87.3746 0
    endloop
  endfacet
  facet normal -0 0 -1
    outer loop
      vertex 106.752 86.3676 0
      vertex 80.4394 85.8323 0
      vertex 106.558 86.5067 0
    endloop
  endfacet
  facet normal -0 0 -1
    outer loop
      vertex 105.138 89.1637 0
      vertex 82.1904 89.1081 0
      vertex 82.2 89.4024 0
    endloop
  endfacet
  facet normal -0 0 -1
    outer loop
      vertex 105.161 88.926 0
      vertex 82.1615 88.8151 0
      vertex 82.1904 89.1081 0
    endloop
  endfacet
  facet normal -0 0 -1
    outer loop
      vertex 105.2 88.6903 0
      vertex 82.1135 88.5245 0
      vertex 82.1615 88.8151 0
    endloop
  endfacet
  facet normal -0 0 -1
    outer loop
      vertex 105.254 88.4577 0
      vertex 82.0467 88.2377 0
      vertex 82.1135 88.5245 0
    endloop
  endfacet
  facet normal -0 0 -1
    outer loop
      vertex 105.324 88.2292 0
      vertex 81.9612 87.9559 0
      vertex 82.0467 88.2377 0
    endloop
  endfacet
  facet normal 0 0 -1
    outer loop
      vertex 105.408 88.0056 0
      vertex 81.8575 87.6804 0
      vertex 81.9612 87.9559 0
    endloop
  endfacet
  facet normal 0 0 -1
    outer loop
      vertex 105.506 87.7881 0
      vertex 81.7359 87.4121 0
      vertex 81.8575 87.6804 0
    endloop
  endfacet
  facet normal 0 0 -1
    outer loop
      vertex 105.619 87.5774 0
      vertex 81.5971 87.1524 0
      vertex 81.7359 87.4121 0
    endloop
  endfacet
  facet normal 0 0 -1
    outer loop
      vertex 105.745 87.3746 0
      vertex 81.4416 86.9024 0
      vertex 81.5971 87.1524 0
    endloop
  endfacet
  facet normal -0 0 -1
    outer loop
      vertex 105.884 87.1805 0
      vertex 81.4416 86.9024 0
      vertex 105.745 87.3746 0
    endloop
  endfacet
  facet normal 0 -0 -1
    outer loop
      vertex 81.4416 86.9024 0
      vertex 105.884 87.1805 0
      vertex 81.2701 86.663 0
    endloop
  endfacet
  facet normal -0 0 -1
    outer loop
      vertex 106.036 86.9958 0
      vertex 81.2701 86.663 0
      vertex 105.884 87.1805 0
    endloop
  endfacet
  facet normal 0 -0 -1
    outer loop
      vertex 81.2701 86.663 0
      vertex 106.036 86.9958 0
      vertex 81.0833 86.4354 0
    endloop
  endfacet
  facet normal -0 0 -1
    outer loop
      vertex 106.199 86.8215 0
      vertex 81.0833 86.4354 0
      vertex 106.036 86.9958 0
    endloop
  endfacet
  facet normal 0 -0 -1
    outer loop
      vertex 81.0833 86.4354 0
      vertex 106.199 86.8215 0
      vertex 80.882 86.2204 0
    endloop
  endfacet
  facet normal -0 0 -1
    outer loop
      vertex 106.373 86.6582 0
      vertex 80.882 86.2204 0
      vertex 106.199 86.8215 0
    endloop
  endfacet
  facet normal 0 -0 -1
    outer loop
      vertex 80.882 86.2204 0
      vertex 106.373 86.6582 0
      vertex 80.6671 86.0191 0
    endloop
  endfacet
  facet normal -0 0 -1
    outer loop
      vertex 106.558 86.5067 0
      vertex 80.6671 86.0191 0
      vertex 106.373 86.6582 0
    endloop
  endfacet
  facet normal 0 -0 -1
    outer loop
      vertex 80.6671 86.0191 0
      vertex 106.558 86.5067 0
      vertex 80.4394 85.8323 0
    endloop
  endfacet
  facet normal -0 0 -1
    outer loop
      vertex 107.166 86.1288 0
      vertex 79.95 85.5053 0
      vertex 106.955 86.2414 0
    endloop
  endfacet
  facet normal 0 0 -1
    outer loop
      vertex 155.4 7.99998 0
      vertex 78.5779 84.9889 0
      vertex 78.8647 85.0558 0
    endloop
  endfacet
  facet normal 0 0 -1
    outer loop
      vertex 155.4 7.99998 0
      vertex 78.2874 84.9409 0
      vertex 78.5779 84.9889 0
    endloop
  endfacet
  facet normal 0 0 -1
    outer loop
      vertex 155.4 7.99998 0
      vertex 77.9943 84.9121 0
      vertex 78.2874 84.9409 0
    endloop
  endfacet
  facet normal 0 0 -1
    outer loop
      vertex 155.4 7.99998 0
      vertex 77.7 84.9024 0
      vertex 77.9943 84.9121 0
    endloop
  endfacet
  facet normal 0 0 -1
    outer loop
      vertex 0 7.99998 0
      vertex 77.7 84.9024 0
      vertex 155.4 7.99998 0
    endloop
  endfacet
  facet normal -0 0 -1
    outer loop
      vertex 77.7 84.9024 0
      vertex 0 7.99998 0
      vertex 77.4057 84.9121 0
    endloop
  endfacet
  facet normal -0 0 -1
    outer loop
      vertex 77.4057 84.9121 0
      vertex 0 7.99998 0
      vertex 77.1126 84.9409 0
    endloop
  endfacet
  facet normal -0 0 -1
    outer loop
      vertex 77.1126 84.9409 0
      vertex 0 7.99998 0
      vertex 76.8221 84.9889 0
    endloop
  endfacet
  facet normal -0 0 -1
    outer loop
      vertex 76.8221 84.9889 0
      vertex 0 7.99998 0
      vertex 76.5353 85.0558 0
    endloop
  endfacet
  facet normal 0 -0 -1
    outer loop
      vertex 47.3321 85.8226 0
      vertex 76.5353 85.0558 0
      vertex 0 7.99998 0
    endloop
  endfacet
  facet normal 0 -0 -1
    outer loop
      vertex 47.5647 85.8768 0
      vertex 76.5353 85.0558 0
      vertex 47.3321 85.8226 0
    endloop
  endfacet
  facet normal 0 0 -1
    outer loop
      vertex 76.5353 85.0558 0
      vertex 47.5647 85.8768 0
      vertex 76.2535 85.1412 0
    endloop
  endfacet
  facet normal 0 -0 -1
    outer loop
      vertex 47.7933 85.9461 0
      vertex 76.2535 85.1412 0
      vertex 47.5647 85.8768 0
    endloop
  endfacet
  facet normal 0 0 -1
    outer loop
      vertex 76.2535 85.1412 0
      vertex 47.7933 85.9461 0
      vertex 75.9779 85.245 0
    endloop
  endfacet
  facet normal 0 -0 -1
    outer loop
      vertex 48.0168 86.0303 0
      vertex 75.9779 85.245 0
      vertex 47.7933 85.9461 0
    endloop
  endfacet
  facet normal 0 0 -1
    outer loop
      vertex 75.9779 85.245 0
      vertex 48.0168 86.0303 0
      vertex 75.7097 85.3665 0
    endloop
  endfacet
  facet normal 0 0 -1
    outer loop
      vertex 73.2096 89.1081 0
      vertex 50.27 89.4024 0
      vertex 73.2 89.4024 0
    endloop
  endfacet
  facet normal 0 0 -1
    outer loop
      vertex 50.2622 89.1637 0
      vertex 73.2096 89.1081 0
      vertex 73.2385 88.8151 0
    endloop
  endfacet
  facet normal 0 0 -1
    outer loop
      vertex 50.1999 88.6903 0
      vertex 73.2385 88.8151 0
      vertex 73.2865 88.5245 0
    endloop
  endfacet
  facet normal 0 0 -1
    outer loop
      vertex 50.1456 88.4577 0
      vertex 73.2865 88.5245 0
      vertex 73.3533 88.2377 0
    endloop
  endfacet
  facet normal 0 0 -1
    outer loop
      vertex 50.0763 88.2292 0
      vertex 73.3533 88.2377 0
      vertex 73.4388 87.9559 0
    endloop
  endfacet
  facet normal 0 0 -1
    outer loop
      vertex 49.9922 88.0056 0
      vertex 73.4388 87.9559 0
      vertex 73.5425 87.6804 0
    endloop
  endfacet
  facet normal 0 0 -1
    outer loop
      vertex 49.8936 87.7881 0
      vertex 73.5425 87.6804 0
      vertex 73.6641 87.4121 0
    endloop
  endfacet
  facet normal 0 0 -1
    outer loop
      vertex 49.781 87.5774 0
      vertex 73.6641 87.4121 0
      vertex 73.8029 87.1524 0
    endloop
  endfacet
  facet normal 0 0 -1
    outer loop
      vertex 49.6549 87.3746 0
      vertex 73.8029 87.1524 0
      vertex 73.9584 86.9024 0
    endloop
  endfacet
  facet normal 0 0 -1
    outer loop
      vertex 49.5157 87.1805 0
      vertex 73.9584 86.9024 0
      vertex 74.1299 86.663 0
    endloop
  endfacet
  facet normal 0 0 -1
    outer loop
      vertex 49.3642 86.9958 0
      vertex 74.1299 86.663 0
      vertex 74.3167 86.4354 0
    endloop
  endfacet
  facet normal 0 0 -1
    outer loop
      vertex 49.2009 86.8215 0
      vertex 74.3167 86.4354 0
      vertex 74.518 86.2204 0
    endloop
  endfacet
  facet normal 0 0 -1
    outer loop
      vertex 75.7097 85.3665 0
      vertex 48.2344 86.1288 0
      vertex 75.45 85.5053 0
    endloop
  endfacet
  facet normal 0 0 -1
    outer loop
      vertex 73.2096 89.1081 0
      vertex 50.2622 89.1637 0
      vertex 50.27 89.4024 0
    endloop
  endfacet
  facet normal 0 0 -1
    outer loop
      vertex 73.2385 88.8151 0
      vertex 50.2388 88.926 0
      vertex 50.2622 89.1637 0
    endloop
  endfacet
  facet normal -0 0 -1
    outer loop
      vertex 73.2385 88.8151 0
      vertex 50.1999 88.6903 0
      vertex 50.2388 88.926 0
    endloop
  endfacet
  facet normal -0 0 -1
    outer loop
      vertex 73.2865 88.5245 0
      vertex 50.1456 88.4577 0
      vertex 50.1999 88.6903 0
    endloop
  endfacet
  facet normal -0 0 -1
    outer loop
      vertex 73.3533 88.2377 0
      vertex 50.0763 88.2292 0
      vertex 50.1456 88.4577 0
    endloop
  endfacet
  facet normal 0 0 -1
    outer loop
      vertex 73.4388 87.9559 0
      vertex 49.9922 88.0056 0
      vertex 50.0763 88.2292 0
    endloop
  endfacet
  facet normal 0 0 -1
    outer loop
      vertex 73.5425 87.6804 0
      vertex 49.8936 87.7881 0
      vertex 49.9922 88.0056 0
    endloop
  endfacet
  facet normal 0 0 -1
    outer loop
      vertex 73.6641 87.4121 0
      vertex 49.781 87.5774 0
      vertex 49.8936 87.7881 0
    endloop
  endfacet
  facet normal 0 0 -1
    outer loop
      vertex 73.8029 87.1524 0
      vertex 49.6549 87.3746 0
      vertex 49.781 87.5774 0
    endloop
  endfacet
  facet normal 0 0 -1
    outer loop
      vertex 73.9584 86.9024 0
      vertex 49.5157 87.1805 0
      vertex 49.6549 87.3746 0
    endloop
  endfacet
  facet normal 0 0 -1
    outer loop
      vertex 74.1299 86.663 0
      vertex 49.3642 86.9958 0
      vertex 49.5157 87.1805 0
    endloop
  endfacet
  facet normal 0 0 -1
    outer loop
      vertex 74.3167 86.4354 0
      vertex 49.2009 86.8215 0
      vertex 49.3642 86.9958 0
    endloop
  endfacet
  facet normal 0 0 -1
    outer loop
      vertex 74.518 86.2204 0
      vertex 49.0266 86.6582 0
      vertex 49.2009 86.8215 0
    endloop
  endfacet
  facet normal 0 0 -1
    outer loop
      vertex 74.7329 86.0191 0
      vertex 49.0266 86.6582 0
      vertex 74.518 86.2204 0
    endloop
  endfacet
  facet normal 0 -0 -1
    outer loop
      vertex 49.0266 86.6582 0
      vertex 74.7329 86.0191 0
      vertex 48.842 86.5067 0
    endloop
  endfacet
  facet normal 0 0 -1
    outer loop
      vertex 74.9606 85.8323 0
      vertex 48.842 86.5067 0
      vertex 74.7329 86.0191 0
    endloop
  endfacet
  facet normal 0 -0 -1
    outer loop
      vertex 48.842 86.5067 0
      vertex 74.9606 85.8323 0
      vertex 48.6478 86.3676 0
    endloop
  endfacet
  facet normal 0 0 -1
    outer loop
      vertex 75.1999 85.6608 0
      vertex 48.6478 86.3676 0
      vertex 74.9606 85.8323 0
    endloop
  endfacet
  facet normal 0 -0 -1
    outer loop
      vertex 48.445 86.2414 0
      vertex 75.45 85.5053 0
      vertex 48.2344 86.1288 0
    endloop
  endfacet
  facet normal 0 -0 -1
    outer loop
      vertex 48.6478 86.3676 0
      vertex 75.1999 85.6608 0
      vertex 48.445 86.2414 0
    endloop
  endfacet
  facet normal 0 0 -1
    outer loop
      vertex 75.45 85.5053 0
      vertex 48.445 86.2414 0
      vertex 75.1999 85.6608 0
    endloop
  endfacet
  facet normal 0 -0 -1
    outer loop
      vertex 48.2344 86.1288 0
      vertex 75.7097 85.3665 0
      vertex 48.0168 86.0303 0
    endloop
  endfacet
  facet normal 0 0 -1
    outer loop
      vertex 47.3321 85.8226 0
      vertex 0 7.99998 0
      vertex 47.0964 85.7837 0
    endloop
  endfacet
  facet normal 0 0 -1
    outer loop
      vertex 47.0964 85.7837 0
      vertex 0 7.99998 0
      vertex 46.8587 85.7602 0
    endloop
  endfacet
  facet normal 0 0 -1
    outer loop
      vertex 46.8587 85.7602 0
      vertex 0 7.99998 0
      vertex 46.62 85.7524 0
    endloop
  endfacet
  facet normal -0 0 -1
    outer loop
      vertex 46.62 85.7524 0
      vertex 0 7.99998 0
      vertex 46.3813 85.7602 0
    endloop
  endfacet
  facet normal -0 0 -1
    outer loop
      vertex 46.3813 85.7602 0
      vertex 0 7.99998 0
      vertex 46.1436 85.7837 0
    endloop
  endfacet
  facet normal -0 0 -1
    outer loop
      vertex 46.1436 85.7837 0
      vertex 0 7.99998 0
      vertex 45.9079 85.8226 0
    endloop
  endfacet
  facet normal -0 0 -1
    outer loop
      vertex 45.9079 85.8226 0
      vertex 0 7.99998 0
      vertex 45.6753 85.8768 0
    endloop
  endfacet
  facet normal -0 0 -1
    outer loop
      vertex 45.6753 85.8768 0
      vertex 0 7.99998 0
      vertex 45.4467 85.9461 0
    endloop
  endfacet
  facet normal -0 0 -1
    outer loop
      vertex 45.4467 85.9461 0
      vertex 0 7.99998 0
      vertex 45.2232 86.0303 0
    endloop
  endfacet
  facet normal -0 0 -1
    outer loop
      vertex 45.2232 86.0303 0
      vertex 0 7.99998 0
      vertex 45.0056 86.1288 0
    endloop
  endfacet
  facet normal -0 0 -1
    outer loop
      vertex 45.0056 86.1288 0
      vertex 0 7.99998 0
      vertex 44.795 86.2414 0
    endloop
  endfacet
  facet normal -0 0 -1
    outer loop
      vertex 42.9778 89.1637 0
      vertex 0 7.99998 0
      vertex 42.97 89.4024 0
    endloop
  endfacet
  facet normal -0 0 -1
    outer loop
      vertex 43.0012 88.926 0
      vertex 0 7.99998 0
      vertex 42.9778 89.1637 0
    endloop
  endfacet
  facet normal -0 0 -1
    outer loop
      vertex 43.0401 88.6903 0
      vertex 0 7.99998 0
      vertex 43.0012 88.926 0
    endloop
  endfacet
  facet normal -0 0 -1
    outer loop
      vertex 43.0944 88.4577 0
      vertex 0 7.99998 0
      vertex 43.0401 88.6903 0
    endloop
  endfacet
  facet normal -0 0 -1
    outer loop
      vertex 43.1637 88.2292 0
      vertex 0 7.99998 0
      vertex 43.0944 88.4577 0
    endloop
  endfacet
  facet normal -0 0 -1
    outer loop
      vertex 43.2478 88.0056 0
      vertex 0 7.99998 0
      vertex 43.1637 88.2292 0
    endloop
  endfacet
  facet normal -0 0 -1
    outer loop
      vertex 43.3464 87.7881 0
      vertex 0 7.99998 0
      vertex 43.2478 88.0056 0
    endloop
  endfacet
  facet normal -0 0 -1
    outer loop
      vertex 43.459 87.5774 0
      vertex 0 7.99998 0
      vertex 43.3464 87.7881 0
    endloop
  endfacet
  facet normal -0 0 -1
    outer loop
      vertex 43.5851 87.3746 0
      vertex 0 7.99998 0
      vertex 43.459 87.5774 0
    endloop
  endfacet
  facet normal -0 0 -1
    outer loop
      vertex 43.7243 87.1805 0
      vertex 0 7.99998 0
      vertex 43.5851 87.3746 0
    endloop
  endfacet
  facet normal -0 0 -1
    outer loop
      vertex 43.8758 86.9958 0
      vertex 0 7.99998 0
      vertex 43.7243 87.1805 0
    endloop
  endfacet
  facet normal -0 0 -1
    outer loop
      vertex 44.0391 86.8215 0
      vertex 0 7.99998 0
      vertex 43.8758 86.9958 0
    endloop
  endfacet
  facet normal -0 0 -1
    outer loop
      vertex 44.2134 86.6582 0
      vertex 0 7.99998 0
      vertex 44.0391 86.8215 0
    endloop
  endfacet
  facet normal -0 0 -1
    outer loop
      vertex 44.398 86.5067 0
      vertex 0 7.99998 0
      vertex 44.2134 86.6582 0
    endloop
  endfacet
  facet normal -0 0 -1
    outer loop
      vertex 44.5922 86.3676 0
      vertex 0 7.99998 0
      vertex 44.398 86.5067 0
    endloop
  endfacet
  facet normal -0 0 -1
    outer loop
      vertex 44.795 86.2414 0
      vertex 0 7.99998 0
      vertex 44.5922 86.3676 0
    endloop
  endfacet
  facet normal 0 0 -1
    outer loop
      vertex 155.4 7.99998 0
      vertex 112.422 89.6411 0
      vertex 155.4 191.003 0
    endloop
  endfacet
  facet normal 0 0 -1
    outer loop
      vertex 112.399 89.8788 0
      vertex 155.4 191.003 0
      vertex 112.422 89.6411 0
    endloop
  endfacet
  facet normal 0 0 -1
    outer loop
      vertex 112.36 90.1145 0
      vertex 155.4 191.003 0
      vertex 112.399 89.8788 0
    endloop
  endfacet
  facet normal 0 0 -1
    outer loop
      vertex 112.306 90.3471 0
      vertex 155.4 191.003 0
      vertex 112.36 90.1145 0
    endloop
  endfacet
  facet normal 0 0 -1
    outer loop
      vertex 112.236 90.5757 0
      vertex 155.4 191.003 0
      vertex 112.306 90.3471 0
    endloop
  endfacet
  facet normal 0 0 -1
    outer loop
      vertex 112.152 90.7992 0
      vertex 155.4 191.003 0
      vertex 112.236 90.5757 0
    endloop
  endfacet
  facet normal 0 0 -1
    outer loop
      vertex 112.054 91.0168 0
      vertex 155.4 191.003 0
      vertex 112.152 90.7992 0
    endloop
  endfacet
  facet normal 0 0 -1
    outer loop
      vertex 111.941 91.2274 0
      vertex 155.4 191.003 0
      vertex 112.054 91.0168 0
    endloop
  endfacet
  facet normal 0 0 -1
    outer loop
      vertex 111.815 91.4303 0
      vertex 155.4 191.003 0
      vertex 111.941 91.2274 0
    endloop
  endfacet
  facet normal 0 0 -1
    outer loop
      vertex 111.676 91.6244 0
      vertex 155.4 191.003 0
      vertex 111.815 91.4303 0
    endloop
  endfacet
  facet normal 0 0 -1
    outer loop
      vertex 111.524 91.809 0
      vertex 155.4 191.003 0
      vertex 111.676 91.6244 0
    endloop
  endfacet
  facet normal 0 0 -1
    outer loop
      vertex 111.361 91.9834 0
      vertex 155.4 191.003 0
      vertex 111.524 91.809 0
    endloop
  endfacet
  facet normal 0 0 -1
    outer loop
      vertex 111.187 92.1466 0
      vertex 155.4 191.003 0
      vertex 111.361 91.9834 0
    endloop
  endfacet
  facet normal 0 0 -1
    outer loop
      vertex 111.002 92.2982 0
      vertex 155.4 191.003 0
      vertex 111.187 92.1466 0
    endloop
  endfacet
  facet normal 0 0 -1
    outer loop
      vertex 110.808 92.4373 0
      vertex 155.4 191.003 0
      vertex 111.002 92.2982 0
    endloop
  endfacet
  facet normal 0 0 -1
    outer loop
      vertex 110.605 92.5634 0
      vertex 155.4 191.003 0
      vertex 110.808 92.4373 0
    endloop
  endfacet
  facet normal 0 0 -1
    outer loop
      vertex 110.394 92.676 0
      vertex 155.4 191.003 0
      vertex 110.605 92.5634 0
    endloop
  endfacet
  facet normal 0 0 -1
    outer loop
      vertex 110.177 92.7746 0
      vertex 155.4 191.003 0
      vertex 110.394 92.676 0
    endloop
  endfacet
  facet normal 0 0 -1
    outer loop
      vertex 109.953 92.8587 0
      vertex 155.4 191.003 0
      vertex 110.177 92.7746 0
    endloop
  endfacet
  facet normal 0 0 -1
    outer loop
      vertex 109.725 92.9281 0
      vertex 155.4 191.003 0
      vertex 109.953 92.8587 0
    endloop
  endfacet
  facet normal 0 0 -1
    outer loop
      vertex 109.492 92.9823 0
      vertex 155.4 191.003 0
      vertex 109.725 92.9281 0
    endloop
  endfacet
  facet normal 0 0 -1
    outer loop
      vertex 109.256 93.0212 0
      vertex 155.4 191.003 0
      vertex 109.492 92.9823 0
    endloop
  endfacet
  facet normal 0 0 -1
    outer loop
      vertex 109.019 93.0446 0
      vertex 155.4 191.003 0
      vertex 109.256 93.0212 0
    endloop
  endfacet
  facet normal 0 0 -1
    outer loop
      vertex 108.78 93.0524 0
      vertex 155.4 191.003 0
      vertex 109.019 93.0446 0
    endloop
  endfacet
  facet normal 0 0 -1
    outer loop
      vertex 108.541 93.0446 0
      vertex 155.4 191.003 0
      vertex 108.78 93.0524 0
    endloop
  endfacet
  facet normal 0 0 -1
    outer loop
      vertex 108.304 93.0212 0
      vertex 155.4 191.003 0
      vertex 108.541 93.0446 0
    endloop
  endfacet
  facet normal 0 0 -1
    outer loop
      vertex 108.068 92.9823 0
      vertex 155.4 191.003 0
      vertex 108.304 93.0212 0
    endloop
  endfacet
  facet normal 0 0 -1
    outer loop
      vertex 78.8647 93.7491 0
      vertex 108.068 92.9823 0
      vertex 107.835 92.9281 0
    endloop
  endfacet
  facet normal 0 0 -1
    outer loop
      vertex 79.1465 93.6636 0
      vertex 107.835 92.9281 0
      vertex 107.607 92.8587 0
    endloop
  endfacet
  facet normal 0 0 -1
    outer loop
      vertex 79.4221 93.5599 0
      vertex 107.607 92.8587 0
      vertex 107.383 92.7746 0
    endloop
  endfacet
  facet normal 0 0 -1
    outer loop
      vertex 79.6903 93.4384 0
      vertex 107.383 92.7746 0
      vertex 107.166 92.676 0
    endloop
  endfacet
  facet normal 0 0 -1
    outer loop
      vertex 79.95 93.2995 0
      vertex 107.166 92.676 0
      vertex 106.955 92.5634 0
    endloop
  endfacet
  facet normal 0 0 -1
    outer loop
      vertex 80.2001 93.144 0
      vertex 106.955 92.5634 0
      vertex 106.752 92.4373 0
    endloop
  endfacet
  facet normal 0 0 -1
    outer loop
      vertex 80.4394 92.9725 0
      vertex 106.752 92.4373 0
      vertex 106.558 92.2982 0
    endloop
  endfacet
  facet normal 0 0 -1
    outer loop
      vertex 80.6671 92.7857 0
      vertex 106.558 92.2982 0
      vertex 106.373 92.1466 0
    endloop
  endfacet
  facet normal 0 0 -1
    outer loop
      vertex 80.882 92.5844 0
      vertex 106.373 92.1466 0
      vertex 106.199 91.9834 0
    endloop
  endfacet
  facet normal 0 0 -1
    outer loop
      vertex 81.0833 92.3695 0
      vertex 106.199 91.9834 0
      vertex 106.036 91.809 0
    endloop
  endfacet
  facet normal 0 0 -1
    outer loop
      vertex 81.2701 92.1419 0
      vertex 106.036 91.809 0
      vertex 105.884 91.6244 0
    endloop
  endfacet
  facet normal 0 0 -1
    outer loop
      vertex 81.4416 91.9025 0
      vertex 105.884 91.6244 0
      vertex 105.745 91.4303 0
    endloop
  endfacet
  facet normal 0 0 -1
    outer loop
      vertex 81.5971 91.6524 0
      vertex 105.745 91.4303 0
      vertex 105.619 91.2274 0
    endloop
  endfacet
  facet normal 0 0 -1
    outer loop
      vertex 81.7359 91.3927 0
      vertex 105.619 91.2274 0
      vertex 105.506 91.0168 0
    endloop
  endfacet
  facet normal 0 0 -1
    outer loop
      vertex 82.2 89.4024 0
      vertex 105.138 89.6411 0
      vertex 105.13 89.4024 0
    endloop
  endfacet
  facet normal 0 0 -1
    outer loop
      vertex 82.1904 89.6967 0
      vertex 105.138 89.6411 0
      vertex 82.2 89.4024 0
    endloop
  endfacet
  facet normal 0 0 -1
    outer loop
      vertex 105.138 89.6411 0
      vertex 82.1904 89.6967 0
      vertex 105.161 89.8788 0
    endloop
  endfacet
  facet normal 0 0 -1
    outer loop
      vertex 82.1615 89.9898 0
      vertex 105.161 89.8788 0
      vertex 82.1904 89.6967 0
    endloop
  endfacet
  facet normal 0 0 -1
    outer loop
      vertex 105.161 89.8788 0
      vertex 82.1615 89.9898 0
      vertex 105.2 90.1145 0
    endloop
  endfacet
  facet normal 0 0 -1
    outer loop
      vertex 82.1135 90.2803 0
      vertex 105.2 90.1145 0
      vertex 82.1615 89.9898 0
    endloop
  endfacet
  facet normal 0 0 -1
    outer loop
      vertex 105.2 90.1145 0
      vertex 82.1135 90.2803 0
      vertex 105.254 90.3471 0
    endloop
  endfacet
  facet normal 0 0 -1
    outer loop
      vertex 82.0467 90.5671 0
      vertex 105.254 90.3471 0
      vertex 82.1135 90.2803 0
    endloop
  endfacet
  facet normal 0 0 -1
    outer loop
      vertex 105.254 90.3471 0
      vertex 82.0467 90.5671 0
      vertex 105.324 90.5757 0
    endloop
  endfacet
  facet normal 0 0 -1
    outer loop
      vertex 81.9612 90.8489 0
      vertex 105.324 90.5757 0
      vertex 82.0467 90.5671 0
    endloop
  endfacet
  facet normal 0 0 -1
    outer loop
      vertex 105.324 90.5757 0
      vertex 81.9612 90.8489 0
      vertex 105.408 90.7992 0
    endloop
  endfacet
  facet normal 0 0 -1
    outer loop
      vertex 81.8575 91.1245 0
      vertex 105.408 90.7992 0
      vertex 81.9612 90.8489 0
    endloop
  endfacet
  facet normal 0 0 -1
    outer loop
      vertex 105.408 90.7992 0
      vertex 81.8575 91.1245 0
      vertex 105.506 91.0168 0
    endloop
  endfacet
  facet normal 0 0 -1
    outer loop
      vertex 81.7359 91.3927 0
      vertex 105.506 91.0168 0
      vertex 81.8575 91.1245 0
    endloop
  endfacet
  facet normal 0 0 -1
    outer loop
      vertex 105.619 91.2274 0
      vertex 81.7359 91.3927 0
      vertex 81.5971 91.6524 0
    endloop
  endfacet
  facet normal 0 0 -1
    outer loop
      vertex 105.745 91.4303 0
      vertex 81.5971 91.6524 0
      vertex 81.4416 91.9025 0
    endloop
  endfacet
  facet normal 0 0 -1
    outer loop
      vertex 105.884 91.6244 0
      vertex 81.4416 91.9025 0
      vertex 81.2701 92.1419 0
    endloop
  endfacet
  facet normal 0 0 -1
    outer loop
      vertex 106.036 91.809 0
      vertex 81.2701 92.1419 0
      vertex 81.0833 92.3695 0
    endloop
  endfacet
  facet normal 0 0 -1
    outer loop
      vertex 106.199 91.9834 0
      vertex 81.0833 92.3695 0
      vertex 80.882 92.5844 0
    endloop
  endfacet
  facet normal 0 0 -1
    outer loop
      vertex 106.373 92.1466 0
      vertex 80.882 92.5844 0
      vertex 80.6671 92.7857 0
    endloop
  endfacet
  facet normal 0 0 -1
    outer loop
      vertex 106.558 92.2982 0
      vertex 80.6671 92.7857 0
      vertex 80.4394 92.9725 0
    endloop
  endfacet
  facet normal 0 0 -1
    outer loop
      vertex 106.752 92.4373 0
      vertex 80.4394 92.9725 0
      vertex 80.2001 93.144 0
    endloop
  endfacet
  facet normal 0 0 -1
    outer loop
      vertex 106.955 92.5634 0
      vertex 80.2001 93.144 0
      vertex 79.95 93.2995 0
    endloop
  endfacet
  facet normal 0 0 -1
    outer loop
      vertex 107.166 92.676 0
      vertex 79.95 93.2995 0
      vertex 79.6903 93.4384 0
    endloop
  endfacet
  facet normal 0 0 -1
    outer loop
      vertex 107.383 92.7746 0
      vertex 79.6903 93.4384 0
      vertex 79.4221 93.5599 0
    endloop
  endfacet
  facet normal 0 0 -1
    outer loop
      vertex 107.607 92.8587 0
      vertex 79.4221 93.5599 0
      vertex 79.1465 93.6636 0
    endloop
  endfacet
  facet normal 0 0 -1
    outer loop
      vertex 107.835 92.9281 0
      vertex 79.1465 93.6636 0
      vertex 78.8647 93.7491 0
    endloop
  endfacet
  facet normal 0 0 -1
    outer loop
      vertex 108.068 92.9823 0
      vertex 78.8647 93.7491 0
      vertex 155.4 191.003 0
    endloop
  endfacet
  facet normal 0 0 -1
    outer loop
      vertex 78.5779 93.816 0
      vertex 155.4 191.003 0
      vertex 78.8647 93.7491 0
    endloop
  endfacet
  facet normal 0 0 -1
    outer loop
      vertex 78.2874 93.8639 0
      vertex 155.4 191.003 0
      vertex 78.5779 93.816 0
    endloop
  endfacet
  facet normal 0 0 -1
    outer loop
      vertex 77.9943 93.8928 0
      vertex 155.4 191.003 0
      vertex 78.2874 93.8639 0
    endloop
  endfacet
  facet normal 0 0 -1
    outer loop
      vertex 77.7 93.9024 0
      vertex 155.4 191.003 0
      vertex 77.9943 93.8928 0
    endloop
  endfacet
  facet normal 0 0 -1
    outer loop
      vertex 0 191.003 0
      vertex 77.7 93.9024 0
      vertex 77.4057 93.8928 0
    endloop
  endfacet
  facet normal 0 0 -1
    outer loop
      vertex 0 191.003 0
      vertex 77.4057 93.8928 0
      vertex 77.1126 93.8639 0
    endloop
  endfacet
  facet normal 0 0 -1
    outer loop
      vertex 0 191.003 0
      vertex 77.1126 93.8639 0
      vertex 76.8221 93.816 0
    endloop
  endfacet
  facet normal 0 0 -1
    outer loop
      vertex 0 191.003 0
      vertex 76.8221 93.816 0
      vertex 76.5353 93.7491 0
    endloop
  endfacet
  facet normal 0 0 -1
    outer loop
      vertex 47.5647 92.9281 0
      vertex 76.5353 93.7491 0
      vertex 76.2535 93.6636 0
    endloop
  endfacet
  facet normal 0 0 -1
    outer loop
      vertex 47.7933 92.8587 0
      vertex 76.2535 93.6636 0
      vertex 75.9779 93.5599 0
    endloop
  endfacet
  facet normal 0 0 -1
    outer loop
      vertex 48.0168 92.7746 0
      vertex 75.9779 93.5599 0
      vertex 75.7097 93.4384 0
    endloop
  endfacet
  facet normal 0 0 -1
    outer loop
      vertex 48.2344 92.676 0
      vertex 75.7097 93.4384 0
      vertex 75.45 93.2995 0
    endloop
  endfacet
  facet normal 0 0 -1
    outer loop
      vertex 48.445 92.5634 0
      vertex 75.45 93.2995 0
      vertex 75.1999 93.144 0
    endloop
  endfacet
  facet normal 0 0 -1
    outer loop
      vertex 48.6478 92.4373 0
      vertex 75.1999 93.144 0
      vertex 74.9606 92.9725 0
    endloop
  endfacet
  facet normal 0 0 -1
    outer loop
      vertex 48.842 92.2982 0
      vertex 74.9606 92.9725 0
      vertex 74.7329 92.7857 0
    endloop
  endfacet
  facet normal 0 0 -1
    outer loop
      vertex 49.0266 92.1466 0
      vertex 74.7329 92.7857 0
      vertex 74.518 92.5844 0
    endloop
  endfacet
  facet normal 0 0 -1
    outer loop
      vertex 49.2009 91.9834 0
      vertex 74.518 92.5844 0
      vertex 74.3167 92.3695 0
    endloop
  endfacet
  facet normal 0 0 -1
    outer loop
      vertex 50.27 89.4024 0
      vertex 73.2096 89.6967 0
      vertex 73.2 89.4024 0
    endloop
  endfacet
  facet normal 0 0 -1
    outer loop
      vertex 50.2622 89.6411 0
      vertex 73.2096 89.6967 0
      vertex 50.27 89.4024 0
    endloop
  endfacet
  facet normal -0 0 -1
    outer loop
      vertex 73.2096 89.6967 0
      vertex 50.2622 89.6411 0
      vertex 73.2385 89.9898 0
    endloop
  endfacet
  facet normal 0 0 -1
    outer loop
      vertex 50.2388 89.8788 0
      vertex 73.2385 89.9898 0
      vertex 50.2622 89.6411 0
    endloop
  endfacet
  facet normal 0 0 -1
    outer loop
      vertex 50.1999 90.1145 0
      vertex 73.2385 89.9898 0
      vertex 50.2388 89.8788 0
    endloop
  endfacet
  facet normal 0 0 -1
    outer loop
      vertex 73.2385 89.9898 0
      vertex 50.1999 90.1145 0
      vertex 73.2865 90.2803 0
    endloop
  endfacet
  facet normal 0 0 -1
    outer loop
      vertex 50.1456 90.3471 0
      vertex 73.2865 90.2803 0
      vertex 50.1999 90.1145 0
    endloop
  endfacet
  facet normal 0 0 -1
    outer loop
      vertex 73.2865 90.2803 0
      vertex 50.1456 90.3471 0
      vertex 73.3533 90.5671 0
    endloop
  endfacet
  facet normal 0 0 -1
    outer loop
      vertex 50.0763 90.5757 0
      vertex 73.3533 90.5671 0
      vertex 50.1456 90.3471 0
    endloop
  endfacet
  facet normal 0 0 -1
    outer loop
      vertex 73.3533 90.5671 0
      vertex 50.0763 90.5757 0
      vertex 73.4388 90.8489 0
    endloop
  endfacet
  facet normal 0 0 -1
    outer loop
      vertex 49.9922 90.7992 0
      vertex 73.4388 90.8489 0
      vertex 50.0763 90.5757 0
    endloop
  endfacet
  facet normal -0 0 -1
    outer loop
      vertex 73.4388 90.8489 0
      vertex 49.9922 90.7992 0
      vertex 73.5425 91.1245 0
    endloop
  endfacet
  facet normal 0 0 -1
    outer loop
      vertex 49.8936 91.0168 0
      vertex 73.5425 91.1245 0
      vertex 49.9922 90.7992 0
    endloop
  endfacet
  facet normal -0 0 -1
    outer loop
      vertex 73.5425 91.1245 0
      vertex 49.8936 91.0168 0
      vertex 73.6641 91.3927 0
    endloop
  endfacet
  facet normal 0 0 -1
    outer loop
      vertex 49.781 91.2274 0
      vertex 73.6641 91.3927 0
      vertex 49.8936 91.0168 0
    endloop
  endfacet
  facet normal -0 0 -1
    outer loop
      vertex 73.6641 91.3927 0
      vertex 49.781 91.2274 0
      vertex 73.8029 91.6524 0
    endloop
  endfacet
  facet normal 0 0 -1
    outer loop
      vertex 49.6549 91.4303 0
      vertex 73.8029 91.6524 0
      vertex 49.781 91.2274 0
    endloop
  endfacet
  facet normal -0 0 -1
    outer loop
      vertex 73.8029 91.6524 0
      vertex 49.6549 91.4303 0
      vertex 73.9584 91.9025 0
    endloop
  endfacet
  facet normal 0 0 -1
    outer loop
      vertex 49.5157 91.6244 0
      vertex 73.9584 91.9025 0
      vertex 49.6549 91.4303 0
    endloop
  endfacet
  facet normal -0 0 -1
    outer loop
      vertex 73.9584 91.9025 0
      vertex 49.5157 91.6244 0
      vertex 74.1299 92.1419 0
    endloop
  endfacet
  facet normal 0 0 -1
    outer loop
      vertex 49.3642 91.809 0
      vertex 74.1299 92.1419 0
      vertex 49.5157 91.6244 0
    endloop
  endfacet
  facet normal -0 0 -1
    outer loop
      vertex 74.1299 92.1419 0
      vertex 49.3642 91.809 0
      vertex 74.3167 92.3695 0
    endloop
  endfacet
  facet normal 0 0 -1
    outer loop
      vertex 49.2009 91.9834 0
      vertex 74.3167 92.3695 0
      vertex 49.3642 91.809 0
    endloop
  endfacet
  facet normal 0 0 -1
    outer loop
      vertex 74.518 92.5844 0
      vertex 49.2009 91.9834 0
      vertex 49.0266 92.1466 0
    endloop
  endfacet
  facet normal 0 0 -1
    outer loop
      vertex 74.7329 92.7857 0
      vertex 49.0266 92.1466 0
      vertex 48.842 92.2982 0
    endloop
  endfacet
  facet normal 0 0 -1
    outer loop
      vertex 74.9606 92.9725 0
      vertex 48.842 92.2982 0
      vertex 48.6478 92.4373 0
    endloop
  endfacet
  facet normal 0 0 -1
    outer loop
      vertex 75.1999 93.144 0
      vertex 48.6478 92.4373 0
      vertex 48.445 92.5634 0
    endloop
  endfacet
  facet normal 0 0 -1
    outer loop
      vertex 75.45 93.2995 0
      vertex 48.445 92.5634 0
      vertex 48.2344 92.676 0
    endloop
  endfacet
  facet normal 0 0 -1
    outer loop
      vertex 75.7097 93.4384 0
      vertex 48.2344 92.676 0
      vertex 48.0168 92.7746 0
    endloop
  endfacet
  facet normal 0 0 -1
    outer loop
      vertex 75.9779 93.5599 0
      vertex 48.0168 92.7746 0
      vertex 47.7933 92.8587 0
    endloop
  endfacet
  facet normal 0 0 -1
    outer loop
      vertex 76.2535 93.6636 0
      vertex 47.7933 92.8587 0
      vertex 47.5647 92.9281 0
    endloop
  endfacet
  facet normal 0 0 -1
    outer loop
      vertex 76.5353 93.7491 0
      vertex 47.5647 92.9281 0
      vertex 47.3321 92.9823 0
    endloop
  endfacet
  facet normal -0 0 -1
    outer loop
      vertex 76.5353 93.7491 0
      vertex 47.3321 92.9823 0
      vertex 0 191.003 0
    endloop
  endfacet
  facet normal 0 0 -1
    outer loop
      vertex 0 191.003 0
      vertex 47.3321 92.9823 0
      vertex 47.0964 93.0212 0
    endloop
  endfacet
  facet normal 0 0 -1
    outer loop
      vertex 0 191.003 0
      vertex 47.0964 93.0212 0
      vertex 46.8587 93.0446 0
    endloop
  endfacet
  facet normal 0 0 -1
    outer loop
      vertex 0 191.003 0
      vertex 46.8587 93.0446 0
      vertex 46.62 93.0524 0
    endloop
  endfacet
  facet normal 0 0 -1
    outer loop
      vertex 0 191.003 0
      vertex 46.62 93.0524 0
      vertex 46.3813 93.0446 0
    endloop
  endfacet
  facet normal 0 0 -1
    outer loop
      vertex 0 191.003 0
      vertex 46.3813 93.0446 0
      vertex 46.1436 93.0212 0
    endloop
  endfacet
  facet normal 0 0 -1
    outer loop
      vertex 0 191.003 0
      vertex 46.1436 93.0212 0
      vertex 45.9079 92.9823 0
    endloop
  endfacet
  facet normal 0 0 -1
    outer loop
      vertex 0 191.003 0
      vertex 45.9079 92.9823 0
      vertex 45.6753 92.9281 0
    endloop
  endfacet
  facet normal 0 0 -1
    outer loop
      vertex 0 191.003 0
      vertex 45.6753 92.9281 0
      vertex 45.4467 92.8587 0
    endloop
  endfacet
  facet normal 0 0 -1
    outer loop
      vertex 0 191.003 0
      vertex 45.4467 92.8587 0
      vertex 45.2232 92.7746 0
    endloop
  endfacet
  facet normal 0 0 -1
    outer loop
      vertex 0 191.003 0
      vertex 45.2232 92.7746 0
      vertex 45.0056 92.676 0
    endloop
  endfacet
  facet normal 0 0 -1
    outer loop
      vertex 0 191.003 0
      vertex 45.0056 92.676 0
      vertex 44.795 92.5634 0
    endloop
  endfacet
  facet normal 0 0 -1
    outer loop
      vertex 0 191.003 0
      vertex 44.795 92.5634 0
      vertex 44.5922 92.4373 0
    endloop
  endfacet
  facet normal 0 0 -1
    outer loop
      vertex 0 191.003 0
      vertex 44.5922 92.4373 0
      vertex 44.398 92.2982 0
    endloop
  endfacet
  facet normal 0 0 -1
    outer loop
      vertex 0 191.003 0
      vertex 44.398 92.2982 0
      vertex 44.2134 92.1466 0
    endloop
  endfacet
  facet normal 0 0 -1
    outer loop
      vertex 0 7.99998 0
      vertex 42.9778 89.6411 0
      vertex 42.97 89.4024 0
    endloop
  endfacet
  facet normal 0 0 -1
    outer loop
      vertex 0 191.003 0
      vertex 42.9778 89.6411 0
      vertex 0 7.99998 0
    endloop
  endfacet
  facet normal 0 0 -1
    outer loop
      vertex 42.9778 89.6411 0
      vertex 0 191.003 0
      vertex 43.0012 89.8788 0
    endloop
  endfacet
  facet normal 0 0 -1
    outer loop
      vertex 43.0012 89.8788 0
      vertex 0 191.003 0
      vertex 43.0401 90.1145 0
    endloop
  endfacet
  facet normal 0 0 -1
    outer loop
      vertex 43.0401 90.1145 0
      vertex 0 191.003 0
      vertex 43.0944 90.3471 0
    endloop
  endfacet
  facet normal 0 0 -1
    outer loop
      vertex 43.0944 90.3471 0
      vertex 0 191.003 0
      vertex 43.1637 90.5757 0
    endloop
  endfacet
  facet normal 0 0 -1
    outer loop
      vertex 43.1637 90.5757 0
      vertex 0 191.003 0
      vertex 43.2478 90.7992 0
    endloop
  endfacet
  facet normal 0 0 -1
    outer loop
      vertex 77.7 93.9024 0
      vertex 0 191.003 0
      vertex 155.4 191.003 0
    endloop
  endfacet
  facet normal 0 0 -1
    outer loop
      vertex 44.0391 91.9834 0
      vertex 0 191.003 0
      vertex 44.2134 92.1466 0
    endloop
  endfacet
  facet normal 0 0 -1
    outer loop
      vertex 43.8758 91.809 0
      vertex 0 191.003 0
      vertex 44.0391 91.9834 0
    endloop
  endfacet
  facet normal 0 0 -1
    outer loop
      vertex 43.7243 91.6244 0
      vertex 0 191.003 0
      vertex 43.8758 91.809 0
    endloop
  endfacet
  facet normal 0 0 -1
    outer loop
      vertex 43.5851 91.4303 0
      vertex 0 191.003 0
      vertex 43.7243 91.6244 0
    endloop
  endfacet
  facet normal 0 0 -1
    outer loop
      vertex 43.459 91.2274 0
      vertex 0 191.003 0
      vertex 43.5851 91.4303 0
    endloop
  endfacet
  facet normal 0 0 -1
    outer loop
      vertex 43.3464 91.0168 0
      vertex 0 191.003 0
      vertex 43.459 91.2274 0
    endloop
  endfacet
  facet normal 0 0 -1
    outer loop
      vertex 43.2478 90.7992 0
      vertex 0 191.003 0
      vertex 43.3464 91.0168 0
    endloop
  endfacet
  facet normal -1 0 0
    outer loop
      vertex 0 191.003 0
      vertex 0 139.656 55.4764
      vertex 0 191.003 126.575
    endloop
  endfacet
  facet normal -1 0 0
    outer loop
      vertex 0 191.003 126.575
      vertex 0 139.68 109.761
      vertex 0 139.688 110
    endloop
  endfacet
  facet normal -1 0 0
    outer loop
      vertex 0 139.618 55.7121
      vertex 0 191.003 126.575
      vertex 0 139.656 55.4764
    endloop
  endfacet
  facet normal -1 0 0
    outer loop
      vertex 0 191.003 126.575
      vertex 0 139.656 109.524
      vertex 0 139.68 109.761
    endloop
  endfacet
  facet normal -1 0 0
    outer loop
      vertex 0 139.563 55.9447
      vertex 0 191.003 126.575
      vertex 0 139.618 55.7121
    endloop
  endfacet
  facet normal -1 0 0
    outer loop
      vertex 0 191.003 126.575
      vertex 0 139.618 109.288
      vertex 0 139.656 109.524
    endloop
  endfacet
  facet normal -1 0 0
    outer loop
      vertex 0 139.494 56.1733
      vertex 0 191.003 126.575
      vertex 0 139.563 55.9447
    endloop
  endfacet
  facet normal -1 0 0
    outer loop
      vertex 0 191.003 126.575
      vertex 0 139.563 109.055
      vertex 0 139.618 109.288
    endloop
  endfacet
  facet normal -1 0 0
    outer loop
      vertex 0 139.41 56.3968
      vertex 0 191.003 126.575
      vertex 0 139.494 56.1733
    endloop
  endfacet
  facet normal -1 0 0
    outer loop
      vertex 0 191.003 126.575
      vertex 0 139.494 108.827
      vertex 0 139.563 109.055
    endloop
  endfacet
  facet normal -1 0 0
    outer loop
      vertex 0 139.311 56.6144
      vertex 0 191.003 126.575
      vertex 0 139.41 56.3968
    endloop
  endfacet
  facet normal -1 0 0
    outer loop
      vertex 0 191.003 126.575
      vertex 0 139.41 108.603
      vertex 0 139.494 108.827
    endloop
  endfacet
  facet normal -1 0 0
    outer loop
      vertex 0 139.199 56.825
      vertex 0 191.003 126.575
      vertex 0 139.311 56.6144
    endloop
  endfacet
  facet normal -1 0 0
    outer loop
      vertex 0 191.003 126.575
      vertex 0 139.311 108.386
      vertex 0 139.41 108.603
    endloop
  endfacet
  facet normal -1 0 0
    outer loop
      vertex 0 139.073 57.0278
      vertex 0 191.003 126.575
      vertex 0 139.199 56.825
    endloop
  endfacet
  facet normal -1 0 0
    outer loop
      vertex 0 191.003 126.575
      vertex 0 139.199 108.175
      vertex 0 139.311 108.386
    endloop
  endfacet
  facet normal -1 0 0
    outer loop
      vertex 0 139.073 107.972
      vertex 0 191.003 126.575
      vertex 0 139.073 57.0278
    endloop
  endfacet
  facet normal -1 0 0
    outer loop
      vertex 0 191.003 126.575
      vertex 0 139.073 107.972
      vertex 0 139.199 108.175
    endloop
  endfacet
  facet normal -1 0 0
    outer loop
      vertex 0 138.933 57.222
      vertex 0 139.073 107.972
      vertex 0 139.073 57.0278
    endloop
  endfacet
  facet normal -1 0 0
    outer loop
      vertex 0 138.933 57.222
      vertex 0 138.933 107.778
      vertex 0 139.073 107.972
    endloop
  endfacet
  facet normal -1 0 0
    outer loop
      vertex 0 138.782 57.4066
      vertex 0 138.933 107.778
      vertex 0 138.933 57.222
    endloop
  endfacet
  facet normal -1 0 0
    outer loop
      vertex 0 138.782 57.4066
      vertex 0 138.782 107.593
      vertex 0 138.933 107.778
    endloop
  endfacet
  facet normal -1 0 0
    outer loop
      vertex 0 138.619 57.5809
      vertex 0 138.782 107.593
      vertex 0 138.782 57.4066
    endloop
  endfacet
  facet normal -1 0 0
    outer loop
      vertex 0 138.619 57.5809
      vertex 0 138.619 107.419
      vertex 0 138.782 107.593
    endloop
  endfacet
  facet normal -1 0 0
    outer loop
      vertex 0 138.444 57.7442
      vertex 0 138.619 107.419
      vertex 0 138.619 57.5809
    endloop
  endfacet
  facet normal -1 0 0
    outer loop
      vertex 0 138.444 57.7442
      vertex 0 138.444 107.256
      vertex 0 138.619 107.419
    endloop
  endfacet
  facet normal -1 0 0
    outer loop
      vertex 0 138.26 57.8957
      vertex 0 138.444 107.256
      vertex 0 138.444 57.7442
    endloop
  endfacet
  facet normal -1 0 0
    outer loop
      vertex 0 138.26 57.8957
      vertex 0 138.26 107.104
      vertex 0 138.444 107.256
    endloop
  endfacet
  facet normal -1 0 0
    outer loop
      vertex 0 138.066 58.0349
      vertex 0 138.26 107.104
      vertex 0 138.26 57.8957
    endloop
  endfacet
  facet normal -1 0 0
    outer loop
      vertex 0 138.066 58.0349
      vertex 0 138.066 106.965
      vertex 0 138.26 107.104
    endloop
  endfacet
  facet normal -1 0 0
    outer loop
      vertex 0 137.863 58.161
      vertex 0 138.066 106.965
      vertex 0 138.066 58.0349
    endloop
  endfacet
  facet normal -1 0 0
    outer loop
      vertex 0 137.863 58.161
      vertex 0 137.863 106.839
      vertex 0 138.066 106.965
    endloop
  endfacet
  facet normal -1 0 0
    outer loop
      vertex 0 137.652 58.2736
      vertex 0 137.863 106.839
      vertex 0 137.863 58.161
    endloop
  endfacet
  facet normal -1 0 0
    outer loop
      vertex 0 137.652 58.2736
      vertex 0 137.652 106.726
      vertex 0 137.863 106.839
    endloop
  endfacet
  facet normal -1 0 0
    outer loop
      vertex 0 137.434 58.3722
      vertex 0 137.652 106.726
      vertex 0 137.652 58.2736
    endloop
  endfacet
  facet normal -1 0 0
    outer loop
      vertex 0 137.434 58.3722
      vertex 0 137.434 106.628
      vertex 0 137.652 106.726
    endloop
  endfacet
  facet normal -1 0 0
    outer loop
      vertex 0 137.211 58.4563
      vertex 0 137.434 106.628
      vertex 0 137.434 58.3722
    endloop
  endfacet
  facet normal -1 0 0
    outer loop
      vertex 0 137.211 58.4563
      vertex 0 137.211 106.544
      vertex 0 137.434 106.628
    endloop
  endfacet
  facet normal -1 0 0
    outer loop
      vertex 0 136.982 58.5256
      vertex 0 137.211 106.544
      vertex 0 137.211 58.4563
    endloop
  endfacet
  facet normal -1 0 0
    outer loop
      vertex 0 136.982 58.5256
      vertex 0 136.982 106.474
      vertex 0 137.211 106.544
    endloop
  endfacet
  facet normal -1 0 0
    outer loop
      vertex 0 136.75 58.5799
      vertex 0 136.982 106.474
      vertex 0 136.982 58.5256
    endloop
  endfacet
  facet normal -1 0 0
    outer loop
      vertex 0 136.75 58.5799
      vertex 0 136.75 106.42
      vertex 0 136.982 106.474
    endloop
  endfacet
  facet normal -1 0 0
    outer loop
      vertex 0 136.514 58.6188
      vertex 0 136.75 106.42
      vertex 0 136.75 58.5799
    endloop
  endfacet
  facet normal -1 0 0
    outer loop
      vertex 0 136.514 58.6188
      vertex 0 136.514 106.381
      vertex 0 136.75 106.42
    endloop
  endfacet
  facet normal -1 0 0
    outer loop
      vertex 0 136.276 58.6422
      vertex 0 136.514 106.381
      vertex 0 136.514 58.6188
    endloop
  endfacet
  facet normal -1 0 0
    outer loop
      vertex 0 136.276 58.6422
      vertex 0 136.276 106.358
      vertex 0 136.514 106.381
    endloop
  endfacet
  facet normal -1 0 0
    outer loop
      vertex 0 136.038 58.65
      vertex 0 136.276 106.358
      vertex 0 136.276 58.6422
    endloop
  endfacet
  facet normal -1 0 0
    outer loop
      vertex 0 136.038 58.65
      vertex 0 136.038 106.35
      vertex 0 136.276 106.358
    endloop
  endfacet
  facet normal -1 0 0
    outer loop
      vertex 0 135.799 58.6422
      vertex 0 136.038 106.35
      vertex 0 136.038 58.65
    endloop
  endfacet
  facet normal -1 0 0
    outer loop
      vertex 0 135.799 58.6422
      vertex 0 135.799 106.358
      vertex 0 136.038 106.35
    endloop
  endfacet
  facet normal -1 0 0
    outer loop
      vertex 0 135.561 58.6188
      vertex 0 135.799 106.358
      vertex 0 135.799 58.6422
    endloop
  endfacet
  facet normal -1 0 0
    outer loop
      vertex 0 135.561 58.6188
      vertex 0 135.561 106.381
      vertex 0 135.799 106.358
    endloop
  endfacet
  facet normal -1 0 0
    outer loop
      vertex 0 135.326 58.5799
      vertex 0 135.561 106.381
      vertex 0 135.561 58.6188
    endloop
  endfacet
  facet normal -1 0 0
    outer loop
      vertex 0 135.326 58.5799
      vertex 0 135.326 106.42
      vertex 0 135.561 106.381
    endloop
  endfacet
  facet normal -1 0 0
    outer loop
      vertex 0 135.093 58.5256
      vertex 0 135.326 106.42
      vertex 0 135.326 58.5799
    endloop
  endfacet
  facet normal -1 0 0
    outer loop
      vertex 0 135.093 58.5256
      vertex 0 135.093 106.474
      vertex 0 135.326 106.42
    endloop
  endfacet
  facet normal -1 0 0
    outer loop
      vertex 0 134.864 58.4563
      vertex 0 135.093 106.474
      vertex 0 135.093 58.5256
    endloop
  endfacet
  facet normal -1 0 0
    outer loop
      vertex 0 134.864 58.4563
      vertex 0 134.864 106.544
      vertex 0 135.093 106.474
    endloop
  endfacet
  facet normal -1 0 0
    outer loop
      vertex 0 134.641 58.3722
      vertex 0 134.864 106.544
      vertex 0 134.864 58.4563
    endloop
  endfacet
  facet normal -1 0 0
    outer loop
      vertex 0 134.641 58.3722
      vertex 0 134.641 106.628
      vertex 0 134.864 106.544
    endloop
  endfacet
  facet normal -1 0 0
    outer loop
      vertex 0 134.423 58.2736
      vertex 0 134.641 106.628
      vertex 0 134.641 58.3722
    endloop
  endfacet
  facet normal -1 0 0
    outer loop
      vertex 0 134.423 58.2736
      vertex 0 134.423 106.726
      vertex 0 134.641 106.628
    endloop
  endfacet
  facet normal -1 0 0
    outer loop
      vertex 0 134.213 58.161
      vertex 0 134.423 106.726
      vertex 0 134.423 58.2736
    endloop
  endfacet
  facet normal -1 0 0
    outer loop
      vertex 0 134.213 58.161
      vertex 0 134.213 106.839
      vertex 0 134.423 106.726
    endloop
  endfacet
  facet normal -1 0 0
    outer loop
      vertex 0 134.01 58.0349
      vertex 0 134.213 106.839
      vertex 0 134.213 58.161
    endloop
  endfacet
  facet normal -1 0 0
    outer loop
      vertex 0 134.01 58.0349
      vertex 0 134.01 106.965
      vertex 0 134.213 106.839
    endloop
  endfacet
  facet normal -1 0 0
    outer loop
      vertex 0 133.816 57.8957
      vertex 0 134.01 106.965
      vertex 0 134.01 58.0349
    endloop
  endfacet
  facet normal -1 0 0
    outer loop
      vertex 0 133.816 57.8957
      vertex 0 133.816 107.104
      vertex 0 134.01 106.965
    endloop
  endfacet
  facet normal -1 0 0
    outer loop
      vertex 0 133.631 57.7442
      vertex 0 133.816 107.104
      vertex 0 133.816 57.8957
    endloop
  endfacet
  facet normal -1 0 0
    outer loop
      vertex 0 133.631 57.7442
      vertex 0 133.631 107.256
      vertex 0 133.816 107.104
    endloop
  endfacet
  facet normal -1 0 0
    outer loop
      vertex 0 133.457 57.5809
      vertex 0 133.631 107.256
      vertex 0 133.631 57.7442
    endloop
  endfacet
  facet normal -1 0 0
    outer loop
      vertex 0 133.457 57.5809
      vertex 0 133.457 107.419
      vertex 0 133.631 107.256
    endloop
  endfacet
  facet normal -1 0 0
    outer loop
      vertex 0 133.293 57.4066
      vertex 0 133.457 107.419
      vertex 0 133.457 57.5809
    endloop
  endfacet
  facet normal -1 0 0
    outer loop
      vertex 0 133.293 57.4066
      vertex 0 133.293 107.593
      vertex 0 133.457 107.419
    endloop
  endfacet
  facet normal -1 0 0
    outer loop
      vertex 0 133.142 57.222
      vertex 0 133.293 107.593
      vertex 0 133.293 57.4066
    endloop
  endfacet
  facet normal -1 0 0
    outer loop
      vertex 0 133.142 57.222
      vertex 0 133.142 107.778
      vertex 0 133.293 107.593
    endloop
  endfacet
  facet normal -1 0 0
    outer loop
      vertex 0 133.003 57.0278
      vertex 0 133.142 107.778
      vertex 0 133.142 57.222
    endloop
  endfacet
  facet normal -1 0 0
    outer loop
      vertex 0 133.003 57.0278
      vertex 0 133.003 107.972
      vertex 0 133.142 107.778
    endloop
  endfacet
  facet normal -1 0 0
    outer loop
      vertex 0 132.877 56.825
      vertex 0 133.003 107.972
      vertex 0 133.003 57.0278
    endloop
  endfacet
  facet normal -1 0 0
    outer loop
      vertex 0 132.877 56.825
      vertex 0 132.877 108.175
      vertex 0 133.003 107.972
    endloop
  endfacet
  facet normal -1 0 0
    outer loop
      vertex 0 132.764 56.6144
      vertex 0 132.877 108.175
      vertex 0 132.877 56.825
    endloop
  endfacet
  facet normal -1 0 0
    outer loop
      vertex 0 132.764 56.6144
      vertex 0 132.764 108.386
      vertex 0 132.877 108.175
    endloop
  endfacet
  facet normal -1 0 0
    outer loop
      vertex 0 132.666 56.3968
      vertex 0 132.764 108.386
      vertex 0 132.764 56.6144
    endloop
  endfacet
  facet normal -1 0 0
    outer loop
      vertex 0 132.666 56.3968
      vertex 0 132.666 108.603
      vertex 0 132.764 108.386
    endloop
  endfacet
  facet normal -1 0 0
    outer loop
      vertex 0 7.99998 72.3781
      vertex 0 132.666 56.3968
      vertex 0 132.581 56.1733
    endloop
  endfacet
  facet normal -1 0 0
    outer loop
      vertex 0 132.666 56.3968
      vertex 0 7.99998 72.3781
      vertex 0 132.666 108.603
    endloop
  endfacet
  facet normal -1 0 0
    outer loop
      vertex 0 7.99998 72.3781
      vertex 0 132.581 56.1733
      vertex 0 132.512 55.9447
    endloop
  endfacet
  facet normal -1 -0 0
    outer loop
      vertex 0 132.666 108.603
      vertex 0 7.99998 72.3781
      vertex 0 132.581 108.827
    endloop
  endfacet
  facet normal -1 0 0
    outer loop
      vertex 0 7.99998 72.3781
      vertex 0 132.512 55.9447
      vertex 0 132.458 55.7121
    endloop
  endfacet
  facet normal -1 -0 0
    outer loop
      vertex 0 132.581 108.827
      vertex 0 7.99998 72.3781
      vertex 0 132.512 109.055
    endloop
  endfacet
  facet normal -1 0 0
    outer loop
      vertex 0 7.99998 72.3781
      vertex 0 132.458 55.7121
      vertex 0 132.419 55.4764
    endloop
  endfacet
  facet normal -1 -0 0
    outer loop
      vertex 0 132.512 109.055
      vertex 0 7.99998 72.3781
      vertex 0 132.458 109.288
    endloop
  endfacet
  facet normal -1 0 0
    outer loop
      vertex 0 7.99998 72.3781
      vertex 0 132.419 55.4764
      vertex 0 132.395 55.2387
    endloop
  endfacet
  facet normal -1 -0 0
    outer loop
      vertex 0 132.458 109.288
      vertex 0 7.99998 72.3781
      vertex 0 132.419 109.524
    endloop
  endfacet
  facet normal -1 0 0
    outer loop
      vertex 0 7.99998 72.3781
      vertex 0 132.395 55.2387
      vertex 0 132.388 55
    endloop
  endfacet
  facet normal -1 -0 0
    outer loop
      vertex 0 132.419 109.524
      vertex 0 7.99998 72.3781
      vertex 0 132.395 109.761
    endloop
  endfacet
  facet normal -1 0 0
    outer loop
      vertex 0 139.68 55.2387
      vertex 0 191.003 0
      vertex 0 139.688 55
    endloop
  endfacet
  facet normal -1 0 0
    outer loop
      vertex 0 191.003 0
      vertex 0 139.68 54.7613
      vertex 0 139.688 55
    endloop
  endfacet
  facet normal -1 0 0
    outer loop
      vertex 0 191.003 0
      vertex 0 139.656 54.5236
      vertex 0 139.68 54.7613
    endloop
  endfacet
  facet normal -1 0 0
    outer loop
      vertex 0 191.003 0
      vertex 0 139.618 54.2879
      vertex 0 139.656 54.5236
    endloop
  endfacet
  facet normal -1 0 0
    outer loop
      vertex 0 191.003 0
      vertex 0 139.563 54.0553
      vertex 0 139.618 54.2879
    endloop
  endfacet
  facet normal -1 0 0
    outer loop
      vertex 0 191.003 0
      vertex 0 139.494 53.8267
      vertex 0 139.563 54.0553
    endloop
  endfacet
  facet normal -1 0 0
    outer loop
      vertex 0 191.003 0
      vertex 0 139.41 53.6032
      vertex 0 139.494 53.8267
    endloop
  endfacet
  facet normal -1 0 0
    outer loop
      vertex 0 191.003 0
      vertex 0 139.311 53.3856
      vertex 0 139.41 53.6032
    endloop
  endfacet
  facet normal -1 0 0
    outer loop
      vertex 0 191.003 0
      vertex 0 139.199 53.175
      vertex 0 139.311 53.3856
    endloop
  endfacet
  facet normal -1 0 0
    outer loop
      vertex 0 191.003 0
      vertex 0 139.073 52.9722
      vertex 0 139.199 53.175
    endloop
  endfacet
  facet normal -1 0 0
    outer loop
      vertex 0 191.003 0
      vertex 0 138.933 52.778
      vertex 0 139.073 52.9722
    endloop
  endfacet
  facet normal -1 0 0
    outer loop
      vertex 0 191.003 0
      vertex 0 138.782 52.5934
      vertex 0 138.933 52.778
    endloop
  endfacet
  facet normal -1 0 0
    outer loop
      vertex 0 191.003 0
      vertex 0 138.619 52.4191
      vertex 0 138.782 52.5934
    endloop
  endfacet
  facet normal -1 0 0
    outer loop
      vertex 0 191.003 0
      vertex 0 138.444 52.2558
      vertex 0 138.619 52.4191
    endloop
  endfacet
  facet normal -1 0 0
    outer loop
      vertex 0 191.003 0
      vertex 0 138.26 52.1043
      vertex 0 138.444 52.2558
    endloop
  endfacet
  facet normal -1 0 0
    outer loop
      vertex 0 191.003 0
      vertex 0 138.066 51.9651
      vertex 0 138.26 52.1043
    endloop
  endfacet
  facet normal -1 0 0
    outer loop
      vertex 0 191.003 0
      vertex 0 137.863 51.839
      vertex 0 138.066 51.9651
    endloop
  endfacet
  facet normal -1 0 0
    outer loop
      vertex 0 191.003 0
      vertex 0 137.652 51.7264
      vertex 0 137.863 51.839
    endloop
  endfacet
  facet normal -1 0 0
    outer loop
      vertex 0 191.003 0
      vertex 0 137.434 51.6278
      vertex 0 137.652 51.7264
    endloop
  endfacet
  facet normal -1 0 0
    outer loop
      vertex 0 191.003 0
      vertex 0 137.211 51.5437
      vertex 0 137.434 51.6278
    endloop
  endfacet
  facet normal -1 0 0
    outer loop
      vertex 0 191.003 0
      vertex 0 136.982 51.4744
      vertex 0 137.211 51.5437
    endloop
  endfacet
  facet normal -1 0 0
    outer loop
      vertex 0 191.003 0
      vertex 0 136.75 51.4201
      vertex 0 136.982 51.4744
    endloop
  endfacet
  facet normal -1 0 0
    outer loop
      vertex 0 191.003 0
      vertex 0 136.514 51.3812
      vertex 0 136.75 51.4201
    endloop
  endfacet
  facet normal -1 0 0
    outer loop
      vertex 0 191.003 0
      vertex 0 136.276 51.3578
      vertex 0 136.514 51.3812
    endloop
  endfacet
  facet normal -1 0 0
    outer loop
      vertex 0 191.003 0
      vertex 0 136.038 51.35
      vertex 0 136.276 51.3578
    endloop
  endfacet
  facet normal -1 0 0
    outer loop
      vertex 0 191.003 0
      vertex 0 135.799 51.3578
      vertex 0 136.038 51.35
    endloop
  endfacet
  facet normal -1 0 0
    outer loop
      vertex 0 191.003 0
      vertex 0 135.561 51.3812
      vertex 0 135.799 51.3578
    endloop
  endfacet
  facet normal -1 0 0
    outer loop
      vertex 0 191.003 0
      vertex 0 135.326 51.4201
      vertex 0 135.561 51.3812
    endloop
  endfacet
  facet normal -1 0 0
    outer loop
      vertex 0 191.003 0
      vertex 0 135.093 51.4744
      vertex 0 135.326 51.4201
    endloop
  endfacet
  facet normal -1 0 0
    outer loop
      vertex 0 191.003 0
      vertex 0 134.864 51.5437
      vertex 0 135.093 51.4744
    endloop
  endfacet
  facet normal -1 0 0
    outer loop
      vertex 0 191.003 0
      vertex 0 134.641 51.6278
      vertex 0 134.864 51.5437
    endloop
  endfacet
  facet normal -1 0 0
    outer loop
      vertex 0 7.99998 0
      vertex 0 134.641 51.6278
      vertex 0 191.003 0
    endloop
  endfacet
  facet normal -1 -0 0
    outer loop
      vertex 0 134.641 51.6278
      vertex 0 7.99998 0
      vertex 0 134.423 51.7264
    endloop
  endfacet
  facet normal -1 -0 0
    outer loop
      vertex 0 134.423 51.7264
      vertex 0 7.99998 0
      vertex 0 134.213 51.839
    endloop
  endfacet
  facet normal -1 -0 0
    outer loop
      vertex 0 134.213 51.839
      vertex 0 7.99998 0
      vertex 0 134.01 51.9651
    endloop
  endfacet
  facet normal -1 -0 0
    outer loop
      vertex 0 134.01 51.9651
      vertex 0 7.99998 0
      vertex 0 133.816 52.1043
    endloop
  endfacet
  facet normal -1 -0 0
    outer loop
      vertex 0 132.395 109.761
      vertex 0 7.99998 72.3781
      vertex 0 132.388 110
    endloop
  endfacet
  facet normal -1 0 0
    outer loop
      vertex 0 7.99998 72.3781
      vertex 0 132.388 55
      vertex 0 132.395 54.7613
    endloop
  endfacet
  facet normal -1 0 0
    outer loop
      vertex 0 7.99998 72.3781
      vertex 0 132.395 54.7613
      vertex 0 132.419 54.5236
    endloop
  endfacet
  facet normal -1 0 0
    outer loop
      vertex 0 7.99998 72.3781
      vertex 0 132.419 54.5236
      vertex 0 132.458 54.2879
    endloop
  endfacet
  facet normal -1 0 0
    outer loop
      vertex 0 7.99998 72.3781
      vertex 0 132.458 54.2879
      vertex 0 132.512 54.0553
    endloop
  endfacet
  facet normal -1 0 0
    outer loop
      vertex 0 7.99998 0
      vertex 0 132.512 54.0553
      vertex 0 132.581 53.8267
    endloop
  endfacet
  facet normal -1 -0 0
    outer loop
      vertex 0 133.816 52.1043
      vertex 0 7.99998 0
      vertex 0 133.631 52.2558
    endloop
  endfacet
  facet normal -1 0 0
    outer loop
      vertex 0 7.99998 0
      vertex 0 133.457 52.4191
      vertex 0 133.631 52.2558
    endloop
  endfacet
  facet normal -1 0 0
    outer loop
      vertex 0 7.99998 0
      vertex 0 133.293 52.5934
      vertex 0 133.457 52.4191
    endloop
  endfacet
  facet normal -1 0 0
    outer loop
      vertex 0 7.99998 0
      vertex 0 133.142 52.778
      vertex 0 133.293 52.5934
    endloop
  endfacet
  facet normal -1 0 0
    outer loop
      vertex 0 7.99998 0
      vertex 0 133.003 52.9722
      vertex 0 133.142 52.778
    endloop
  endfacet
  facet normal -1 0 0
    outer loop
      vertex 0 7.99998 0
      vertex 0 132.877 53.175
      vertex 0 133.003 52.9722
    endloop
  endfacet
  facet normal -1 0 0
    outer loop
      vertex 0 7.99998 0
      vertex 0 132.764 53.3856
      vertex 0 132.877 53.175
    endloop
  endfacet
  facet normal -1 0 0
    outer loop
      vertex 0 7.99998 0
      vertex 0 132.666 53.6032
      vertex 0 132.764 53.3856
    endloop
  endfacet
  facet normal -1 0 0
    outer loop
      vertex 0 7.99998 0
      vertex 0 132.581 53.8267
      vertex 0 132.666 53.6032
    endloop
  endfacet
  facet normal -1 -0 0
    outer loop
      vertex 0 132.512 54.0553
      vertex 0 7.99998 0
      vertex 0 7.99998 72.3781
    endloop
  endfacet
  facet normal -1 -0 0
    outer loop
      vertex 0 132.388 110
      vertex 0 7.99998 72.3781
      vertex 0 81.0726 203.549
    endloop
  endfacet
  facet normal -1 0 0
    outer loop
      vertex 0 139.656 55.4764
      vertex 0 191.003 0
      vertex 0 139.68 55.2387
    endloop
  endfacet
  facet normal -1 0 0
    outer loop
      vertex 0 139.68 110.239
      vertex 0 191.003 126.575
      vertex 0 139.688 110
    endloop
  endfacet
  facet normal -1 0 0
    outer loop
      vertex 0 139.656 110.476
      vertex 0 191.003 126.575
      vertex 0 139.68 110.239
    endloop
  endfacet
  facet normal -1 0 0
    outer loop
      vertex 0 139.618 110.712
      vertex 0 191.003 126.575
      vertex 0 139.656 110.476
    endloop
  endfacet
  facet normal -1 0 0
    outer loop
      vertex 0 139.563 110.945
      vertex 0 191.003 126.575
      vertex 0 139.618 110.712
    endloop
  endfacet
  facet normal -1 0 0
    outer loop
      vertex 0 139.494 111.173
      vertex 0 191.003 126.575
      vertex 0 139.563 110.945
    endloop
  endfacet
  facet normal -1 0 0
    outer loop
      vertex 0 139.41 111.397
      vertex 0 191.003 126.575
      vertex 0 139.494 111.173
    endloop
  endfacet
  facet normal -1 0 0
    outer loop
      vertex 0 139.311 111.614
      vertex 0 191.003 126.575
      vertex 0 139.41 111.397
    endloop
  endfacet
  facet normal -1 0 0
    outer loop
      vertex 0 139.199 111.825
      vertex 0 191.003 126.575
      vertex 0 139.311 111.614
    endloop
  endfacet
  facet normal -1 0 0
    outer loop
      vertex 0 139.073 112.028
      vertex 0 191.003 126.575
      vertex 0 139.199 111.825
    endloop
  endfacet
  facet normal -1 0 0
    outer loop
      vertex 0 138.933 112.222
      vertex 0 191.003 126.575
      vertex 0 139.073 112.028
    endloop
  endfacet
  facet normal -1 0 0
    outer loop
      vertex 0 138.782 112.407
      vertex 0 191.003 126.575
      vertex 0 138.933 112.222
    endloop
  endfacet
  facet normal -1 0 0
    outer loop
      vertex 0 138.619 112.581
      vertex 0 191.003 126.575
      vertex 0 138.782 112.407
    endloop
  endfacet
  facet normal -1 0 0
    outer loop
      vertex 0 138.444 112.744
      vertex 0 191.003 126.575
      vertex 0 138.619 112.581
    endloop
  endfacet
  facet normal -1 0 0
    outer loop
      vertex 0 138.26 112.896
      vertex 0 191.003 126.575
      vertex 0 138.444 112.744
    endloop
  endfacet
  facet normal -1 0 0
    outer loop
      vertex 0 138.066 113.035
      vertex 0 191.003 126.575
      vertex 0 138.26 112.896
    endloop
  endfacet
  facet normal -1 0 0
    outer loop
      vertex 0 137.863 113.161
      vertex 0 191.003 126.575
      vertex 0 138.066 113.035
    endloop
  endfacet
  facet normal -1 0 0
    outer loop
      vertex 0 137.652 113.274
      vertex 0 191.003 126.575
      vertex 0 137.863 113.161
    endloop
  endfacet
  facet normal -1 0 0
    outer loop
      vertex 0 137.434 113.372
      vertex 0 191.003 126.575
      vertex 0 137.652 113.274
    endloop
  endfacet
  facet normal -1 0 0
    outer loop
      vertex 0 137.211 113.456
      vertex 0 191.003 126.575
      vertex 0 137.434 113.372
    endloop
  endfacet
  facet normal -1 0 0
    outer loop
      vertex 0 136.982 113.526
      vertex 0 191.003 126.575
      vertex 0 137.211 113.456
    endloop
  endfacet
  facet normal -1 0 0
    outer loop
      vertex 0 136.75 113.58
      vertex 0 191.003 126.575
      vertex 0 136.982 113.526
    endloop
  endfacet
  facet normal -1 0 0
    outer loop
      vertex 0 136.514 113.619
      vertex 0 191.003 126.575
      vertex 0 136.75 113.58
    endloop
  endfacet
  facet normal -1 0 0
    outer loop
      vertex 0 81.0726 203.549
      vertex 0 136.514 113.619
      vertex 0 136.276 113.642
    endloop
  endfacet
  facet normal -1 0 0
    outer loop
      vertex 0 81.0726 203.549
      vertex 0 136.276 113.642
      vertex 0 136.038 113.65
    endloop
  endfacet
  facet normal -1 0 0
    outer loop
      vertex 0 81.0726 203.549
      vertex 0 136.038 113.65
      vertex 0 135.799 113.642
    endloop
  endfacet
  facet normal -1 0 0
    outer loop
      vertex 0 81.0726 203.549
      vertex 0 135.799 113.642
      vertex 0 135.561 113.619
    endloop
  endfacet
  facet normal -1 0 0
    outer loop
      vertex 0 81.0726 203.549
      vertex 0 135.561 113.619
      vertex 0 135.326 113.58
    endloop
  endfacet
  facet normal -1 0 0
    outer loop
      vertex 0 81.0726 203.549
      vertex 0 135.326 113.58
      vertex 0 135.093 113.526
    endloop
  endfacet
  facet normal -1 0 0
    outer loop
      vertex 0 136.514 113.619
      vertex 0 81.0726 203.549
      vertex 0 191.003 126.575
    endloop
  endfacet
  facet normal -1 0 0
    outer loop
      vertex 0 134.864 113.456
      vertex 0 81.0726 203.549
      vertex 0 135.093 113.526
    endloop
  endfacet
  facet normal -1 0 0
    outer loop
      vertex 0 134.641 113.372
      vertex 0 81.0726 203.549
      vertex 0 134.864 113.456
    endloop
  endfacet
  facet normal -1 0 0
    outer loop
      vertex 0 134.423 113.274
      vertex 0 81.0726 203.549
      vertex 0 134.641 113.372
    endloop
  endfacet
  facet normal -1 0 0
    outer loop
      vertex 0 134.213 113.161
      vertex 0 81.0726 203.549
      vertex 0 134.423 113.274
    endloop
  endfacet
  facet normal -1 0 0
    outer loop
      vertex 0 134.01 113.035
      vertex 0 81.0726 203.549
      vertex 0 134.213 113.161
    endloop
  endfacet
  facet normal -1 0 0
    outer loop
      vertex 0 133.816 112.896
      vertex 0 81.0726 203.549
      vertex 0 134.01 113.035
    endloop
  endfacet
  facet normal -1 0 0
    outer loop
      vertex 0 133.631 112.744
      vertex 0 81.0726 203.549
      vertex 0 133.816 112.896
    endloop
  endfacet
  facet normal -1 0 0
    outer loop
      vertex 0 133.457 112.581
      vertex 0 81.0726 203.549
      vertex 0 133.631 112.744
    endloop
  endfacet
  facet normal -1 0 0
    outer loop
      vertex 0 133.293 112.407
      vertex 0 81.0726 203.549
      vertex 0 133.457 112.581
    endloop
  endfacet
  facet normal -1 0 0
    outer loop
      vertex 0 133.142 112.222
      vertex 0 81.0726 203.549
      vertex 0 133.293 112.407
    endloop
  endfacet
  facet normal -1 0 0
    outer loop
      vertex 0 133.003 112.028
      vertex 0 81.0726 203.549
      vertex 0 133.142 112.222
    endloop
  endfacet
  facet normal -1 0 0
    outer loop
      vertex 0 132.877 111.825
      vertex 0 81.0726 203.549
      vertex 0 133.003 112.028
    endloop
  endfacet
  facet normal -1 0 0
    outer loop
      vertex 0 132.764 111.614
      vertex 0 81.0726 203.549
      vertex 0 132.877 111.825
    endloop
  endfacet
  facet normal -1 0 0
    outer loop
      vertex 0 132.666 111.397
      vertex 0 81.0726 203.549
      vertex 0 132.764 111.614
    endloop
  endfacet
  facet normal -1 0 0
    outer loop
      vertex 0 132.581 111.173
      vertex 0 81.0726 203.549
      vertex 0 132.666 111.397
    endloop
  endfacet
  facet normal -1 0 0
    outer loop
      vertex 0 132.512 110.945
      vertex 0 81.0726 203.549
      vertex 0 132.581 111.173
    endloop
  endfacet
  facet normal -1 0 0
    outer loop
      vertex 0 132.458 110.712
      vertex 0 81.0726 203.549
      vertex 0 132.512 110.945
    endloop
  endfacet
  facet normal -1 0 0
    outer loop
      vertex 0 132.419 110.476
      vertex 0 81.0726 203.549
      vertex 0 132.458 110.712
    endloop
  endfacet
  facet normal -1 0 0
    outer loop
      vertex 0 132.395 110.239
      vertex 0 81.0726 203.549
      vertex 0 132.419 110.476
    endloop
  endfacet
  facet normal -1 0 0
    outer loop
      vertex 0 81.0726 203.549
      vertex 0 132.395 110.239
      vertex 0 132.388 110
    endloop
  endfacet
  facet normal -0.72422 0.627107 -0.286781
    outer loop
      vertex 125.147 97.1715 192.276
      vertex 128.148 99.7967 190.438
      vertex 111.712 21.5668 60.8783
    endloop
  endfacet
  facet normal -9.45697e-05 0.573577 0.819152
    outer loop
      vertex 125.388 44.2847 44.971
      vertex 125.697 52.0046 39.5655
      vertex 124.876 41.7408 46.7522
    endloop
  endfacet
  facet normal 1.94348e-05 0.573571 0.819156
    outer loop
      vertex 124.876 41.7408 46.7522
      vertex 125.697 52.0046 39.5655
      vertex 122.139 34.3494 51.9277
    endloop
  endfacet
  facet normal -0.991653 0.0981668 0.0835878
    outer loop
      vertex 144.8 136.038 165.062
      vertex 125.8 49.4276 41.3699
      vertex 125.697 46.8507 43.1743
    endloop
  endfacet
  facet normal -0.991651 0.0982179 0.0835501
    outer loop
      vertex 144.656 132.443 167.579
      vertex 144.8 136.038 165.062
      vertex 125.697 46.8507 43.1743
    endloop
  endfacet
  facet normal -0.577932 0.732209 -0.360369
    outer loop
      vertex 114.979 90.3359 197.063
      vertex 118.548 92.4309 195.596
      vertex 106.981 18.1686 63.2577
    endloop
  endfacet
  facet normal -1.94343e-05 0.573571 0.819156
    outer loop
      vertex 30.5242 41.7408 46.7522
      vertex 33.2614 34.3494 51.9277
      vertex 29.703 52.0046 39.5655
    endloop
  endfacet
  facet normal 9.5708e-05 0.573572 0.819155
    outer loop
      vertex 125.8 49.4276 41.3699
      vertex 125.697 52.0046 39.5655
      vertex 125.388 44.2847 44.971
    endloop
  endfacet
  facet normal -0.949436 -0.164426 0.26746
    outer loop
      vertex 142.514 150.264 155.101
      vertex 141.239 153.706 152.691
      vertex 124.161 59.6254 34.2293
    endloop
  endfacet
  facet normal 0 0.573615 0.819125
    outer loop
      vertex 89.3877 86.2707 15.5721
      vertex 93.1612 86.7378 15.245
      vertex 89.4966 86.7378 15.245
    endloop
  endfacet
  facet normal 1.40269e-05 0.573539 0.819178
    outer loop
      vertex 89.1579 85.513 16.1026
      vertex 93.1612 86.7378 15.245
      vertex 89.3877 86.2707 15.5721
    endloop
  endfacet
  facet normal -2.0263e-05 0.573615 0.819125
    outer loop
      vertex 88.8905 84.8027 16.6
      vertex 93.1612 86.7378 15.245
      vertex 89.1579 85.513 16.1026
    endloop
  endfacet
  facet normal 3.43659e-06 0.573579 0.81915
    outer loop
      vertex 93.1612 86.7378 15.245
      vertex 88.8905 84.8027 16.6
      vertex 125.697 52.0046 39.5655
    endloop
  endfacet
  facet normal -0 0.573577 0.819152
    outer loop
      vertex 66.5095 84.8027 16.6
      vertex 125.697 52.0046 39.5655
      vertex 88.8905 84.8027 16.6
    endloop
  endfacet
  facet normal -0 0.573615 0.819125
    outer loop
      vertex 62.2388 86.7378 15.245
      vertex 66.0123 86.2707 15.5721
      vertex 65.9034 86.7378 15.245
    endloop
  endfacet
  facet normal -1.40269e-05 0.573539 0.819178
    outer loop
      vertex 62.2388 86.7378 15.245
      vertex 66.2421 85.513 16.1026
      vertex 66.0123 86.2707 15.5721
    endloop
  endfacet
  facet normal 2.0263e-05 0.573615 0.819125
    outer loop
      vertex 62.2388 86.7378 15.245
      vertex 66.5095 84.8027 16.6
      vertex 66.2421 85.513 16.1026
    endloop
  endfacet
  facet normal -3.43659e-06 0.573579 0.81915
    outer loop
      vertex 29.703 52.0046 39.5655
      vertex 66.5095 84.8027 16.6
      vertex 62.2388 86.7378 15.245
    endloop
  endfacet
  facet normal 0 0.573577 0.819152
    outer loop
      vertex 66.5095 84.8027 16.6
      vertex 29.703 52.0046 39.5655
      vertex 125.697 52.0046 39.5655
    endloop
  endfacet
  facet normal -0.28799 -0.706189 0.646806
    outer loop
      vertex 99.2686 188.086 128.617
      vertex 95.0668 189.13 127.886
      vertex 90.1492 87.4863 14.7209
    endloop
  endfacet
  facet normal 0.000325507 0.573265 0.81937
    outer loop
      vertex 109.415 19.8042 62.1124
      vertex 111.712 21.5668 60.8783
      vertex 106.981 18.1686 63.2577
    endloop
  endfacet
  facet normal 0.000199178 0.573428 0.819256
    outer loop
      vertex 45.9855 79.051 20.6273
      vertex 43.6882 77.2885 21.8615
      vertex 39.5397 73.4136 24.5747
    endloop
  endfacet
  facet normal 0.928595 0.357853 -0.0982468
    outer loop
      vertex 14.161 118.37 177.433
      vertex 33.2614 34.3494 51.9277
      vertex 32.1527 36.7625 50.2381
    endloop
  endfacet
  facet normal 0.842546 0.500783 -0.198327
    outer loop
      vertex 21.9084 105.501 186.444
      vertex 36.0442 29.727 55.1644
      vertex 19.5897 108.555 184.305
    endloop
  endfacet
  facet normal 0.467693 0.78836 -0.399689
    outer loop
      vertex 52.8609 25.3214 84.0956
      vertex 44.15 88.4365 198.393
      vertex 48.0224 86.741 199.58
    endloop
  endfacet
  facet normal 0.467794 0.788317 -0.399657
    outer loop
      vertex 52.5948 25.4498 84.0374
      vertex 44.15 88.4365 198.393
      vertex 52.8609 25.3214 84.0956
    endloop
  endfacet
  facet normal 0.467727 0.788345 -0.399678
    outer loop
      vertex 44.15 88.4365 198.393
      vertex 52.5948 25.4498 84.0374
      vertex 52.3152 25.5803 83.9676
    endloop
  endfacet
  facet normal 0.991653 0.0981633 0.0835902
    outer loop
      vertex 10.7437 132.443 167.579
      vertex 29.6 49.4276 41.3699
      vertex 10.6 136.038 165.062
    endloop
  endfacet
  facet normal -1.60312e-05 0.573589 0.819143
    outer loop
      vertex 104.54 18.9577 62.7051
      vertex 106.981 18.1686 63.2577
      vertex 122.139 34.3494 51.9277
    endloop
  endfacet
  facet normal -1.9866e-05 0.573581 0.819149
    outer loop
      vertex 106.981 18.1686 63.2577
      vertex 104.54 18.9577 62.7051
      vertex 104.54 16.9249 64.1285
    endloop
  endfacet
  facet normal 0.467711 0.788352 -0.399684
    outer loop
      vertex 54.2009 24.6749 84.3885
      vertex 48.0224 86.741 199.58
      vertex 55.2627 24.1459 84.5876
    endloop
  endfacet
  facet normal 0.467714 0.788351 -0.399683
    outer loop
      vertex 48.0224 86.741 199.58
      vertex 54.2009 24.6749 84.3885
      vertex 52.8609 25.3214 84.0956
    endloop
  endfacet
  facet normal 1.01503e-05 0.573572 0.819155
    outer loop
      vertex 104.54 21.9868 60.5842
      vertex 122.139 34.3494 51.9277
      vertex 125.697 52.0046 39.5655
    endloop
  endfacet
  facet normal 2.40607e-05 0.573559 0.819165
    outer loop
      vertex 122.139 34.3494 51.9277
      vertex 104.54 21.9868 60.5842
      vertex 104.54 18.9577 62.7051
    endloop
  endfacet
  facet normal -0.875008 0.454728 -0.166082
    outer loop
      vertex 135.81 108.555 184.305
      vertex 137.88 111.727 182.084
      vertex 119.356 29.727 55.1644
    endloop
  endfacet
  facet normal 0.000268846 0.573591 0.819142
    outer loop
      vertex 29.703 46.8507 43.1743
      vertex 30.0115 44.2847 44.971
      vertex 29.6 49.4276 41.3699
    endloop
  endfacet
  facet normal 0.987408 0.151226 0.0464354
    outer loop
      vertex 10.7437 132.443 167.579
      vertex 30.0115 44.2847 44.971
      vertex 29.703 46.8507 43.1743
    endloop
  endfacet
  facet normal -0.842581 0.500737 -0.198295
    outer loop
      vertex 133.492 105.501 186.444
      vertex 119.356 29.727 55.1644
      vertex 117.694 27.5375 56.6975
    endloop
  endfacet
  facet normal -0.987418 -0.00800761 0.15793
    outer loop
      vertex 144.656 139.633 162.545
      vertex 144.226 143.212 160.038
      vertex 125.697 52.0046 39.5655
    endloop
  endfacet
  facet normal 0.000139776 0.573427 0.819257
    outer loop
      vertex 50.9771 82.1885 18.4304
      vertex 48.4186 80.6867 19.482
      vertex 45.9855 79.051 20.6273
    endloop
  endfacet
  facet normal -3.96488e-05 0.573607 0.81913
    outer loop
      vertex 106.981 18.1686 63.2577
      vertex 104.54 16.9249 64.1285
      vertex 104.54 16.7354 64.2612
    endloop
  endfacet
  facet normal -0.991651 0.0449094 0.120877
    outer loop
      vertex 144.8 136.038 165.062
      vertex 144.656 139.633 162.545
      vertex 125.697 52.0046 39.5655
    endloop
  endfacet
  facet normal 0.161697 0.873454 -0.459274
    outer loop
      vertex 68.3948 19.6808 85.3774
      vertex 64.6094 82.1287 202.809
      vertex 68.9417 81.5428 203.22
    endloop
  endfacet
  facet normal 0.161428 0.873489 -0.459301
    outer loop
      vertex 64.6094 82.1287 202.809
      vertex 68.3948 19.6808 85.3774
      vertex 68.2929 19.7 85.3781
    endloop
  endfacet
  facet normal 0.161673 0.873457 -0.459276
    outer loop
      vertex 64.6094 82.1287 202.809
      vertex 68.2929 19.7 85.3781
      vertex 67.8487 19.7808 85.3754
    endloop
  endfacet
  facet normal 0.991653 0.0449724 0.120835
    outer loop
      vertex 29.6 49.4276 41.3699
      vertex 29.703 52.0046 39.5655
      vertex 10.7437 139.633 162.545
    endloop
  endfacet
  facet normal 0.903741 0.407004 -0.132661
    outer loop
      vertex 17.5198 111.727 182.084
      vertex 33.2614 34.3494 51.9277
      vertex 15.7077 115.003 179.79
    endloop
  endfacet
  facet normal -2.83555e-05 0.573562 0.819162
    outer loop
      vertex 39.5397 25.4417 58.165
      vertex 41.5365 23.4486 59.5606
      vertex 34.5604 32.0009 53.5722
    endloop
  endfacet
  facet normal -9.57855e-05 0.573572 0.819155
    outer loop
      vertex 30.0115 44.2847 44.971
      vertex 29.703 52.0046 39.5655
      vertex 29.6 49.4276 41.3699
    endloop
  endfacet
  facet normal 0.806514 0.544956 -0.229257
    outer loop
      vertex 24.466 102.577 188.491
      vertex 39.5397 25.4417 58.165
      vertex 21.9084 105.501 186.444
    endloop
  endfacet
  facet normal 0.978934 0.203956 0.00951279
    outer loop
      vertex 11.8893 125.315 172.57
      vertex 30.5242 41.7408 46.7522
      vertex 30.0115 44.2847 44.971
    endloop
  endfacet
  facet normal 0.629437 -0.556694 0.542127
    outer loop
      vertex 45.9855 79.051 20.6273
      vertex 48.4186 80.6867 19.482
      vertex 33.4579 177.363 136.126
    endloop
  endfacet
  facet normal 6.88426e-06 0.573582 0.819148
    outer loop
      vertex 125.697 52.0046 39.5655
      vertex 124.161 59.6254 34.2293
      vertex 93.1612 86.7378 15.245
    endloop
  endfacet
  facet normal -0.6783 -0.52159 0.517544
    outer loop
      vertex 111.712 77.2885 21.8615
      vertex 121.942 177.363 136.126
      vertex 109.415 79.051 20.6273
    endloop
  endfacet
  facet normal -0.000334865 0.573094 0.81949
    outer loop
      vertex 104.423 82.1885 18.4304
      vertex 101.75 83.5501 17.4771
      vertex 98.9741 84.7655 16.626
    endloop
  endfacet
  facet normal -0.806404 -0.401942 0.433768
    outer loop
      vertex 117.694 71.3178 26.0422
      vertex 133.492 166.575 143.68
      vertex 115.86 73.4136 24.5747
    endloop
  endfacet
  facet normal -0.978969 0.20378 0.0096358
    outer loop
      vertex 124.876 41.7408 46.7522
      vertex 143.511 125.315 172.57
      vertex 125.388 44.2847 44.971
    endloop
  endfacet
  facet normal -0.987418 0.151144 0.0464909
    outer loop
      vertex 144.226 128.863 170.085
      vertex 144.656 132.443 167.579
      vertex 125.697 46.8507 43.1743
    endloop
  endfacet
  facet normal -0.806471 0.545006 -0.22929
    outer loop
      vertex 130.934 102.577 188.491
      vertex 133.492 105.501 186.444
      vertex 115.86 25.4417 58.165
    endloop
  endfacet
  facet normal 2.67843e-05 0.573566 0.81916
    outer loop
      vertex 39.5397 73.4136 24.5747
      vertex 36.0442 69.1282 27.5754
      vertex 32.1527 62.0927 32.5017
    endloop
  endfacet
  facet normal 0.409485 -0.668735 0.620576
    outer loop
      vertex 56.4259 84.7655 16.626
      vertex 59.2929 85.8296 15.8809
      vertex 48.0224 185.334 130.544
    endloop
  endfacet
  facet normal -0.000158445 0.573602 0.819134
    outer loop
      vertex 31.239 59.6254 34.2293
      vertex 30.5242 57.1144 35.9875
      vertex 29.703 52.0046 39.5655
    endloop
  endfacet
  facet normal 0.875016 -0.311578 0.370495
    outer loop
      vertex 36.0442 69.1282 27.5754
      vertex 19.5897 163.52 145.818
      vertex 17.5198 160.348 148.039
    endloop
  endfacet
  facet normal -0.288035 -0.706177 0.646799
    outer loop
      vertex 93.1612 86.7378 15.245
      vertex 99.2686 188.086 128.617
      vertex 90.1492 87.4863 14.7209
    endloop
  endfacet
  facet normal -0.225694 -0.719873 0.656388
    outer loop
      vertex 87.2447 90.1085 16.6
      vertex 90.7906 189.947 127.314
      vertex 87.1589 90.1354 16.6
    endloop
  endfacet
  facet normal -0.225356 -0.719936 0.656434
    outer loop
      vertex 90.7906 189.947 127.314
      vertex 87.2447 90.1085 16.6
      vertex 95.0668 189.13 127.886
    endloop
  endfacet
  facet normal -0.966246 0.256197 -0.0270626
    outer loop
      vertex 142.514 121.812 175.023
      vertex 124.876 41.7408 46.7522
      vertex 124.161 39.2299 48.5104
    endloop
  endfacet
  facet normal -1.94667e-05 0.573583 0.819148
    outer loop
      vertex 125.697 52.0046 39.5655
      vertex 125.388 54.5705 37.7688
      vertex 124.876 57.1144 35.9875
    endloop
  endfacet
  facet normal -0.949438 0.307563 -0.0630303
    outer loop
      vertex 141.239 118.37 177.433
      vertex 142.514 121.812 175.023
      vertex 124.161 39.2299 48.5104
    endloop
  endfacet
  facet normal -0.766941 0.587201 -0.258837
    outer loop
      vertex 128.148 99.7967 190.438
      vertex 115.86 25.4417 58.165
      vertex 113.863 23.4486 59.5606
    endloop
  endfacet
  facet normal -9.52784e-06 0.573585 0.819146
    outer loop
      vertex 113.863 23.4486 59.5606
      vertex 122.139 34.3494 51.9277
      vertex 106.981 18.1686 63.2577
    endloop
  endfacet
  facet normal -0.349509 0.832223 -0.430405
    outer loop
      vertex 99.2686 83.9896 201.506
      vertex 95.5404 22.2362 85.1283
      vertex 93.9694 21.6283 85.2286
    endloop
  endfacet
  facet normal -0.349479 0.832232 -0.430411
    outer loop
      vertex 95.5404 22.2362 85.1283
      vertex 99.2686 83.9896 201.506
      vertex 96.534 22.6085 85.0414
    endloop
  endfacet
  facet normal 1.93542e-05 0.573583 0.819148
    outer loop
      vertex 30.5242 57.1144 35.9875
      vertex 30.0115 54.5705 37.7688
      vertex 29.703 52.0046 39.5655
    endloop
  endfacet
  facet normal 0.000299131 0.573653 0.819099
    outer loop
      vertex 32.1527 36.7625 50.2381
      vertex 33.2614 34.3494 51.9277
      vertex 31.239 39.2299 48.5104
    endloop
  endfacet
  facet normal 0.225321 0.863084 -0.452014
    outer loop
      vertex 67.8487 19.7808 85.3754
      vertex 60.3332 82.9455 202.237
      vertex 64.6094 82.1287 202.809
    endloop
  endfacet
  facet normal 0.225279 0.863091 -0.45202
    outer loop
      vertex 60.3332 82.9455 202.237
      vertex 67.8487 19.7808 85.3754
      vertex 67.3054 19.9202 85.3708
    endloop
  endfacet
  facet normal -3.12819e-05 0.573559 0.819164
    outer loop
      vertex 37.7063 27.5375 56.6975
      vertex 39.5397 25.4417 58.165
      vertex 36.0442 29.727 55.1644
    endloop
  endfacet
  facet normal 0.991653 0.0981669 0.0835879
    outer loop
      vertex 10.7437 132.443 167.579
      vertex 29.703 46.8507 43.1743
      vertex 29.6 49.4276 41.3699
    endloop
  endfacet
  facet normal 0.875017 0.454715 -0.16607
    outer loop
      vertex 19.5897 108.555 184.305
      vertex 36.0442 29.727 55.1644
      vertex 17.5198 111.727 182.084
    endloop
  endfacet
  facet normal 0.806494 0.544978 -0.229274
    outer loop
      vertex 21.9084 105.501 186.444
      vertex 39.5397 25.4417 58.165
      vertex 37.7063 27.5375 56.6975
    endloop
  endfacet
  facet normal 9.43708e-05 0.573577 0.819152
    outer loop
      vertex 30.0115 44.2847 44.971
      vertex 30.5242 41.7408 46.7522
      vertex 29.703 52.0046 39.5655
    endloop
  endfacet
  facet normal 0.966267 0.256123 -0.0270149
    outer loop
      vertex 12.8864 121.812 175.023
      vertex 30.5242 41.7408 46.7522
      vertex 11.8893 125.315 172.57
    endloop
  endfacet
  facet normal 0.629385 -0.55673 0.54215
    outer loop
      vertex 48.4186 80.6867 19.482
      vertex 36.8521 179.644 134.528
      vertex 33.4579 177.363 136.126
    endloop
  endfacet
  facet normal 0.577924 -0.589074 0.564798
    outer loop
      vertex 48.4186 80.6867 19.482
      vertex 40.4212 181.739 133.061
      vertex 36.8521 179.644 134.528
    endloop
  endfacet
  facet normal -0.991653 0.0449725 0.120835
    outer loop
      vertex 125.8 49.4276 41.3699
      vertex 144.8 136.038 165.062
      vertex 125.697 52.0046 39.5655
    endloop
  endfacet
  facet normal -0.000268195 0.573591 0.819142
    outer loop
      vertex 125.697 46.8507 43.1743
      vertex 125.8 49.4276 41.3699
      vertex 125.388 44.2847 44.971
    endloop
  endfacet
  facet normal -0.97897 -0.0606394 0.194786
    outer loop
      vertex 125.388 54.5705 37.7688
      vertex 143.511 146.761 157.553
      vertex 124.876 57.1144 35.9875
    endloop
  endfacet
  facet normal -0.966261 -0.113001 0.231452
    outer loop
      vertex 143.511 146.761 157.553
      vertex 142.514 150.264 155.101
      vertex 124.161 59.6254 34.2293
    endloop
  endfacet
  facet normal 1.64718e-05 0.573595 0.819139
    outer loop
      vertex 115.86 73.4136 24.5747
      vertex 96.1071 85.8296 15.8809
      vertex 93.1612 86.7378 15.245
    endloop
  endfacet
  facet normal -0.467719 -0.645208 0.604107
    outer loop
      vertex 101.75 83.5501 17.4771
      vertex 111.25 183.639 131.731
      vertex 98.9741 84.7655 16.626
    endloop
  endfacet
  facet normal 6.54676e-05 0.573616 0.819124
    outer loop
      vertex 119.356 69.1282 27.5754
      vertex 117.694 71.3178 26.0422
      vertex 115.86 73.4136 24.5747
    endloop
  endfacet
  facet normal -0.000199213 0.573428 0.819256
    outer loop
      vertex 115.86 73.4136 24.5747
      vertex 111.712 77.2885 21.8615
      vertex 109.415 79.051 20.6273
    endloop
  endfacet
  facet normal -0.90375 0.406987 -0.132654
    outer loop
      vertex 137.88 111.727 182.084
      vertex 139.692 115.003 179.79
      vertex 122.139 34.3494 51.9277
    endloop
  endfacet
  facet normal -0.928589 0.357865 -0.0982587
    outer loop
      vertex 139.692 115.003 179.79
      vertex 141.239 118.37 177.433
      vertex 122.139 34.3494 51.9277
    endloop
  endfacet
  facet normal 0.349467 0.832236 -0.430414
    outer loop
      vertex 61.4306 21.6283 85.2286
      vertex 52.0219 85.2565 200.619
      vertex 56.1314 83.9896 201.506
    endloop
  endfacet
  facet normal 0.349489 0.832229 -0.430409
    outer loop
      vertex 52.0219 85.2565 200.619
      vertex 61.4306 21.6283 85.2286
      vertex 60.8804 21.8412 85.1935
    endloop
  endfacet
  facet normal 6.88909e-05 0.573794 0.819
    outer loop
      vertex 93.1612 86.7378 15.245
      vertex 89.6447 87.5097 14.7045
      vertex 89.6287 87.4125 14.7726
    endloop
  endfacet
  facet normal -2.06383e-05 0.573479 0.81922
    outer loop
      vertex 89.5675 87.0418 15.0321
      vertex 93.1612 86.7378 15.245
      vertex 89.6287 87.4125 14.7726
    endloop
  endfacet
  facet normal 0 0.573643 0.819105
    outer loop
      vertex 93.1612 86.7378 15.245
      vertex 89.5675 87.0418 15.0321
      vertex 89.4966 86.7378 15.245
    endloop
  endfacet
  facet normal 0 0.573643 0.819105
    outer loop
      vertex 65.8325 87.0418 15.0321
      vertex 62.2388 86.7378 15.245
      vertex 65.9034 86.7378 15.245
    endloop
  endfacet
  facet normal 2.06383e-05 0.573479 0.81922
    outer loop
      vertex 62.2388 86.7378 15.245
      vertex 65.8325 87.0418 15.0321
      vertex 65.7713 87.4125 14.7726
    endloop
  endfacet
  facet normal -6.88426e-06 0.573582 0.819148
    outer loop
      vertex 62.2388 86.7378 15.245
      vertex 31.239 59.6254 34.2293
      vertex 29.703 52.0046 39.5655
    endloop
  endfacet
  facet normal 0.00039499 0.573288 0.819354
    outer loop
      vertex 43.6882 77.2885 21.8615
      vertex 41.5365 75.4067 23.1792
      vertex 39.5397 73.4136 24.5747
    endloop
  endfacet
  facet normal -0.349478 -0.689092 0.634836
    outer loop
      vertex 96.1071 85.8296 15.8809
      vertex 99.2686 188.086 128.617
      vertex 93.1612 86.7378 15.245
    endloop
  endfacet
  facet normal -0.409595 -0.668692 0.620551
    outer loop
      vertex 107.378 185.334 130.544
      vertex 103.378 186.819 129.504
      vertex 96.1071 85.8296 15.8809
    endloop
  endfacet
  facet normal -0.987392 0.151357 0.0463498
    outer loop
      vertex 144.226 128.863 170.085
      vertex 125.697 46.8507 43.1743
      vertex 125.388 44.2847 44.971
    endloop
  endfacet
  facet normal -0.978935 0.203948 0.00952433
    outer loop
      vertex 143.511 125.315 172.57
      vertex 144.226 128.863 170.085
      vertex 125.388 44.2847 44.971
    endloop
  endfacet
  facet normal -0.966272 0.256105 -0.027002
    outer loop
      vertex 142.514 121.812 175.023
      vertex 143.511 125.315 172.57
      vertex 124.876 41.7408 46.7522
    endloop
  endfacet
  facet normal -0.928667 0.357696 -0.0981337
    outer loop
      vertex 141.239 118.37 177.433
      vertex 123.247 36.7625 50.2381
      vertex 122.139 34.3494 51.9277
    endloop
  endfacet
  facet normal -0.000204604 0.573626 0.819117
    outer loop
      vertex 124.161 39.2299 48.5104
      vertex 124.876 41.7408 46.7522
      vertex 122.139 34.3494 51.9277
    endloop
  endfacet
  facet normal -0.76692 0.587223 -0.258851
    outer loop
      vertex 128.148 99.7967 190.438
      vertex 130.934 102.577 188.491
      vertex 115.86 25.4417 58.165
    endloop
  endfacet
  facet normal -0.629281 0.699939 -0.337772
    outer loop
      vertex 118.548 92.4309 195.596
      vertex 109.415 19.8042 62.1124
      vertex 106.981 18.1686 63.2577
    endloop
  endfacet
  facet normal 4.98652e-06 0.573574 0.819154
    outer loop
      vertex 119.356 29.727 55.1644
      vertex 120.84 32.0009 53.5722
      vertex 115.86 25.4417 58.165
    endloop
  endfacet
  facet normal -0.287999 0.849327 -0.442381
    outer loop
      vertex 95.0668 82.9455 202.237
      vertex 93.2281 21.3968 85.2668
      vertex 90.784 20.6085 85.3445
    endloop
  endfacet
  facet normal -0.288226 0.849267 -0.442346
    outer loop
      vertex 93.2281 21.3968 85.2668
      vertex 95.0668 82.9455 202.237
      vertex 93.4124 21.4544 85.2573
    endloop
  endfacet
  facet normal -0.161673 0.873457 -0.459276
    outer loop
      vertex 90.7906 82.1287 202.809
      vertex 87.5513 19.7808 85.3754
      vertex 87.1071 19.7 85.3781
    endloop
  endfacet
  facet normal -0.161428 0.873489 -0.459301
    outer loop
      vertex 87.0052 19.6808 85.3774
      vertex 90.7906 82.1287 202.809
      vertex 87.1071 19.7 85.3781
    endloop
  endfacet
  facet normal -0.161697 0.873454 -0.459274
    outer loop
      vertex 90.7906 82.1287 202.809
      vertex 87.0052 19.6808 85.3774
      vertex 86.4583 81.5428 203.22
    endloop
  endfacet
  facet normal -0.577989 0.732174 -0.360347
    outer loop
      vertex 106.981 18.1686 63.2577
      vertex 104.54 17.4838 65.7816
      vertex 114.979 90.3359 197.063
    endloop
  endfacet
  facet normal -0.578017 0.732133 -0.360385
    outer loop
      vertex 104.54 17.4838 65.7816
      vertex 106.981 18.1686 63.2577
      vertex 104.54 16.7354 64.2612
    endloop
  endfacet
  facet normal -0.467642 0.788384 -0.399703
    outer loop
      vertex 107.378 86.741 199.58
      vertex 101.199 24.6749 84.3885
      vertex 100.137 24.1459 84.5876
    endloop
  endfacet
  facet normal -0.467714 0.788352 -0.399682
    outer loop
      vertex 101.199 24.6749 84.3885
      vertex 107.378 86.741 199.58
      vertex 102.539 25.3214 84.0956
    endloop
  endfacet
  facet normal -0.523926 0.761767 -0.381068
    outer loop
      vertex 114.979 90.3359 197.063
      vertex 103.085 25.5803 83.9676
      vertex 111.25 88.4365 198.393
    endloop
  endfacet
  facet normal -0.52406 0.7617 -0.381016
    outer loop
      vertex 103.085 25.5803 83.9676
      vertex 114.979 90.3359 197.063
      vertex 103.612 25.8664 83.8147
    endloop
  endfacet
  facet normal -1.64721e-05 0.573595 0.819139
    outer loop
      vertex 62.2388 86.7378 15.245
      vertex 59.2929 85.8296 15.8809
      vertex 39.5397 73.4136 24.5747
    endloop
  endfacet
  facet normal 0.978936 -0.0608064 0.194903
    outer loop
      vertex 30.0115 54.5705 37.7688
      vertex 11.8893 146.761 157.553
      vertex 11.1741 143.212 160.038
    endloop
  endfacet
  facet normal 0.991653 0.0449659 0.12084
    outer loop
      vertex 29.6 49.4276 41.3699
      vertex 10.7437 139.633 162.545
      vertex 10.6 136.038 165.062
    endloop
  endfacet
  facet normal 0 0.573576 0.819152
    outer loop
      vertex 125.697 52.0046 39.5655
      vertex 50.86 23.073 59.8236
      vertex 104.54 23.073 59.8236
    endloop
  endfacet
  facet normal 3.65978e-05 0.573594 0.81914
    outer loop
      vertex 50.86 23.073 59.8236
      vertex 29.703 52.0046 39.5655
      vertex 50.86 21.9868 60.5842
    endloop
  endfacet
  facet normal -0 0.573576 0.819152
    outer loop
      vertex 29.703 52.0046 39.5655
      vertex 50.86 23.073 59.8236
      vertex 125.697 52.0046 39.5655
    endloop
  endfacet
  facet normal -3.65978e-05 0.573594 0.81914
    outer loop
      vertex 125.697 52.0046 39.5655
      vertex 104.54 23.073 59.8236
      vertex 104.54 21.9868 60.5842
    endloop
  endfacet
  facet normal 0.524003 0.761728 -0.381039
    outer loop
      vertex 51.1733 26.2 83.6364
      vertex 40.4212 90.3359 197.063
      vertex 51.7879 25.8664 83.8147
    endloop
  endfacet
  facet normal 0.523828 0.761816 -0.381105
    outer loop
      vertex 50.86 26.3643 83.5342
      vertex 40.4212 90.3359 197.063
      vertex 51.1733 26.2 83.6364
    endloop
  endfacet
  facet normal 0.523968 0.761746 -0.381053
    outer loop
      vertex 40.4212 90.3359 197.063
      vertex 50.86 26.3643 83.5342
      vertex 50.86 17.4838 65.7816
    endloop
  endfacet
  facet normal 0.928611 0.357819 -0.0982213
    outer loop
      vertex 15.7077 115.003 179.79
      vertex 33.2614 34.3494 51.9277
      vertex 14.161 118.37 177.433
    endloop
  endfacet
  facet normal 0.842566 0.500755 -0.198308
    outer loop
      vertex 21.9084 105.501 186.444
      vertex 37.7063 27.5375 56.6975
      vertex 36.0442 29.727 55.1644
    endloop
  endfacet
  facet normal 0.0324715 0.883885 -0.466576
    outer loop
      vertex 77.7 81.0725 203.549
      vertex 77.7 18.6696 85.3325
      vertex 74.9383 18.7766 85.343
    endloop
  endfacet
  facet normal -0.903753 -0.263847 0.33707
    outer loop
      vertex 139.692 157.072 150.333
      vertex 137.88 160.348 148.039
      vertex 120.84 66.8543 29.1676
    endloop
  endfacet
  facet normal 1.7188e-06 0.573578 0.819151
    outer loop
      vertex 123.247 62.0927 32.5017
      vertex 115.86 73.4136 24.5747
      vertex 93.1612 86.7378 15.245
    endloop
  endfacet
  facet normal -0.978943 -0.060768 0.194881
    outer loop
      vertex 144.226 143.212 160.038
      vertex 143.511 146.761 157.553
      vertex 125.388 54.5705 37.7688
    endloop
  endfacet
  facet normal -0.987392 -0.00821437 0.158082
    outer loop
      vertex 125.697 52.0046 39.5655
      vertex 144.226 143.212 160.038
      vertex 125.388 54.5705 37.7688
    endloop
  endfacet
  facet normal -0.903746 -0.26386 0.337078
    outer loop
      vertex 122.139 64.5058 30.812
      vertex 139.692 157.072 150.333
      vertex 120.84 66.8543 29.1676
    endloop
  endfacet
  facet normal -2.67651e-05 0.573566 0.81916
    outer loop
      vertex 123.247 62.0927 32.5017
      vertex 119.356 69.1282 27.5754
      vertex 115.86 73.4136 24.5747
    endloop
  endfacet
  facet normal -0.842593 -0.357581 0.402706
    outer loop
      vertex 119.356 69.1282 27.5754
      vertex 133.492 166.575 143.68
      vertex 117.694 71.3178 26.0422
    endloop
  endfacet
  facet normal -0.766933 -0.44407 0.463267
    outer loop
      vertex 115.86 73.4136 24.5747
      vertex 128.148 172.279 139.686
      vertex 113.863 75.4067 23.1792
    endloop
  endfacet
  facet normal -0.09715 0.880414 -0.464148
    outer loop
      vertex 81.5333 18.8594 85.3505
      vertex 82.0885 81.1903 203.466
      vertex 86.4583 81.5428 203.22
    endloop
  endfacet
  facet normal -0.0972242 0.880408 -0.464144
    outer loop
      vertex 81.4478 18.8498 85.3502
      vertex 82.0885 81.1903 203.466
      vertex 81.5333 18.8594 85.3505
    endloop
  endfacet
  facet normal -0.0974518 0.880388 -0.464133
    outer loop
      vertex 82.0885 81.1903 203.466
      vertex 81.4478 18.8498 85.3502
      vertex 80.9978 18.7973 85.3451
    endloop
  endfacet
  facet normal -0.0324715 0.883885 -0.466576
    outer loop
      vertex 77.7 18.6696 85.3325
      vertex 77.7 81.0725 203.549
      vertex 80.4617 18.7766 85.343
    endloop
  endfacet
  facet normal -6.88909e-05 0.573794 0.819
    outer loop
      vertex 65.7713 87.4125 14.7726
      vertex 65.7553 87.5097 14.7045
      vertex 62.2388 86.7378 15.245
    endloop
  endfacet
  facet normal 0.161621 -0.730323 0.663707
    outer loop
      vertex 68.2411 90.1354 16.6
      vertex 71.2664 90.8049 16.6
      vertex 64.6094 189.947 127.314
    endloop
  endfacet
  facet normal 0.724219 -0.483969 0.491204
    outer loop
      vertex 41.5365 75.4067 23.1792
      vertex 30.2531 174.904 137.847
      vertex 27.2516 172.279 139.686
    endloop
  endfacet
  facet normal 0.766948 -0.444055 0.463255
    outer loop
      vertex 41.5365 75.4067 23.1792
      vertex 27.2516 172.279 139.686
      vertex 24.466 169.498 141.632
    endloop
  endfacet
  facet normal 0.724151 -0.484026 0.491247
    outer loop
      vertex 41.5365 75.4067 23.1792
      vertex 43.6882 77.2885 21.8615
      vertex 30.2531 174.904 137.847
    endloop
  endfacet
  facet normal 0.678211 -0.521656 0.517595
    outer loop
      vertex 43.6882 77.2885 21.8615
      vertex 33.4579 177.363 136.126
      vertex 30.2531 174.904 137.847
    endloop
  endfacet
  facet normal -0.577934 -0.589066 0.564795
    outer loop
      vertex 118.548 179.644 134.528
      vertex 114.979 181.739 133.061
      vertex 106.981 80.6867 19.482
    endloop
  endfacet
  facet normal -0.523999 -0.61859 0.585467
    outer loop
      vertex 114.979 181.739 133.061
      vertex 111.25 183.639 131.731
      vertex 101.75 83.5501 17.4771
    endloop
  endfacet
  facet normal -0.467658 -0.645236 0.604124
    outer loop
      vertex 111.25 183.639 131.731
      vertex 107.378 185.334 130.544
      vertex 98.9741 84.7655 16.626
    endloop
  endfacet
  facet normal -0.000300519 0.573653 0.819098
    outer loop
      vertex 123.247 36.7625 50.2381
      vertex 124.161 39.2299 48.5104
      vertex 122.139 34.3494 51.9277
    endloop
  endfacet
  facet normal -0.949437 0.307565 -0.0630318
    outer loop
      vertex 141.239 118.37 177.433
      vertex 124.161 39.2299 48.5104
      vertex 123.247 36.7625 50.2381
    endloop
  endfacet
  facet normal -0.842617 0.500688 -0.198263
    outer loop
      vertex 133.492 105.501 186.444
      vertex 135.81 108.555 184.305
      vertex 119.356 29.727 55.1644
    endloop
  endfacet
  facet normal -0.806404 0.545081 -0.229346
    outer loop
      vertex 133.492 105.501 186.444
      vertex 117.694 27.5375 56.6975
      vertex 115.86 25.4417 58.165
    endloop
  endfacet
  facet normal 3.11924e-05 0.573559 0.819164
    outer loop
      vertex 117.694 27.5375 56.6975
      vertex 119.356 29.727 55.1644
      vertex 115.86 25.4417 58.165
    endloop
  endfacet
  facet normal -0.000130176 0.573691 0.819072
    outer loop
      vertex 111.712 21.5668 60.8783
      vertex 113.863 23.4486 59.5606
      vertex 106.981 18.1686 63.2577
    endloop
  endfacet
  facet normal -0.724259 0.627072 -0.286755
    outer loop
      vertex 128.148 99.7967 190.438
      vertex 113.863 23.4486 59.5606
      vertex 111.712 21.5668 60.8783
    endloop
  endfacet
  facet normal -0.903749 0.40699 -0.132656
    outer loop
      vertex 137.88 111.727 182.084
      vertex 122.139 34.3494 51.9277
      vertex 120.84 32.0009 53.5722
    endloop
  endfacet
  facet normal -0.874998 0.454744 -0.166094
    outer loop
      vertex 137.88 111.727 182.084
      vertex 120.84 32.0009 53.5722
      vertex 119.356 29.727 55.1644
    endloop
  endfacet
  facet normal -0.349475 0.832234 -0.430412
    outer loop
      vertex 103.378 85.2565 200.619
      vertex 96.534 22.6085 85.0414
      vertex 99.2686 83.9896 201.506
    endloop
  endfacet
  facet normal -0.349586 0.8322 -0.430387
    outer loop
      vertex 96.534 22.6085 85.0414
      vertex 103.378 85.2565 200.619
      vertex 97.0928 22.818 84.9926
    endloop
  endfacet
  facet normal -0.28801 0.849324 -0.442379
    outer loop
      vertex 99.2686 83.9896 201.506
      vertex 93.4124 21.4544 85.2573
      vertex 95.0668 82.9455 202.237
    endloop
  endfacet
  facet normal -0.287964 0.849335 -0.442387
    outer loop
      vertex 93.4124 21.4544 85.2573
      vertex 99.2686 83.9896 201.506
      vertex 93.9694 21.6283 85.2286
    endloop
  endfacet
  facet normal -0.0194274 0.0194274 -0.999623
    outer loop
      vertex 82.0885 81.1903 203.466
      vertex 77.7 81.0725 203.549
      vertex 77.7001 81.0726 203.549
    endloop
  endfacet
  facet normal -0.0323012 0.883888 -0.466583
    outer loop
      vertex 80.4617 18.7766 85.343
      vertex 82.0885 81.1903 203.466
      vertex 80.9978 18.7973 85.3451
    endloop
  endfacet
  facet normal -0.0325503 0.883882 -0.466576
    outer loop
      vertex 82.0885 81.1903 203.466
      vertex 80.4617 18.7766 85.343
      vertex 77.7 81.0725 203.549
    endloop
  endfacet
  facet normal -0.523756 0.761852 -0.381133
    outer loop
      vertex 114.979 90.3359 197.063
      vertex 104.227 26.2 83.6364
      vertex 103.612 25.8664 83.8147
    endloop
  endfacet
  facet normal -0.52419 0.761634 -0.380969
    outer loop
      vertex 114.979 90.3359 197.063
      vertex 104.54 26.3643 83.5342
      vertex 104.227 26.2 83.6364
    endloop
  endfacet
  facet normal -0.52396 0.76175 -0.381055
    outer loop
      vertex 104.54 26.3643 83.5342
      vertex 114.979 90.3359 197.063
      vertex 104.54 17.4838 65.7816
    endloop
  endfacet
  facet normal -0.467731 0.788344 -0.399677
    outer loop
      vertex 111.25 88.4365 198.393
      vertex 102.539 25.3214 84.0956
      vertex 107.378 86.741 199.58
    endloop
  endfacet
  facet normal -0.467931 0.788257 -0.399613
    outer loop
      vertex 111.25 88.4365 198.393
      vertex 102.805 25.4498 84.0374
      vertex 102.539 25.3214 84.0956
    endloop
  endfacet
  facet normal -0.467206 0.788572 -0.399841
    outer loop
      vertex 102.805 25.4498 84.0374
      vertex 111.25 88.4365 198.393
      vertex 103.085 25.5803 83.9676
    endloop
  endfacet
  facet normal 0.966257 -0.11302 0.231463
    outer loop
      vertex 31.239 59.6254 34.2293
      vertex 12.8864 150.264 155.101
      vertex 11.8893 146.761 157.553
    endloop
  endfacet
  facet normal 0.978934 -0.0608153 0.194909
    outer loop
      vertex 30.0115 54.5705 37.7688
      vertex 30.5242 57.1144 35.9875
      vertex 11.8893 146.761 157.553
    endloop
  endfacet
  facet normal 0.966261 -0.113002 0.231451
    outer loop
      vertex 11.8893 146.761 157.553
      vertex 30.5242 57.1144 35.9875
      vertex 31.239 59.6254 34.2293
    endloop
  endfacet
  facet normal 0.987408 -0.00808932 0.157989
    outer loop
      vertex 29.703 52.0046 39.5655
      vertex 30.0115 54.5705 37.7688
      vertex 10.7437 139.633 162.545
    endloop
  endfacet
  facet normal 0.987409 -0.00807989 0.157983
    outer loop
      vertex 30.0115 54.5705 37.7688
      vertex 11.1741 143.212 160.038
      vertex 10.7437 139.633 162.545
    endloop
  endfacet
  facet normal 0.161623 0.873465 -0.459279
    outer loop
      vertex 68.3948 19.6808 85.3774
      vertex 68.9417 81.5428 203.22
      vertex 71.1149 19.1687 85.3607
    endloop
  endfacet
  facet normal 0.409459 0.811883 -0.416161
    outer loop
      vertex 55.8181 23.911 84.676
      vertex 48.0224 86.741 199.58
      vertex 52.0219 85.2565 200.619
    endloop
  endfacet
  facet normal 0.409589 0.811835 -0.416126
    outer loop
      vertex 48.0224 86.741 199.58
      vertex 55.8181 23.911 84.676
      vertex 55.2627 24.1459 84.5876
    endloop
  endfacet
  facet normal 0.629453 0.699822 -0.337695
    outer loop
      vertex 36.8521 92.4309 195.596
      vertex 45.9855 19.8042 62.1124
      vertex 33.4579 94.7127 193.998
    endloop
  endfacet
  facet normal 1.98627e-05 0.573581 0.819149
    outer loop
      vertex 50.86 18.9577 62.7051
      vertex 48.4186 18.1686 63.2577
      vertex 50.86 16.9249 64.1285
    endloop
  endfacet
  facet normal 1.60294e-05 0.573589 0.819143
    outer loop
      vertex 48.4186 18.1686 63.2577
      vertex 50.86 18.9577 62.7051
      vertex 33.2614 34.3494 51.9277
    endloop
  endfacet
  facet normal -2.40613e-05 0.573559 0.819165
    outer loop
      vertex 50.86 21.9868 60.5842
      vertex 33.2614 34.3494 51.9277
      vertex 50.86 18.9577 62.7051
    endloop
  endfacet
  facet normal -1.01508e-05 0.573572 0.819155
    outer loop
      vertex 33.2614 34.3494 51.9277
      vertex 50.86 21.9868 60.5842
      vertex 29.703 52.0046 39.5655
    endloop
  endfacet
  facet normal 0.000130463 0.573691 0.819072
    outer loop
      vertex 43.6882 21.5668 60.8783
      vertex 48.4186 18.1686 63.2577
      vertex 41.5365 23.4486 59.5606
    endloop
  endfacet
  facet normal 0.949464 0.307493 -0.062984
    outer loop
      vertex 14.161 118.37 177.433
      vertex 32.1527 36.7625 50.2381
      vertex 31.239 39.2299 48.5104
    endloop
  endfacet
  facet normal 0.949463 0.307494 -0.0629846
    outer loop
      vertex 14.161 118.37 177.433
      vertex 31.239 39.2299 48.5104
      vertex 12.8864 121.812 175.023
    endloop
  endfacet
  facet normal -0.949433 -0.164434 0.267466
    outer loop
      vertex 124.161 59.6254 34.2293
      vertex 141.239 153.706 152.691
      vertex 123.247 62.0927 32.5017
    endloop
  endfacet
  facet normal -9.20709e-06 0.573569 0.819157
    outer loop
      vertex 124.161 59.6254 34.2293
      vertex 123.247 62.0927 32.5017
      vertex 93.1612 86.7378 15.245
    endloop
  endfacet
  facet normal -0.409485 -0.668735 0.620577
    outer loop
      vertex 98.9741 84.7655 16.626
      vertex 107.378 185.334 130.544
      vertex 96.1071 85.8296 15.8809
    endloop
  endfacet
  facet normal 1.28171e-05 0.573591 0.819142
    outer loop
      vertex 115.86 73.4136 24.5747
      vertex 109.415 79.051 20.6273
      vertex 96.1071 85.8296 15.8809
    endloop
  endfacet
  facet normal -1.40771e-05 0.573556 0.819167
    outer loop
      vertex 109.415 79.051 20.6273
      vertex 98.9741 84.7655 16.626
      vertex 96.1071 85.8296 15.8809
    endloop
  endfacet
  facet normal -0.806464 -0.401872 0.433722
    outer loop
      vertex 133.492 166.575 143.68
      vertex 130.934 169.498 141.632
      vertex 115.86 73.4136 24.5747
    endloop
  endfacet
  facet normal -0.766904 -0.444098 0.463288
    outer loop
      vertex 130.934 169.498 141.632
      vertex 128.148 172.279 139.686
      vertex 115.86 73.4136 24.5747
    endloop
  endfacet
  facet normal -0.0972367 0.880408 -0.464141
    outer loop
      vertex 86.4583 81.5428 203.22
      vertex 84.2851 19.1687 85.3607
      vertex 81.5333 18.8594 85.3505
    endloop
  endfacet
  facet normal -2.68941e-05 0.573543 0.819175
    outer loop
      vertex 89.6447 87.5097 14.7045
      vertex 90.1492 87.4863 14.7209
      vertex 89.6564 87.5804 14.655
    endloop
  endfacet
  facet normal -3.05667e-05 0.57349 0.819213
    outer loop
      vertex 90.1492 87.4863 14.7209
      vertex 89.6447 87.5097 14.7045
      vertex 93.1612 86.7378 15.245
    endloop
  endfacet
  facet normal -0.225296 -0.719949 0.656441
    outer loop
      vertex 89.797 89.3098 16.6
      vertex 95.0668 189.13 127.886
      vertex 87.2447 90.1085 16.6
    endloop
  endfacet
  facet normal -0.224952 -0.719985 0.656519
    outer loop
      vertex 90.1492 87.4863 14.7209
      vertex 89.797 89.3098 16.6
      vertex 89.7741 88.611 15.8258
    endloop
  endfacet
  facet normal -0.225209 -0.719966 0.656452
    outer loop
      vertex 89.797 89.3098 16.6
      vertex 90.1492 87.4863 14.7209
      vertex 95.0668 189.13 127.886
    endloop
  endfacet
  facet normal -0.225373 -0.719985 0.656376
    outer loop
      vertex 89.6965 87.8231 14.9349
      vertex 90.1492 87.4863 14.7209
      vertex 89.7741 88.611 15.8258
    endloop
  endfacet
  facet normal -0.225257 -0.719908 0.6565
    outer loop
      vertex 90.1492 87.4863 14.7209
      vertex 89.6965 87.8231 14.9349
      vertex 89.6564 87.5804 14.655
    endloop
  endfacet
  facet normal -0.161635 -0.730322 0.663705
    outer loop
      vertex 84.1336 90.8049 16.6
      vertex 86.4583 190.533 126.904
      vertex 84.0351 90.8267 16.6
    endloop
  endfacet
  facet normal -0.161598 -0.730326 0.663709
    outer loop
      vertex 86.4583 190.533 126.904
      vertex 84.1336 90.8049 16.6
      vertex 90.7906 189.947 127.314
    endloop
  endfacet
  facet normal -0.161621 -0.730323 0.663707
    outer loop
      vertex 87.1589 90.1354 16.6
      vertex 90.7906 189.947 127.314
      vertex 84.1336 90.8049 16.6
    endloop
  endfacet
  facet normal 0.000334788 0.573094 0.81949
    outer loop
      vertex 56.4259 84.7655 16.626
      vertex 53.65 83.5501 17.4771
      vertex 50.9771 82.1885 18.4304
    endloop
  endfacet
  facet normal 0.225179 -0.719968 0.65646
    outer loop
      vertex 65.2508 87.4863 14.7209
      vertex 65.603 89.3098 16.6
      vertex 64.6094 189.947 127.314
    endloop
  endfacet
  facet normal 0.224952 -0.719985 0.656519
    outer loop
      vertex 65.2508 87.4863 14.7209
      vertex 65.6259 88.611 15.8258
      vertex 65.603 89.3098 16.6
    endloop
  endfacet
  facet normal 0.225373 -0.719985 0.656376
    outer loop
      vertex 65.2508 87.4863 14.7209
      vertex 65.7035 87.8231 14.9349
      vertex 65.6259 88.611 15.8258
    endloop
  endfacet
  facet normal 0.225257 -0.719908 0.6565
    outer loop
      vertex 65.7035 87.8231 14.9349
      vertex 65.2508 87.4863 14.7209
      vertex 65.7436 87.5804 14.655
    endloop
  endfacet
  facet normal 0.225309 -0.719946 0.656441
    outer loop
      vertex 64.6094 189.947 127.314
      vertex 65.603 89.3098 16.6
      vertex 68.2411 90.1354 16.6
    endloop
  endfacet
  facet normal -1.28205e-05 0.573591 0.819142
    outer loop
      vertex 59.2929 85.8296 15.8809
      vertex 45.9855 79.051 20.6273
      vertex 39.5397 73.4136 24.5747
    endloop
  endfacet
  facet normal 0.678253 -0.521625 0.517572
    outer loop
      vertex 43.6882 77.2885 21.8615
      vertex 45.9855 79.051 20.6273
      vertex 33.4579 177.363 136.126
    endloop
  endfacet
  facet normal 0.949462 -0.164359 0.267411
    outer loop
      vertex 31.239 59.6254 34.2293
      vertex 14.161 153.706 152.691
      vertex 12.8864 150.264 155.101
    endloop
  endfacet
  facet normal 4.90856e-06 0.573574 0.819154
    outer loop
      vertex 36.0442 69.1282 27.5754
      vertex 34.5604 66.8543 29.1676
      vertex 32.1527 62.0927 32.5017
    endloop
  endfacet
  facet normal 0.842554 -0.357632 0.402743
    outer loop
      vertex 36.0442 69.1282 27.5754
      vertex 21.9084 166.575 143.68
      vertex 19.5897 163.52 145.818
    endloop
  endfacet
  facet normal 0.766964 -0.444039 0.463245
    outer loop
      vertex 39.5397 73.4136 24.5747
      vertex 41.5365 75.4067 23.1792
      vertex 24.466 169.498 141.632
    endloop
  endfacet
  facet normal -0.523931 -0.618625 0.58549
    outer loop
      vertex 104.423 82.1885 18.4304
      vertex 114.979 181.739 133.061
      vertex 101.75 83.5501 17.4771
    endloop
  endfacet
  facet normal -0.577997 -0.589031 0.564768
    outer loop
      vertex 106.981 80.6867 19.482
      vertex 114.979 181.739 133.061
      vertex 104.423 82.1885 18.4304
    endloop
  endfacet
  facet normal -7.76187e-05 0.57362 0.819122
    outer loop
      vertex 120.84 32.0009 53.5722
      vertex 122.139 34.3494 51.9277
      vertex 113.863 23.4486 59.5606
    endloop
  endfacet
  facet normal 2.83563e-05 0.573562 0.819162
    outer loop
      vertex 115.86 25.4417 58.165
      vertex 120.84 32.0009 53.5722
      vertex 113.863 23.4486 59.5606
    endloop
  endfacet
  facet normal -0.678304 0.664725 -0.31312
    outer loop
      vertex 125.147 97.1715 192.276
      vertex 111.712 21.5668 60.8783
      vertex 109.415 19.8042 62.1124
    endloop
  endfacet
  facet normal -0.225296 0.863088 -0.452018
    outer loop
      vertex 95.0668 82.9455 202.237
      vertex 90.5494 20.5502 85.3502
      vertex 88.0946 19.9202 85.3708
    endloop
  endfacet
  facet normal -0.225459 0.863058 -0.451995
    outer loop
      vertex 90.5494 20.5502 85.3502
      vertex 95.0668 82.9455 202.237
      vertex 90.784 20.6085 85.3445
    endloop
  endfacet
  facet normal -0.225321 0.863084 -0.452014
    outer loop
      vertex 95.0668 82.9455 202.237
      vertex 87.5513 19.7808 85.3754
      vertex 90.7906 82.1287 202.809
    endloop
  endfacet
  facet normal -0.225279 0.863091 -0.45202
    outer loop
      vertex 87.5513 19.7808 85.3754
      vertex 95.0668 82.9455 202.237
      vertex 88.0946 19.9202 85.3708
    endloop
  endfacet
  facet normal -0.409416 0.811898 -0.416172
    outer loop
      vertex 107.378 86.741 199.58
      vertex 97.0928 22.818 84.9926
      vertex 103.378 85.2565 200.619
    endloop
  endfacet
  facet normal -0.409336 0.811927 -0.416195
    outer loop
      vertex 107.378 86.741 199.58
      vertex 97.6404 23.0646 84.9351
      vertex 97.0928 22.818 84.9926
    endloop
  endfacet
  facet normal -0.427312 0.805293 -0.410983
    outer loop
      vertex 97.6404 23.0646 84.9351
      vertex 107.378 86.741 199.58
      vertex 97.6421 23.0654 84.9349
    endloop
  endfacet
  facet normal -0.40949 0.811872 -0.416151
    outer loop
      vertex 107.378 86.741 199.58
      vertex 99.5054 23.8787 84.6881
      vertex 97.6421 23.0654 84.9349
    endloop
  endfacet
  facet normal -0.409651 0.811813 -0.416108
    outer loop
      vertex 99.5054 23.8787 84.6881
      vertex 107.378 86.741 199.58
      vertex 100.137 24.1459 84.5876
    endloop
  endfacet
  facet normal 0.287999 0.849327 -0.442381
    outer loop
      vertex 62.1719 21.3968 85.2668
      vertex 60.3332 82.9455 202.237
      vertex 64.616 20.6085 85.3445
    endloop
  endfacet
  facet normal 0.288226 0.849267 -0.442346
    outer loop
      vertex 60.3332 82.9455 202.237
      vertex 62.1719 21.3968 85.2668
      vertex 61.9876 21.4544 85.2573
    endloop
  endfacet
  facet normal 0.28801 0.849324 -0.442379
    outer loop
      vertex 61.9876 21.4544 85.2573
      vertex 56.1314 83.9896 201.506
      vertex 60.3332 82.9455 202.237
    endloop
  endfacet
  facet normal 0.287964 0.849335 -0.442387
    outer loop
      vertex 56.1314 83.9896 201.506
      vertex 61.9876 21.4544 85.2573
      vertex 61.4306 21.6283 85.2286
    endloop
  endfacet
  facet normal 0.0189093 0 -0.999821
    outer loop
      vertex 77.7 81.0725 203.549
      vertex 73.3114 81.1903 203.466
      vertex 77.7 81.0726 203.549
    endloop
  endfacet
  facet normal 0.0325496 0.883882 -0.466576
    outer loop
      vertex 74.9383 18.7766 85.343
      vertex 73.3114 81.1903 203.466
      vertex 77.7 81.0725 203.549
    endloop
  endfacet
  facet normal 0.0323012 0.883888 -0.466583
    outer loop
      vertex 73.3114 81.1903 203.466
      vertex 74.9383 18.7766 85.343
      vertex 74.4022 18.7973 85.3451
    endloop
  endfacet
  facet normal 0.0971522 0.880414 -0.464148
    outer loop
      vertex 73.3114 81.1903 203.466
      vertex 73.8667 18.8594 85.3505
      vertex 68.9417 81.5428 203.22
    endloop
  endfacet
  facet normal 0.0972242 0.880408 -0.464144
    outer loop
      vertex 73.3114 81.1903 203.466
      vertex 73.9522 18.8498 85.3502
      vertex 73.8667 18.8594 85.3505
    endloop
  endfacet
  facet normal 0.0974518 0.880389 -0.464133
    outer loop
      vertex 73.9522 18.8498 85.3502
      vertex 73.3114 81.1903 203.466
      vertex 74.4022 18.7973 85.3451
    endloop
  endfacet
  facet normal 0.678269 0.664752 -0.313139
    outer loop
      vertex 33.4579 94.7127 193.998
      vertex 45.9855 19.8042 62.1124
      vertex 30.2531 97.1715 192.276
    endloop
  endfacet
  facet normal 7.76498e-05 0.57362 0.819122
    outer loop
      vertex 34.5604 32.0009 53.5722
      vertex 41.5365 23.4486 59.5606
      vertex 33.2614 34.3494 51.9277
    endloop
  endfacet
  facet normal 0.903748 0.406992 -0.132653
    outer loop
      vertex 17.5198 111.727 182.084
      vertex 34.5604 32.0009 53.5722
      vertex 33.2614 34.3494 51.9277
    endloop
  endfacet
  facet normal 9.52606e-06 0.573585 0.819146
    outer loop
      vertex 41.5365 23.4486 59.5606
      vertex 48.4186 18.1686 63.2577
      vertex 33.2614 34.3494 51.9277
    endloop
  endfacet
  facet normal 0.724163 0.627156 -0.286815
    outer loop
      vertex 30.2531 97.1715 192.276
      vertex 41.5365 23.4486 59.5606
      vertex 27.2516 99.7967 190.438
    endloop
  endfacet
  facet normal 0.000204349 0.573626 0.819117
    outer loop
      vertex 31.239 39.2299 48.5104
      vertex 33.2614 34.3494 51.9277
      vertex 30.5242 41.7408 46.7522
    endloop
  endfacet
  facet normal 0.96626 0.256146 -0.0270306
    outer loop
      vertex 12.8864 121.812 175.023
      vertex 31.239 39.2299 48.5104
      vertex 30.5242 41.7408 46.7522
    endloop
  endfacet
  facet normal -0.966247 -0.11305 0.231485
    outer loop
      vertex 124.876 57.1144 35.9875
      vertex 143.511 146.761 157.553
      vertex 124.161 59.6254 34.2293
    endloop
  endfacet
  facet normal 0.000158293 0.573602 0.819134
    outer loop
      vertex 125.697 52.0046 39.5655
      vertex 124.876 57.1144 35.9875
      vertex 124.161 59.6254 34.2293
    endloop
  endfacet
  facet normal -0.842625 -0.35754 0.402676
    outer loop
      vertex 135.81 163.52 145.818
      vertex 133.492 166.575 143.68
      vertex 119.356 69.1282 27.5754
    endloop
  endfacet
  facet normal -0.875007 -0.311594 0.370503
    outer loop
      vertex 137.88 160.348 148.039
      vertex 135.81 163.52 145.818
      vertex 119.356 69.1282 27.5754
    endloop
  endfacet
  facet normal -0.928586 -0.214736 0.302681
    outer loop
      vertex 141.239 153.706 152.691
      vertex 139.692 157.072 150.333
      vertex 122.139 64.5058 30.812
    endloop
  endfacet
  facet normal -0.349485 -0.68909 0.634835
    outer loop
      vertex 103.378 186.819 129.504
      vertex 99.2686 188.086 128.617
      vertex 96.1071 85.8296 15.8809
    endloop
  endfacet
  facet normal -0.629298 -0.556789 0.54219
    outer loop
      vertex 109.415 79.051 20.6273
      vertex 121.942 177.363 136.126
      vertex 106.981 80.6867 19.482
    endloop
  endfacet
  facet normal -0.629407 -0.556714 0.542142
    outer loop
      vertex 121.942 177.363 136.126
      vertex 118.548 179.644 134.528
      vertex 106.981 80.6867 19.482
    endloop
  endfacet
  facet normal -0.678189 -0.521673 0.517607
    outer loop
      vertex 125.147 174.904 137.847
      vertex 121.942 177.363 136.126
      vertex 111.712 77.2885 21.8615
    endloop
  endfacet
  facet normal -0.724275 -0.483919 0.49117
    outer loop
      vertex 128.148 172.279 139.686
      vertex 125.147 174.904 137.847
      vertex 111.712 77.2885 21.8615
    endloop
  endfacet
  facet normal -0.161623 0.873465 -0.459279
    outer loop
      vertex 86.4583 81.5428 203.22
      vertex 87.0052 19.6808 85.3774
      vertex 84.2851 19.1687 85.3607
    endloop
  endfacet
  facet normal 0.0324546 -0.740746 0.671001
    outer loop
      vertex 77.5904 91.3778 16.6
      vertex 77.7 191.003 126.575
      vertex 73.3114 190.885 126.657
    endloop
  endfacet
  facet normal 0.0324414 -0.740746 0.671002
    outer loop
      vertex 77.7 191.003 126.575
      vertex 77.5904 91.3778 16.6
      vertex 77.7 91.3826 16.6
    endloop
  endfacet
  facet normal 0.577922 -0.589075 0.564798
    outer loop
      vertex 48.4186 80.6867 19.482
      vertex 50.9771 82.1885 18.4304
      vertex 40.4212 181.739 133.061
    endloop
  endfacet
  facet normal 0.349478 -0.689092 0.634836
    outer loop
      vertex 62.2388 86.7378 15.245
      vertex 56.1314 188.086 128.617
      vertex 52.0219 186.819 129.504
    endloop
  endfacet
  facet normal 0.225356 -0.719938 0.656433
    outer loop
      vertex 65.2508 87.4863 14.7209
      vertex 64.6094 189.947 127.314
      vertex 60.3332 189.13 127.886
    endloop
  endfacet
  facet normal 2.68941e-05 0.573543 0.819175
    outer loop
      vertex 65.2508 87.4863 14.7209
      vertex 65.7553 87.5097 14.7045
      vertex 65.7436 87.5804 14.655
    endloop
  endfacet
  facet normal 3.05667e-05 0.57349 0.819213
    outer loop
      vertex 65.7553 87.5097 14.7045
      vertex 65.2508 87.4863 14.7209
      vertex 62.2388 86.7378 15.245
    endloop
  endfacet
  facet normal 0.523945 -0.618618 0.585485
    outer loop
      vertex 50.9771 82.1885 18.4304
      vertex 53.65 83.5501 17.4771
      vertex 40.4212 181.739 133.061
    endloop
  endfacet
  facet normal -1.71876e-06 0.573578 0.819151
    outer loop
      vertex 62.2388 86.7378 15.245
      vertex 39.5397 73.4136 24.5747
      vertex 32.1527 62.0927 32.5017
    endloop
  endfacet
  facet normal 9.20564e-06 0.573569 0.819157
    outer loop
      vertex 62.2388 86.7378 15.245
      vertex 32.1527 62.0927 32.5017
      vertex 31.239 59.6254 34.2293
    endloop
  endfacet
  facet normal 0.928597 -0.214711 0.302667
    outer loop
      vertex 32.1527 62.0927 32.5017
      vertex 33.2614 64.5058 30.812
      vertex 14.161 153.706 152.691
    endloop
  endfacet
  facet normal 0.94946 -0.164364 0.267414
    outer loop
      vertex 31.239 59.6254 34.2293
      vertex 32.1527 62.0927 32.5017
      vertex 14.161 153.706 152.691
    endloop
  endfacet
  facet normal 0.467719 -0.645211 0.604104
    outer loop
      vertex 53.65 83.5501 17.4771
      vertex 56.4259 84.7655 16.626
      vertex 48.0224 185.334 130.544
    endloop
  endfacet
  facet normal 0.875023 -0.311566 0.370487
    outer loop
      vertex 34.5604 66.8543 29.1676
      vertex 36.0442 69.1282 27.5754
      vertex 17.5198 160.348 148.039
    endloop
  endfacet
  facet normal -0.000140349 0.573426 0.819257
    outer loop
      vertex 109.415 79.051 20.6273
      vertex 106.981 80.6867 19.482
      vertex 104.423 82.1885 18.4304
    endloop
  endfacet
  facet normal 2.05774e-05 0.573598 0.819137
    outer loop
      vertex 109.415 79.051 20.6273
      vertex 104.423 82.1885 18.4304
      vertex 98.9741 84.7655 16.626
    endloop
  endfacet
  facet normal -0.678247 0.664768 -0.313153
    outer loop
      vertex 121.942 94.7127 193.998
      vertex 125.147 97.1715 192.276
      vertex 109.415 19.8042 62.1124
    endloop
  endfacet
  facet normal -0.629476 0.699806 -0.337686
    outer loop
      vertex 118.548 92.4309 195.596
      vertex 121.942 94.7127 193.998
      vertex 109.415 19.8042 62.1124
    endloop
  endfacet
  facet normal 0.349519 0.83222 -0.430401
    outer loop
      vertex 59.8596 22.2362 85.1283
      vertex 52.0219 85.2565 200.619
      vertex 60.8804 21.8412 85.1935
    endloop
  endfacet
  facet normal 0.349518 0.832221 -0.430402
    outer loop
      vertex 52.0219 85.2565 200.619
      vertex 59.8596 22.2362 85.1283
      vertex 58.3072 22.818 84.9926
    endloop
  endfacet
  facet normal 0.409336 0.811928 -0.416192
    outer loop
      vertex 57.7596 23.0646 84.9351
      vertex 52.0219 85.2565 200.619
      vertex 58.3072 22.818 84.9926
    endloop
  endfacet
  facet normal 0.409506 0.811865 -0.41615
    outer loop
      vertex 55.8946 23.8787 84.6881
      vertex 52.0219 85.2565 200.619
      vertex 57.7596 23.0646 84.9351
    endloop
  endfacet
  facet normal 0.408758 0.812151 -0.416326
    outer loop
      vertex 52.0219 85.2565 200.619
      vertex 55.8946 23.8787 84.6881
      vertex 55.8181 23.911 84.676
    endloop
  endfacet
  facet normal 0.225296 0.863088 -0.452018
    outer loop
      vertex 64.8506 20.5502 85.3502
      vertex 60.3332 82.9455 202.237
      vertex 67.3054 19.9202 85.3708
    endloop
  endfacet
  facet normal 0.225459 0.863058 -0.451995
    outer loop
      vertex 60.3332 82.9455 202.237
      vertex 64.8506 20.5502 85.3502
      vertex 64.616 20.6085 85.3445
    endloop
  endfacet
  facet normal 0.0972367 0.880408 -0.464141
    outer loop
      vertex 68.9417 81.5428 203.22
      vertex 73.8667 18.8594 85.3505
      vertex 71.1149 19.1687 85.3607
    endloop
  endfacet
  facet normal 0.766964 0.587178 -0.258822
    outer loop
      vertex 27.2516 99.7967 190.438
      vertex 41.5365 23.4486 59.5606
      vertex 24.466 102.577 188.491
    endloop
  endfacet
  facet normal 0.766972 0.587169 -0.258815
    outer loop
      vertex 24.466 102.577 188.491
      vertex 41.5365 23.4486 59.5606
      vertex 39.5397 25.4417 58.165
    endloop
  endfacet
  facet normal 0.577954 0.732173 -0.360404
    outer loop
      vertex 48.4186 18.1686 63.2577
      vertex 50.86 17.4838 65.7816
      vertex 50.86 16.7354 64.2612
    endloop
  endfacet
  facet normal 0.57793 0.732209 -0.360371
    outer loop
      vertex 50.86 17.4838 65.7816
      vertex 48.4186 18.1686 63.2577
      vertex 40.4212 90.3359 197.063
    endloop
  endfacet
  facet normal 3.96423e-05 0.573607 0.81913
    outer loop
      vertex 50.86 16.7354 64.2612
      vertex 50.86 16.9249 64.1285
      vertex 48.4186 18.1686 63.2577
    endloop
  endfacet
  facet normal 0.875023 0.454706 -0.166062
    outer loop
      vertex 17.5198 111.727 182.084
      vertex 36.0442 29.727 55.1644
      vertex 34.5604 32.0009 53.5722
    endloop
  endfacet
  facet normal -4.9874e-06 0.573574 0.819154
    outer loop
      vertex 36.0442 29.727 55.1644
      vertex 39.5397 25.4417 58.165
      vertex 34.5604 32.0009 53.5722
    endloop
  endfacet
  facet normal 0.978929 0.203982 0.00949576
    outer loop
      vertex 11.8893 125.315 172.57
      vertex 30.0115 44.2847 44.971
      vertex 11.1741 128.863 170.085
    endloop
  endfacet
  facet normal 0.987409 0.151218 0.046441
    outer loop
      vertex 11.1741 128.863 170.085
      vertex 30.0115 44.2847 44.971
      vertex 10.7437 132.443 167.579
    endloop
  endfacet
  facet normal -4.90072e-06 0.573574 0.819154
    outer loop
      vertex 123.247 62.0927 32.5017
      vertex 120.84 66.8543 29.1676
      vertex 119.356 69.1282 27.5754
    endloop
  endfacet
  facet normal -0.874998 -0.311608 0.370513
    outer loop
      vertex 120.84 66.8543 29.1676
      vertex 137.88 160.348 148.039
      vertex 119.356 69.1282 27.5754
    endloop
  endfacet
  facet normal -0.000396313 0.573287 0.819355
    outer loop
      vertex 115.86 73.4136 24.5747
      vertex 113.863 75.4067 23.1792
      vertex 111.712 77.2885 21.8615
    endloop
  endfacet
  facet normal -0.724262 -0.483931 0.491178
    outer loop
      vertex 113.863 75.4067 23.1792
      vertex 128.148 172.279 139.686
      vertex 111.712 77.2885 21.8615
    endloop
  endfacet
  facet normal -0.0972222 -0.737268 0.668568
    outer loop
      vertex 84.0351 90.8267 16.6
      vertex 82.0885 190.885 126.657
      vertex 83.935 90.8399 16.6
    endloop
  endfacet
  facet normal -0.0971799 -0.737271 0.668571
    outer loop
      vertex 82.0885 190.885 126.657
      vertex 84.0351 90.8267 16.6
      vertex 86.4583 190.533 126.904
    endloop
  endfacet
  facet normal -0.0972593 -0.737266 0.668565
    outer loop
      vertex 83.935 90.8399 16.6
      vertex 82.0885 190.885 126.657
      vertex 80.8763 91.2434 16.6
    endloop
  endfacet
  facet normal -0.0324414 -0.740746 0.671002
    outer loop
      vertex 77.8096 91.3778 16.6
      vertex 77.7 191.003 126.575
      vertex 77.7 91.3826 16.6
    endloop
  endfacet
  facet normal -0.0324553 -0.740746 0.671001
    outer loop
      vertex 77.7 191.003 126.575
      vertex 77.8096 91.3778 16.6
      vertex 82.0885 190.885 126.657
    endloop
  endfacet
  facet normal -0.0324636 -0.740745 0.671001
    outer loop
      vertex 80.8763 91.2434 16.6
      vertex 82.0885 190.885 126.657
      vertex 77.8096 91.3778 16.6
    endloop
  endfacet
  facet normal 0.161598 -0.730326 0.663709
    outer loop
      vertex 71.2664 90.8049 16.6
      vertex 68.9417 190.533 126.904
      vertex 64.6094 189.947 127.314
    endloop
  endfacet
  facet normal 0.161635 -0.730322 0.663705
    outer loop
      vertex 68.9417 190.533 126.904
      vertex 71.2664 90.8049 16.6
      vertex 71.3649 90.8267 16.6
    endloop
  endfacet
  facet normal 0.46762 -0.645252 0.604137
    outer loop
      vertex 53.65 83.5501 17.4771
      vertex 48.0224 185.334 130.544
      vertex 44.15 183.639 131.731
    endloop
  endfacet
  facet normal 0.524019 -0.618579 0.58546
    outer loop
      vertex 53.65 83.5501 17.4771
      vertex 44.15 183.639 131.731
      vertex 40.4212 181.739 133.061
    endloop
  endfacet
  facet normal 0.28799 -0.706189 0.646806
    outer loop
      vertex 65.2508 87.4863 14.7209
      vertex 60.3332 189.13 127.886
      vertex 56.1314 188.086 128.617
    endloop
  endfacet
  facet normal 0.288035 -0.706177 0.646799
    outer loop
      vertex 62.2388 86.7378 15.245
      vertex 65.2508 87.4863 14.7209
      vertex 56.1314 188.086 128.617
    endloop
  endfacet
  facet normal 0.409637 -0.668676 0.62054
    outer loop
      vertex 59.2929 85.8296 15.8809
      vertex 52.0219 186.819 129.504
      vertex 48.0224 185.334 130.544
    endloop
  endfacet
  facet normal 0.349478 -0.689092 0.634836
    outer loop
      vertex 59.2929 85.8296 15.8809
      vertex 62.2388 86.7378 15.245
      vertex 52.0219 186.819 129.504
    endloop
  endfacet
  facet normal 0.842579 -0.3576 0.402719
    outer loop
      vertex 36.0442 69.1282 27.5754
      vertex 37.7063 71.3178 26.0422
      vertex 21.9084 166.575 143.68
    endloop
  endfacet
  facet normal 0.806507 -0.401825 0.433686
    outer loop
      vertex 37.7063 71.3178 26.0422
      vertex 24.466 169.498 141.632
      vertex 21.9084 166.575 143.68
    endloop
  endfacet
  facet normal 0.928608 -0.214685 0.30265
    outer loop
      vertex 33.2614 64.5058 30.812
      vertex 15.7077 157.072 150.333
      vertex 14.161 153.706 152.691
    endloop
  endfacet
  facet normal 0.903744 -0.26386 0.337083
    outer loop
      vertex 33.2614 64.5058 30.812
      vertex 17.5198 160.348 148.039
      vertex 15.7077 157.072 150.333
    endloop
  endfacet
  facet normal -0.000326781 0.573264 0.819371
    outer loop
      vertex 45.9855 19.8042 62.1124
      vertex 48.4186 18.1686 63.2577
      vertex 43.6882 21.5668 60.8783
    endloop
  endfacet
  facet normal 0.577921 0.732214 -0.360375
    outer loop
      vertex 40.4212 90.3359 197.063
      vertex 48.4186 18.1686 63.2577
      vertex 36.8521 92.4309 195.596
    endloop
  endfacet
  facet normal 0.523946 0.761757 -0.381061
    outer loop
      vertex 52.3152 25.5803 83.9676
      vertex 40.4212 90.3359 197.063
      vertex 44.15 88.4365 198.393
    endloop
  endfacet
  facet normal 0.523844 0.761807 -0.3811
    outer loop
      vertex 40.4212 90.3359 197.063
      vertex 52.3152 25.5803 83.9676
      vertex 51.7879 25.8664 83.8147
    endloop
  endfacet
  facet normal 0.629421 0.699844 -0.337709
    outer loop
      vertex 36.8521 92.4309 195.596
      vertex 48.4186 18.1686 63.2577
      vertex 45.9855 19.8042 62.1124
    endloop
  endfacet
  facet normal -0.928669 -0.214551 0.302559
    outer loop
      vertex 123.247 62.0927 32.5017
      vertex 141.239 153.706 152.691
      vertex 122.139 64.5058 30.812
    endloop
  endfacet
  facet normal 0.000244292 0.573658 0.819095
    outer loop
      vertex 123.247 62.0927 32.5017
      vertex 122.139 64.5058 30.812
      vertex 120.84 66.8543 29.1676
    endloop
  endfacet
  facet normal 0.0324636 -0.740745 0.671001
    outer loop
      vertex 74.5237 91.2434 16.6
      vertex 77.5904 91.3778 16.6
      vertex 73.3114 190.885 126.657
    endloop
  endfacet
  facet normal 0.0972592 -0.737266 0.668565
    outer loop
      vertex 74.5237 91.2434 16.6
      vertex 73.3114 190.885 126.657
      vertex 71.465 90.8399 16.6
    endloop
  endfacet
  facet normal 1.40757e-05 0.573556 0.819167
    outer loop
      vertex 59.2929 85.8296 15.8809
      vertex 56.4259 84.7655 16.626
      vertex 45.9855 79.051 20.6273
    endloop
  endfacet
  facet normal -2.0574e-05 0.573598 0.819137
    outer loop
      vertex 56.4259 84.7655 16.626
      vertex 50.9771 82.1885 18.4304
      vertex 45.9855 79.051 20.6273
    endloop
  endfacet
  facet normal -6.56554e-05 0.573616 0.819124
    outer loop
      vertex 39.5397 73.4136 24.5747
      vertex 37.7063 71.3178 26.0422
      vertex 36.0442 69.1282 27.5754
    endloop
  endfacet
  facet normal 0.806494 -0.40184 0.433697
    outer loop
      vertex 24.466 169.498 141.632
      vertex 37.7063 71.3178 26.0422
      vertex 39.5397 73.4136 24.5747
    endloop
  endfacet
  facet normal -0.000245049 0.573659 0.819094
    outer loop
      vertex 34.5604 66.8543 29.1676
      vertex 33.2614 64.5058 30.812
      vertex 32.1527 62.0927 32.5017
    endloop
  endfacet
  facet normal 0.903745 -0.263857 0.337081
    outer loop
      vertex 33.2614 64.5058 30.812
      vertex 34.5604 66.8543 29.1676
      vertex 17.5198 160.348 148.039
    endloop
  endfacet
  facet normal 0.678257 0.664761 -0.313145
    outer loop
      vertex 30.2531 97.1715 192.276
      vertex 45.9855 19.8042 62.1124
      vertex 43.6882 21.5668 60.8783
    endloop
  endfacet
  facet normal 0.724149 0.627168 -0.286823
    outer loop
      vertex 30.2531 97.1715 192.276
      vertex 43.6882 21.5668 60.8783
      vertex 41.5365 23.4486 59.5606
    endloop
  endfacet
  facet normal 0.0971821 -0.737271 0.668571
    outer loop
      vertex 71.3649 90.8267 16.6
      vertex 73.3114 190.885 126.657
      vertex 68.9417 190.533 126.904
    endloop
  endfacet
  facet normal 0.0972222 -0.737268 0.668568
    outer loop
      vertex 73.3114 190.885 126.657
      vertex 71.3649 90.8267 16.6
      vertex 71.465 90.8399 16.6
    endloop
  endfacet
  facet normal -0.290347 0.956921 0
    outer loop
      vertex 81.5894 77.9446 2.6
      vertex 80.8317 77.7147 16.6
      vertex 81.5894 77.9446 16.6
    endloop
  endfacet
  facet normal -0.290347 0.956921 0
    outer loop
      vertex 80.8317 77.7147 16.6
      vertex 81.5894 77.9446 2.6
      vertex 80.8317 77.7147 2.6
    endloop
  endfacet
  facet normal -0.995186 -0.0980031 0
    outer loop
      vertex 89.7741 90.1938 2.6
      vertex 89.6965 90.9818 16.6
      vertex 89.6965 90.9818 2.6
    endloop
  endfacet
  facet normal -0.995186 -0.0980031 0
    outer loop
      vertex 89.6965 90.9818 16.6
      vertex 89.7741 90.1938 2.6
      vertex 89.7741 90.1938 16.6
    endloop
  endfacet
  facet normal -0.999465 -0.0327093 0
    outer loop
      vertex 89.8 89.4024 2.6
      vertex 89.7741 90.1938 16.6
      vertex 89.7741 90.1938 2.6
    endloop
  endfacet
  facet normal -0.999465 -0.0327093 0
    outer loop
      vertex 89.7741 90.1938 16.6
      vertex 89.8 89.4024 2.6
      vertex 89.8 89.4024 16.6
    endloop
  endfacet
  facet normal 0.352217 0.935919 -0
    outer loop
      vertex 73.8106 77.9446 2.6
      vertex 73.0695 78.2235 16.6
      vertex 73.8106 77.9446 16.6
    endloop
  endfacet
  facet normal 0.352217 0.935919 0
    outer loop
      vertex 73.0695 78.2235 16.6
      vertex 73.8106 77.9446 2.6
      vertex 73.0695 78.2235 2.6
    endloop
  endfacet
  facet normal 0.227321 -0.97382 0
    outer loop
      vertex 74.5683 101.09 2.6
      vertex 75.3394 101.27 16.6
      vertex 74.5683 101.09 16.6
    endloop
  endfacet
  facet normal 0.227321 -0.97382 0
    outer loop
      vertex 75.3394 101.27 16.6
      vertex 74.5683 101.09 2.6
      vertex 75.3394 101.27 2.6
    endloop
  endfacet
  facet normal 0.290347 0.956921 -0
    outer loop
      vertex 74.5683 77.7147 2.6
      vertex 73.8106 77.9446 16.6
      vertex 74.5683 77.7147 16.6
    endloop
  endfacet
  facet normal 0.290347 0.956921 0
    outer loop
      vertex 73.8106 77.9446 16.6
      vertex 74.5683 77.7147 2.6
      vertex 73.8106 77.9446 2.6
    endloop
  endfacet
  facet normal -0.528045 -0.849216 0
    outer loop
      vertex 83.75 99.8813 2.6
      vertex 84.4224 99.4632 16.6
      vertex 83.75 99.8813 16.6
    endloop
  endfacet
  facet normal -0.528045 -0.849216 -0
    outer loop
      vertex 84.4224 99.4632 16.6
      vertex 83.75 99.8813 2.6
      vertex 84.4224 99.4632 2.6
    endloop
  endfacet
  facet normal 0.995185 0.0980154 0
    outer loop
      vertex 65.7035 87.8231 14.9349
      vertex 65.6259 88.611 2.6
      vertex 65.6259 88.611 15.8258
    endloop
  endfacet
  facet normal 0.995185 0.0980154 0
    outer loop
      vertex 65.6259 88.611 2.6
      vertex 65.7035 87.8231 14.9349
      vertex 65.7035 87.8231 2.6
    endloop
  endfacet
  facet normal -0.881895 -0.471447 0
    outer loop
      vertex 88.5522 94.7541 2.6
      vertex 88.1789 95.4524 16.6
      vertex 88.1789 95.4524 2.6
    endloop
  endfacet
  facet normal -0.881895 -0.471447 0
    outer loop
      vertex 88.1789 95.4524 16.6
      vertex 88.5522 94.7541 2.6
      vertex 88.5522 94.7541 16.6
    endloop
  endfacet
  facet normal 0.63444 0.772972 -0
    outer loop
      vertex 70.334 79.8028 2.6
      vertex 69.7219 80.3052 16.6
      vertex 70.334 79.8028 16.6
    endloop
  endfacet
  facet normal 0.63444 0.772972 0
    outer loop
      vertex 69.7219 80.3052 16.6
      vertex 70.334 79.8028 2.6
      vertex 69.7219 80.3052 2.6
    endloop
  endfacet
  facet normal 0.227082 0.973876 -0
    outer loop
      vertex 75.3394 77.5349 2.6
      vertex 74.5683 77.7147 16.6
      vertex 75.3394 77.5349 16.6
    endloop
  endfacet
  facet normal 0.227082 0.973876 0
    outer loop
      vertex 74.5683 77.7147 16.6
      vertex 75.3394 77.5349 2.6
      vertex 74.5683 77.7147 2.6
    endloop
  endfacet
  facet normal -0.0315738 -0.999501 0
    outer loop
      vertex 77.7 101.502 2.6
      vertex 78.4914 101.477 16.6
      vertex 77.7 101.502 16.6
    endloop
  endfacet
  facet normal -0.0315738 -0.999501 -0
    outer loop
      vertex 78.4914 101.477 16.6
      vertex 77.7 101.502 2.6
      vertex 78.4914 101.477 2.6
    endloop
  endfacet
  facet normal -0.634365 -0.773034 0
    outer loop
      vertex 85.066 99.002 2.6
      vertex 85.6781 98.4997 16.6
      vertex 85.066 99.002 16.6
    endloop
  endfacet
  facet normal -0.634365 -0.773034 -0
    outer loop
      vertex 85.6781 98.4997 16.6
      vertex 85.066 99.002 2.6
      vertex 85.6781 98.4997 2.6
    endloop
  endfacet
  facet normal 0.995186 -0.0980031 0
    outer loop
      vertex 65.6259 90.1938 16.6
      vertex 65.7035 90.9818 2.6
      vertex 65.7035 90.9818 16.6
    endloop
  endfacet
  facet normal 0.995186 -0.0980031 0
    outer loop
      vertex 65.7035 90.9818 2.6
      vertex 65.6259 90.1938 16.6
      vertex 65.6259 90.1938 2.6
    endloop
  endfacet
  facet normal -0.910898 -0.412632 0
    outer loop
      vertex 88.8789 94.0329 2.6
      vertex 88.5522 94.7541 16.6
      vertex 88.5522 94.7541 2.6
    endloop
  endfacet
  facet normal -0.910898 -0.412632 0
    outer loop
      vertex 88.5522 94.7541 16.6
      vertex 88.8789 94.0329 2.6
      vertex 88.8789 94.0329 16.6
    endloop
  endfacet
  facet normal -0.849216 -0.528045 0
    outer loop
      vertex 88.1789 95.4524 2.6
      vertex 87.7608 96.1248 16.6
      vertex 87.7608 96.1248 2.6
    endloop
  endfacet
  facet normal -0.849216 -0.528045 0
    outer loop
      vertex 87.7608 96.1248 16.6
      vertex 88.1789 95.4524 2.6
      vertex 88.1789 95.4524 16.6
    endloop
  endfacet
  facet normal -0.227082 0.973876 0
    outer loop
      vertex 80.8317 77.7147 2.6
      vertex 80.0606 77.5349 16.6
      vertex 80.8317 77.7147 16.6
    endloop
  endfacet
  facet normal -0.227082 0.973876 0
    outer loop
      vertex 80.0606 77.5349 16.6
      vertex 80.8317 77.7147 2.6
      vertex 80.0606 77.5349 2.6
    endloop
  endfacet
  facet normal -0.995185 0.0980154 0
    outer loop
      vertex 89.6965 87.8231 14.9349
      vertex 89.7741 88.611 2.6
      vertex 89.6965 87.8231 2.6
    endloop
  endfacet
  facet normal -0.995185 0.0980154 0
    outer loop
      vertex 89.7741 88.611 2.6
      vertex 89.6965 87.8231 14.9349
      vertex 89.7741 88.611 15.8258
    endloop
  endfacet
  facet normal 0.0315738 -0.999501 0
    outer loop
      vertex 76.9086 101.477 2.6
      vertex 77.7 101.502 16.6
      vertex 76.9086 101.477 16.6
    endloop
  endfacet
  facet normal 0.0315738 -0.999501 0
    outer loop
      vertex 77.7 101.502 16.6
      vertex 76.9086 101.477 2.6
      vertex 77.7 101.502 2.6
    endloop
  endfacet
  facet normal 0.411898 -0.91123 0
    outer loop
      vertex 72.3483 100.255 2.6
      vertex 73.0695 100.581 16.6
      vertex 72.3483 100.255 16.6
    endloop
  endfacet
  facet normal 0.411898 -0.91123 0
    outer loop
      vertex 73.0695 100.581 16.6
      vertex 72.3483 100.255 2.6
      vertex 73.0695 100.581 2.6
    endloop
  endfacet
  facet normal -0.999465 0.0327093 0
    outer loop
      vertex 89.7741 88.611 15.8258
      vertex 89.8 89.4024 16.6
      vertex 89.8 89.4024 2.6
    endloop
  endfacet
  facet normal -0.999465 0.0327093 0
    outer loop
      vertex 89.7741 88.611 15.8258
      vertex 89.8 89.4024 2.6
      vertex 89.7741 88.611 2.6
    endloop
  endfacet
  facet normal -0.999476 0.0323804 0.000336547
    outer loop
      vertex 89.8 89.4024 16.6
      vertex 89.7741 88.611 15.8258
      vertex 89.797 89.3098 16.6
    endloop
  endfacet
  facet normal -0.412737 0.91085 0
    outer loop
      vertex 83.0517 78.5503 2.6
      vertex 82.3305 78.2235 16.6
      vertex 83.0517 78.5503 16.6
    endloop
  endfacet
  facet normal -0.412737 0.91085 0
    outer loop
      vertex 82.3305 78.2235 16.6
      vertex 83.0517 78.5503 2.6
      vertex 82.3305 78.2235 2.6
    endloop
  endfacet
  facet normal 0.634365 -0.773034 0
    outer loop
      vertex 69.7219 98.4997 2.6
      vertex 70.334 99.002 16.6
      vertex 69.7219 98.4997 16.6
    endloop
  endfacet
  facet normal 0.634365 -0.773034 0
    outer loop
      vertex 70.334 99.002 16.6
      vertex 69.7219 98.4997 2.6
      vertex 70.334 99.002 2.6
    endloop
  endfacet
  facet normal 0.986624 0.163014 0
    outer loop
      vertex 65.7436 87.5804 14.655
      vertex 65.7035 87.8231 2.6
      vertex 65.7035 87.8231 14.9349
    endloop
  endfacet
  facet normal 0.986584 0.163255 -1.83971e-05
    outer loop
      vertex 65.8325 87.0418 2.6
      vertex 65.7436 87.5804 14.655
      vertex 65.7553 87.5097 14.7045
    endloop
  endfacet
  facet normal 0.98672 0.162433 1.42404e-05
    outer loop
      vertex 65.8325 87.0418 2.6
      vertex 65.7553 87.5097 14.7045
      vertex 65.7713 87.4125 14.7726
    endloop
  endfacet
  facet normal 0.986645 0.162888 -0
    outer loop
      vertex 65.8325 87.0418 2.6
      vertex 65.7713 87.4125 14.7726
      vertex 65.8325 87.0418 15.0321
    endloop
  endfacet
  facet normal 0.986642 0.162904 -2.2868e-06
    outer loop
      vertex 65.7436 87.5804 14.655
      vertex 65.8325 87.0418 2.6
      vertex 65.7035 87.8231 2.6
    endloop
  endfacet
  facet normal 0.956956 -0.290232 0
    outer loop
      vertex 66.0123 92.5341 16.6
      vertex 66.2421 93.2918 2.6
      vertex 66.2421 93.2918 16.6
    endloop
  endfacet
  facet normal 0.956956 -0.290232 0
    outer loop
      vertex 66.2421 93.2918 2.6
      vertex 66.0123 92.5341 16.6
      vertex 66.0123 92.5341 2.6
    endloop
  endfacet
  facet normal -0.352327 -0.935877 0
    outer loop
      vertex 81.5894 100.86 2.6
      vertex 82.3305 100.581 16.6
      vertex 81.5894 100.86 16.6
    endloop
  endfacet
  facet normal -0.352327 -0.935877 -0
    outer loop
      vertex 82.3305 100.581 16.6
      vertex 81.5894 100.86 2.6
      vertex 82.3305 100.581 2.6
    endloop
  endfacet
  facet normal 0.0985034 -0.995137 0
    outer loop
      vertex 76.1206 101.399 2.6
      vertex 76.9086 101.477 16.6
      vertex 76.1206 101.399 16.6
    endloop
  endfacet
  facet normal 0.0985034 -0.995137 0
    outer loop
      vertex 76.9086 101.477 16.6
      vertex 76.1206 101.399 2.6
      vertex 76.9086 101.477 2.6
    endloop
  endfacet
  facet normal -0.683618 -0.72984 0
    outer loop
      vertex 85.6781 98.4997 2.6
      vertex 86.256 97.9584 16.6
      vertex 85.6781 98.4997 16.6
    endloop
  endfacet
  facet normal -0.683618 -0.72984 -0
    outer loop
      vertex 86.256 97.9584 16.6
      vertex 85.6781 98.4997 2.6
      vertex 86.256 97.9584 2.6
    endloop
  endfacet
  facet normal -0.0985034 -0.995137 0
    outer loop
      vertex 78.4914 101.477 2.6
      vertex 79.2794 101.399 16.6
      vertex 78.4914 101.477 16.6
    endloop
  endfacet
  facet normal -0.0985034 -0.995137 -0
    outer loop
      vertex 79.2794 101.399 16.6
      vertex 78.4914 101.477 2.6
      vertex 79.2794 101.399 2.6
    endloop
  endfacet
  facet normal -0.471839 -0.881684 0
    outer loop
      vertex 83.0517 100.255 2.6
      vertex 83.75 99.8813 16.6
      vertex 83.0517 100.255 16.6
    endloop
  endfacet
  facet normal -0.471839 -0.881684 -0
    outer loop
      vertex 83.75 99.8813 16.6
      vertex 83.0517 100.255 2.6
      vertex 83.75 99.8813 2.6
    endloop
  endfacet
  facet normal 0.683618 -0.72984 0
    outer loop
      vertex 69.144 97.9584 2.6
      vertex 69.7219 98.4997 16.6
      vertex 69.144 97.9584 16.6
    endloop
  endfacet
  facet normal 0.683618 -0.72984 0
    outer loop
      vertex 69.7219 98.4997 16.6
      vertex 69.144 97.9584 2.6
      vertex 69.7219 98.4997 2.6
    endloop
  endfacet
  facet normal 0.935448 0.353459 0.00185617
    outer loop
      vertex 66.5211 84.772 16.6
      vertex 66.2421 85.513 16.1026
      vertex 66.5095 84.8027 16.6
    endloop
  endfacet
  facet normal 0.935861 0.352369 0
    outer loop
      vertex 66.2421 85.513 16.1026
      vertex 66.5211 84.772 16.6
      vertex 66.5211 84.772 2.6
    endloop
  endfacet
  facet normal 0.935861 0.352369 0
    outer loop
      vertex 66.2421 85.513 16.1026
      vertex 66.5211 84.772 2.6
      vertex 66.2421 85.513 2.6
    endloop
  endfacet
  facet normal -0.812845 -0.58248 0
    outer loop
      vertex 87.7608 96.1248 2.6
      vertex 87.2996 96.7684 16.6
      vertex 87.2996 96.7684 2.6
    endloop
  endfacet
  facet normal -0.812845 -0.58248 0
    outer loop
      vertex 87.2996 96.7684 16.6
      vertex 87.7608 96.1248 2.6
      vertex 87.7608 96.1248 16.6
    endloop
  endfacet
  facet normal 0.72984 -0.683618 0
    outer loop
      vertex 68.6027 97.3805 16.6
      vertex 69.144 97.9584 2.6
      vertex 69.144 97.9584 16.6
    endloop
  endfacet
  facet normal 0.72984 -0.683618 0
    outer loop
      vertex 69.144 97.9584 2.6
      vertex 68.6027 97.3805 16.6
      vertex 68.6027 97.3805 2.6
    endloop
  endfacet
  facet normal -0.849216 0.528045 0
    outer loop
      vertex 87.7608 82.68 2.6
      vertex 88.1789 83.3524 16.6
      vertex 88.1789 83.3524 2.6
    endloop
  endfacet
  facet normal -0.849216 0.528045 0
    outer loop
      vertex 88.1789 83.3524 16.6
      vertex 87.7608 82.68 2.6
      vertex 87.7608 82.68 16.6
    endloop
  endfacet
  facet normal 0.352327 -0.935877 0
    outer loop
      vertex 73.0695 100.581 2.6
      vertex 73.8106 100.86 16.6
      vertex 73.0695 100.581 16.6
    endloop
  endfacet
  facet normal 0.352327 -0.935877 0
    outer loop
      vertex 73.8106 100.86 16.6
      vertex 73.0695 100.581 2.6
      vertex 73.8106 100.86 2.6
    endloop
  endfacet
  facet normal 0 0 1
    outer loop
      vertex 84.8 89.4024 2.6
      vertex 89.8 89.4024 2.6
      vertex 89.7741 90.1938 2.6
    endloop
  endfacet
  facet normal 0 0 1
    outer loop
      vertex 84.7848 89.8668 2.6
      vertex 89.7741 90.1938 2.6
      vertex 89.6965 90.9818 2.6
    endloop
  endfacet
  facet normal 0 0 1
    outer loop
      vertex 89.8 89.4024 2.6
      vertex 84.8 89.4024 2.6
      vertex 89.7741 88.611 2.6
    endloop
  endfacet
  facet normal 0 0 1
    outer loop
      vertex 84.7393 90.3292 2.6
      vertex 89.6965 90.9818 2.6
      vertex 89.5675 91.763 2.6
    endloop
  endfacet
  facet normal -0 0 1
    outer loop
      vertex 84.7848 88.9381 2.6
      vertex 89.7741 88.611 2.6
      vertex 84.8 89.4024 2.6
    endloop
  endfacet
  facet normal 0 0 1
    outer loop
      vertex 84.6636 90.7876 2.6
      vertex 89.5675 91.763 2.6
      vertex 89.3877 92.5341 2.6
    endloop
  endfacet
  facet normal 0 0 1
    outer loop
      vertex 89.7741 88.611 2.6
      vertex 84.7848 88.9381 2.6
      vertex 89.6965 87.8231 2.6
    endloop
  endfacet
  facet normal 0 0 1
    outer loop
      vertex 84.5581 91.24 2.6
      vertex 89.3877 92.5341 2.6
      vertex 89.1579 93.2918 2.6
    endloop
  endfacet
  facet normal -0 0 1
    outer loop
      vertex 84.7393 88.4757 2.6
      vertex 89.6965 87.8231 2.6
      vertex 84.7848 88.9381 2.6
    endloop
  endfacet
  facet normal 0 0 1
    outer loop
      vertex 84.4232 91.6846 2.6
      vertex 89.1579 93.2918 2.6
      vertex 88.8789 94.0329 2.6
    endloop
  endfacet
  facet normal 0 0 1
    outer loop
      vertex 89.6965 87.8231 2.6
      vertex 84.7393 88.4757 2.6
      vertex 89.5675 87.0418 2.6
    endloop
  endfacet
  facet normal 0 0 1
    outer loop
      vertex 84.2595 92.1195 2.6
      vertex 88.8789 94.0329 2.6
      vertex 88.5522 94.7541 2.6
    endloop
  endfacet
  facet normal -0 0 1
    outer loop
      vertex 84.6636 88.0173 2.6
      vertex 89.5675 87.0418 2.6
      vertex 84.7393 88.4757 2.6
    endloop
  endfacet
  facet normal 0 0 1
    outer loop
      vertex 84.0678 92.5427 2.6
      vertex 88.5522 94.7541 2.6
      vertex 88.1789 95.4524 2.6
    endloop
  endfacet
  facet normal 0 0 1
    outer loop
      vertex 89.5675 87.0418 2.6
      vertex 84.6636 88.0173 2.6
      vertex 89.3877 86.2707 2.6
    endloop
  endfacet
  facet normal 0 0 1
    outer loop
      vertex 83.8488 92.9524 2.6
      vertex 88.1789 95.4524 2.6
      vertex 87.7608 96.1248 2.6
    endloop
  endfacet
  facet normal -0 0 1
    outer loop
      vertex 84.5581 87.5648 2.6
      vertex 89.3877 86.2707 2.6
      vertex 84.6636 88.0173 2.6
    endloop
  endfacet
  facet normal 0 0 1
    outer loop
      vertex 83.6034 93.347 2.6
      vertex 87.7608 96.1248 2.6
      vertex 87.2996 96.7684 2.6
    endloop
  endfacet
  facet normal 0 0 1
    outer loop
      vertex 89.3877 86.2707 2.6
      vertex 84.5581 87.5648 2.6
      vertex 89.1579 85.513 2.6
    endloop
  endfacet
  facet normal 0 0 1
    outer loop
      vertex 83.3328 93.7246 2.6
      vertex 87.2996 96.7684 2.6
      vertex 86.7973 97.3805 2.6
    endloop
  endfacet
  facet normal -0 0 1
    outer loop
      vertex 84.4232 87.1202 2.6
      vertex 89.1579 85.513 2.6
      vertex 84.5581 87.5648 2.6
    endloop
  endfacet
  facet normal 0 0 1
    outer loop
      vertex 83.0381 94.0838 2.6
      vertex 86.7973 97.3805 2.6
      vertex 86.256 97.9584 2.6
    endloop
  endfacet
  facet normal 0 0 1
    outer loop
      vertex 89.1579 85.513 2.6
      vertex 84.4232 87.1202 2.6
      vertex 88.8789 84.772 2.6
    endloop
  endfacet
  facet normal 0 0 1
    outer loop
      vertex 82.7205 94.4229 2.6
      vertex 86.256 97.9584 2.6
      vertex 85.6781 98.4997 2.6
    endloop
  endfacet
  facet normal -0 0 1
    outer loop
      vertex 84.2595 86.6854 2.6
      vertex 88.8789 84.772 2.6
      vertex 84.4232 87.1202 2.6
    endloop
  endfacet
  facet normal 0 0 1
    outer loop
      vertex 82.3814 94.7405 2.6
      vertex 85.6781 98.4997 2.6
      vertex 85.066 99.002 2.6
    endloop
  endfacet
  facet normal 0 0 1
    outer loop
      vertex 88.8789 84.772 2.6
      vertex 84.2595 86.6854 2.6
      vertex 88.5522 84.0507 2.6
    endloop
  endfacet
  facet normal -0 0 1
    outer loop
      vertex 84.0678 86.2622 2.6
      vertex 88.5522 84.0507 2.6
      vertex 84.2595 86.6854 2.6
    endloop
  endfacet
  facet normal 0 0 1
    outer loop
      vertex 89.7741 90.1938 2.6
      vertex 84.7848 89.8668 2.6
      vertex 84.8 89.4024 2.6
    endloop
  endfacet
  facet normal 0 0 1
    outer loop
      vertex 89.6965 90.9818 2.6
      vertex 84.7393 90.3292 2.6
      vertex 84.7848 89.8668 2.6
    endloop
  endfacet
  facet normal 0 0 1
    outer loop
      vertex 89.5675 91.763 2.6
      vertex 84.6636 90.7876 2.6
      vertex 84.7393 90.3292 2.6
    endloop
  endfacet
  facet normal 0 0 1
    outer loop
      vertex 89.3877 92.5341 2.6
      vertex 84.5581 91.24 2.6
      vertex 84.6636 90.7876 2.6
    endloop
  endfacet
  facet normal 0 0 1
    outer loop
      vertex 89.1579 93.2918 2.6
      vertex 84.4232 91.6846 2.6
      vertex 84.5581 91.24 2.6
    endloop
  endfacet
  facet normal 0 0 1
    outer loop
      vertex 82.0222 95.0352 2.6
      vertex 85.066 99.002 2.6
      vertex 84.4224 99.4632 2.6
    endloop
  endfacet
  facet normal 0 0 1
    outer loop
      vertex 88.8789 94.0329 2.6
      vertex 84.2595 92.1195 2.6
      vertex 84.4232 91.6846 2.6
    endloop
  endfacet
  facet normal 0 0 1
    outer loop
      vertex 88.5522 94.7541 2.6
      vertex 84.0678 92.5427 2.6
      vertex 84.2595 92.1195 2.6
    endloop
  endfacet
  facet normal 0 0 1
    outer loop
      vertex 88.1789 95.4524 2.6
      vertex 83.8488 92.9524 2.6
      vertex 84.0678 92.5427 2.6
    endloop
  endfacet
  facet normal 0 0 1
    outer loop
      vertex 81.6445 95.3059 2.6
      vertex 84.4224 99.4632 2.6
      vertex 83.75 99.8813 2.6
    endloop
  endfacet
  facet normal 0 0 1
    outer loop
      vertex 87.7608 96.1248 2.6
      vertex 83.6034 93.347 2.6
      vertex 83.8488 92.9524 2.6
    endloop
  endfacet
  facet normal 0 0 1
    outer loop
      vertex 87.2996 96.7684 2.6
      vertex 83.3328 93.7246 2.6
      vertex 83.6034 93.347 2.6
    endloop
  endfacet
  facet normal 0 0 1
    outer loop
      vertex 81.25 95.5512 2.6
      vertex 83.75 99.8813 2.6
      vertex 83.0517 100.255 2.6
    endloop
  endfacet
  facet normal 0 0 1
    outer loop
      vertex 86.7973 97.3805 2.6
      vertex 83.0381 94.0838 2.6
      vertex 83.3328 93.7246 2.6
    endloop
  endfacet
  facet normal 0 0 1
    outer loop
      vertex 86.256 97.9584 2.6
      vertex 82.7205 94.4229 2.6
      vertex 83.0381 94.0838 2.6
    endloop
  endfacet
  facet normal 0 0 1
    outer loop
      vertex 85.6781 98.4997 2.6
      vertex 82.3814 94.7405 2.6
      vertex 82.7205 94.4229 2.6
    endloop
  endfacet
  facet normal 0 0 1
    outer loop
      vertex 80.8402 95.7702 2.6
      vertex 83.0517 100.255 2.6
      vertex 82.3305 100.581 2.6
    endloop
  endfacet
  facet normal 0 0 1
    outer loop
      vertex 85.066 99.002 2.6
      vertex 82.0222 95.0352 2.6
      vertex 82.3814 94.7405 2.6
    endloop
  endfacet
  facet normal 0 0 1
    outer loop
      vertex 84.4224 99.4632 2.6
      vertex 81.6445 95.3059 2.6
      vertex 82.0222 95.0352 2.6
    endloop
  endfacet
  facet normal 0 0 1
    outer loop
      vertex 80.4171 95.962 2.6
      vertex 82.3305 100.581 2.6
      vertex 81.5894 100.86 2.6
    endloop
  endfacet
  facet normal 0 0 1
    outer loop
      vertex 83.75 99.8813 2.6
      vertex 81.25 95.5512 2.6
      vertex 81.6445 95.3059 2.6
    endloop
  endfacet
  facet normal 0 0 1
    outer loop
      vertex 83.0517 100.255 2.6
      vertex 80.8402 95.7702 2.6
      vertex 81.25 95.5512 2.6
    endloop
  endfacet
  facet normal 0 0 1
    outer loop
      vertex 79.9822 96.1256 2.6
      vertex 81.5894 100.86 2.6
      vertex 80.8317 101.09 2.6
    endloop
  endfacet
  facet normal 0 0 1
    outer loop
      vertex 82.3305 100.581 2.6
      vertex 80.4171 95.962 2.6
      vertex 80.8402 95.7702 2.6
    endloop
  endfacet
  facet normal 0 0 1
    outer loop
      vertex 79.5376 96.2605 2.6
      vertex 80.8317 101.09 2.6
      vertex 80.0606 101.27 2.6
    endloop
  endfacet
  facet normal 0 0 1
    outer loop
      vertex 81.5894 100.86 2.6
      vertex 79.9822 96.1256 2.6
      vertex 80.4171 95.962 2.6
    endloop
  endfacet
  facet normal 0 0 1
    outer loop
      vertex 80.8317 101.09 2.6
      vertex 79.5376 96.2605 2.6
      vertex 79.9822 96.1256 2.6
    endloop
  endfacet
  facet normal 0 0 1
    outer loop
      vertex 79.0851 96.366 2.6
      vertex 80.0606 101.27 2.6
      vertex 79.2794 101.399 2.6
    endloop
  endfacet
  facet normal 0 0 1
    outer loop
      vertex 80.0606 101.27 2.6
      vertex 79.0851 96.366 2.6
      vertex 79.5376 96.2605 2.6
    endloop
  endfacet
  facet normal 0 0 1
    outer loop
      vertex 79.2794 101.399 2.6
      vertex 78.6267 96.4417 2.6
      vertex 79.0851 96.366 2.6
    endloop
  endfacet
  facet normal 0 0 1
    outer loop
      vertex 78.4914 101.477 2.6
      vertex 78.6267 96.4417 2.6
      vertex 79.2794 101.399 2.6
    endloop
  endfacet
  facet normal 0 0 1
    outer loop
      vertex 78.4914 101.477 2.6
      vertex 78.1644 96.4872 2.6
      vertex 78.6267 96.4417 2.6
    endloop
  endfacet
  facet normal 0 0 1
    outer loop
      vertex 77.7 101.502 2.6
      vertex 78.1644 96.4872 2.6
      vertex 78.4914 101.477 2.6
    endloop
  endfacet
  facet normal 0 0 1
    outer loop
      vertex 77.7 101.502 2.6
      vertex 77.7 96.5024 2.6
      vertex 78.1644 96.4872 2.6
    endloop
  endfacet
  facet normal 0 0 1
    outer loop
      vertex 77.7 101.502 2.6
      vertex 77.2356 96.4872 2.6
      vertex 77.7 96.5024 2.6
    endloop
  endfacet
  facet normal -0 0 1
    outer loop
      vertex 76.9086 101.477 2.6
      vertex 77.2356 96.4872 2.6
      vertex 77.7 101.502 2.6
    endloop
  endfacet
  facet normal 0 0 1
    outer loop
      vertex 76.9086 101.477 2.6
      vertex 76.7733 96.4417 2.6
      vertex 77.2356 96.4872 2.6
    endloop
  endfacet
  facet normal -0 0 1
    outer loop
      vertex 76.1206 101.399 2.6
      vertex 76.7733 96.4417 2.6
      vertex 76.9086 101.477 2.6
    endloop
  endfacet
  facet normal 0 0 1
    outer loop
      vertex 76.7733 96.4417 2.6
      vertex 76.1206 101.399 2.6
      vertex 76.3149 96.366 2.6
    endloop
  endfacet
  facet normal -0 0 1
    outer loop
      vertex 75.3394 101.27 2.6
      vertex 76.3149 96.366 2.6
      vertex 76.1206 101.399 2.6
    endloop
  endfacet
  facet normal 0 0 1
    outer loop
      vertex 76.3149 96.366 2.6
      vertex 75.3394 101.27 2.6
      vertex 75.8624 96.2605 2.6
    endloop
  endfacet
  facet normal -0 0 1
    outer loop
      vertex 74.5683 101.09 2.6
      vertex 75.8624 96.2605 2.6
      vertex 75.3394 101.27 2.6
    endloop
  endfacet
  facet normal 0 0 1
    outer loop
      vertex 75.8624 96.2605 2.6
      vertex 74.5683 101.09 2.6
      vertex 75.4178 96.1256 2.6
    endloop
  endfacet
  facet normal -0 0 1
    outer loop
      vertex 73.8106 100.86 2.6
      vertex 75.4178 96.1256 2.6
      vertex 74.5683 101.09 2.6
    endloop
  endfacet
  facet normal 0 0 1
    outer loop
      vertex 75.4178 96.1256 2.6
      vertex 73.8106 100.86 2.6
      vertex 74.9829 95.962 2.6
    endloop
  endfacet
  facet normal -0 0 1
    outer loop
      vertex 73.0695 100.581 2.6
      vertex 74.9829 95.962 2.6
      vertex 73.8106 100.86 2.6
    endloop
  endfacet
  facet normal 0 0 1
    outer loop
      vertex 74.9829 95.962 2.6
      vertex 73.0695 100.581 2.6
      vertex 74.5598 95.7702 2.6
    endloop
  endfacet
  facet normal -0 0 1
    outer loop
      vertex 72.3483 100.255 2.6
      vertex 74.5598 95.7702 2.6
      vertex 73.0695 100.581 2.6
    endloop
  endfacet
  facet normal 0 0 1
    outer loop
      vertex 74.5598 95.7702 2.6
      vertex 72.3483 100.255 2.6
      vertex 74.15 95.5512 2.6
    endloop
  endfacet
  facet normal -0 0 1
    outer loop
      vertex 71.65 99.8813 2.6
      vertex 74.15 95.5512 2.6
      vertex 72.3483 100.255 2.6
    endloop
  endfacet
  facet normal 0 0 1
    outer loop
      vertex 74.15 95.5512 2.6
      vertex 71.65 99.8813 2.6
      vertex 73.7554 95.3059 2.6
    endloop
  endfacet
  facet normal -0 0 1
    outer loop
      vertex 70.9776 99.4632 2.6
      vertex 73.7554 95.3059 2.6
      vertex 71.65 99.8813 2.6
    endloop
  endfacet
  facet normal 0 0 1
    outer loop
      vertex 73.7554 95.3059 2.6
      vertex 70.9776 99.4632 2.6
      vertex 73.3778 95.0352 2.6
    endloop
  endfacet
  facet normal -0 0 1
    outer loop
      vertex 70.334 99.002 2.6
      vertex 73.3778 95.0352 2.6
      vertex 70.9776 99.4632 2.6
    endloop
  endfacet
  facet normal 0 0 1
    outer loop
      vertex 73.3778 95.0352 2.6
      vertex 70.334 99.002 2.6
      vertex 73.0186 94.7405 2.6
    endloop
  endfacet
  facet normal -0 0 1
    outer loop
      vertex 69.7219 98.4997 2.6
      vertex 73.0186 94.7405 2.6
      vertex 70.334 99.002 2.6
    endloop
  endfacet
  facet normal 0 0 1
    outer loop
      vertex 73.0186 94.7405 2.6
      vertex 69.7219 98.4997 2.6
      vertex 72.6795 94.4229 2.6
    endloop
  endfacet
  facet normal -0 0 1
    outer loop
      vertex 69.144 97.9584 2.6
      vertex 72.6795 94.4229 2.6
      vertex 69.7219 98.4997 2.6
    endloop
  endfacet
  facet normal 0 0 1
    outer loop
      vertex 72.6795 94.4229 2.6
      vertex 69.144 97.9584 2.6
      vertex 72.3619 94.0838 2.6
    endloop
  endfacet
  facet normal -0 0 1
    outer loop
      vertex 68.6027 97.3805 2.6
      vertex 72.3619 94.0838 2.6
      vertex 69.144 97.9584 2.6
    endloop
  endfacet
  facet normal 0 0 1
    outer loop
      vertex 72.3619 94.0838 2.6
      vertex 68.6027 97.3805 2.6
      vertex 72.0672 93.7246 2.6
    endloop
  endfacet
  facet normal -0 0 1
    outer loop
      vertex 68.1004 96.7684 2.6
      vertex 72.0672 93.7246 2.6
      vertex 68.6027 97.3805 2.6
    endloop
  endfacet
  facet normal 0 0 1
    outer loop
      vertex 72.0672 93.7246 2.6
      vertex 68.1004 96.7684 2.6
      vertex 71.7966 93.347 2.6
    endloop
  endfacet
  facet normal -0 0 1
    outer loop
      vertex 67.6392 96.1248 2.6
      vertex 71.7966 93.347 2.6
      vertex 68.1004 96.7684 2.6
    endloop
  endfacet
  facet normal 0 0 1
    outer loop
      vertex 71.7966 93.347 2.6
      vertex 67.6392 96.1248 2.6
      vertex 71.5512 92.9524 2.6
    endloop
  endfacet
  facet normal -0 0 1
    outer loop
      vertex 67.2211 95.4524 2.6
      vertex 71.5512 92.9524 2.6
      vertex 67.6392 96.1248 2.6
    endloop
  endfacet
  facet normal -0 0 1
    outer loop
      vertex 66.8478 94.7541 2.6
      vertex 71.3322 92.5427 2.6
      vertex 67.2211 95.4524 2.6
    endloop
  endfacet
  facet normal 0 0 1
    outer loop
      vertex 71.5512 92.9524 2.6
      vertex 67.2211 95.4524 2.6
      vertex 71.3322 92.5427 2.6
    endloop
  endfacet
  facet normal 0 0 1
    outer loop
      vertex 88.5522 84.0507 2.6
      vertex 84.0678 86.2622 2.6
      vertex 88.1789 83.3524 2.6
    endloop
  endfacet
  facet normal -0 0 1
    outer loop
      vertex 83.8488 85.8524 2.6
      vertex 88.1789 83.3524 2.6
      vertex 84.0678 86.2622 2.6
    endloop
  endfacet
  facet normal 0 0 1
    outer loop
      vertex 88.1789 83.3524 2.6
      vertex 83.8488 85.8524 2.6
      vertex 87.7608 82.68 2.6
    endloop
  endfacet
  facet normal -0 0 1
    outer loop
      vertex 83.6034 85.4579 2.6
      vertex 87.7608 82.68 2.6
      vertex 83.8488 85.8524 2.6
    endloop
  endfacet
  facet normal 0 0 1
    outer loop
      vertex 87.7608 82.68 2.6
      vertex 83.6034 85.4579 2.6
      vertex 87.2996 82.0364 2.6
    endloop
  endfacet
  facet normal -0 0 1
    outer loop
      vertex 83.3328 85.0802 2.6
      vertex 87.2996 82.0364 2.6
      vertex 83.6034 85.4579 2.6
    endloop
  endfacet
  facet normal 0 0 1
    outer loop
      vertex 87.2996 82.0364 2.6
      vertex 83.3328 85.0802 2.6
      vertex 86.7973 81.4243 2.6
    endloop
  endfacet
  facet normal -0 0 1
    outer loop
      vertex 83.0381 84.7211 2.6
      vertex 86.7973 81.4243 2.6
      vertex 83.3328 85.0802 2.6
    endloop
  endfacet
  facet normal 0 0 1
    outer loop
      vertex 86.7973 81.4243 2.6
      vertex 83.0381 84.7211 2.6
      vertex 86.256 80.8464 2.6
    endloop
  endfacet
  facet normal -0 0 1
    outer loop
      vertex 82.7205 84.382 2.6
      vertex 86.256 80.8464 2.6
      vertex 83.0381 84.7211 2.6
    endloop
  endfacet
  facet normal 0 0 1
    outer loop
      vertex 86.256 80.8464 2.6
      vertex 82.7205 84.382 2.6
      vertex 85.6781 80.3052 2.6
    endloop
  endfacet
  facet normal -0 0 1
    outer loop
      vertex 82.3814 84.0644 2.6
      vertex 85.6781 80.3052 2.6
      vertex 82.7205 84.382 2.6
    endloop
  endfacet
  facet normal 0 0 1
    outer loop
      vertex 85.6781 80.3052 2.6
      vertex 82.3814 84.0644 2.6
      vertex 85.066 79.8028 2.6
    endloop
  endfacet
  facet normal -0 0 1
    outer loop
      vertex 82.0222 83.7696 2.6
      vertex 85.066 79.8028 2.6
      vertex 82.3814 84.0644 2.6
    endloop
  endfacet
  facet normal 0 0 1
    outer loop
      vertex 85.066 79.8028 2.6
      vertex 82.0222 83.7696 2.6
      vertex 84.4224 79.3416 2.6
    endloop
  endfacet
  facet normal -0 0 1
    outer loop
      vertex 81.6445 83.499 2.6
      vertex 84.4224 79.3416 2.6
      vertex 82.0222 83.7696 2.6
    endloop
  endfacet
  facet normal 0 0 1
    outer loop
      vertex 84.4224 79.3416 2.6
      vertex 81.6445 83.499 2.6
      vertex 83.75 78.9235 2.6
    endloop
  endfacet
  facet normal -0 0 1
    outer loop
      vertex 81.25 83.2536 2.6
      vertex 83.75 78.9235 2.6
      vertex 81.6445 83.499 2.6
    endloop
  endfacet
  facet normal 0 0 1
    outer loop
      vertex 83.75 78.9235 2.6
      vertex 81.25 83.2536 2.6
      vertex 83.0517 78.5503 2.6
    endloop
  endfacet
  facet normal -0 0 1
    outer loop
      vertex 80.8402 83.0346 2.6
      vertex 83.0517 78.5503 2.6
      vertex 81.25 83.2536 2.6
    endloop
  endfacet
  facet normal 0 0 1
    outer loop
      vertex 83.0517 78.5503 2.6
      vertex 80.8402 83.0346 2.6
      vertex 82.3305 78.2235 2.6
    endloop
  endfacet
  facet normal -0 0 1
    outer loop
      vertex 80.4171 82.8429 2.6
      vertex 82.3305 78.2235 2.6
      vertex 80.8402 83.0346 2.6
    endloop
  endfacet
  facet normal 0 0 1
    outer loop
      vertex 82.3305 78.2235 2.6
      vertex 80.4171 82.8429 2.6
      vertex 81.5894 77.9446 2.6
    endloop
  endfacet
  facet normal -0 0 1
    outer loop
      vertex 79.9822 82.6792 2.6
      vertex 81.5894 77.9446 2.6
      vertex 80.4171 82.8429 2.6
    endloop
  endfacet
  facet normal 0 0 1
    outer loop
      vertex 81.5894 77.9446 2.6
      vertex 79.9822 82.6792 2.6
      vertex 80.8317 77.7147 2.6
    endloop
  endfacet
  facet normal -0 0 1
    outer loop
      vertex 79.5376 82.5443 2.6
      vertex 80.8317 77.7147 2.6
      vertex 79.9822 82.6792 2.6
    endloop
  endfacet
  facet normal 0 0 1
    outer loop
      vertex 80.8317 77.7147 2.6
      vertex 79.5376 82.5443 2.6
      vertex 80.0606 77.5349 2.6
    endloop
  endfacet
  facet normal -0 0 1
    outer loop
      vertex 79.0851 82.4389 2.6
      vertex 80.0606 77.5349 2.6
      vertex 79.5376 82.5443 2.6
    endloop
  endfacet
  facet normal 0 0 1
    outer loop
      vertex 80.0606 77.5349 2.6
      vertex 79.0851 82.4389 2.6
      vertex 79.2794 77.4059 2.6
    endloop
  endfacet
  facet normal -0 0 1
    outer loop
      vertex 78.6267 82.3632 2.6
      vertex 79.2794 77.4059 2.6
      vertex 79.0851 82.4389 2.6
    endloop
  endfacet
  facet normal 0 0 1
    outer loop
      vertex 78.6267 82.3632 2.6
      vertex 78.4914 77.3283 2.6
      vertex 79.2794 77.4059 2.6
    endloop
  endfacet
  facet normal -0 0 1
    outer loop
      vertex 78.1644 82.3176 2.6
      vertex 78.4914 77.3283 2.6
      vertex 78.6267 82.3632 2.6
    endloop
  endfacet
  facet normal -0 0 1
    outer loop
      vertex 77.7 82.3024 2.6
      vertex 78.4914 77.3283 2.6
      vertex 78.1644 82.3176 2.6
    endloop
  endfacet
  facet normal 0 0 1
    outer loop
      vertex 77.7 82.3024 2.6
      vertex 77.7 77.3024 2.6
      vertex 78.4914 77.3283 2.6
    endloop
  endfacet
  facet normal 0 0 1
    outer loop
      vertex 77.2356 82.3176 2.6
      vertex 77.7 77.3024 2.6
      vertex 77.7 82.3024 2.6
    endloop
  endfacet
  facet normal 0 0 1
    outer loop
      vertex 77.2356 82.3176 2.6
      vertex 76.9086 77.3283 2.6
      vertex 77.7 77.3024 2.6
    endloop
  endfacet
  facet normal 0 0 1
    outer loop
      vertex 76.7733 82.3632 2.6
      vertex 76.9086 77.3283 2.6
      vertex 77.2356 82.3176 2.6
    endloop
  endfacet
  facet normal 0 0 1
    outer loop
      vertex 76.1206 77.4059 2.6
      vertex 76.7733 82.3632 2.6
      vertex 76.3149 82.4389 2.6
    endloop
  endfacet
  facet normal 0 0 1
    outer loop
      vertex 76.7733 82.3632 2.6
      vertex 76.1206 77.4059 2.6
      vertex 76.9086 77.3283 2.6
    endloop
  endfacet
  facet normal 0 0 1
    outer loop
      vertex 75.3394 77.5349 2.6
      vertex 76.3149 82.4389 2.6
      vertex 75.8624 82.5443 2.6
    endloop
  endfacet
  facet normal 0 0 1
    outer loop
      vertex 74.5683 77.7147 2.6
      vertex 75.8624 82.5443 2.6
      vertex 75.4178 82.6792 2.6
    endloop
  endfacet
  facet normal 0 0 1
    outer loop
      vertex 76.3149 82.4389 2.6
      vertex 75.3394 77.5349 2.6
      vertex 76.1206 77.4059 2.6
    endloop
  endfacet
  facet normal 0 0 1
    outer loop
      vertex 73.8106 77.9446 2.6
      vertex 75.4178 82.6792 2.6
      vertex 74.9829 82.8429 2.6
    endloop
  endfacet
  facet normal 0 0 1
    outer loop
      vertex 75.8624 82.5443 2.6
      vertex 74.5683 77.7147 2.6
      vertex 75.3394 77.5349 2.6
    endloop
  endfacet
  facet normal 0 0 1
    outer loop
      vertex 73.0695 78.2235 2.6
      vertex 74.9829 82.8429 2.6
      vertex 74.5598 83.0346 2.6
    endloop
  endfacet
  facet normal 0 0 1
    outer loop
      vertex 72.3483 78.5503 2.6
      vertex 74.5598 83.0346 2.6
      vertex 74.15 83.2536 2.6
    endloop
  endfacet
  facet normal 0 0 1
    outer loop
      vertex 75.4178 82.6792 2.6
      vertex 73.8106 77.9446 2.6
      vertex 74.5683 77.7147 2.6
    endloop
  endfacet
  facet normal 0 0 1
    outer loop
      vertex 71.65 78.9235 2.6
      vertex 74.15 83.2536 2.6
      vertex 73.7554 83.499 2.6
    endloop
  endfacet
  facet normal 0 0 1
    outer loop
      vertex 70.9776 79.3416 2.6
      vertex 73.7554 83.499 2.6
      vertex 73.3778 83.7696 2.6
    endloop
  endfacet
  facet normal 0 0 1
    outer loop
      vertex 74.9829 82.8429 2.6
      vertex 73.0695 78.2235 2.6
      vertex 73.8106 77.9446 2.6
    endloop
  endfacet
  facet normal 0 0 1
    outer loop
      vertex 70.334 79.8028 2.6
      vertex 73.3778 83.7696 2.6
      vertex 73.0186 84.0644 2.6
    endloop
  endfacet
  facet normal 0 0 1
    outer loop
      vertex 69.7219 80.3052 2.6
      vertex 73.0186 84.0644 2.6
      vertex 72.6795 84.382 2.6
    endloop
  endfacet
  facet normal 0 0 1
    outer loop
      vertex 69.144 80.8464 2.6
      vertex 72.6795 84.382 2.6
      vertex 72.3619 84.7211 2.6
    endloop
  endfacet
  facet normal 0 0 1
    outer loop
      vertex 74.5598 83.0346 2.6
      vertex 72.3483 78.5503 2.6
      vertex 73.0695 78.2235 2.6
    endloop
  endfacet
  facet normal 0 0 1
    outer loop
      vertex 68.6027 81.4243 2.6
      vertex 72.3619 84.7211 2.6
      vertex 72.0672 85.0802 2.6
    endloop
  endfacet
  facet normal 0 0 1
    outer loop
      vertex 68.1004 82.0364 2.6
      vertex 72.0672 85.0802 2.6
      vertex 71.7966 85.4579 2.6
    endloop
  endfacet
  facet normal 0 0 1
    outer loop
      vertex 74.15 83.2536 2.6
      vertex 71.65 78.9235 2.6
      vertex 72.3483 78.5503 2.6
    endloop
  endfacet
  facet normal 0 0 1
    outer loop
      vertex 67.6392 82.68 2.6
      vertex 71.7966 85.4579 2.6
      vertex 71.5512 85.8524 2.6
    endloop
  endfacet
  facet normal 0 0 1
    outer loop
      vertex 67.2211 83.3524 2.6
      vertex 71.5512 85.8524 2.6
      vertex 71.3322 86.2622 2.6
    endloop
  endfacet
  facet normal 0 0 1
    outer loop
      vertex 66.8478 84.0507 2.6
      vertex 71.3322 86.2622 2.6
      vertex 71.1405 86.6854 2.6
    endloop
  endfacet
  facet normal 0 0 1
    outer loop
      vertex 73.7554 83.499 2.6
      vertex 70.9776 79.3416 2.6
      vertex 71.65 78.9235 2.6
    endloop
  endfacet
  facet normal 0 0 1
    outer loop
      vertex 66.5211 84.772 2.6
      vertex 71.1405 86.6854 2.6
      vertex 70.9768 87.1202 2.6
    endloop
  endfacet
  facet normal 0 0 1
    outer loop
      vertex 66.2421 85.513 2.6
      vertex 70.9768 87.1202 2.6
      vertex 70.8419 87.5648 2.6
    endloop
  endfacet
  facet normal 0 0 1
    outer loop
      vertex 66.0123 86.2707 2.6
      vertex 70.8419 87.5648 2.6
      vertex 70.7364 88.0173 2.6
    endloop
  endfacet
  facet normal 0 0 1
    outer loop
      vertex 65.8325 87.0418 2.6
      vertex 70.7364 88.0173 2.6
      vertex 70.6607 88.4757 2.6
    endloop
  endfacet
  facet normal 0 0 1
    outer loop
      vertex 65.7035 87.8231 2.6
      vertex 70.6607 88.4757 2.6
      vertex 70.6152 88.9381 2.6
    endloop
  endfacet
  facet normal 0 0 1
    outer loop
      vertex 73.3778 83.7696 2.6
      vertex 70.334 79.8028 2.6
      vertex 70.9776 79.3416 2.6
    endloop
  endfacet
  facet normal 0 0 1
    outer loop
      vertex 65.6259 88.611 2.6
      vertex 70.6152 88.9381 2.6
      vertex 70.6 89.4024 2.6
    endloop
  endfacet
  facet normal 0 0 1
    outer loop
      vertex 71.3322 92.5427 2.6
      vertex 66.8478 94.7541 2.6
      vertex 71.1405 92.1195 2.6
    endloop
  endfacet
  facet normal -0 0 1
    outer loop
      vertex 66.5211 94.0329 2.6
      vertex 71.1405 92.1195 2.6
      vertex 66.8478 94.7541 2.6
    endloop
  endfacet
  facet normal 0 0 1
    outer loop
      vertex 73.0186 84.0644 2.6
      vertex 69.7219 80.3052 2.6
      vertex 70.334 79.8028 2.6
    endloop
  endfacet
  facet normal 0 0 1
    outer loop
      vertex 71.1405 92.1195 2.6
      vertex 66.5211 94.0329 2.6
      vertex 70.9768 91.6846 2.6
    endloop
  endfacet
  facet normal 0 0 1
    outer loop
      vertex 72.6795 84.382 2.6
      vertex 69.144 80.8464 2.6
      vertex 69.7219 80.3052 2.6
    endloop
  endfacet
  facet normal -0 0 1
    outer loop
      vertex 66.2421 93.2918 2.6
      vertex 70.9768 91.6846 2.6
      vertex 66.5211 94.0329 2.6
    endloop
  endfacet
  facet normal 0 0 1
    outer loop
      vertex 72.3619 84.7211 2.6
      vertex 68.6027 81.4243 2.6
      vertex 69.144 80.8464 2.6
    endloop
  endfacet
  facet normal 0 0 1
    outer loop
      vertex 70.9768 91.6846 2.6
      vertex 66.2421 93.2918 2.6
      vertex 70.8419 91.24 2.6
    endloop
  endfacet
  facet normal 0 0 1
    outer loop
      vertex 72.0672 85.0802 2.6
      vertex 68.1004 82.0364 2.6
      vertex 68.6027 81.4243 2.6
    endloop
  endfacet
  facet normal -0 0 1
    outer loop
      vertex 66.0123 92.5341 2.6
      vertex 70.8419 91.24 2.6
      vertex 66.2421 93.2918 2.6
    endloop
  endfacet
  facet normal 0 0 1
    outer loop
      vertex 71.7966 85.4579 2.6
      vertex 67.6392 82.68 2.6
      vertex 68.1004 82.0364 2.6
    endloop
  endfacet
  facet normal 0 0 1
    outer loop
      vertex 70.8419 91.24 2.6
      vertex 66.0123 92.5341 2.6
      vertex 70.7364 90.7876 2.6
    endloop
  endfacet
  facet normal 0 0 1
    outer loop
      vertex 71.5512 85.8524 2.6
      vertex 67.2211 83.3524 2.6
      vertex 67.6392 82.68 2.6
    endloop
  endfacet
  facet normal -0 0 1
    outer loop
      vertex 65.8325 91.763 2.6
      vertex 70.7364 90.7876 2.6
      vertex 66.0123 92.5341 2.6
    endloop
  endfacet
  facet normal 0 0 1
    outer loop
      vertex 71.3322 86.2622 2.6
      vertex 66.8478 84.0507 2.6
      vertex 67.2211 83.3524 2.6
    endloop
  endfacet
  facet normal 0 0 1
    outer loop
      vertex 70.7364 90.7876 2.6
      vertex 65.8325 91.763 2.6
      vertex 70.6607 90.3292 2.6
    endloop
  endfacet
  facet normal 0 0 1
    outer loop
      vertex 71.1405 86.6854 2.6
      vertex 66.5211 84.772 2.6
      vertex 66.8478 84.0507 2.6
    endloop
  endfacet
  facet normal -0 0 1
    outer loop
      vertex 65.7035 90.9818 2.6
      vertex 70.6607 90.3292 2.6
      vertex 65.8325 91.763 2.6
    endloop
  endfacet
  facet normal 0 0 1
    outer loop
      vertex 70.9768 87.1202 2.6
      vertex 66.2421 85.513 2.6
      vertex 66.5211 84.772 2.6
    endloop
  endfacet
  facet normal 0 0 1
    outer loop
      vertex 70.6607 90.3292 2.6
      vertex 65.7035 90.9818 2.6
      vertex 70.6152 89.8668 2.6
    endloop
  endfacet
  facet normal 0 0 1
    outer loop
      vertex 70.8419 87.5648 2.6
      vertex 66.0123 86.2707 2.6
      vertex 66.2421 85.513 2.6
    endloop
  endfacet
  facet normal -0 0 1
    outer loop
      vertex 65.6259 90.1938 2.6
      vertex 70.6152 89.8668 2.6
      vertex 65.7035 90.9818 2.6
    endloop
  endfacet
  facet normal 0 0 1
    outer loop
      vertex 70.7364 88.0173 2.6
      vertex 65.8325 87.0418 2.6
      vertex 66.0123 86.2707 2.6
    endloop
  endfacet
  facet normal 0 0 1
    outer loop
      vertex 70.6152 89.8668 2.6
      vertex 65.6259 90.1938 2.6
      vertex 70.6 89.4024 2.6
    endloop
  endfacet
  facet normal 0 0 1
    outer loop
      vertex 70.6607 88.4757 2.6
      vertex 65.7035 87.8231 2.6
      vertex 65.8325 87.0418 2.6
    endloop
  endfacet
  facet normal 0 0 1
    outer loop
      vertex 65.6 89.4024 2.6
      vertex 70.6 89.4024 2.6
      vertex 65.6259 90.1938 2.6
    endloop
  endfacet
  facet normal 0 0 1
    outer loop
      vertex 70.6152 88.9381 2.6
      vertex 65.6259 88.611 2.6
      vertex 65.7035 87.8231 2.6
    endloop
  endfacet
  facet normal 0 0 1
    outer loop
      vertex 70.6 89.4024 2.6
      vertex 65.6 89.4024 2.6
      vertex 65.6259 88.611 2.6
    endloop
  endfacet
  facet normal 0.881895 0.471447 0
    outer loop
      vertex 67.2211 83.3524 16.6
      vertex 66.8478 84.0507 2.6
      vertex 66.8478 84.0507 16.6
    endloop
  endfacet
  facet normal 0.881895 0.471447 0
    outer loop
      vertex 66.8478 84.0507 2.6
      vertex 67.2211 83.3524 16.6
      vertex 67.2211 83.3524 2.6
    endloop
  endfacet
  facet normal -0.956956 -0.290232 0
    outer loop
      vertex 89.3877 92.5341 2.6
      vertex 89.1579 93.2918 16.6
      vertex 89.1579 93.2918 2.6
    endloop
  endfacet
  facet normal -0.956956 -0.290232 0
    outer loop
      vertex 89.1579 93.2918 16.6
      vertex 89.3877 92.5341 2.6
      vertex 89.3877 92.5341 16.6
    endloop
  endfacet
  facet normal 0.956956 0.290232 -0
    outer loop
      vertex 66.2421 85.513 2.6
      vertex 66.0123 86.2707 15.5721
      vertex 66.2421 85.513 16.1026
    endloop
  endfacet
  facet normal 0.956956 0.290232 0
    outer loop
      vertex 66.0123 86.2707 15.5721
      vertex 66.2421 85.513 2.6
      vertex 66.0123 86.2707 2.6
    endloop
  endfacet
  facet normal -0.0980031 0.995186 0
    outer loop
      vertex 79.2794 77.4059 2.6
      vertex 78.4914 77.3283 16.6
      vertex 79.2794 77.4059 16.6
    endloop
  endfacet
  facet normal -0.0980031 0.995186 0
    outer loop
      vertex 78.4914 77.3283 16.6
      vertex 79.2794 77.4059 2.6
      vertex 78.4914 77.3283 2.6
    endloop
  endfacet
  facet normal 0.973876 -0.227082 0
    outer loop
      vertex 65.8325 91.763 16.6
      vertex 66.0123 92.5341 2.6
      vertex 66.0123 92.5341 16.6
    endloop
  endfacet
  facet normal 0.973876 -0.227082 0
    outer loop
      vertex 66.0123 92.5341 2.6
      vertex 65.8325 91.763 16.6
      vertex 65.8325 91.763 2.6
    endloop
  endfacet
  facet normal 0.935877 -0.352327 0
    outer loop
      vertex 66.2421 93.2918 16.6
      vertex 66.5211 94.0329 2.6
      vertex 66.5211 94.0329 16.6
    endloop
  endfacet
  facet normal 0.935877 -0.352327 0
    outer loop
      vertex 66.5211 94.0329 2.6
      vertex 66.2421 93.2918 16.6
      vertex 66.2421 93.2918 2.6
    endloop
  endfacet
  facet normal -0.773034 0.634365 0
    outer loop
      vertex 86.7973 81.4243 2.6
      vertex 87.2996 82.0364 16.6
      vertex 87.2996 82.0364 2.6
    endloop
  endfacet
  facet normal -0.773034 0.634365 0
    outer loop
      vertex 87.2996 82.0364 16.6
      vertex 86.7973 81.4243 2.6
      vertex 86.7973 81.4243 16.6
    endloop
  endfacet
  facet normal -0.956956 0.290232 0
    outer loop
      vertex 89.1579 85.513 2.6
      vertex 89.3877 86.2707 15.5721
      vertex 89.3877 86.2707 2.6
    endloop
  endfacet
  facet normal -0.956956 0.290232 0
    outer loop
      vertex 89.3877 86.2707 15.5721
      vertex 89.1579 85.513 2.6
      vertex 89.1579 85.513 16.1026
    endloop
  endfacet
  facet normal -0.68355 0.729903 0
    outer loop
      vertex 86.256 80.8464 2.6
      vertex 85.6781 80.3052 16.6
      vertex 86.256 80.8464 16.6
    endloop
  endfacet
  facet normal -0.68355 0.729903 0
    outer loop
      vertex 85.6781 80.3052 16.6
      vertex 86.256 80.8464 2.6
      vertex 85.6781 80.3052 2.6
    endloop
  endfacet
  facet normal 0.528045 -0.849216 0
    outer loop
      vertex 70.9776 99.4632 2.6
      vertex 71.65 99.8813 16.6
      vertex 70.9776 99.4632 16.6
    endloop
  endfacet
  facet normal 0.528045 -0.849216 0
    outer loop
      vertex 71.65 99.8813 16.6
      vertex 70.9776 99.4632 2.6
      vertex 71.65 99.8813 2.6
    endloop
  endfacet
  facet normal -0.290463 -0.956886 0
    outer loop
      vertex 80.8317 101.09 2.6
      vertex 81.5894 100.86 16.6
      vertex 80.8317 101.09 16.6
    endloop
  endfacet
  facet normal -0.290463 -0.956886 -0
    outer loop
      vertex 81.5894 100.86 16.6
      vertex 80.8317 101.09 2.6
      vertex 81.5894 100.86 2.6
    endloop
  endfacet
  facet normal 0.849216 -0.528045 0
    outer loop
      vertex 67.2211 95.4524 16.6
      vertex 67.6392 96.1248 2.6
      vertex 67.6392 96.1248 16.6
    endloop
  endfacet
  facet normal 0.849216 -0.528045 0
    outer loop
      vertex 67.6392 96.1248 2.6
      vertex 67.2211 95.4524 16.6
      vertex 67.2211 95.4524 2.6
    endloop
  endfacet
  facet normal -0.162924 0.986639 0
    outer loop
      vertex 80.0606 77.5349 2.6
      vertex 79.2794 77.4059 16.6
      vertex 80.0606 77.5349 16.6
    endloop
  endfacet
  facet normal -0.162924 0.986639 0
    outer loop
      vertex 79.2794 77.4059 16.6
      vertex 80.0606 77.5349 2.6
      vertex 79.2794 77.4059 2.6
    endloop
  endfacet
  facet normal 0.162924 0.986639 -0
    outer loop
      vertex 76.1206 77.4059 2.6
      vertex 75.3394 77.5349 16.6
      vertex 76.1206 77.4059 16.6
    endloop
  endfacet
  facet normal 0.162924 0.986639 0
    outer loop
      vertex 75.3394 77.5349 16.6
      vertex 76.1206 77.4059 2.6
      vertex 75.3394 77.5349 2.6
    endloop
  endfacet
  facet normal -0.58248 0.812845 0
    outer loop
      vertex 85.066 79.8028 2.6
      vertex 84.4224 79.3416 16.6
      vertex 85.066 79.8028 16.6
    endloop
  endfacet
  facet normal -0.58248 0.812845 0
    outer loop
      vertex 84.4224 79.3416 16.6
      vertex 85.066 79.8028 2.6
      vertex 84.4224 79.3416 2.6
    endloop
  endfacet
  facet normal 0.999476 0.0323804 0.000336547
    outer loop
      vertex 65.6259 88.611 15.8258
      vertex 65.6 89.4024 16.6
      vertex 65.603 89.3098 16.6
    endloop
  endfacet
  facet normal 0.999465 0.0327093 0
    outer loop
      vertex 65.6 89.4024 16.6
      vertex 65.6259 88.611 15.8258
      vertex 65.6 89.4024 2.6
    endloop
  endfacet
  facet normal 0.999465 0.0327093 0
    outer loop
      vertex 65.6 89.4024 2.6
      vertex 65.6259 88.611 15.8258
      vertex 65.6259 88.611 2.6
    endloop
  endfacet
  facet normal -0.812845 0.58248 0
    outer loop
      vertex 87.2996 82.0364 2.6
      vertex 87.7608 82.68 16.6
      vertex 87.7608 82.68 2.6
    endloop
  endfacet
  facet normal -0.812845 0.58248 0
    outer loop
      vertex 87.7608 82.68 16.6
      vertex 87.2996 82.0364 2.6
      vertex 87.2996 82.0364 16.6
    endloop
  endfacet
  facet normal -0.0327093 0.999465 0
    outer loop
      vertex 78.4914 77.3283 2.6
      vertex 77.7 77.3024 16.6
      vertex 78.4914 77.3283 16.6
    endloop
  endfacet
  facet normal -0.0327093 0.999465 0
    outer loop
      vertex 77.7 77.3024 16.6
      vertex 78.4914 77.3283 2.6
      vertex 77.7 77.3024 2.6
    endloop
  endfacet
  facet normal -0.58248 -0.812845 0
    outer loop
      vertex 84.4224 99.4632 2.6
      vertex 85.066 99.002 16.6
      vertex 84.4224 99.4632 16.6
    endloop
  endfacet
  facet normal -0.58248 -0.812845 -0
    outer loop
      vertex 85.066 99.002 16.6
      vertex 84.4224 99.4632 2.6
      vertex 85.066 99.002 2.6
    endloop
  endfacet
  facet normal -0.973876 -0.227082 0
    outer loop
      vertex 89.5675 91.763 2.6
      vertex 89.3877 92.5341 16.6
      vertex 89.3877 92.5341 2.6
    endloop
  endfacet
  facet normal -0.973876 -0.227082 0
    outer loop
      vertex 89.3877 92.5341 16.6
      vertex 89.5675 91.763 2.6
      vertex 89.5675 91.763 16.6
    endloop
  endfacet
  facet normal 0.471839 -0.881684 0
    outer loop
      vertex 71.65 99.8813 2.6
      vertex 72.3483 100.255 16.6
      vertex 71.65 99.8813 16.6
    endloop
  endfacet
  facet normal 0.471839 -0.881684 0
    outer loop
      vertex 72.3483 100.255 16.6
      vertex 71.65 99.8813 2.6
      vertex 72.3483 100.255 2.6
    endloop
  endfacet
  facet normal 0.0327093 0.999465 -0
    outer loop
      vertex 77.7 77.3024 2.6
      vertex 76.9086 77.3283 16.6
      vertex 77.7 77.3024 16.6
    endloop
  endfacet
  facet normal 0.0327093 0.999465 0
    outer loop
      vertex 76.9086 77.3283 16.6
      vertex 77.7 77.3024 2.6
      vertex 76.9086 77.3283 2.6
    endloop
  endfacet
  facet normal 0.0980031 0.995186 -0
    outer loop
      vertex 76.9086 77.3283 2.6
      vertex 76.1206 77.4059 16.6
      vertex 76.9086 77.3283 16.6
    endloop
  endfacet
  facet normal 0.0980031 0.995186 0
    outer loop
      vertex 76.1206 77.4059 16.6
      vertex 76.9086 77.3283 2.6
      vertex 76.1206 77.4059 2.6
    endloop
  endfacet
  facet normal 0.973865 0.227126 -2.91158e-06
    outer loop
      vertex 66.0123 86.2707 2.6
      vertex 65.8325 87.0418 15.0321
      vertex 65.9034 86.7378 15.245
    endloop
  endfacet
  facet normal 0.973883 0.227052 -0
    outer loop
      vertex 66.0123 86.2707 2.6
      vertex 65.9034 86.7378 15.245
      vertex 66.0123 86.2707 15.5721
    endloop
  endfacet
  facet normal 0.973876 0.227082 0
    outer loop
      vertex 65.8325 87.0418 15.0321
      vertex 66.0123 86.2707 2.6
      vertex 65.8325 87.0418 2.6
    endloop
  endfacet
  facet normal 0.910919 0.412585 0
    outer loop
      vertex 66.8478 84.0507 16.6
      vertex 66.5211 84.772 2.6
      vertex 66.5211 84.772 16.6
    endloop
  endfacet
  facet normal 0.910919 0.412585 0
    outer loop
      vertex 66.5211 84.772 2.6
      vertex 66.8478 84.0507 16.6
      vertex 66.8478 84.0507 2.6
    endloop
  endfacet
  facet normal 0.773034 0.634365 0
    outer loop
      vertex 68.6027 81.4243 16.6
      vertex 68.1004 82.0364 2.6
      vertex 68.1004 82.0364 16.6
    endloop
  endfacet
  facet normal 0.773034 0.634365 0
    outer loop
      vertex 68.1004 82.0364 2.6
      vertex 68.6027 81.4243 16.6
      vertex 68.6027 81.4243 2.6
    endloop
  endfacet
  facet normal 0.999465 -0.0327093 0
    outer loop
      vertex 65.6 89.4024 16.6
      vertex 65.6259 90.1938 2.6
      vertex 65.6259 90.1938 16.6
    endloop
  endfacet
  facet normal 0.999465 -0.0327093 0
    outer loop
      vertex 65.6259 90.1938 2.6
      vertex 65.6 89.4024 16.6
      vertex 65.6 89.4024 2.6
    endloop
  endfacet
  facet normal -0.352217 0.935919 0
    outer loop
      vertex 82.3305 78.2235 2.6
      vertex 81.5894 77.9446 16.6
      vertex 82.3305 78.2235 16.6
    endloop
  endfacet
  facet normal -0.352217 0.935919 0
    outer loop
      vertex 81.5894 77.9446 16.6
      vertex 82.3305 78.2235 2.6
      vertex 81.5894 77.9446 2.6
    endloop
  endfacet
  facet normal 0 0 -1
    outer loop
      vertex 87.2447 90.1085 16.6
      vertex 89.8 89.4024 16.6
      vertex 89.797 89.3098 16.6
    endloop
  endfacet
  facet normal 0 0 -1
    outer loop
      vertex 89.8 89.4024 16.6
      vertex 87.2447 90.1085 16.6
      vertex 89.7741 90.1938 16.6
    endloop
  endfacet
  facet normal -0 0 -1
    outer loop
      vertex 89.7741 90.1938 16.6
      vertex 87.2447 90.1085 16.6
      vertex 89.6965 90.9818 16.6
    endloop
  endfacet
  facet normal -0 0 -1
    outer loop
      vertex 89.6965 90.9818 16.6
      vertex 87.2447 90.1085 16.6
      vertex 89.5675 91.763 16.6
    endloop
  endfacet
  facet normal -0 0 -1
    outer loop
      vertex 89.5675 91.763 16.6
      vertex 87.2447 90.1085 16.6
      vertex 89.3877 92.5341 16.6
    endloop
  endfacet
  facet normal 0 0 -1
    outer loop
      vertex 87.1589 90.1354 16.6
      vertex 89.3877 92.5341 16.6
      vertex 87.2447 90.1085 16.6
    endloop
  endfacet
  facet normal -0 0 -1
    outer loop
      vertex 89.3877 92.5341 16.6
      vertex 87.1589 90.1354 16.6
      vertex 89.1579 93.2918 16.6
    endloop
  endfacet
  facet normal -0 0 -1
    outer loop
      vertex 89.1579 93.2918 16.6
      vertex 87.1589 90.1354 16.6
      vertex 88.8789 94.0329 16.6
    endloop
  endfacet
  facet normal 0 0 -1
    outer loop
      vertex 84.1336 90.8049 16.6
      vertex 88.8789 94.0329 16.6
      vertex 87.1589 90.1354 16.6
    endloop
  endfacet
  facet normal -0 0 -1
    outer loop
      vertex 88.8789 94.0329 16.6
      vertex 84.1336 90.8049 16.6
      vertex 88.5522 94.7541 16.6
    endloop
  endfacet
  facet normal -0 0 -1
    outer loop
      vertex 88.5522 94.7541 16.6
      vertex 84.1336 90.8049 16.6
      vertex 88.1789 95.4524 16.6
    endloop
  endfacet
  facet normal -0 0 -1
    outer loop
      vertex 88.1789 95.4524 16.6
      vertex 84.1336 90.8049 16.6
      vertex 87.7608 96.1248 16.6
    endloop
  endfacet
  facet normal 0 0 -1
    outer loop
      vertex 84.0351 90.8267 16.6
      vertex 87.7608 96.1248 16.6
      vertex 84.1336 90.8049 16.6
    endloop
  endfacet
  facet normal -0 0 -1
    outer loop
      vertex 87.7608 96.1248 16.6
      vertex 84.0351 90.8267 16.6
      vertex 87.2996 96.7684 16.6
    endloop
  endfacet
  facet normal 0 0 -1
    outer loop
      vertex 83.935 90.8399 16.6
      vertex 87.2996 96.7684 16.6
      vertex 84.0351 90.8267 16.6
    endloop
  endfacet
  facet normal -0 0 -1
    outer loop
      vertex 87.2996 96.7684 16.6
      vertex 83.935 90.8399 16.6
      vertex 86.7973 97.3805 16.6
    endloop
  endfacet
  facet normal -0 0 -1
    outer loop
      vertex 86.7973 97.3805 16.6
      vertex 83.935 90.8399 16.6
      vertex 86.256 97.9584 16.6
    endloop
  endfacet
  facet normal -0 0 -1
    outer loop
      vertex 86.256 97.9584 16.6
      vertex 83.935 90.8399 16.6
      vertex 85.6781 98.4997 16.6
    endloop
  endfacet
  facet normal 0 0 -1
    outer loop
      vertex 80.8763 91.2434 16.6
      vertex 85.6781 98.4997 16.6
      vertex 83.935 90.8399 16.6
    endloop
  endfacet
  facet normal -0 0 -1
    outer loop
      vertex 85.6781 98.4997 16.6
      vertex 80.8763 91.2434 16.6
      vertex 85.066 99.002 16.6
    endloop
  endfacet
  facet normal -0 0 -1
    outer loop
      vertex 85.066 99.002 16.6
      vertex 80.8763 91.2434 16.6
      vertex 84.4224 99.4632 16.6
    endloop
  endfacet
  facet normal -0 0 -1
    outer loop
      vertex 84.4224 99.4632 16.6
      vertex 80.8763 91.2434 16.6
      vertex 83.75 99.8813 16.6
    endloop
  endfacet
  facet normal -0 0 -1
    outer loop
      vertex 83.75 99.8813 16.6
      vertex 80.8763 91.2434 16.6
      vertex 83.0517 100.255 16.6
    endloop
  endfacet
  facet normal -0 0 -1
    outer loop
      vertex 83.0517 100.255 16.6
      vertex 80.8763 91.2434 16.6
      vertex 82.3305 100.581 16.6
    endloop
  endfacet
  facet normal -0 0 -1
    outer loop
      vertex 82.3305 100.581 16.6
      vertex 80.8763 91.2434 16.6
      vertex 81.5894 100.86 16.6
    endloop
  endfacet
  facet normal 0 0 -1
    outer loop
      vertex 80.8763 91.2434 16.6
      vertex 80.8317 101.09 16.6
      vertex 81.5894 100.86 16.6
    endloop
  endfacet
  facet normal 0 0 -1
    outer loop
      vertex 77.8096 91.3778 16.6
      vertex 80.8317 101.09 16.6
      vertex 80.8763 91.2434 16.6
    endloop
  endfacet
  facet normal -0 0 -1
    outer loop
      vertex 80.8317 101.09 16.6
      vertex 77.8096 91.3778 16.6
      vertex 80.0606 101.27 16.6
    endloop
  endfacet
  facet normal -0 0 -1
    outer loop
      vertex 80.0606 101.27 16.6
      vertex 77.8096 91.3778 16.6
      vertex 79.2794 101.399 16.6
    endloop
  endfacet
  facet normal -0 0 -1
    outer loop
      vertex 79.2794 101.399 16.6
      vertex 77.8096 91.3778 16.6
      vertex 78.4914 101.477 16.6
    endloop
  endfacet
  facet normal 0 0 -1
    outer loop
      vertex 77.7 91.3826 16.6
      vertex 78.4914 101.477 16.6
      vertex 77.8096 91.3778 16.6
    endloop
  endfacet
  facet normal 0 0 -1
    outer loop
      vertex 77.7 91.3826 16.6
      vertex 77.7 101.502 16.6
      vertex 78.4914 101.477 16.6
    endloop
  endfacet
  facet normal 0 0 -1
    outer loop
      vertex 77.5904 91.3778 16.6
      vertex 77.7 101.502 16.6
      vertex 77.7 91.3826 16.6
    endloop
  endfacet
  facet normal 0 0 -1
    outer loop
      vertex 77.5904 91.3778 16.6
      vertex 76.9086 101.477 16.6
      vertex 77.7 101.502 16.6
    endloop
  endfacet
  facet normal 0 0 -1
    outer loop
      vertex 77.5904 91.3778 16.6
      vertex 76.1206 101.399 16.6
      vertex 76.9086 101.477 16.6
    endloop
  endfacet
  facet normal 0 0 -1
    outer loop
      vertex 77.5904 91.3778 16.6
      vertex 75.3394 101.27 16.6
      vertex 76.1206 101.399 16.6
    endloop
  endfacet
  facet normal 0 0 -1
    outer loop
      vertex 77.5904 91.3778 16.6
      vertex 74.5683 101.09 16.6
      vertex 75.3394 101.27 16.6
    endloop
  endfacet
  facet normal 0 0 -1
    outer loop
      vertex 74.5237 91.2434 16.6
      vertex 74.5683 101.09 16.6
      vertex 77.5904 91.3778 16.6
    endloop
  endfacet
  facet normal 0 0 -1
    outer loop
      vertex 74.5237 91.2434 16.6
      vertex 73.8106 100.86 16.6
      vertex 74.5683 101.09 16.6
    endloop
  endfacet
  facet normal 0 0 -1
    outer loop
      vertex 74.5237 91.2434 16.6
      vertex 73.0695 100.581 16.6
      vertex 73.8106 100.86 16.6
    endloop
  endfacet
  facet normal 0 0 -1
    outer loop
      vertex 74.5237 91.2434 16.6
      vertex 72.3483 100.255 16.6
      vertex 73.0695 100.581 16.6
    endloop
  endfacet
  facet normal 0 0 -1
    outer loop
      vertex 74.5237 91.2434 16.6
      vertex 71.65 99.8813 16.6
      vertex 72.3483 100.255 16.6
    endloop
  endfacet
  facet normal 0 0 -1
    outer loop
      vertex 69.7219 98.4997 16.6
      vertex 74.5237 91.2434 16.6
      vertex 71.465 90.8399 16.6
    endloop
  endfacet
  facet normal 0 0 -1
    outer loop
      vertex 68.1004 96.7684 16.6
      vertex 71.465 90.8399 16.6
      vertex 71.3649 90.8267 16.6
    endloop
  endfacet
  facet normal 0 0 -1
    outer loop
      vertex 67.6392 96.1248 16.6
      vertex 71.3649 90.8267 16.6
      vertex 71.2664 90.8049 16.6
    endloop
  endfacet
  facet normal 0 0 -1
    outer loop
      vertex 74.5237 91.2434 16.6
      vertex 70.9776 99.4632 16.6
      vertex 71.65 99.8813 16.6
    endloop
  endfacet
  facet normal 0 0 -1
    outer loop
      vertex 74.5237 91.2434 16.6
      vertex 70.334 99.002 16.6
      vertex 70.9776 99.4632 16.6
    endloop
  endfacet
  facet normal 0 0 -1
    outer loop
      vertex 74.5237 91.2434 16.6
      vertex 69.7219 98.4997 16.6
      vertex 70.334 99.002 16.6
    endloop
  endfacet
  facet normal 0 0 -1
    outer loop
      vertex 71.465 90.8399 16.6
      vertex 69.144 97.9584 16.6
      vertex 69.7219 98.4997 16.6
    endloop
  endfacet
  facet normal 0 0 -1
    outer loop
      vertex 71.465 90.8399 16.6
      vertex 68.6027 97.3805 16.6
      vertex 69.144 97.9584 16.6
    endloop
  endfacet
  facet normal 0 0 -1
    outer loop
      vertex 66.5211 94.0329 16.6
      vertex 71.2664 90.8049 16.6
      vertex 68.2411 90.1354 16.6
    endloop
  endfacet
  facet normal 0 0 -1
    outer loop
      vertex 71.465 90.8399 16.6
      vertex 68.1004 96.7684 16.6
      vertex 68.6027 97.3805 16.6
    endloop
  endfacet
  facet normal 0 0 -1
    outer loop
      vertex 71.3649 90.8267 16.6
      vertex 67.6392 96.1248 16.6
      vertex 68.1004 96.7684 16.6
    endloop
  endfacet
  facet normal 0 0 -1
    outer loop
      vertex 71.2664 90.8049 16.6
      vertex 67.2211 95.4524 16.6
      vertex 67.6392 96.1248 16.6
    endloop
  endfacet
  facet normal 0 0 -1
    outer loop
      vertex 71.2664 90.8049 16.6
      vertex 66.8478 94.7541 16.6
      vertex 67.2211 95.4524 16.6
    endloop
  endfacet
  facet normal 0 0 -1
    outer loop
      vertex 71.2664 90.8049 16.6
      vertex 66.5211 94.0329 16.6
      vertex 66.8478 94.7541 16.6
    endloop
  endfacet
  facet normal 0 0 -1
    outer loop
      vertex 68.2411 90.1354 16.6
      vertex 66.2421 93.2918 16.6
      vertex 66.5211 94.0329 16.6
    endloop
  endfacet
  facet normal 0 0 -1
    outer loop
      vertex 68.2411 90.1354 16.6
      vertex 66.0123 92.5341 16.6
      vertex 66.2421 93.2918 16.6
    endloop
  endfacet
  facet normal 0 0 -1
    outer loop
      vertex 68.2411 90.1354 16.6
      vertex 65.8325 91.763 16.6
      vertex 66.0123 92.5341 16.6
    endloop
  endfacet
  facet normal 0 0 -1
    outer loop
      vertex 68.2411 90.1354 16.6
      vertex 65.7035 90.9818 16.6
      vertex 65.8325 91.763 16.6
    endloop
  endfacet
  facet normal 0 0 -1
    outer loop
      vertex 68.2411 90.1354 16.6
      vertex 65.6259 90.1938 16.6
      vertex 65.7035 90.9818 16.6
    endloop
  endfacet
  facet normal 0 0 -1
    outer loop
      vertex 65.6 89.4024 16.6
      vertex 68.2411 90.1354 16.6
      vertex 65.603 89.3098 16.6
    endloop
  endfacet
  facet normal -0 0 -1
    outer loop
      vertex 68.2411 90.1354 16.6
      vertex 65.6 89.4024 16.6
      vertex 65.6259 90.1938 16.6
    endloop
  endfacet
  facet normal 0 0 -1
    outer loop
      vertex 88.5522 84.0507 16.6
      vertex 88.8905 84.8027 16.6
      vertex 88.8789 84.772 16.6
    endloop
  endfacet
  facet normal 0 0 -1
    outer loop
      vertex 88.1789 83.3524 16.6
      vertex 88.8905 84.8027 16.6
      vertex 88.5522 84.0507 16.6
    endloop
  endfacet
  facet normal 0 0 -1
    outer loop
      vertex 87.7608 82.68 16.6
      vertex 88.8905 84.8027 16.6
      vertex 88.1789 83.3524 16.6
    endloop
  endfacet
  facet normal 0 0 -1
    outer loop
      vertex 87.2996 82.0364 16.6
      vertex 88.8905 84.8027 16.6
      vertex 87.7608 82.68 16.6
    endloop
  endfacet
  facet normal 0 0 -1
    outer loop
      vertex 86.7973 81.4243 16.6
      vertex 88.8905 84.8027 16.6
      vertex 87.2996 82.0364 16.6
    endloop
  endfacet
  facet normal 0 0 -1
    outer loop
      vertex 86.256 80.8464 16.6
      vertex 88.8905 84.8027 16.6
      vertex 86.7973 81.4243 16.6
    endloop
  endfacet
  facet normal 0 0 -1
    outer loop
      vertex 85.6781 80.3052 16.6
      vertex 88.8905 84.8027 16.6
      vertex 86.256 80.8464 16.6
    endloop
  endfacet
  facet normal 0 0 -1
    outer loop
      vertex 85.066 79.8028 16.6
      vertex 88.8905 84.8027 16.6
      vertex 85.6781 80.3052 16.6
    endloop
  endfacet
  facet normal 0 0 -1
    outer loop
      vertex 84.4224 79.3416 16.6
      vertex 88.8905 84.8027 16.6
      vertex 85.066 79.8028 16.6
    endloop
  endfacet
  facet normal 0 0 -1
    outer loop
      vertex 83.75 78.9235 16.6
      vertex 88.8905 84.8027 16.6
      vertex 84.4224 79.3416 16.6
    endloop
  endfacet
  facet normal 0 0 -1
    outer loop
      vertex 83.0517 78.5503 16.6
      vertex 88.8905 84.8027 16.6
      vertex 83.75 78.9235 16.6
    endloop
  endfacet
  facet normal 0 0 -1
    outer loop
      vertex 82.3305 78.2235 16.6
      vertex 88.8905 84.8027 16.6
      vertex 83.0517 78.5503 16.6
    endloop
  endfacet
  facet normal 0 0 -1
    outer loop
      vertex 81.5894 77.9446 16.6
      vertex 88.8905 84.8027 16.6
      vertex 82.3305 78.2235 16.6
    endloop
  endfacet
  facet normal 0 0 -1
    outer loop
      vertex 80.8317 77.7147 16.6
      vertex 88.8905 84.8027 16.6
      vertex 81.5894 77.9446 16.6
    endloop
  endfacet
  facet normal 0 0 -1
    outer loop
      vertex 80.0606 77.5349 16.6
      vertex 88.8905 84.8027 16.6
      vertex 80.8317 77.7147 16.6
    endloop
  endfacet
  facet normal 0 0 -1
    outer loop
      vertex 79.2794 77.4059 16.6
      vertex 88.8905 84.8027 16.6
      vertex 80.0606 77.5349 16.6
    endloop
  endfacet
  facet normal 0 0 -1
    outer loop
      vertex 78.4914 77.3283 16.6
      vertex 88.8905 84.8027 16.6
      vertex 79.2794 77.4059 16.6
    endloop
  endfacet
  facet normal 0 0 -1
    outer loop
      vertex 77.7 77.3024 16.6
      vertex 88.8905 84.8027 16.6
      vertex 78.4914 77.3283 16.6
    endloop
  endfacet
  facet normal 0 0 -1
    outer loop
      vertex 76.9086 77.3283 16.6
      vertex 88.8905 84.8027 16.6
      vertex 77.7 77.3024 16.6
    endloop
  endfacet
  facet normal 0 0 -1
    outer loop
      vertex 76.1206 77.4059 16.6
      vertex 88.8905 84.8027 16.6
      vertex 76.9086 77.3283 16.6
    endloop
  endfacet
  facet normal 0 0 -1
    outer loop
      vertex 75.3394 77.5349 16.6
      vertex 88.8905 84.8027 16.6
      vertex 76.1206 77.4059 16.6
    endloop
  endfacet
  facet normal 0 0 -1
    outer loop
      vertex 74.5683 77.7147 16.6
      vertex 88.8905 84.8027 16.6
      vertex 75.3394 77.5349 16.6
    endloop
  endfacet
  facet normal 0 0 -1
    outer loop
      vertex 73.8106 77.9446 16.6
      vertex 88.8905 84.8027 16.6
      vertex 74.5683 77.7147 16.6
    endloop
  endfacet
  facet normal 0 0 -1
    outer loop
      vertex 73.0695 78.2235 16.6
      vertex 88.8905 84.8027 16.6
      vertex 73.8106 77.9446 16.6
    endloop
  endfacet
  facet normal 0 0 -1
    outer loop
      vertex 72.3483 78.5503 16.6
      vertex 88.8905 84.8027 16.6
      vertex 73.0695 78.2235 16.6
    endloop
  endfacet
  facet normal 0 0 -1
    outer loop
      vertex 71.65 78.9235 16.6
      vertex 88.8905 84.8027 16.6
      vertex 72.3483 78.5503 16.6
    endloop
  endfacet
  facet normal 0 0 -1
    outer loop
      vertex 70.9776 79.3416 16.6
      vertex 88.8905 84.8027 16.6
      vertex 71.65 78.9235 16.6
    endloop
  endfacet
  facet normal 0 0 -1
    outer loop
      vertex 70.334 79.8028 16.6
      vertex 88.8905 84.8027 16.6
      vertex 70.9776 79.3416 16.6
    endloop
  endfacet
  facet normal 0 0 -1
    outer loop
      vertex 69.7219 80.3052 16.6
      vertex 88.8905 84.8027 16.6
      vertex 70.334 79.8028 16.6
    endloop
  endfacet
  facet normal 0 0 -1
    outer loop
      vertex 69.144 80.8464 16.6
      vertex 88.8905 84.8027 16.6
      vertex 69.7219 80.3052 16.6
    endloop
  endfacet
  facet normal 0 0 -1
    outer loop
      vertex 68.6027 81.4243 16.6
      vertex 88.8905 84.8027 16.6
      vertex 69.144 80.8464 16.6
    endloop
  endfacet
  facet normal 0 0 -1
    outer loop
      vertex 68.1004 82.0364 16.6
      vertex 88.8905 84.8027 16.6
      vertex 68.6027 81.4243 16.6
    endloop
  endfacet
  facet normal 0 0 -1
    outer loop
      vertex 67.6392 82.68 16.6
      vertex 88.8905 84.8027 16.6
      vertex 68.1004 82.0364 16.6
    endloop
  endfacet
  facet normal 0 0 -1
    outer loop
      vertex 67.2211 83.3524 16.6
      vertex 88.8905 84.8027 16.6
      vertex 67.6392 82.68 16.6
    endloop
  endfacet
  facet normal 0 0 -1
    outer loop
      vertex 66.8478 84.0507 16.6
      vertex 88.8905 84.8027 16.6
      vertex 67.2211 83.3524 16.6
    endloop
  endfacet
  facet normal 0 0 -1
    outer loop
      vertex 66.5095 84.8027 16.6
      vertex 66.8478 84.0507 16.6
      vertex 66.5211 84.772 16.6
    endloop
  endfacet
  facet normal 0 0 -1
    outer loop
      vertex 66.8478 84.0507 16.6
      vertex 66.5095 84.8027 16.6
      vertex 88.8905 84.8027 16.6
    endloop
  endfacet
  facet normal 0.849216 0.528045 0
    outer loop
      vertex 67.6392 82.68 16.6
      vertex 67.2211 83.3524 2.6
      vertex 67.2211 83.3524 16.6
    endloop
  endfacet
  facet normal 0.849216 0.528045 0
    outer loop
      vertex 67.2211 83.3524 2.6
      vertex 67.6392 82.68 16.6
      vertex 67.6392 82.68 2.6
    endloop
  endfacet
  facet normal -0.411898 -0.91123 0
    outer loop
      vertex 82.3305 100.581 2.6
      vertex 83.0517 100.255 16.6
      vertex 82.3305 100.581 16.6
    endloop
  endfacet
  facet normal -0.411898 -0.91123 -0
    outer loop
      vertex 83.0517 100.255 16.6
      vertex 82.3305 100.581 2.6
      vertex 83.0517 100.255 2.6
    endloop
  endfacet
  facet normal 0.58248 0.812845 -0
    outer loop
      vertex 70.9776 79.3416 2.6
      vertex 70.334 79.8028 16.6
      vertex 70.9776 79.3416 16.6
    endloop
  endfacet
  facet normal 0.58248 0.812845 0
    outer loop
      vertex 70.334 79.8028 16.6
      vertex 70.9776 79.3416 2.6
      vertex 70.334 79.8028 2.6
    endloop
  endfacet
  facet normal -0.881895 0.471447 0
    outer loop
      vertex 88.1789 83.3524 2.6
      vertex 88.5522 84.0507 16.6
      vertex 88.5522 84.0507 2.6
    endloop
  endfacet
  facet normal -0.881895 0.471447 0
    outer loop
      vertex 88.5522 84.0507 16.6
      vertex 88.1789 83.3524 2.6
      vertex 88.1789 83.3524 16.6
    endloop
  endfacet
  facet normal 0.290463 -0.956886 0
    outer loop
      vertex 73.8106 100.86 2.6
      vertex 74.5683 101.09 16.6
      vertex 73.8106 100.86 16.6
    endloop
  endfacet
  facet normal 0.290463 -0.956886 0
    outer loop
      vertex 74.5683 101.09 16.6
      vertex 73.8106 100.86 2.6
      vertex 74.5683 101.09 2.6
    endloop
  endfacet
  facet normal -0.935877 -0.352327 0
    outer loop
      vertex 89.1579 93.2918 2.6
      vertex 88.8789 94.0329 16.6
      vertex 88.8789 94.0329 2.6
    endloop
  endfacet
  facet normal -0.935877 -0.352327 0
    outer loop
      vertex 88.8789 94.0329 16.6
      vertex 89.1579 93.2918 2.6
      vertex 89.1579 93.2918 16.6
    endloop
  endfacet
  facet normal -0.986639 -0.162924 0
    outer loop
      vertex 89.6965 90.9818 2.6
      vertex 89.5675 91.763 16.6
      vertex 89.5675 91.763 2.6
    endloop
  endfacet
  facet normal -0.986639 -0.162924 0
    outer loop
      vertex 89.5675 91.763 16.6
      vertex 89.6965 90.9818 2.6
      vertex 89.6965 90.9818 16.6
    endloop
  endfacet
  facet normal 0.812845 0.58248 0
    outer loop
      vertex 68.1004 82.0364 16.6
      vertex 67.6392 82.68 2.6
      vertex 67.6392 82.68 16.6
    endloop
  endfacet
  facet normal 0.812845 0.58248 0
    outer loop
      vertex 67.6392 82.68 2.6
      vertex 68.1004 82.0364 16.6
      vertex 68.1004 82.0364 2.6
    endloop
  endfacet
  facet normal 0.162924 -0.986639 0
    outer loop
      vertex 75.3394 101.27 2.6
      vertex 76.1206 101.399 16.6
      vertex 75.3394 101.27 16.6
    endloop
  endfacet
  facet normal 0.162924 -0.986639 0
    outer loop
      vertex 76.1206 101.399 16.6
      vertex 75.3394 101.27 2.6
      vertex 76.1206 101.399 2.6
    endloop
  endfacet
  facet normal 0.986639 -0.162924 0
    outer loop
      vertex 65.7035 90.9818 16.6
      vertex 65.8325 91.763 2.6
      vertex 65.8325 91.763 16.6
    endloop
  endfacet
  facet normal 0.986639 -0.162924 0
    outer loop
      vertex 65.8325 91.763 2.6
      vertex 65.7035 90.9818 16.6
      vertex 65.7035 90.9818 2.6
    endloop
  endfacet
  facet normal -0.528045 0.849216 0
    outer loop
      vertex 84.4224 79.3416 2.6
      vertex 83.75 78.9235 16.6
      vertex 84.4224 79.3416 16.6
    endloop
  endfacet
  facet normal -0.528045 0.849216 0
    outer loop
      vertex 83.75 78.9235 16.6
      vertex 84.4224 79.3416 2.6
      vertex 83.75 78.9235 2.6
    endloop
  endfacet
  facet normal -0.72984 0.683618 0
    outer loop
      vertex 86.256 80.8464 2.6
      vertex 86.7973 81.4243 16.6
      vertex 86.7973 81.4243 2.6
    endloop
  endfacet
  facet normal -0.72984 0.683618 0
    outer loop
      vertex 86.7973 81.4243 16.6
      vertex 86.256 80.8464 2.6
      vertex 86.256 80.8464 16.6
    endloop
  endfacet
  facet normal 0.68355 0.729903 -0
    outer loop
      vertex 69.7219 80.3052 2.6
      vertex 69.144 80.8464 16.6
      vertex 69.7219 80.3052 16.6
    endloop
  endfacet
  facet normal 0.68355 0.729903 0
    outer loop
      vertex 69.144 80.8464 16.6
      vertex 69.7219 80.3052 2.6
      vertex 69.144 80.8464 2.6
    endloop
  endfacet
  facet normal -0.986624 0.163014 0
    outer loop
      vertex 89.6965 87.8231 2.6
      vertex 89.6564 87.5804 14.655
      vertex 89.6965 87.8231 14.9349
    endloop
  endfacet
  facet normal -0.986642 0.162904 -2.2868e-06
    outer loop
      vertex 89.5675 87.0418 2.6
      vertex 89.6564 87.5804 14.655
      vertex 89.6965 87.8231 2.6
    endloop
  endfacet
  facet normal -0.986584 0.163255 -1.83971e-05
    outer loop
      vertex 89.6564 87.5804 14.655
      vertex 89.5675 87.0418 2.6
      vertex 89.6447 87.5097 14.7045
    endloop
  endfacet
  facet normal -0.98672 0.162433 1.42404e-05
    outer loop
      vertex 89.6447 87.5097 14.7045
      vertex 89.5675 87.0418 2.6
      vertex 89.6287 87.4125 14.7726
    endloop
  endfacet
  facet normal -0.986645 0.162888 0
    outer loop
      vertex 89.6287 87.4125 14.7726
      vertex 89.5675 87.0418 2.6
      vertex 89.5675 87.0418 15.0321
    endloop
  endfacet
  facet normal -0.973876 0.227082 0
    outer loop
      vertex 89.3877 86.2707 2.6
      vertex 89.5675 87.0418 15.0321
      vertex 89.5675 87.0418 2.6
    endloop
  endfacet
  facet normal -0.973865 0.227126 -2.91158e-06
    outer loop
      vertex 89.5675 87.0418 15.0321
      vertex 89.3877 86.2707 2.6
      vertex 89.4966 86.7378 15.245
    endloop
  endfacet
  facet normal -0.973883 0.227052 0
    outer loop
      vertex 89.4966 86.7378 15.245
      vertex 89.3877 86.2707 2.6
      vertex 89.3877 86.2707 15.5721
    endloop
  endfacet
  facet normal -0.162924 -0.986639 0
    outer loop
      vertex 79.2794 101.399 2.6
      vertex 80.0606 101.27 16.6
      vertex 79.2794 101.399 16.6
    endloop
  endfacet
  facet normal -0.162924 -0.986639 -0
    outer loop
      vertex 80.0606 101.27 16.6
      vertex 79.2794 101.399 2.6
      vertex 80.0606 101.27 2.6
    endloop
  endfacet
  facet normal 0.471348 0.881947 -0
    outer loop
      vertex 72.3483 78.5503 2.6
      vertex 71.65 78.9235 16.6
      vertex 72.3483 78.5503 16.6
    endloop
  endfacet
  facet normal 0.471348 0.881947 0
    outer loop
      vertex 71.65 78.9235 16.6
      vertex 72.3483 78.5503 2.6
      vertex 71.65 78.9235 2.6
    endloop
  endfacet
  facet normal -0.471348 0.881947 0
    outer loop
      vertex 83.75 78.9235 2.6
      vertex 83.0517 78.5503 16.6
      vertex 83.75 78.9235 16.6
    endloop
  endfacet
  facet normal -0.471348 0.881947 0
    outer loop
      vertex 83.0517 78.5503 16.6
      vertex 83.75 78.9235 2.6
      vertex 83.0517 78.5503 2.6
    endloop
  endfacet
  facet normal 0.773034 -0.634365 0
    outer loop
      vertex 68.1004 96.7684 16.6
      vertex 68.6027 97.3805 2.6
      vertex 68.6027 97.3805 16.6
    endloop
  endfacet
  facet normal 0.773034 -0.634365 0
    outer loop
      vertex 68.6027 97.3805 2.6
      vertex 68.1004 96.7684 16.6
      vertex 68.1004 96.7684 2.6
    endloop
  endfacet
  facet normal 0.72984 0.683618 0
    outer loop
      vertex 69.144 80.8464 16.6
      vertex 68.6027 81.4243 2.6
      vertex 68.6027 81.4243 16.6
    endloop
  endfacet
  facet normal 0.72984 0.683618 0
    outer loop
      vertex 68.6027 81.4243 2.6
      vertex 69.144 80.8464 16.6
      vertex 69.144 80.8464 2.6
    endloop
  endfacet
  facet normal -0.63444 0.772972 0
    outer loop
      vertex 85.6781 80.3052 2.6
      vertex 85.066 79.8028 16.6
      vertex 85.6781 80.3052 16.6
    endloop
  endfacet
  facet normal -0.63444 0.772972 0
    outer loop
      vertex 85.066 79.8028 16.6
      vertex 85.6781 80.3052 2.6
      vertex 85.066 79.8028 2.6
    endloop
  endfacet
  facet normal -0.72984 -0.683618 0
    outer loop
      vertex 86.7973 97.3805 2.6
      vertex 86.256 97.9584 16.6
      vertex 86.256 97.9584 2.6
    endloop
  endfacet
  facet normal -0.72984 -0.683618 0
    outer loop
      vertex 86.256 97.9584 16.6
      vertex 86.7973 97.3805 2.6
      vertex 86.7973 97.3805 16.6
    endloop
  endfacet
  facet normal 0.58248 -0.812845 0
    outer loop
      vertex 70.334 99.002 2.6
      vertex 70.9776 99.4632 16.6
      vertex 70.334 99.002 16.6
    endloop
  endfacet
  facet normal 0.58248 -0.812845 0
    outer loop
      vertex 70.9776 99.4632 16.6
      vertex 70.334 99.002 2.6
      vertex 70.9776 99.4632 2.6
    endloop
  endfacet
  facet normal 0.881895 -0.471447 0
    outer loop
      vertex 66.8478 94.7541 16.6
      vertex 67.2211 95.4524 2.6
      vertex 67.2211 95.4524 16.6
    endloop
  endfacet
  facet normal 0.881895 -0.471447 0
    outer loop
      vertex 67.2211 95.4524 2.6
      vertex 66.8478 94.7541 16.6
      vertex 66.8478 94.7541 2.6
    endloop
  endfacet
  facet normal -0.910919 0.412585 0
    outer loop
      vertex 88.5522 84.0507 2.6
      vertex 88.8789 84.772 16.6
      vertex 88.8789 84.772 2.6
    endloop
  endfacet
  facet normal -0.910919 0.412585 0
    outer loop
      vertex 88.8789 84.772 16.6
      vertex 88.5522 84.0507 2.6
      vertex 88.5522 84.0507 16.6
    endloop
  endfacet
  facet normal -0.935861 0.352369 0
    outer loop
      vertex 88.8789 84.772 2.6
      vertex 89.1579 85.513 16.1026
      vertex 89.1579 85.513 2.6
    endloop
  endfacet
  facet normal -0.935861 0.352369 0
    outer loop
      vertex 88.8789 84.772 16.6
      vertex 89.1579 85.513 16.1026
      vertex 88.8789 84.772 2.6
    endloop
  endfacet
  facet normal -0.935448 0.353459 0.00185617
    outer loop
      vertex 89.1579 85.513 16.1026
      vertex 88.8789 84.772 16.6
      vertex 88.8905 84.8027 16.6
    endloop
  endfacet
  facet normal 0.812845 -0.58248 0
    outer loop
      vertex 67.6392 96.1248 16.6
      vertex 68.1004 96.7684 2.6
      vertex 68.1004 96.7684 16.6
    endloop
  endfacet
  facet normal 0.812845 -0.58248 0
    outer loop
      vertex 68.1004 96.7684 2.6
      vertex 67.6392 96.1248 16.6
      vertex 67.6392 96.1248 2.6
    endloop
  endfacet
  facet normal -0.227321 -0.97382 0
    outer loop
      vertex 80.0606 101.27 2.6
      vertex 80.8317 101.09 16.6
      vertex 80.0606 101.27 16.6
    endloop
  endfacet
  facet normal -0.227321 -0.97382 -0
    outer loop
      vertex 80.8317 101.09 16.6
      vertex 80.0606 101.27 2.6
      vertex 80.8317 101.09 2.6
    endloop
  endfacet
  facet normal -0.773034 -0.634365 0
    outer loop
      vertex 87.2996 96.7684 2.6
      vertex 86.7973 97.3805 16.6
      vertex 86.7973 97.3805 2.6
    endloop
  endfacet
  facet normal -0.773034 -0.634365 0
    outer loop
      vertex 86.7973 97.3805 16.6
      vertex 87.2996 96.7684 2.6
      vertex 87.2996 96.7684 16.6
    endloop
  endfacet
  facet normal 0.528045 0.849216 -0
    outer loop
      vertex 71.65 78.9235 2.6
      vertex 70.9776 79.3416 16.6
      vertex 71.65 78.9235 16.6
    endloop
  endfacet
  facet normal 0.528045 0.849216 0
    outer loop
      vertex 70.9776 79.3416 16.6
      vertex 71.65 78.9235 2.6
      vertex 70.9776 79.3416 2.6
    endloop
  endfacet
  facet normal 0.910898 -0.412632 0
    outer loop
      vertex 66.5211 94.0329 16.6
      vertex 66.8478 94.7541 2.6
      vertex 66.8478 94.7541 16.6
    endloop
  endfacet
  facet normal 0.910898 -0.412632 0
    outer loop
      vertex 66.8478 94.7541 2.6
      vertex 66.5211 94.0329 16.6
      vertex 66.5211 94.0329 2.6
    endloop
  endfacet
  facet normal 0.412737 0.91085 -0
    outer loop
      vertex 73.0695 78.2235 2.6
      vertex 72.3483 78.5503 16.6
      vertex 73.0695 78.2235 16.6
    endloop
  endfacet
  facet normal 0.412737 0.91085 0
    outer loop
      vertex 72.3483 78.5503 16.6
      vertex 73.0695 78.2235 2.6
      vertex 72.3483 78.5503 2.6
    endloop
  endfacet
  facet normal -0 0.683632 0.729827
    outer loop
      vertex 50.86 11.1285 62.6041
      vertex 104.54 10.5076 63.1857
      vertex 104.54 11.1285 62.6041
    endloop
  endfacet
  facet normal 0 0.683632 0.729827
    outer loop
      vertex 104.54 10.5076 63.1857
      vertex 50.86 11.1285 62.6041
      vertex 50.86 10.5076 63.1857
    endloop
  endfacet
  facet normal 0 -0.162798 0.986659
    outer loop
      vertex 50.86 22.2362 59.6278
      vertex 104.54 21.3968 59.4893
      vertex 104.54 22.2362 59.6278
    endloop
  endfacet
  facet normal 0 -0.162798 0.986659
    outer loop
      vertex 104.54 21.3968 59.4893
      vertex 50.86 22.2362 59.6278
      vertex 50.86 21.3968 59.4893
    endloop
  endfacet
  facet normal 0 -0.227126 0.973865
    outer loop
      vertex 50.86 23.0646 59.821
      vertex 104.54 22.2362 59.6278
      vertex 104.54 23.0646 59.821
    endloop
  endfacet
  facet normal 0 -0.227126 0.973865
    outer loop
      vertex 104.54 22.2362 59.6278
      vertex 50.86 23.0646 59.821
      vertex 50.86 22.2362 59.6278
    endloop
  endfacet
  facet normal -0 0.162798 0.986659
    outer loop
      vertex 50.86 18.0032 59.4893
      vertex 104.54 17.1638 59.6278
      vertex 104.54 18.0032 59.4893
    endloop
  endfacet
  facet normal 0 0.162798 0.986659
    outer loop
      vertex 104.54 17.1638 59.6278
      vertex 50.86 18.0032 59.4893
      vertex 50.86 17.1638 59.6278
    endloop
  endfacet
  facet normal 0 -0.528186 -0.849129
    outer loop
      vertex 50.86 26.3643 83.5342
      vertex 51.1733 26.2 83.6364
      vertex 50.86 26.2 83.6364
    endloop
  endfacet
  facet normal 0 -0.528186 -0.849129
    outer loop
      vertex 104.54 26.3643 83.5342
      vertex 104.54 26.2 83.6364
      vertex 104.227 26.2 83.6364
    endloop
  endfacet
  facet normal -0 0.227126 0.973865
    outer loop
      vertex 50.86 17.1638 59.6278
      vertex 104.54 16.3354 59.821
      vertex 104.54 17.1638 59.6278
    endloop
  endfacet
  facet normal 0 0.227126 0.973865
    outer loop
      vertex 104.54 16.3354 59.821
      vertex 50.86 17.1638 59.6278
      vertex 50.86 16.3354 59.821
    endloop
  endfacet
  facet normal 0 0.881907 0.471424
    outer loop
      vertex 104.54 8.44167 65.8781
      vertex 50.86 8.04065 66.6283
      vertex 104.54 8.04065 66.6283
    endloop
  endfacet
  facet normal 0 0.881907 0.471424
    outer loop
      vertex 50.86 8.04065 66.6283
      vertex 104.54 8.44167 65.8781
      vertex 50.86 8.44167 65.8781
    endloop
  endfacet
  facet normal 0 -0.0326807 0.999466
    outer loop
      vertex 50.86 20.5502 59.4059
      vertex 104.54 19.7 59.3781
      vertex 104.54 20.5502 59.4059
    endloop
  endfacet
  facet normal 0 -0.0326807 0.999466
    outer loop
      vertex 104.54 19.7 59.3781
      vertex 50.86 20.5502 59.4059
      vertex 50.86 19.7 59.3781
    endloop
  endfacet
  facet normal 0 0.35218 -0.935932
    outer loop
      vertex 50.86 14.7251 84.3885
      vertex 104.54 15.5213 84.6881
      vertex 104.54 14.7251 84.3885
    endloop
  endfacet
  facet normal 0 0.35218 -0.935932
    outer loop
      vertex 104.54 15.5213 84.6881
      vertex 50.86 14.7251 84.3885
      vertex 50.86 15.5213 84.6881
    endloop
  endfacet
  facet normal -0 0.412704 0.910865
    outer loop
      vertex 50.86 14.7251 60.3676
      vertex 104.54 13.9502 60.7187
      vertex 104.54 14.7251 60.3676
    endloop
  endfacet
  facet normal 0 0.412704 0.910865
    outer loop
      vertex 104.54 13.9502 60.7187
      vertex 50.86 14.7251 60.3676
      vertex 50.86 13.9502 60.7187
    endloop
  endfacet
  facet normal -0 0.35218 0.935932
    outer loop
      vertex 50.86 15.5213 60.068
      vertex 104.54 14.7251 60.3676
      vertex 104.54 15.5213 60.068
    endloop
  endfacet
  facet normal 0 0.35218 0.935932
    outer loop
      vertex 104.54 14.7251 60.3676
      vertex 50.86 15.5213 60.068
      vertex 50.86 14.7251 60.3676
    endloop
  endfacet
  facet normal 0 -0.295684 0.955286
    outer loop
      vertex 50.86 23.073 59.8236
      vertex 104.54 23.0646 59.821
      vertex 104.54 23.073 59.8236
    endloop
  endfacet
  facet normal 0 -0.295684 0.955286
    outer loop
      vertex 104.54 23.0646 59.821
      vertex 50.86 23.073 59.8236
      vertex 50.86 23.0646 59.821
    endloop
  endfacet
  facet normal 0 -0.35218 -0.935932
    outer loop
      vertex 104.54 23.8787 84.6881
      vertex 101.199 24.6749 84.3885
      vertex 104.54 24.6749 84.3885
    endloop
  endfacet
  facet normal -1.25436e-05 -0.352226 -0.935915
    outer loop
      vertex 104.54 23.8787 84.6881
      vertex 100.137 24.1459 84.5876
      vertex 101.199 24.6749 84.3885
    endloop
  endfacet
  facet normal 0 -0.352045 -0.935983
    outer loop
      vertex 100.137 24.1459 84.5876
      vertex 104.54 23.8787 84.6881
      vertex 99.5054 23.8787 84.6881
    endloop
  endfacet
  facet normal 0 -0.350806 -0.936448
    outer loop
      vertex 50.86 23.8787 84.6881
      vertex 55.8181 23.911 84.676
      vertex 55.8946 23.8787 84.6881
    endloop
  endfacet
  facet normal 1.03122e-05 -0.352193 -0.935927
    outer loop
      vertex 55.8181 23.911 84.676
      vertex 50.86 23.8787 84.6881
      vertex 55.2627 24.1459 84.5876
    endloop
  endfacet
  facet normal 1.25446e-05 -0.352226 -0.935915
    outer loop
      vertex 50.86 23.8787 84.6881
      vertex 54.2009 24.6749 84.3885
      vertex 55.2627 24.1459 84.5876
    endloop
  endfacet
  facet normal -0 -0.35218 -0.935932
    outer loop
      vertex 54.2009 24.6749 84.3885
      vertex 50.86 23.8787 84.6881
      vertex 50.86 24.6749 84.3885
    endloop
  endfacet
  facet normal 0 0.910932 0.412557
    outer loop
      vertex 104.54 8.04065 66.6283
      vertex 50.86 7.99998 66.7181
      vertex 104.54 7.99998 66.7181
    endloop
  endfacet
  facet normal 0 0.910932 0.412557
    outer loop
      vertex 50.86 7.99998 66.7181
      vertex 104.54 8.04065 66.6283
      vertex 50.86 8.04065 66.6283
    endloop
  endfacet
  facet normal 0 0.773015 0.634387
    outer loop
      vertex 104.54 9.92608 63.8066
      vertex 50.86 9.38641 64.4642
      vertex 104.54 9.38641 64.4642
    endloop
  endfacet
  facet normal 0 0.773015 0.634387
    outer loop
      vertex 50.86 9.38641 64.4642
      vertex 104.54 9.92608 63.8066
      vertex 50.86 9.92608 63.8066
    endloop
  endfacet
  facet normal -0 0.0326807 0.999466
    outer loop
      vertex 50.86 19.7 59.3781
      vertex 104.54 18.8498 59.4059
      vertex 104.54 19.7 59.3781
    endloop
  endfacet
  facet normal 0 0.0326807 0.999466
    outer loop
      vertex 104.54 18.8498 59.4059
      vertex 50.86 19.7 59.3781
      vertex 50.86 18.8498 59.4059
    endloop
  endfacet
  facet normal 0 0.412756 -0.910842
    outer loop
      vertex 50.86 14.6792 84.3677
      vertex 104.54 14.7251 84.3885
      vertex 104.54 14.6792 84.3677
    endloop
  endfacet
  facet normal 0 0.412756 -0.910842
    outer loop
      vertex 104.54 14.7251 84.3885
      vertex 50.86 14.6792 84.3677
      vertex 50.86 14.7251 84.3885
    endloop
  endfacet
  facet normal 0 -0.227126 -0.973865
    outer loop
      vertex 104.54 22.2362 85.1283
      vertex 97.6404 23.0646 84.9351
      vertex 104.54 23.0646 84.9351
    endloop
  endfacet
  facet normal 4.57321e-06 -0.227089 -0.973874
    outer loop
      vertex 104.54 22.2362 85.1283
      vertex 97.0928 22.818 84.9926
      vertex 97.6404 23.0646 84.9351
    endloop
  endfacet
  facet normal 1.92738e-05 -0.226911 -0.973916
    outer loop
      vertex 104.54 22.2362 85.1283
      vertex 96.534 22.6085 85.0414
      vertex 97.0928 22.818 84.9926
    endloop
  endfacet
  facet normal 0 -0.227304 -0.973824
    outer loop
      vertex 96.534 22.6085 85.0414
      vertex 104.54 22.2362 85.1283
      vertex 95.5404 22.2362 85.1283
    endloop
  endfacet
  facet normal 0 -0.227145 -0.973861
    outer loop
      vertex 50.86 22.2362 85.1283
      vertex 58.3072 22.818 84.9926
      vertex 59.8596 22.2362 85.1283
    endloop
  endfacet
  facet normal -4.57321e-06 -0.227089 -0.973874
    outer loop
      vertex 50.86 22.2362 85.1283
      vertex 57.7596 23.0646 84.9351
      vertex 58.3072 22.818 84.9926
    endloop
  endfacet
  facet normal -0 -0.227126 -0.973865
    outer loop
      vertex 57.7596 23.0646 84.9351
      vertex 50.86 22.2362 85.1283
      vertex 50.86 23.0646 84.9351
    endloop
  endfacet
  facet normal 0 0.162798 -0.986659
    outer loop
      vertex 50.86 17.1638 85.1283
      vertex 104.54 18.0032 85.2668
      vertex 104.54 17.1638 85.1283
    endloop
  endfacet
  facet normal 0 0.162798 -0.986659
    outer loop
      vertex 104.54 18.0032 85.2668
      vertex 50.86 17.1638 85.1283
      vertex 50.86 18.0032 85.2668
    endloop
  endfacet
  facet normal 0 -0.0980371 0.995183
    outer loop
      vertex 50.86 21.3968 59.4893
      vertex 104.54 20.5502 59.4059
      vertex 104.54 21.3968 59.4893
    endloop
  endfacet
  facet normal 0 -0.0980371 0.995183
    outer loop
      vertex 104.54 20.5502 59.4059
      vertex 50.86 21.3968 59.4893
      vertex 50.86 20.5502 59.4059
    endloop
  endfacet
  facet normal 0 0.290334 -0.956925
    outer loop
      vertex 50.86 15.5213 84.6881
      vertex 104.54 16.3354 84.9351
      vertex 104.54 15.5213 84.6881
    endloop
  endfacet
  facet normal 0 0.290334 -0.956925
    outer loop
      vertex 104.54 16.3354 84.9351
      vertex 50.86 15.5213 84.6881
      vertex 50.86 16.3354 84.9351
    endloop
  endfacet
  facet normal -0 0.0980371 0.995183
    outer loop
      vertex 50.86 18.8498 59.4059
      vertex 104.54 18.0032 59.4893
      vertex 104.54 18.8498 59.4059
    endloop
  endfacet
  facet normal 0 0.0980371 0.995183
    outer loop
      vertex 104.54 18.0032 59.4893
      vertex 50.86 18.8498 59.4059
      vertex 50.86 18.0032 59.4893
    endloop
  endfacet
  facet normal 0 0.0980371 -0.995183
    outer loop
      vertex 104.54 18.0032 85.2668
      vertex 81.4478 18.8498 85.3502
      vertex 104.54 18.8498 85.3502
    endloop
  endfacet
  facet normal -3.80045e-05 0.0970104 -0.995283
    outer loop
      vertex 104.54 18.0032 85.2668
      vertex 80.9978 18.7973 85.3451
      vertex 81.4478 18.8498 85.3502
    endloop
  endfacet
  facet normal 5.10023e-05 0.0996237 -0.995025
    outer loop
      vertex 104.54 18.0032 85.2668
      vertex 80.4617 18.7766 85.343
      vertex 80.9978 18.7973 85.3451
    endloop
  endfacet
  facet normal -6.90603e-06 0.0978383 -0.995202
    outer loop
      vertex 104.54 18.0032 85.2668
      vertex 77.7 18.6696 85.3325
      vertex 80.4617 18.7766 85.343
    endloop
  endfacet
  facet normal 0 0.0981138 -0.995175
    outer loop
      vertex 50.86 18.0032 85.2668
      vertex 77.7 18.6696 85.3325
      vertex 104.54 18.0032 85.2668
    endloop
  endfacet
  facet normal 6.90603e-06 0.0978383 -0.995202
    outer loop
      vertex 50.86 18.0032 85.2668
      vertex 74.9383 18.7766 85.343
      vertex 77.7 18.6696 85.3325
    endloop
  endfacet
  facet normal -5.10023e-05 0.0996237 -0.995025
    outer loop
      vertex 50.86 18.0032 85.2668
      vertex 74.4022 18.7973 85.3451
      vertex 74.9383 18.7766 85.343
    endloop
  endfacet
  facet normal 3.80045e-05 0.0970104 -0.995283
    outer loop
      vertex 50.86 18.0032 85.2668
      vertex 73.9522 18.8498 85.3502
      vertex 74.4022 18.7973 85.3451
    endloop
  endfacet
  facet normal 0 0.0980371 -0.995183
    outer loop
      vertex 73.9522 18.8498 85.3502
      vertex 50.86 18.0032 85.2668
      vertex 50.86 18.8498 85.3502
    endloop
  endfacet
  facet normal 0 -0.290334 -0.956925
    outer loop
      vertex 104.54 23.0646 84.9351
      vertex 99.5054 23.8787 84.6881
      vertex 104.54 23.8787 84.6881
    endloop
  endfacet
  facet normal -5.93089e-06 -0.290367 -0.956915
    outer loop
      vertex 104.54 23.0646 84.9351
      vertex 97.6421 23.0654 84.9349
      vertex 99.5054 23.8787 84.6881
    endloop
  endfacet
  facet normal 0 -0.242536 -0.970143
    outer loop
      vertex 97.6421 23.0654 84.9349
      vertex 104.54 23.0646 84.9351
      vertex 97.6404 23.0646 84.9351
    endloop
  endfacet
  facet normal 0 -0.290334 -0.956925
    outer loop
      vertex 50.86 23.0646 84.9351
      vertex 55.8946 23.8787 84.6881
      vertex 57.7596 23.0646 84.9351
    endloop
  endfacet
  facet normal -0 -0.290334 -0.956925
    outer loop
      vertex 55.8946 23.8787 84.6881
      vertex 50.86 23.0646 84.9351
      vertex 50.86 23.8787 84.6881
    endloop
  endfacet
  facet normal 1 0 0
    outer loop
      vertex 50.86 25.4498 84.0374
      vertex 50.86 26.3643 83.5342
      vertex 50.86 26.2 83.6364
    endloop
  endfacet
  facet normal 1 0 0
    outer loop
      vertex 50.86 17.4838 65.7816
      vertex 50.86 25.4498 84.0374
      vertex 50.86 24.6749 84.3885
    endloop
  endfacet
  facet normal 1 0 0
    outer loop
      vertex 50.86 17.4838 65.7816
      vertex 50.86 24.6749 84.3885
      vertex 50.86 23.8787 84.6881
    endloop
  endfacet
  facet normal 1 0 0
    outer loop
      vertex 50.86 17.4838 65.7816
      vertex 50.86 23.8787 84.6881
      vertex 50.86 23.0646 84.9351
    endloop
  endfacet
  facet normal 1 0 0
    outer loop
      vertex 50.86 17.4838 65.7816
      vertex 50.86 23.0646 84.9351
      vertex 50.86 22.2362 85.1283
    endloop
  endfacet
  facet normal 1 0 0
    outer loop
      vertex 50.86 17.4838 65.7816
      vertex 50.86 22.2362 85.1283
      vertex 50.86 21.3968 85.2668
    endloop
  endfacet
  facet normal 1 0 0
    outer loop
      vertex 50.86 17.4838 65.7816
      vertex 50.86 21.3968 85.2668
      vertex 50.86 20.5502 85.3502
    endloop
  endfacet
  facet normal 1 0 0
    outer loop
      vertex 50.86 17.4838 65.7816
      vertex 50.86 20.5502 85.3502
      vertex 50.86 19.7 85.3781
    endloop
  endfacet
  facet normal 1 0 0
    outer loop
      vertex 50.86 17.4838 65.7816
      vertex 50.86 19.7 85.3781
      vertex 50.86 18.8498 85.3502
    endloop
  endfacet
  facet normal 1 0 0
    outer loop
      vertex 50.86 17.4838 65.7816
      vertex 50.86 18.8498 85.3502
      vertex 50.86 18.0032 85.2668
    endloop
  endfacet
  facet normal 1 0 0
    outer loop
      vertex 50.86 25.4498 84.0374
      vertex 50.86 17.4838 65.7816
      vertex 50.86 26.3643 83.5342
    endloop
  endfacet
  facet normal 1 -0 0
    outer loop
      vertex 50.86 17.1638 85.1283
      vertex 50.86 17.4838 65.7816
      vertex 50.86 18.0032 85.2668
    endloop
  endfacet
  facet normal 1 -0 0
    outer loop
      vertex 50.86 16.3354 84.9351
      vertex 50.86 17.4838 65.7816
      vertex 50.86 17.1638 85.1283
    endloop
  endfacet
  facet normal 1 -0 0
    outer loop
      vertex 50.86 15.5213 84.6881
      vertex 50.86 17.4838 65.7816
      vertex 50.86 16.3354 84.9351
    endloop
  endfacet
  facet normal 1 0 0
    outer loop
      vertex 50.86 21.9868 60.5842
      vertex 50.86 23.0646 59.821
      vertex 50.86 23.073 59.8236
    endloop
  endfacet
  facet normal 1 0 0
    outer loop
      vertex 50.86 23.0646 59.821
      vertex 50.86 21.9868 60.5842
      vertex 50.86 22.2362 59.6278
    endloop
  endfacet
  facet normal 1 0 0
    outer loop
      vertex 50.86 21.9868 60.5842
      vertex 50.86 21.3968 59.4893
      vertex 50.86 22.2362 59.6278
    endloop
  endfacet
  facet normal 1 0 0
    outer loop
      vertex 50.86 21.9868 60.5842
      vertex 50.86 20.5502 59.4059
      vertex 50.86 21.3968 59.4893
    endloop
  endfacet
  facet normal 1 0 0
    outer loop
      vertex 50.86 18.9577 62.7051
      vertex 50.86 20.5502 59.4059
      vertex 50.86 21.9868 60.5842
    endloop
  endfacet
  facet normal 1 0 0
    outer loop
      vertex 50.86 20.5502 59.4059
      vertex 50.86 18.9577 62.7051
      vertex 50.86 19.7 59.3781
    endloop
  endfacet
  facet normal 1 0 0
    outer loop
      vertex 50.86 18.9577 62.7051
      vertex 50.86 18.8498 59.4059
      vertex 50.86 19.7 59.3781
    endloop
  endfacet
  facet normal 1 0 0
    outer loop
      vertex 50.86 18.9577 62.7051
      vertex 50.86 18.0032 59.4893
      vertex 50.86 18.8498 59.4059
    endloop
  endfacet
  facet normal 1 0 0
    outer loop
      vertex 50.86 18.9577 62.7051
      vertex 50.86 17.1638 59.6278
      vertex 50.86 18.0032 59.4893
    endloop
  endfacet
  facet normal 1 0 0
    outer loop
      vertex 50.86 16.3354 59.821
      vertex 50.86 18.9577 62.7051
      vertex 50.86 16.9249 64.1285
    endloop
  endfacet
  facet normal 1 0 0
    outer loop
      vertex 50.86 14.7251 60.3676
      vertex 50.86 16.9249 64.1285
      vertex 50.86 16.7354 64.2612
    endloop
  endfacet
  facet normal 1 0 0
    outer loop
      vertex 50.86 18.9577 62.7051
      vertex 50.86 16.3354 59.821
      vertex 50.86 17.1638 59.6278
    endloop
  endfacet
  facet normal 1 -0 0
    outer loop
      vertex 50.86 14.6792 84.3677
      vertex 50.86 17.4838 65.7816
      vertex 50.86 15.5213 84.6881
    endloop
  endfacet
  facet normal 1 -0 0
    outer loop
      vertex 50.86 7.99998 72.3781
      vertex 50.86 17.4838 65.7816
      vertex 50.86 14.6792 84.3677
    endloop
  endfacet
  facet normal 1 -0 -0
    outer loop
      vertex 50.86 8.04065 66.6283
      vertex 50.86 17.4838 65.7816
      vertex 50.86 7.99998 66.7181
    endloop
  endfacet
  facet normal 1 0 0
    outer loop
      vertex 50.86 14.6792 84.3677
      vertex 50.86 15.5213 84.6881
      vertex 50.86 14.7251 84.3885
    endloop
  endfacet
  facet normal 1 0 0
    outer loop
      vertex 50.86 16.9249 64.1285
      vertex 50.86 15.5213 60.068
      vertex 50.86 16.3354 59.821
    endloop
  endfacet
  facet normal 1 -0 0
    outer loop
      vertex 50.86 7.99998 66.7181
      vertex 50.86 17.4838 65.7816
      vertex 50.86 7.99998 72.3781
    endloop
  endfacet
  facet normal 1 0 0
    outer loop
      vertex 50.86 16.9249 64.1285
      vertex 50.86 14.7251 60.3676
      vertex 50.86 15.5213 60.068
    endloop
  endfacet
  facet normal 1 0 0
    outer loop
      vertex 50.86 16.7354 64.2612
      vertex 50.86 13.9502 60.7187
      vertex 50.86 14.7251 60.3676
    endloop
  endfacet
  facet normal 1 0 0
    outer loop
      vertex 50.86 16.7354 64.2612
      vertex 50.86 13.2 61.1197
      vertex 50.86 13.9502 60.7187
    endloop
  endfacet
  facet normal 1 0 0
    outer loop
      vertex 50.86 16.7354 64.2612
      vertex 50.86 12.4776 61.5689
      vertex 50.86 13.2 61.1197
    endloop
  endfacet
  facet normal 1 0 0
    outer loop
      vertex 50.86 16.7354 64.2612
      vertex 50.86 11.7861 62.0645
      vertex 50.86 12.4776 61.5689
    endloop
  endfacet
  facet normal 1 0 0
    outer loop
      vertex 50.86 16.7354 64.2612
      vertex 50.86 11.1285 62.6041
      vertex 50.86 11.7861 62.0645
    endloop
  endfacet
  facet normal 1 0 0
    outer loop
      vertex 50.86 16.7354 64.2612
      vertex 50.86 10.5076 63.1857
      vertex 50.86 11.1285 62.6041
    endloop
  endfacet
  facet normal 1 0 0
    outer loop
      vertex 50.86 16.7354 64.2612
      vertex 50.86 9.92608 63.8066
      vertex 50.86 10.5076 63.1857
    endloop
  endfacet
  facet normal 1 0 0
    outer loop
      vertex 50.86 16.7354 64.2612
      vertex 50.86 9.38641 64.4642
      vertex 50.86 9.92608 63.8066
    endloop
  endfacet
  facet normal 1 0 0
    outer loop
      vertex 50.86 17.4838 65.7816
      vertex 50.86 9.38641 64.4642
      vertex 50.86 16.7354 64.2612
    endloop
  endfacet
  facet normal 1 0 -0
    outer loop
      vertex 50.86 9.38641 64.4642
      vertex 50.86 17.4838 65.7816
      vertex 50.86 8.89089 65.1556
    endloop
  endfacet
  facet normal 1 0 -0
    outer loop
      vertex 50.86 8.89089 65.1556
      vertex 50.86 17.4838 65.7816
      vertex 50.86 8.44167 65.8781
    endloop
  endfacet
  facet normal 1 -0 -0
    outer loop
      vertex 50.86 8.44167 65.8781
      vertex 50.86 17.4838 65.7816
      vertex 50.86 8.04065 66.6283
    endloop
  endfacet
  facet normal 0 -0.47164 -0.881791
    outer loop
      vertex 50.86 25.4498 84.0374
      vertex 52.3152 25.5803 83.9676
      vertex 52.5948 25.4498 84.0374
    endloop
  endfacet
  facet normal -2.96857e-05 -0.471383 -0.881929
    outer loop
      vertex 50.86 25.4498 84.0374
      vertex 51.7879 25.8664 83.8147
      vertex 52.3152 25.5803 83.9676
    endloop
  endfacet
  facet normal -2.01772e-05 -0.471399 -0.88192
    outer loop
      vertex 50.86 25.4498 84.0374
      vertex 51.1733 26.2 83.6364
      vertex 51.7879 25.8664 83.8147
    endloop
  endfacet
  facet normal -0 -0.471406 -0.881917
    outer loop
      vertex 51.1733 26.2 83.6364
      vertex 50.86 25.4498 84.0374
      vertex 50.86 26.2 83.6364
    endloop
  endfacet
  facet normal 0 -0.471406 -0.881917
    outer loop
      vertex 104.54 25.4498 84.0374
      vertex 104.227 26.2 83.6364
      vertex 104.54 26.2 83.6364
    endloop
  endfacet
  facet normal 2.01701e-05 -0.471399 -0.88192
    outer loop
      vertex 104.54 25.4498 84.0374
      vertex 103.612 25.8664 83.8147
      vertex 104.227 26.2 83.6364
    endloop
  endfacet
  facet normal 2.96916e-05 -0.471383 -0.881929
    outer loop
      vertex 104.54 25.4498 84.0374
      vertex 103.085 25.5803 83.9676
      vertex 103.612 25.8664 83.8147
    endloop
  endfacet
  facet normal 0 -0.47164 -0.881791
    outer loop
      vertex 103.085 25.5803 83.9676
      vertex 104.54 25.4498 84.0374
      vertex 102.805 25.4498 84.0374
    endloop
  endfacet
  facet normal -0 0.290334 0.956925
    outer loop
      vertex 50.86 16.3354 59.821
      vertex 104.54 15.5213 60.068
      vertex 104.54 16.3354 59.821
    endloop
  endfacet
  facet normal 0 0.290334 0.956925
    outer loop
      vertex 104.54 15.5213 60.068
      vertex 50.86 16.3354 59.821
      vertex 50.86 15.5213 60.068
    endloop
  endfacet
  facet normal 0 0.849233 0.528018
    outer loop
      vertex 104.54 8.89089 65.1556
      vertex 50.86 8.44167 65.8781
      vertex 104.54 8.44167 65.8781
    endloop
  endfacet
  facet normal 0 0.849233 0.528018
    outer loop
      vertex 50.86 8.44167 65.8781
      vertex 104.54 8.89089 65.1556
      vertex 50.86 8.89089 65.1556
    endloop
  endfacet
  facet normal 0 -0.412677 -0.910877
    outer loop
      vertex 50.86 24.6749 84.3885
      vertex 52.8609 25.3214 84.0956
      vertex 54.2009 24.6749 84.3885
    endloop
  endfacet
  facet normal 3.80939e-05 -0.412775 -0.910833
    outer loop
      vertex 52.8609 25.3214 84.0956
      vertex 50.86 24.6749 84.3885
      vertex 52.5948 25.4498 84.0374
    endloop
  endfacet
  facet normal -0 -0.412704 -0.910865
    outer loop
      vertex 52.5948 25.4498 84.0374
      vertex 50.86 24.6749 84.3885
      vertex 50.86 25.4498 84.0374
    endloop
  endfacet
  facet normal 0 -0.412704 -0.910865
    outer loop
      vertex 104.54 24.6749 84.3885
      vertex 102.805 25.4498 84.0374
      vertex 104.54 25.4498 84.0374
    endloop
  endfacet
  facet normal -3.80985e-05 -0.412775 -0.910833
    outer loop
      vertex 104.54 24.6749 84.3885
      vertex 102.539 25.3214 84.0956
      vertex 102.805 25.4498 84.0374
    endloop
  endfacet
  facet normal 0 -0.412677 -0.910877
    outer loop
      vertex 102.539 25.3214 84.0956
      vertex 104.54 24.6749 84.3885
      vertex 101.199 24.6749 84.3885
    endloop
  endfacet
  facet normal 0 0.812808 0.582532
    outer loop
      vertex 104.54 9.38641 64.4642
      vertex 50.86 8.89089 65.1556
      vertex 104.54 8.89089 65.1556
    endloop
  endfacet
  facet normal 0 0.812808 0.582532
    outer loop
      vertex 50.86 8.89089 65.1556
      vertex 104.54 9.38641 64.4642
      vertex 50.86 9.38641 64.4642
    endloop
  endfacet
  facet normal -0 0.471406 0.881917
    outer loop
      vertex 50.86 13.9502 60.7187
      vertex 104.54 13.2 61.1197
      vertex 104.54 13.9502 60.7187
    endloop
  endfacet
  facet normal 0 0.471406 0.881917
    outer loop
      vertex 104.54 13.2 61.1197
      vertex 50.86 13.9502 60.7187
      vertex 50.86 13.2 61.1197
    endloop
  endfacet
  facet normal 0 -0.162732 -0.98667
    outer loop
      vertex 50.86 21.3968 85.2668
      vertex 61.9876 21.4544 85.2573
      vertex 62.1719 21.3968 85.2668
    endloop
  endfacet
  facet normal -2.95856e-06 -0.162678 -0.986679
    outer loop
      vertex 50.86 21.3968 85.2668
      vertex 60.8804 21.8412 85.1935
      vertex 61.4306 21.6283 85.2286
    endloop
  endfacet
  facet normal 5.36668e-07 -0.162833 -0.986654
    outer loop
      vertex 61.9876 21.4544 85.2573
      vertex 50.86 21.3968 85.2668
      vertex 61.4306 21.6283 85.2286
    endloop
  endfacet
  facet normal 4.78151e-06 -0.162848 -0.986651
    outer loop
      vertex 60.8804 21.8412 85.1935
      vertex 50.86 21.3968 85.2668
      vertex 59.8596 22.2362 85.1283
    endloop
  endfacet
  facet normal -0 -0.162798 -0.986659
    outer loop
      vertex 59.8596 22.2362 85.1283
      vertex 50.86 21.3968 85.2668
      vertex 50.86 22.2362 85.1283
    endloop
  endfacet
  facet normal 0 -0.162798 -0.986659
    outer loop
      vertex 104.54 21.3968 85.2668
      vertex 95.5404 22.2362 85.1283
      vertex 104.54 22.2362 85.1283
    endloop
  endfacet
  facet normal 3.38596e-07 -0.162794 -0.98666
    outer loop
      vertex 104.54 21.3968 85.2668
      vertex 93.9694 21.6283 85.2286
      vertex 95.5404 22.2362 85.1283
    endloop
  endfacet
  facet normal -5.36668e-07 -0.162833 -0.986654
    outer loop
      vertex 104.54 21.3968 85.2668
      vertex 93.4124 21.4544 85.2573
      vertex 93.9694 21.6283 85.2286
    endloop
  endfacet
  facet normal 0 -0.162732 -0.98667
    outer loop
      vertex 93.4124 21.4544 85.2573
      vertex 104.54 21.3968 85.2668
      vertex 93.2281 21.3968 85.2668
    endloop
  endfacet
  facet normal 0 0.729874 0.683582
    outer loop
      vertex 104.54 10.5076 63.1857
      vertex 50.86 9.92608 63.8066
      vertex 104.54 9.92608 63.8066
    endloop
  endfacet
  facet normal 0 0.729874 0.683582
    outer loop
      vertex 50.86 9.92608 63.8066
      vertex 104.54 10.5076 63.1857
      vertex 50.86 10.5076 63.1857
    endloop
  endfacet
  facet normal 0 0.227126 -0.973865
    outer loop
      vertex 50.86 16.3354 84.9351
      vertex 104.54 17.1638 85.1283
      vertex 104.54 16.3354 84.9351
    endloop
  endfacet
  facet normal 0 0.227126 -0.973865
    outer loop
      vertex 104.54 17.1638 85.1283
      vertex 50.86 16.3354 84.9351
      vertex 50.86 17.1638 85.1283
    endloop
  endfacet
  facet normal 0 0.0327982 -0.999462
    outer loop
      vertex 104.54 18.8498 85.3502
      vertex 87.1071 19.7 85.3781
      vertex 104.54 19.7 85.3781
    endloop
  endfacet
  facet normal 0.000141029 0.0356866 -0.999363
    outer loop
      vertex 104.54 18.8498 85.3502
      vertex 87.0052 19.6808 85.3774
      vertex 87.1071 19.7 85.3781
    endloop
  endfacet
  facet normal -4.57231e-06 0.0326178 -0.999468
    outer loop
      vertex 104.54 18.8498 85.3502
      vertex 84.2851 19.1687 85.3607
      vertex 87.0052 19.6808 85.3774
    endloop
  endfacet
  facet normal 7.17857e-07 0.0329534 -0.999457
    outer loop
      vertex 104.54 18.8498 85.3502
      vertex 81.5333 18.8594 85.3505
      vertex 84.2851 19.1687 85.3607
    endloop
  endfacet
  facet normal 0 0.0312348 -0.999512
    outer loop
      vertex 81.5333 18.8594 85.3505
      vertex 104.54 18.8498 85.3502
      vertex 81.4478 18.8498 85.3502
    endloop
  endfacet
  facet normal 0 0.0312348 -0.999512
    outer loop
      vertex 50.86 18.8498 85.3502
      vertex 73.8667 18.8594 85.3505
      vertex 73.9522 18.8498 85.3502
    endloop
  endfacet
  facet normal 4.57231e-06 0.0326178 -0.999468
    outer loop
      vertex 50.86 18.8498 85.3502
      vertex 68.3948 19.6808 85.3774
      vertex 71.1149 19.1687 85.3607
    endloop
  endfacet
  facet normal -7.17857e-07 0.0329534 -0.999457
    outer loop
      vertex 73.8667 18.8594 85.3505
      vertex 50.86 18.8498 85.3502
      vertex 71.1149 19.1687 85.3607
    endloop
  endfacet
  facet normal -0.000141029 0.0356866 -0.999363
    outer loop
      vertex 68.3948 19.6808 85.3774
      vertex 50.86 18.8498 85.3502
      vertex 68.2929 19.7 85.3781
    endloop
  endfacet
  facet normal 0 0.0327982 -0.999462
    outer loop
      vertex 68.2929 19.7 85.3781
      vertex 50.86 18.8498 85.3502
      vertex 50.86 19.7 85.3781
    endloop
  endfacet
  facet normal -0 0.528053 0.849211
    outer loop
      vertex 50.86 13.2 61.1197
      vertex 104.54 12.4776 61.5689
      vertex 104.54 13.2 61.1197
    endloop
  endfacet
  facet normal 0 0.528053 0.849211
    outer loop
      vertex 104.54 12.4776 61.5689
      vertex 50.86 13.2 61.1197
      vertex 50.86 12.4776 61.5689
    endloop
  endfacet
  facet normal -0 0.634338 0.773056
    outer loop
      vertex 50.86 11.7861 62.0645
      vertex 104.54 11.1285 62.6041
      vertex 104.54 11.7861 62.0645
    endloop
  endfacet
  facet normal 0 0.634338 0.773056
    outer loop
      vertex 104.54 11.1285 62.6041
      vertex 50.86 11.7861 62.0645
      vertex 50.86 11.1285 62.6041
    endloop
  endfacet
  facet normal -0 0.582538 0.812803
    outer loop
      vertex 50.86 12.4776 61.5689
      vertex 104.54 11.7861 62.0645
      vertex 104.54 12.4776 61.5689
    endloop
  endfacet
  facet normal 0 0.582538 0.812803
    outer loop
      vertex 104.54 11.7861 62.0645
      vertex 50.86 12.4776 61.5689
      vertex 50.86 11.7861 62.0645
    endloop
  endfacet
  facet normal 0 -0.0973062 -0.995254
    outer loop
      vertex 50.86 20.5502 85.3502
      vertex 64.616 20.6085 85.3445
      vertex 64.8506 20.5502 85.3502
    endloop
  endfacet
  facet normal 3.31535e-06 -0.098081 -0.995178
    outer loop
      vertex 50.86 20.5502 85.3502
      vertex 62.1719 21.3968 85.2668
      vertex 64.616 20.6085 85.3445
    endloop
  endfacet
  facet normal -0 -0.0980371 -0.995183
    outer loop
      vertex 62.1719 21.3968 85.2668
      vertex 50.86 20.5502 85.3502
      vertex 50.86 21.3968 85.2668
    endloop
  endfacet
  facet normal 0 -0.0980371 -0.995183
    outer loop
      vertex 104.54 20.5502 85.3502
      vertex 93.2281 21.3968 85.2668
      vertex 104.54 21.3968 85.2668
    endloop
  endfacet
  facet normal -3.31535e-06 -0.098081 -0.995178
    outer loop
      vertex 104.54 20.5502 85.3502
      vertex 90.784 20.6085 85.3445
      vertex 93.2281 21.3968 85.2668
    endloop
  endfacet
  facet normal 0 -0.0973062 -0.995254
    outer loop
      vertex 90.784 20.6085 85.3445
      vertex 104.54 20.5502 85.3502
      vertex 90.5494 20.5502 85.3502
    endloop
  endfacet
  facet normal 0 -0.0327982 -0.999462
    outer loop
      vertex 104.54 19.7 85.3781
      vertex 90.5494 20.5502 85.3502
      vertex 104.54 20.5502 85.3502
    endloop
  endfacet
  facet normal 5.76511e-06 -0.0327034 -0.999465
    outer loop
      vertex 104.54 19.7 85.3781
      vertex 88.0946 19.9202 85.3708
      vertex 90.5494 20.5502 85.3502
    endloop
  endfacet
  facet normal 1.94743e-06 -0.0329882 -0.999456
    outer loop
      vertex 104.54 19.7 85.3781
      vertex 87.5513 19.7808 85.3754
      vertex 88.0946 19.9202 85.3708
    endloop
  endfacet
  facet normal 0 -0.0333972 -0.999442
    outer loop
      vertex 87.5513 19.7808 85.3754
      vertex 104.54 19.7 85.3781
      vertex 87.1071 19.7 85.3781
    endloop
  endfacet
  facet normal -1.94743e-06 -0.0329882 -0.999456
    outer loop
      vertex 50.86 19.7 85.3781
      vertex 67.3054 19.9202 85.3708
      vertex 67.8487 19.7808 85.3754
    endloop
  endfacet
  facet normal 0 -0.0333972 -0.999442
    outer loop
      vertex 50.86 19.7 85.3781
      vertex 67.8487 19.7808 85.3754
      vertex 68.2929 19.7 85.3781
    endloop
  endfacet
  facet normal -5.76511e-06 -0.0327034 -0.999465
    outer loop
      vertex 67.3054 19.9202 85.3708
      vertex 50.86 19.7 85.3781
      vertex 64.8506 20.5502 85.3502
    endloop
  endfacet
  facet normal -0 -0.0327982 -0.999462
    outer loop
      vertex 64.8506 20.5502 85.3502
      vertex 50.86 19.7 85.3781
      vertex 50.86 20.5502 85.3502
    endloop
  endfacet
  facet normal -1 0 0
    outer loop
      vertex 104.54 21.9868 60.5842
      vertex 104.54 23.0646 59.821
      vertex 104.54 22.2362 59.6278
    endloop
  endfacet
  facet normal -1 0 0
    outer loop
      vertex 104.54 23.0646 59.821
      vertex 104.54 21.9868 60.5842
      vertex 104.54 23.073 59.8236
    endloop
  endfacet
  facet normal -1 0 0
    outer loop
      vertex 104.54 21.3968 59.4893
      vertex 104.54 21.9868 60.5842
      vertex 104.54 22.2362 59.6278
    endloop
  endfacet
  facet normal -1 0 0
    outer loop
      vertex 104.54 20.5502 59.4059
      vertex 104.54 21.9868 60.5842
      vertex 104.54 21.3968 59.4893
    endloop
  endfacet
  facet normal -1 0 0
    outer loop
      vertex 104.54 18.9577 62.7051
      vertex 104.54 20.5502 59.4059
      vertex 104.54 19.7 59.3781
    endloop
  endfacet
  facet normal -1 0 0
    outer loop
      vertex 104.54 20.5502 59.4059
      vertex 104.54 18.9577 62.7051
      vertex 104.54 21.9868 60.5842
    endloop
  endfacet
  facet normal -1 0 0
    outer loop
      vertex 104.54 18.8498 59.4059
      vertex 104.54 18.9577 62.7051
      vertex 104.54 19.7 59.3781
    endloop
  endfacet
  facet normal -1 0 0
    outer loop
      vertex 104.54 18.0032 59.4893
      vertex 104.54 18.9577 62.7051
      vertex 104.54 18.8498 59.4059
    endloop
  endfacet
  facet normal -1 0 0
    outer loop
      vertex 104.54 17.1638 59.6278
      vertex 104.54 18.9577 62.7051
      vertex 104.54 18.0032 59.4893
    endloop
  endfacet
  facet normal -1 0 0
    outer loop
      vertex 104.54 16.3354 59.821
      vertex 104.54 18.9577 62.7051
      vertex 104.54 17.1638 59.6278
    endloop
  endfacet
  facet normal -1 -0 0
    outer loop
      vertex 104.54 18.9577 62.7051
      vertex 104.54 16.3354 59.821
      vertex 104.54 16.9249 64.1285
    endloop
  endfacet
  facet normal -1 0 0
    outer loop
      vertex 104.54 15.5213 60.068
      vertex 104.54 16.9249 64.1285
      vertex 104.54 16.3354 59.821
    endloop
  endfacet
  facet normal -1 0 0
    outer loop
      vertex 104.54 26.3643 83.5342
      vertex 104.54 25.4498 84.0374
      vertex 104.54 26.2 83.6364
    endloop
  endfacet
  facet normal -1 0 0
    outer loop
      vertex 104.54 17.4838 65.7816
      vertex 104.54 25.4498 84.0374
      vertex 104.54 26.3643 83.5342
    endloop
  endfacet
  facet normal -1 -0 0
    outer loop
      vertex 104.54 25.4498 84.0374
      vertex 104.54 17.4838 65.7816
      vertex 104.54 24.6749 84.3885
    endloop
  endfacet
  facet normal -1 -0 0
    outer loop
      vertex 104.54 24.6749 84.3885
      vertex 104.54 17.4838 65.7816
      vertex 104.54 23.8787 84.6881
    endloop
  endfacet
  facet normal -1 -0 0
    outer loop
      vertex 104.54 23.8787 84.6881
      vertex 104.54 17.4838 65.7816
      vertex 104.54 23.0646 84.9351
    endloop
  endfacet
  facet normal -1 -0 0
    outer loop
      vertex 104.54 23.0646 84.9351
      vertex 104.54 17.4838 65.7816
      vertex 104.54 22.2362 85.1283
    endloop
  endfacet
  facet normal -1 -0 0
    outer loop
      vertex 104.54 22.2362 85.1283
      vertex 104.54 17.4838 65.7816
      vertex 104.54 21.3968 85.2668
    endloop
  endfacet
  facet normal -1 -0 0
    outer loop
      vertex 104.54 21.3968 85.2668
      vertex 104.54 17.4838 65.7816
      vertex 104.54 20.5502 85.3502
    endloop
  endfacet
  facet normal -1 -0 0
    outer loop
      vertex 104.54 20.5502 85.3502
      vertex 104.54 17.4838 65.7816
      vertex 104.54 19.7 85.3781
    endloop
  endfacet
  facet normal -1 0 0
    outer loop
      vertex 104.54 19.7 85.3781
      vertex 104.54 17.4838 65.7816
      vertex 104.54 18.8498 85.3502
    endloop
  endfacet
  facet normal -1 0 0
    outer loop
      vertex 104.54 18.8498 85.3502
      vertex 104.54 17.4838 65.7816
      vertex 104.54 18.0032 85.2668
    endloop
  endfacet
  facet normal -1 0 0
    outer loop
      vertex 104.54 17.4838 65.7816
      vertex 104.54 17.1638 85.1283
      vertex 104.54 18.0032 85.2668
    endloop
  endfacet
  facet normal -1 0 0
    outer loop
      vertex 104.54 9.38641 64.4642
      vertex 104.54 17.4838 65.7816
      vertex 104.54 16.7354 64.2612
    endloop
  endfacet
  facet normal -1 0 0
    outer loop
      vertex 104.54 14.7251 60.3676
      vertex 104.54 16.9249 64.1285
      vertex 104.54 15.5213 60.068
    endloop
  endfacet
  facet normal -1 0 0
    outer loop
      vertex 104.54 17.4838 65.7816
      vertex 104.54 7.99998 72.3781
      vertex 104.54 14.6792 84.3677
    endloop
  endfacet
  facet normal -1 -0 0
    outer loop
      vertex 104.54 16.9249 64.1285
      vertex 104.54 14.7251 60.3676
      vertex 104.54 16.7354 64.2612
    endloop
  endfacet
  facet normal -1 0 0
    outer loop
      vertex 104.54 17.4838 65.7816
      vertex 104.54 16.3354 84.9351
      vertex 104.54 17.1638 85.1283
    endloop
  endfacet
  facet normal -1 0 0
    outer loop
      vertex 104.54 13.9502 60.7187
      vertex 104.54 16.7354 64.2612
      vertex 104.54 14.7251 60.3676
    endloop
  endfacet
  facet normal -1 0 0
    outer loop
      vertex 104.54 17.4838 65.7816
      vertex 104.54 15.5213 84.6881
      vertex 104.54 16.3354 84.9351
    endloop
  endfacet
  facet normal -1 0 0
    outer loop
      vertex 104.54 17.4838 65.7816
      vertex 104.54 14.6792 84.3677
      vertex 104.54 15.5213 84.6881
    endloop
  endfacet
  facet normal -1 0 0
    outer loop
      vertex 104.54 13.2 61.1197
      vertex 104.54 16.7354 64.2612
      vertex 104.54 13.9502 60.7187
    endloop
  endfacet
  facet normal -1 0 0
    outer loop
      vertex 104.54 12.4776 61.5689
      vertex 104.54 16.7354 64.2612
      vertex 104.54 13.2 61.1197
    endloop
  endfacet
  facet normal -1 0 0
    outer loop
      vertex 104.54 11.7861 62.0645
      vertex 104.54 16.7354 64.2612
      vertex 104.54 12.4776 61.5689
    endloop
  endfacet
  facet normal -1 0 0
    outer loop
      vertex 104.54 11.1285 62.6041
      vertex 104.54 16.7354 64.2612
      vertex 104.54 11.7861 62.0645
    endloop
  endfacet
  facet normal -1 0 0
    outer loop
      vertex 104.54 10.5076 63.1857
      vertex 104.54 16.7354 64.2612
      vertex 104.54 11.1285 62.6041
    endloop
  endfacet
  facet normal -1 0 0
    outer loop
      vertex 104.54 9.92608 63.8066
      vertex 104.54 16.7354 64.2612
      vertex 104.54 10.5076 63.1857
    endloop
  endfacet
  facet normal -1 0 0
    outer loop
      vertex 104.54 9.38641 64.4642
      vertex 104.54 16.7354 64.2612
      vertex 104.54 9.92608 63.8066
    endloop
  endfacet
  facet normal -1 0 0
    outer loop
      vertex 104.54 17.4838 65.7816
      vertex 104.54 9.38641 64.4642
      vertex 104.54 8.89089 65.1556
    endloop
  endfacet
  facet normal -1 -0 0
    outer loop
      vertex 104.54 17.4838 65.7816
      vertex 104.54 8.89089 65.1556
      vertex 104.54 8.44167 65.8781
    endloop
  endfacet
  facet normal -1 0 0
    outer loop
      vertex 104.54 17.4838 65.7816
      vertex 104.54 8.44167 65.8781
      vertex 104.54 8.04065 66.6283
    endloop
  endfacet
  facet normal -1 0 0
    outer loop
      vertex 104.54 17.4838 65.7816
      vertex 104.54 8.04065 66.6283
      vertex 104.54 7.99998 66.7181
    endloop
  endfacet
  facet normal -1 0 0
    outer loop
      vertex 104.54 17.4838 65.7816
      vertex 104.54 7.99998 66.7181
      vertex 104.54 7.99998 72.3781
    endloop
  endfacet
  facet normal -1 0 0
    outer loop
      vertex 104.54 15.5213 84.6881
      vertex 104.54 14.6792 84.3677
      vertex 104.54 14.7251 84.3885
    endloop
  endfacet
  facet normal 0.68336 0.730082 0
    outer loop
      vertex 49.0949 24.4749 103.499
      vertex 48.9277 24.6314 102.233
      vertex 48.9277 24.6314 103.499
    endloop
  endfacet
  facet normal 0.68336 0.730082 0
    outer loop
      vertex 48.9277 24.6314 102.233
      vertex 49.0949 24.4749 103.499
      vertex 49.0949 24.4749 101.952
    endloop
  endfacet
  facet normal 0.68336 -0.730082 0
    outer loop
      vertex 48.9277 19.3686 97.4991
      vertex 49.0949 19.5251 103.499
      vertex 48.9277 19.3686 103.499
    endloop
  endfacet
  facet normal 0.68336 -0.730082 0
    outer loop
      vertex 49.0949 19.5251 103.499
      vertex 48.9277 19.3686 97.4991
      vertex 49.0949 19.5251 97.4991
    endloop
  endfacet
  facet normal 0.412651 0.910889 0
    outer loop
      vertex 48.168 25.1391 103.499
      vertex 47.9594 25.2336 103.314
      vertex 47.9594 25.2336 103.499
    endloop
  endfacet
  facet normal 0.412651 0.910889 0
    outer loop
      vertex 47.9594 25.2336 103.314
      vertex 48.168 25.1391 103.499
      vertex 48.168 25.1391 103.144
    endloop
  endfacet
  facet normal 0.8491 0.528232 0
    outer loop
      vertex 49.6511 23.75 103.499
      vertex 49.5301 23.9445 101
      vertex 49.5301 23.9445 103.499
    endloop
  endfacet
  facet normal 0.8491 0.528232 0
    outer loop
      vertex 49.5301 23.9445 101
      vertex 49.6511 23.75 103.499
      vertex 49.6511 23.75 100.651
    endloop
  endfacet
  facet normal 0.772925 -0.634497 0
    outer loop
      vertex 49.2514 19.6923 103.499
      vertex 49.3967 19.8693 97.4991
      vertex 49.3967 19.8693 103.499
    endloop
  endfacet
  facet normal 0.772925 -0.634497 0
    outer loop
      vertex 49.3967 19.8693 97.4991
      vertex 49.2514 19.6923 103.499
      vertex 49.2514 19.6923 97.4991
    endloop
  endfacet
  facet normal -0.8491 -0.528232 0
    outer loop
      vertex 43.7099 20.0555 97.4991
      vertex 43.5889 20.25 103.499
      vertex 43.5889 20.25 97.4991
    endloop
  endfacet
  facet normal -0.8491 -0.528232 0
    outer loop
      vertex 43.5889 20.25 103.499
      vertex 43.7099 20.0555 97.4991
      vertex 43.7099 20.0555 103.499
    endloop
  endfacet
  facet normal 0.973896 -0.226995 0
    outer loop
      vertex 50.0007 21.0941 103.499
      vertex 50.0527 21.3172 97.4991
      vertex 50.0527 21.3172 103.499
    endloop
  endfacet
  facet normal 0.973896 -0.226995 0
    outer loop
      vertex 50.0527 21.3172 97.4991
      vertex 50.0007 21.0941 103.499
      vertex 50.0007 21.0941 97.4991
    endloop
  endfacet
  facet normal 0.634497 0.772925 0
    outer loop
      vertex 48.9277 24.6314 103.499
      vertex 48.7507 24.7767 102.494
      vertex 48.7507 24.7767 103.499
    endloop
  endfacet
  facet normal 0.634497 0.772925 0
    outer loop
      vertex 48.7507 24.7767 102.494
      vertex 48.9277 24.6314 103.499
      vertex 48.9277 24.6314 102.233
    endloop
  endfacet
  facet normal 0.957017 0.290032 0
    outer loop
      vertex 50.0007 22.9059 103.499
      vertex 49.9343 23.125 99.5286
      vertex 49.9343 23.125 103.499
    endloop
  endfacet
  facet normal 0.957017 0.290032 0
    outer loop
      vertex 49.9343 23.125 99.5286
      vertex 50.0007 22.9059 103.499
      vertex 50.0007 22.9059 99.1352
    endloop
  endfacet
  facet normal -0.471494 0.881869 0
    outer loop
      vertex 45.072 25.1391 103.144
      vertex 44.87 25.0311 103.499
      vertex 45.072 25.1391 103.499
    endloop
  endfacet
  facet normal -0.471494 0.881869 0
    outer loop
      vertex 44.87 25.0311 103.499
      vertex 45.072 25.1391 103.144
      vertex 44.87 25.0311 102.95
    endloop
  endfacet
  facet normal 0.995204 0.0978174 0
    outer loop
      vertex 50.1125 22.2289 103.499
      vertex 50.0901 22.4568 98.3292
      vertex 50.0901 22.4568 103.499
    endloop
  endfacet
  facet normal 0.995204 0.0978174 0
    outer loop
      vertex 50.0901 22.4568 98.3292
      vertex 50.1125 22.2289 103.499
      vertex 50.1125 22.2289 97.92
    endloop
  endfacet
  facet normal 0.582394 0.812907 0
    outer loop
      vertex 48.7507 24.7767 103.499
      vertex 48.5645 24.9101 102.733
      vertex 48.5645 24.9101 103.499
    endloop
  endfacet
  facet normal 0.582394 0.812907 0
    outer loop
      vertex 48.5645 24.9101 102.733
      vertex 48.7507 24.7767 103.499
      vertex 48.7507 24.7767 102.494
    endloop
  endfacet
  facet normal -0.986582 -0.163266 0
    outer loop
      vertex 43.1873 21.3172 97.4991
      vertex 43.1499 21.5432 103.499
      vertex 43.1499 21.5432 97.4991
    endloop
  endfacet
  facet normal -0.986582 -0.163266 0
    outer loop
      vertex 43.1499 21.5432 103.499
      vertex 43.1873 21.3172 97.4991
      vertex 43.1873 21.3172 103.499
    endloop
  endfacet
  facet normal -0.881869 -0.471494 0
    outer loop
      vertex 43.5889 20.25 97.4991
      vertex 43.4809 20.452 103.499
      vertex 43.4809 20.452 97.4991
    endloop
  endfacet
  facet normal -0.881869 -0.471494 0
    outer loop
      vertex 43.4809 20.452 103.499
      vertex 43.5889 20.25 97.4991
      vertex 43.5889 20.25 103.499
    endloop
  endfacet
  facet normal -0.881869 0.471494 0
    outer loop
      vertex 43.4809 23.548 103.499
      vertex 43.5889 23.75 100.651
      vertex 43.4809 23.548 100.288
    endloop
  endfacet
  facet normal -0.881869 0.471494 0
    outer loop
      vertex 43.5889 23.75 100.651
      vertex 43.4809 23.548 103.499
      vertex 43.5889 23.75 103.499
    endloop
  endfacet
  facet normal 0.957017 -0.290032 0
    outer loop
      vertex 49.9343 20.875 103.499
      vertex 50.0007 21.0941 97.4991
      vertex 50.0007 21.0941 103.499
    endloop
  endfacet
  facet normal 0.957017 -0.290032 0
    outer loop
      vertex 50.0007 21.0941 97.4991
      vertex 49.9343 20.875 103.499
      vertex 49.9343 20.875 97.4991
    endloop
  endfacet
  facet normal -0.68336 0.730082 0
    outer loop
      vertex 44.3123 24.6314 102.233
      vertex 44.1451 24.4749 103.499
      vertex 44.3123 24.6314 103.499
    endloop
  endfacet
  facet normal -0.68336 0.730082 0
    outer loop
      vertex 44.1451 24.4749 103.499
      vertex 44.3123 24.6314 102.233
      vertex 44.1451 24.4749 101.952
    endloop
  endfacet
  facet normal -0.995204 0.0978174 0
    outer loop
      vertex 43.1275 22.2289 103.499
      vertex 43.1499 22.4568 98.3292
      vertex 43.1275 22.2289 97.92
    endloop
  endfacet
  facet normal -0.995204 0.0978174 0
    outer loop
      vertex 43.1499 22.4568 98.3292
      vertex 43.1275 22.2289 103.499
      vertex 43.1499 22.4568 103.499
    endloop
  endfacet
  facet normal -0.935898 0.352271 0
    outer loop
      vertex 43.3057 23.125 103.499
      vertex 43.3864 23.3394 99.9134
      vertex 43.3057 23.125 99.5286
    endloop
  endfacet
  facet normal -0.935898 0.352271 0
    outer loop
      vertex 43.3864 23.3394 99.9134
      vertex 43.3057 23.125 103.499
      vertex 43.3864 23.3394 103.499
    endloop
  endfacet
  facet normal 0.999464 0.0327478 0
    outer loop
      vertex 50.12 22 103.499
      vertex 50.1125 22.2289 97.92
      vertex 50.1125 22.2289 103.499
    endloop
  endfacet
  facet normal 0.999464 0.0327478 0
    outer loop
      vertex 50.1125 22.2289 97.92
      vertex 50.12 22 103.499
      vertex 50.12 22 97.5091
    endloop
  endfacet
  facet normal -0.352271 -0.935898 0
    outer loop
      vertex 45.2806 18.7664 97.4991
      vertex 45.495 18.6857 103.499
      vertex 45.2806 18.7664 103.499
    endloop
  endfacet
  facet normal -0.352271 -0.935898 -0
    outer loop
      vertex 45.495 18.6857 103.499
      vertex 45.2806 18.7664 97.4991
      vertex 45.495 18.6857 97.4991
    endloop
  endfacet
  facet normal 0 0 1
    outer loop
      vertex 50.1125 22.2289 103.499
      vertex 50.1125 21.7711 103.499
      vertex 50.12 22 103.499
    endloop
  endfacet
  facet normal 0 0 1
    outer loop
      vertex 50.0901 22.4568 103.499
      vertex 50.1125 21.7711 103.499
      vertex 50.1125 22.2289 103.499
    endloop
  endfacet
  facet normal 0 0 1
    outer loop
      vertex 50.0901 22.4568 103.499
      vertex 50.0901 21.5432 103.499
      vertex 50.1125 21.7711 103.499
    endloop
  endfacet
  facet normal 0 0 1
    outer loop
      vertex 50.0527 22.6828 103.499
      vertex 50.0901 21.5432 103.499
      vertex 50.0901 22.4568 103.499
    endloop
  endfacet
  facet normal 0 0 1
    outer loop
      vertex 50.0527 22.6828 103.499
      vertex 50.0527 21.3172 103.499
      vertex 50.0901 21.5432 103.499
    endloop
  endfacet
  facet normal 0 0 1
    outer loop
      vertex 50.0007 22.9059 103.499
      vertex 50.0527 21.3172 103.499
      vertex 50.0527 22.6828 103.499
    endloop
  endfacet
  facet normal 0 0 1
    outer loop
      vertex 50.0007 22.9059 103.499
      vertex 50.0007 21.0941 103.499
      vertex 50.0527 21.3172 103.499
    endloop
  endfacet
  facet normal 0 0 1
    outer loop
      vertex 49.9343 23.125 103.499
      vertex 50.0007 21.0941 103.499
      vertex 50.0007 22.9059 103.499
    endloop
  endfacet
  facet normal 0 0 1
    outer loop
      vertex 49.9343 23.125 103.499
      vertex 49.9343 20.875 103.499
      vertex 50.0007 21.0941 103.499
    endloop
  endfacet
  facet normal 0 0 1
    outer loop
      vertex 49.8536 23.3394 103.499
      vertex 49.9343 20.875 103.499
      vertex 49.9343 23.125 103.499
    endloop
  endfacet
  facet normal 0 0 1
    outer loop
      vertex 49.8536 23.3394 103.499
      vertex 49.8536 20.6606 103.499
      vertex 49.9343 20.875 103.499
    endloop
  endfacet
  facet normal 0 0 1
    outer loop
      vertex 49.7591 23.548 103.499
      vertex 49.8536 20.6606 103.499
      vertex 49.8536 23.3394 103.499
    endloop
  endfacet
  facet normal 0 0 1
    outer loop
      vertex 49.7591 23.548 103.499
      vertex 49.7591 20.452 103.499
      vertex 49.8536 20.6606 103.499
    endloop
  endfacet
  facet normal 0 0 1
    outer loop
      vertex 49.6511 23.75 103.499
      vertex 49.7591 20.452 103.499
      vertex 49.7591 23.548 103.499
    endloop
  endfacet
  facet normal 0 0 1
    outer loop
      vertex 49.6511 23.75 103.499
      vertex 49.6511 20.25 103.499
      vertex 49.7591 20.452 103.499
    endloop
  endfacet
  facet normal 0 0 1
    outer loop
      vertex 49.5301 23.9445 103.499
      vertex 49.6511 20.25 103.499
      vertex 49.6511 23.75 103.499
    endloop
  endfacet
  facet normal 0 0 1
    outer loop
      vertex 49.5301 23.9445 103.499
      vertex 49.5301 20.0555 103.499
      vertex 49.6511 20.25 103.499
    endloop
  endfacet
  facet normal 0 0 1
    outer loop
      vertex 49.3967 24.1307 103.499
      vertex 49.5301 20.0555 103.499
      vertex 49.5301 23.9445 103.499
    endloop
  endfacet
  facet normal 0 0 1
    outer loop
      vertex 49.3967 24.1307 103.499
      vertex 49.3967 19.8693 103.499
      vertex 49.5301 20.0555 103.499
    endloop
  endfacet
  facet normal 0 0 1
    outer loop
      vertex 49.2514 24.3077 103.499
      vertex 49.3967 19.8693 103.499
      vertex 49.3967 24.1307 103.499
    endloop
  endfacet
  facet normal 0 0 1
    outer loop
      vertex 49.2514 24.3077 103.499
      vertex 49.2514 19.6923 103.499
      vertex 49.3967 19.8693 103.499
    endloop
  endfacet
  facet normal 0 0 1
    outer loop
      vertex 49.0949 24.4749 103.499
      vertex 49.2514 19.6923 103.499
      vertex 49.2514 24.3077 103.499
    endloop
  endfacet
  facet normal 0 0 1
    outer loop
      vertex 49.0949 24.4749 103.499
      vertex 49.0949 19.5251 103.499
      vertex 49.2514 19.6923 103.499
    endloop
  endfacet
  facet normal 0 0 1
    outer loop
      vertex 48.9277 24.6314 103.499
      vertex 49.0949 19.5251 103.499
      vertex 49.0949 24.4749 103.499
    endloop
  endfacet
  facet normal 0 0 1
    outer loop
      vertex 48.9277 24.6314 103.499
      vertex 48.9277 19.3686 103.499
      vertex 49.0949 19.5251 103.499
    endloop
  endfacet
  facet normal 0 0 1
    outer loop
      vertex 48.7507 24.7767 103.499
      vertex 48.9277 19.3686 103.499
      vertex 48.9277 24.6314 103.499
    endloop
  endfacet
  facet normal 0 0 1
    outer loop
      vertex 48.7507 24.7767 103.499
      vertex 48.7507 19.2233 103.499
      vertex 48.9277 19.3686 103.499
    endloop
  endfacet
  facet normal 0 0 1
    outer loop
      vertex 48.5645 24.9101 103.499
      vertex 48.7507 19.2233 103.499
      vertex 48.7507 24.7767 103.499
    endloop
  endfacet
  facet normal 0 0 1
    outer loop
      vertex 48.5645 24.9101 103.499
      vertex 48.5645 19.0899 103.499
      vertex 48.7507 19.2233 103.499
    endloop
  endfacet
  facet normal 0 0 1
    outer loop
      vertex 48.37 25.0311 103.499
      vertex 48.5645 19.0899 103.499
      vertex 48.5645 24.9101 103.499
    endloop
  endfacet
  facet normal 0 0 1
    outer loop
      vertex 48.37 25.0311 103.499
      vertex 48.37 18.9689 103.499
      vertex 48.5645 19.0899 103.499
    endloop
  endfacet
  facet normal 0 0 1
    outer loop
      vertex 48.168 25.1391 103.499
      vertex 48.37 18.9689 103.499
      vertex 48.37 25.0311 103.499
    endloop
  endfacet
  facet normal 0 0 1
    outer loop
      vertex 48.168 25.1391 103.499
      vertex 48.168 18.8609 103.499
      vertex 48.37 18.9689 103.499
    endloop
  endfacet
  facet normal 0 0 1
    outer loop
      vertex 47.9594 25.2336 103.499
      vertex 48.168 18.8609 103.499
      vertex 48.168 25.1391 103.499
    endloop
  endfacet
  facet normal 0 0 1
    outer loop
      vertex 47.9594 25.2336 103.499
      vertex 47.9594 18.7664 103.499
      vertex 48.168 18.8609 103.499
    endloop
  endfacet
  facet normal 0 0 1
    outer loop
      vertex 47.6704 25.3369 103.499
      vertex 47.9594 25.2336 103.499
      vertex 47.745 25.3143 103.499
    endloop
  endfacet
  facet normal 0 0 1
    outer loop
      vertex 47.9594 25.2336 103.499
      vertex 47.6704 25.3369 103.499
      vertex 47.9594 18.7664 103.499
    endloop
  endfacet
  facet normal 0 0 1
    outer loop
      vertex 47.9594 18.7664 103.499
      vertex 47.6704 25.3369 103.499
      vertex 47.745 18.6857 103.499
    endloop
  endfacet
  facet normal 0 0 1
    outer loop
      vertex 47.6704 25.3369 103.499
      vertex 47.5259 18.6193 103.499
      vertex 47.745 18.6857 103.499
    endloop
  endfacet
  facet normal 0 0 1
    outer loop
      vertex 47.6704 25.3369 103.499
      vertex 47.3028 18.5673 103.499
      vertex 47.5259 18.6193 103.499
    endloop
  endfacet
  facet normal 0 0 1
    outer loop
      vertex 47.6704 25.3369 103.499
      vertex 47.0768 18.5299 103.499
      vertex 47.3028 18.5673 103.499
    endloop
  endfacet
  facet normal 0 0 1
    outer loop
      vertex 47.6704 25.3369 103.499
      vertex 46.8489 18.5075 103.499
      vertex 47.0768 18.5299 103.499
    endloop
  endfacet
  facet normal 0 0 1
    outer loop
      vertex 47.6704 25.3369 103.499
      vertex 46.62 18.5 103.499
      vertex 46.8489 18.5075 103.499
    endloop
  endfacet
  facet normal 0 0 1
    outer loop
      vertex 47.6704 25.3369 103.499
      vertex 46.3911 18.5075 103.499
      vertex 46.62 18.5 103.499
    endloop
  endfacet
  facet normal 0 0 1
    outer loop
      vertex 47.6704 25.3369 103.499
      vertex 46.1632 18.5299 103.499
      vertex 46.3911 18.5075 103.499
    endloop
  endfacet
  facet normal 0 0 1
    outer loop
      vertex 47.6704 25.3369 103.499
      vertex 45.9372 18.5673 103.499
      vertex 46.1632 18.5299 103.499
    endloop
  endfacet
  facet normal 0 0 1
    outer loop
      vertex 47.6704 25.3369 103.499
      vertex 45.7141 18.6193 103.499
      vertex 45.9372 18.5673 103.499
    endloop
  endfacet
  facet normal -0 0 1
    outer loop
      vertex 45.5696 25.3369 103.499
      vertex 45.7141 18.6193 103.499
      vertex 47.6704 25.3369 103.499
    endloop
  endfacet
  facet normal 0 0 1
    outer loop
      vertex 45.2806 25.2336 103.499
      vertex 45.5696 25.3369 103.499
      vertex 45.495 25.3143 103.499
    endloop
  endfacet
  facet normal 0 0 1
    outer loop
      vertex 45.5696 25.3369 103.499
      vertex 45.495 18.6857 103.499
      vertex 45.7141 18.6193 103.499
    endloop
  endfacet
  facet normal 0 0 1
    outer loop
      vertex 45.5696 25.3369 103.499
      vertex 45.2806 25.2336 103.499
      vertex 45.495 18.6857 103.499
    endloop
  endfacet
  facet normal 0 0 1
    outer loop
      vertex 45.2806 25.2336 103.499
      vertex 45.2806 18.7664 103.499
      vertex 45.495 18.6857 103.499
    endloop
  endfacet
  facet normal -0 0 1
    outer loop
      vertex 45.072 25.1391 103.499
      vertex 45.2806 18.7664 103.499
      vertex 45.2806 25.2336 103.499
    endloop
  endfacet
  facet normal 0 0 1
    outer loop
      vertex 45.072 25.1391 103.499
      vertex 45.072 18.8609 103.499
      vertex 45.2806 18.7664 103.499
    endloop
  endfacet
  facet normal -0 0 1
    outer loop
      vertex 44.87 25.0311 103.499
      vertex 45.072 18.8609 103.499
      vertex 45.072 25.1391 103.499
    endloop
  endfacet
  facet normal 0 0 1
    outer loop
      vertex 44.87 25.0311 103.499
      vertex 44.87 18.9689 103.499
      vertex 45.072 18.8609 103.499
    endloop
  endfacet
  facet normal -0 0 1
    outer loop
      vertex 44.6755 24.9101 103.499
      vertex 44.87 18.9689 103.499
      vertex 44.87 25.0311 103.499
    endloop
  endfacet
  facet normal 0 0 1
    outer loop
      vertex 44.6755 24.9101 103.499
      vertex 44.6755 19.0899 103.499
      vertex 44.87 18.9689 103.499
    endloop
  endfacet
  facet normal -0 0 1
    outer loop
      vertex 44.4893 24.7767 103.499
      vertex 44.6755 19.0899 103.499
      vertex 44.6755 24.9101 103.499
    endloop
  endfacet
  facet normal 0 0 1
    outer loop
      vertex 44.4893 24.7767 103.499
      vertex 44.4893 19.2233 103.499
      vertex 44.6755 19.0899 103.499
    endloop
  endfacet
  facet normal -0 0 1
    outer loop
      vertex 44.3123 24.6314 103.499
      vertex 44.4893 19.2233 103.499
      vertex 44.4893 24.7767 103.499
    endloop
  endfacet
  facet normal 0 0 1
    outer loop
      vertex 44.3123 24.6314 103.499
      vertex 44.3123 19.3686 103.499
      vertex 44.4893 19.2233 103.499
    endloop
  endfacet
  facet normal -0 0 1
    outer loop
      vertex 44.1451 24.4749 103.499
      vertex 44.3123 19.3686 103.499
      vertex 44.3123 24.6314 103.499
    endloop
  endfacet
  facet normal 0 0 1
    outer loop
      vertex 44.1451 24.4749 103.499
      vertex 44.1451 19.5251 103.499
      vertex 44.3123 19.3686 103.499
    endloop
  endfacet
  facet normal -0 0 1
    outer loop
      vertex 43.9886 24.3077 103.499
      vertex 44.1451 19.5251 103.499
      vertex 44.1451 24.4749 103.499
    endloop
  endfacet
  facet normal 0 0 1
    outer loop
      vertex 43.9886 24.3077 103.499
      vertex 43.9886 19.6923 103.499
      vertex 44.1451 19.5251 103.499
    endloop
  endfacet
  facet normal -0 0 1
    outer loop
      vertex 43.8433 24.1307 103.499
      vertex 43.9886 19.6923 103.499
      vertex 43.9886 24.3077 103.499
    endloop
  endfacet
  facet normal 0 0 1
    outer loop
      vertex 43.8433 24.1307 103.499
      vertex 43.8433 19.8693 103.499
      vertex 43.9886 19.6923 103.499
    endloop
  endfacet
  facet normal -0 0 1
    outer loop
      vertex 43.7099 23.9445 103.499
      vertex 43.8433 19.8693 103.499
      vertex 43.8433 24.1307 103.499
    endloop
  endfacet
  facet normal 0 0 1
    outer loop
      vertex 43.7099 23.9445 103.499
      vertex 43.7099 20.0555 103.499
      vertex 43.8433 19.8693 103.499
    endloop
  endfacet
  facet normal -0 0 1
    outer loop
      vertex 43.5889 23.75 103.499
      vertex 43.7099 20.0555 103.499
      vertex 43.7099 23.9445 103.499
    endloop
  endfacet
  facet normal 0 0 1
    outer loop
      vertex 43.5889 23.75 103.499
      vertex 43.5889 20.25 103.499
      vertex 43.7099 20.0555 103.499
    endloop
  endfacet
  facet normal -0 0 1
    outer loop
      vertex 43.4809 23.548 103.499
      vertex 43.5889 20.25 103.499
      vertex 43.5889 23.75 103.499
    endloop
  endfacet
  facet normal 0 0 1
    outer loop
      vertex 43.4809 23.548 103.499
      vertex 43.4809 20.452 103.499
      vertex 43.5889 20.25 103.499
    endloop
  endfacet
  facet normal -0 0 1
    outer loop
      vertex 43.3864 23.3394 103.499
      vertex 43.4809 20.452 103.499
      vertex 43.4809 23.548 103.499
    endloop
  endfacet
  facet normal 0 0 1
    outer loop
      vertex 43.3864 23.3394 103.499
      vertex 43.3864 20.6606 103.499
      vertex 43.4809 20.452 103.499
    endloop
  endfacet
  facet normal -0 0 1
    outer loop
      vertex 43.3057 23.125 103.499
      vertex 43.3864 20.6606 103.499
      vertex 43.3864 23.3394 103.499
    endloop
  endfacet
  facet normal 0 0 1
    outer loop
      vertex 43.3057 23.125 103.499
      vertex 43.3057 20.875 103.499
      vertex 43.3864 20.6606 103.499
    endloop
  endfacet
  facet normal -0 0 1
    outer loop
      vertex 43.2393 22.9059 103.499
      vertex 43.3057 20.875 103.499
      vertex 43.3057 23.125 103.499
    endloop
  endfacet
  facet normal 0 0 1
    outer loop
      vertex 43.2393 22.9059 103.499
      vertex 43.2393 21.0941 103.499
      vertex 43.3057 20.875 103.499
    endloop
  endfacet
  facet normal -0 0 1
    outer loop
      vertex 43.1873 22.6828 103.499
      vertex 43.2393 21.0941 103.499
      vertex 43.2393 22.9059 103.499
    endloop
  endfacet
  facet normal 0 0 1
    outer loop
      vertex 43.1873 22.6828 103.499
      vertex 43.1873 21.3172 103.499
      vertex 43.2393 21.0941 103.499
    endloop
  endfacet
  facet normal -0 0 1
    outer loop
      vertex 43.1499 22.4568 103.499
      vertex 43.1873 21.3172 103.499
      vertex 43.1873 22.6828 103.499
    endloop
  endfacet
  facet normal 0 0 1
    outer loop
      vertex 43.1499 22.4568 103.499
      vertex 43.1499 21.5432 103.499
      vertex 43.1873 21.3172 103.499
    endloop
  endfacet
  facet normal -0 0 1
    outer loop
      vertex 43.1275 22.2289 103.499
      vertex 43.1499 21.5432 103.499
      vertex 43.1499 22.4568 103.499
    endloop
  endfacet
  facet normal 0 0 1
    outer loop
      vertex 43.1275 22.2289 103.499
      vertex 43.1275 21.7711 103.499
      vertex 43.1499 21.5432 103.499
    endloop
  endfacet
  facet normal 0 -0 1
    outer loop
      vertex 43.1275 21.7711 103.499
      vertex 43.1275 22.2289 103.499
      vertex 43.12 22 103.499
    endloop
  endfacet
  facet normal -0.634497 0.772925 0
    outer loop
      vertex 44.4893 24.7767 102.494
      vertex 44.3123 24.6314 103.499
      vertex 44.4893 24.7767 103.499
    endloop
  endfacet
  facet normal -0.634497 0.772925 0
    outer loop
      vertex 44.3123 24.6314 103.499
      vertex 44.4893 24.7767 102.494
      vertex 44.3123 24.6314 102.233
    endloop
  endfacet
  facet normal 0.528232 0.8491 0
    outer loop
      vertex 48.5645 24.9101 103.499
      vertex 48.37 25.0311 102.95
      vertex 48.37 25.0311 103.499
    endloop
  endfacet
  facet normal 0.528232 0.8491 0
    outer loop
      vertex 48.37 25.0311 102.95
      vertex 48.5645 24.9101 103.499
      vertex 48.5645 24.9101 102.733
    endloop
  endfacet
  facet normal -0.973896 -0.226995 0
    outer loop
      vertex 43.2393 21.0941 97.4991
      vertex 43.1873 21.3172 103.499
      vertex 43.1873 21.3172 97.4991
    endloop
  endfacet
  facet normal -0.973896 -0.226995 0
    outer loop
      vertex 43.1873 21.3172 103.499
      vertex 43.2393 21.0941 97.4991
      vertex 43.2393 21.0941 103.499
    endloop
  endfacet
  facet normal 0.910889 0.412651 0
    outer loop
      vertex 49.8536 23.3394 103.499
      vertex 49.7591 23.548 100.288
      vertex 49.7591 23.548 103.499
    endloop
  endfacet
  facet normal 0.910889 0.412651 0
    outer loop
      vertex 49.7591 23.548 100.288
      vertex 49.8536 23.3394 103.499
      vertex 49.8536 23.3394 99.9134
    endloop
  endfacet
  facet normal -0.995204 -0.0978174 0
    outer loop
      vertex 43.1499 21.5432 97.4991
      vertex 43.1275 21.7711 103.499
      vertex 43.1275 21.7711 97.4991
    endloop
  endfacet
  facet normal -0.995204 -0.0978174 0
    outer loop
      vertex 43.1275 21.7711 103.499
      vertex 43.1499 21.5432 97.4991
      vertex 43.1499 21.5432 103.499
    endloop
  endfacet
  facet normal -0.812907 0.582394 0
    outer loop
      vertex 43.7099 23.9445 103.499
      vertex 43.8433 24.1307 101.334
      vertex 43.7099 23.9445 101
    endloop
  endfacet
  facet normal -0.812907 0.582394 0
    outer loop
      vertex 43.8433 24.1307 101.334
      vertex 43.7099 23.9445 103.499
      vertex 43.8433 24.1307 103.499
    endloop
  endfacet
  facet normal -0.999465 -0.0326739 -0.00169188
    outer loop
      vertex 43.1275 21.7711 97.4991
      vertex 43.12 22 97.5091
      vertex 43.1202 21.9944 97.4991
    endloop
  endfacet
  facet normal -0.999464 -0.0327478 -0
    outer loop
      vertex 43.1275 21.7711 103.499
      vertex 43.12 22 97.5091
      vertex 43.1275 21.7711 97.4991
    endloop
  endfacet
  facet normal -0.999464 -0.0327478 0
    outer loop
      vertex 43.12 22 97.5091
      vertex 43.1275 21.7711 103.499
      vertex 43.12 22 103.499
    endloop
  endfacet
  facet normal -0.973896 0.226995 0
    outer loop
      vertex 43.1873 22.6828 103.499
      vertex 43.2393 22.9059 99.1352
      vertex 43.1873 22.6828 98.7348
    endloop
  endfacet
  facet normal -0.973896 0.226995 0
    outer loop
      vertex 43.2393 22.9059 99.1352
      vertex 43.1873 22.6828 103.499
      vertex 43.2393 22.9059 103.499
    endloop
  endfacet
  facet normal -0.634497 -0.772925 0
    outer loop
      vertex 44.3123 19.3686 97.4991
      vertex 44.4893 19.2233 103.499
      vertex 44.3123 19.3686 103.499
    endloop
  endfacet
  facet normal -0.634497 -0.772925 -0
    outer loop
      vertex 44.4893 19.2233 103.499
      vertex 44.3123 19.3686 97.4991
      vertex 44.4893 19.2233 97.4991
    endloop
  endfacet
  facet normal -0.290032 -0.957017 0
    outer loop
      vertex 45.495 18.6857 97.4991
      vertex 45.7141 18.6193 103.499
      vertex 45.495 18.6857 103.499
    endloop
  endfacet
  facet normal -0.290032 -0.957017 -0
    outer loop
      vertex 45.7141 18.6193 103.499
      vertex 45.495 18.6857 97.4991
      vertex 45.7141 18.6193 97.4991
    endloop
  endfacet
  facet normal 0.582394 -0.812907 0
    outer loop
      vertex 48.5645 19.0899 97.4991
      vertex 48.7507 19.2233 103.499
      vertex 48.5645 19.0899 103.499
    endloop
  endfacet
  facet normal 0.582394 -0.812907 0
    outer loop
      vertex 48.7507 19.2233 103.499
      vertex 48.5645 19.0899 97.4991
      vertex 48.7507 19.2233 97.4991
    endloop
  endfacet
  facet normal 0.290032 -0.957017 0
    outer loop
      vertex 47.5259 18.6193 97.4991
      vertex 47.745 18.6857 103.499
      vertex 47.5259 18.6193 103.499
    endloop
  endfacet
  facet normal 0.290032 -0.957017 0
    outer loop
      vertex 47.745 18.6857 103.499
      vertex 47.5259 18.6193 97.4991
      vertex 47.745 18.6857 97.4991
    endloop
  endfacet
  facet normal 0.986582 0.163266 0
    outer loop
      vertex 50.0901 22.4568 103.499
      vertex 50.0527 22.6828 98.7348
      vertex 50.0527 22.6828 103.499
    endloop
  endfacet
  facet normal 0.986582 0.163266 0
    outer loop
      vertex 50.0527 22.6828 98.7348
      vertex 50.0901 22.4568 103.499
      vertex 50.0901 22.4568 98.3292
    endloop
  endfacet
  facet normal 0.0327478 -0.999464 0
    outer loop
      vertex 46.62 18.5 97.4991
      vertex 46.8489 18.5075 103.499
      vertex 46.62 18.5 103.499
    endloop
  endfacet
  facet normal 0.0327478 -0.999464 0
    outer loop
      vertex 46.8489 18.5075 103.499
      vertex 46.62 18.5 97.4991
      vertex 46.8489 18.5075 97.4991
    endloop
  endfacet
  facet normal 0.995204 -0.0978174 0
    outer loop
      vertex 50.0901 21.5432 103.499
      vertex 50.1125 21.7711 97.4991
      vertex 50.1125 21.7711 103.499
    endloop
  endfacet
  facet normal 0.995204 -0.0978174 0
    outer loop
      vertex 50.1125 21.7711 97.4991
      vertex 50.0901 21.5432 103.499
      vertex 50.0901 21.5432 97.4991
    endloop
  endfacet
  facet normal -0.772925 -0.634497 0
    outer loop
      vertex 43.9886 19.6923 97.4991
      vertex 43.8433 19.8693 103.499
      vertex 43.8433 19.8693 97.4991
    endloop
  endfacet
  facet normal -0.772925 -0.634497 0
    outer loop
      vertex 43.8433 19.8693 103.499
      vertex 43.9886 19.6923 97.4991
      vertex 43.9886 19.6923 103.499
    endloop
  endfacet
  facet normal 0.973896 0.226995 0
    outer loop
      vertex 50.0527 22.6828 103.499
      vertex 50.0007 22.9059 99.1352
      vertex 50.0007 22.9059 103.499
    endloop
  endfacet
  facet normal 0.973896 0.226995 0
    outer loop
      vertex 50.0007 22.9059 99.1352
      vertex 50.0527 22.6828 103.499
      vertex 50.0527 22.6828 98.7348
    endloop
  endfacet
  facet normal -0.0327478 -0.999464 0
    outer loop
      vertex 46.3911 18.5075 97.4991
      vertex 46.62 18.5 103.499
      vertex 46.3911 18.5075 103.499
    endloop
  endfacet
  facet normal -0.0327478 -0.999464 -0
    outer loop
      vertex 46.62 18.5 103.499
      vertex 46.3911 18.5075 97.4991
      vertex 46.62 18.5 97.4991
    endloop
  endfacet
  facet normal 0.881869 0.471494 0
    outer loop
      vertex 49.7591 23.548 103.499
      vertex 49.6511 23.75 100.651
      vertex 49.6511 23.75 103.499
    endloop
  endfacet
  facet normal 0.881869 0.471494 0
    outer loop
      vertex 49.6511 23.75 100.651
      vertex 49.7591 23.548 103.499
      vertex 49.7591 23.548 100.288
    endloop
  endfacet
  facet normal -0.352271 0.935898 0
    outer loop
      vertex 45.495 25.3143 103.458
      vertex 45.2806 25.2336 103.499
      vertex 45.495 25.3143 103.499
    endloop
  endfacet
  facet normal -0.352271 0.935898 0
    outer loop
      vertex 45.2806 25.2336 103.499
      vertex 45.495 25.3143 103.458
      vertex 45.2806 25.2336 103.314
    endloop
  endfacet
  facet normal 0.412651 -0.910889 0
    outer loop
      vertex 47.9594 18.7664 97.4991
      vertex 48.168 18.8609 103.499
      vertex 47.9594 18.7664 103.499
    endloop
  endfacet
  facet normal 0.412651 -0.910889 0
    outer loop
      vertex 48.168 18.8609 103.499
      vertex 47.9594 18.7664 97.4991
      vertex 48.168 18.8609 97.4991
    endloop
  endfacet
  facet normal 0.0978174 -0.995204 0
    outer loop
      vertex 46.8489 18.5075 97.4991
      vertex 47.0768 18.5299 103.499
      vertex 46.8489 18.5075 103.499
    endloop
  endfacet
  facet normal 0.0978174 -0.995204 0
    outer loop
      vertex 47.0768 18.5299 103.499
      vertex 46.8489 18.5075 97.4991
      vertex 47.0768 18.5299 97.4991
    endloop
  endfacet
  facet normal 0.528232 -0.8491 0
    outer loop
      vertex 48.37 18.9689 97.4991
      vertex 48.5645 19.0899 103.499
      vertex 48.37 18.9689 103.499
    endloop
  endfacet
  facet normal 0.528232 -0.8491 0
    outer loop
      vertex 48.5645 19.0899 103.499
      vertex 48.37 18.9689 97.4991
      vertex 48.5645 19.0899 97.4991
    endloop
  endfacet
  facet normal -0.730082 -0.68336 0
    outer loop
      vertex 44.1451 19.5251 97.4991
      vertex 43.9886 19.6923 103.499
      vertex 43.9886 19.6923 97.4991
    endloop
  endfacet
  facet normal -0.730082 -0.68336 0
    outer loop
      vertex 43.9886 19.6923 103.499
      vertex 44.1451 19.5251 97.4991
      vertex 44.1451 19.5251 103.499
    endloop
  endfacet
  facet normal -0.999464 0.0327478 0
    outer loop
      vertex 43.12 22 103.499
      vertex 43.1275 22.2289 97.92
      vertex 43.12 22 97.5091
    endloop
  endfacet
  facet normal -0.999464 0.0327478 0
    outer loop
      vertex 43.1275 22.2289 97.92
      vertex 43.12 22 103.499
      vertex 43.1275 22.2289 103.499
    endloop
  endfacet
  facet normal 0.772925 0.634497 0
    outer loop
      vertex 49.3967 24.1307 103.499
      vertex 49.2514 24.3077 101.652
      vertex 49.2514 24.3077 103.499
    endloop
  endfacet
  facet normal 0.772925 0.634497 0
    outer loop
      vertex 49.2514 24.3077 101.652
      vertex 49.3967 24.1307 103.499
      vertex 49.3967 24.1307 101.334
    endloop
  endfacet
  facet normal -0.957017 -0.290032 0
    outer loop
      vertex 43.3057 20.875 97.4991
      vertex 43.2393 21.0941 103.499
      vertex 43.2393 21.0941 97.4991
    endloop
  endfacet
  facet normal -0.957017 -0.290032 0
    outer loop
      vertex 43.2393 21.0941 103.499
      vertex 43.3057 20.875 97.4991
      vertex 43.3057 20.875 103.499
    endloop
  endfacet
  facet normal -0.730082 0.68336 0
    outer loop
      vertex 43.9886 24.3077 103.499
      vertex 44.1451 24.4749 101.952
      vertex 43.9886 24.3077 101.652
    endloop
  endfacet
  facet normal -0.730082 0.68336 0
    outer loop
      vertex 44.1451 24.4749 101.952
      vertex 43.9886 24.3077 103.499
      vertex 44.1451 24.4749 103.499
    endloop
  endfacet
  facet normal 0.471494 0.881869 0
    outer loop
      vertex 48.37 25.0311 103.499
      vertex 48.168 25.1391 103.144
      vertex 48.168 25.1391 103.499
    endloop
  endfacet
  facet normal 0.471494 0.881869 0
    outer loop
      vertex 48.168 25.1391 103.144
      vertex 48.37 25.0311 103.499
      vertex 48.37 25.0311 102.95
    endloop
  endfacet
  facet normal 0.935898 -0.352271 0
    outer loop
      vertex 49.8536 20.6606 103.499
      vertex 49.9343 20.875 97.4991
      vertex 49.9343 20.875 103.499
    endloop
  endfacet
  facet normal 0.935898 -0.352271 0
    outer loop
      vertex 49.9343 20.875 97.4991
      vertex 49.8536 20.6606 103.499
      vertex 49.8536 20.6606 97.4991
    endloop
  endfacet
  facet normal -0.163266 -0.986582 0
    outer loop
      vertex 45.9372 18.5673 97.4991
      vertex 46.1632 18.5299 103.499
      vertex 45.9372 18.5673 103.499
    endloop
  endfacet
  facet normal -0.163266 -0.986582 -0
    outer loop
      vertex 46.1632 18.5299 103.499
      vertex 45.9372 18.5673 97.4991
      vertex 46.1632 18.5299 97.4991
    endloop
  endfacet
  facet normal -0.412651 0.910889 0
    outer loop
      vertex 45.2806 25.2336 103.314
      vertex 45.072 25.1391 103.499
      vertex 45.2806 25.2336 103.499
    endloop
  endfacet
  facet normal -0.412651 0.910889 0
    outer loop
      vertex 45.072 25.1391 103.499
      vertex 45.2806 25.2336 103.314
      vertex 45.072 25.1391 103.144
    endloop
  endfacet
  facet normal -0.226995 -0.973896 0
    outer loop
      vertex 45.7141 18.6193 97.4991
      vertex 45.9372 18.5673 103.499
      vertex 45.7141 18.6193 103.499
    endloop
  endfacet
  facet normal -0.226995 -0.973896 -0
    outer loop
      vertex 45.9372 18.5673 103.499
      vertex 45.7141 18.6193 97.4991
      vertex 45.9372 18.5673 97.4991
    endloop
  endfacet
  facet normal -0.957017 0.290032 0
    outer loop
      vertex 43.2393 22.9059 103.499
      vertex 43.3057 23.125 99.5286
      vertex 43.2393 22.9059 99.1352
    endloop
  endfacet
  facet normal -0.957017 0.290032 0
    outer loop
      vertex 43.3057 23.125 99.5286
      vertex 43.2393 22.9059 103.499
      vertex 43.3057 23.125 103.499
    endloop
  endfacet
  facet normal 0.634497 -0.772925 0
    outer loop
      vertex 48.7507 19.2233 97.4991
      vertex 48.9277 19.3686 103.499
      vertex 48.7507 19.2233 103.499
    endloop
  endfacet
  facet normal 0.634497 -0.772925 0
    outer loop
      vertex 48.9277 19.3686 103.499
      vertex 48.7507 19.2233 97.4991
      vertex 48.9277 19.3686 97.4991
    endloop
  endfacet
  facet normal -0.812907 -0.582394 0
    outer loop
      vertex 43.8433 19.8693 97.4991
      vertex 43.7099 20.0555 103.499
      vertex 43.7099 20.0555 97.4991
    endloop
  endfacet
  facet normal -0.812907 -0.582394 0
    outer loop
      vertex 43.7099 20.0555 103.499
      vertex 43.8433 19.8693 97.4991
      vertex 43.8433 19.8693 103.499
    endloop
  endfacet
  facet normal 0.999464 -0.0327478 0
    outer loop
      vertex 50.1125 21.7711 103.499
      vertex 50.12 22 97.5091
      vertex 50.12 22 103.499
    endloop
  endfacet
  facet normal 0.999464 -0.0327478 0
    outer loop
      vertex 50.1125 21.7711 97.4991
      vertex 50.12 22 97.5091
      vertex 50.1125 21.7711 103.499
    endloop
  endfacet
  facet normal 0.999465 -0.0326739 -0.00169188
    outer loop
      vertex 50.12 22 97.5091
      vertex 50.1125 21.7711 97.4991
      vertex 50.1198 21.9944 97.4991
    endloop
  endfacet
  facet normal 0.935898 0.352271 0
    outer loop
      vertex 49.9343 23.125 103.499
      vertex 49.8536 23.3394 99.9134
      vertex 49.8536 23.3394 103.499
    endloop
  endfacet
  facet normal 0.935898 0.352271 0
    outer loop
      vertex 49.8536 23.3394 99.9134
      vertex 49.9343 23.125 103.499
      vertex 49.9343 23.125 99.5286
    endloop
  endfacet
  facet normal -0.68336 -0.730082 0
    outer loop
      vertex 44.1451 19.5251 97.4991
      vertex 44.3123 19.3686 103.499
      vertex 44.1451 19.5251 103.499
    endloop
  endfacet
  facet normal -0.68336 -0.730082 -0
    outer loop
      vertex 44.3123 19.3686 103.499
      vertex 44.1451 19.5251 97.4991
      vertex 44.3123 19.3686 97.4991
    endloop
  endfacet
  facet normal -0.910889 -0.412651 0
    outer loop
      vertex 43.4809 20.452 97.4991
      vertex 43.3864 20.6606 103.499
      vertex 43.3864 20.6606 97.4991
    endloop
  endfacet
  facet normal -0.910889 -0.412651 0
    outer loop
      vertex 43.3864 20.6606 103.499
      vertex 43.4809 20.452 97.4991
      vertex 43.4809 20.452 103.499
    endloop
  endfacet
  facet normal 0.812907 0.582394 0
    outer loop
      vertex 49.5301 23.9445 103.499
      vertex 49.3967 24.1307 101.334
      vertex 49.3967 24.1307 103.499
    endloop
  endfacet
  facet normal 0.812907 0.582394 0
    outer loop
      vertex 49.3967 24.1307 101.334
      vertex 49.5301 23.9445 103.499
      vertex 49.5301 23.9445 101
    endloop
  endfacet
  facet normal 0.352271 0.935898 0
    outer loop
      vertex 47.9594 25.2336 103.499
      vertex 47.745 25.3143 103.458
      vertex 47.745 25.3143 103.499
    endloop
  endfacet
  facet normal 0.352271 0.935898 0
    outer loop
      vertex 47.745 25.3143 103.458
      vertex 47.9594 25.2336 103.499
      vertex 47.9594 25.2336 103.314
    endloop
  endfacet
  facet normal -0.528232 -0.8491 0
    outer loop
      vertex 44.6755 19.0899 97.4991
      vertex 44.87 18.9689 103.499
      vertex 44.6755 19.0899 103.499
    endloop
  endfacet
  facet normal -0.528232 -0.8491 -0
    outer loop
      vertex 44.87 18.9689 103.499
      vertex 44.6755 19.0899 97.4991
      vertex 44.87 18.9689 97.4991
    endloop
  endfacet
  facet normal -0.935898 -0.352271 0
    outer loop
      vertex 43.3864 20.6606 97.4991
      vertex 43.3057 20.875 103.499
      vertex 43.3057 20.875 97.4991
    endloop
  endfacet
  facet normal -0.935898 -0.352271 0
    outer loop
      vertex 43.3057 20.875 103.499
      vertex 43.3864 20.6606 97.4991
      vertex 43.3864 20.6606 103.499
    endloop
  endfacet
  facet normal 0.8491 -0.528232 0
    outer loop
      vertex 49.5301 20.0555 103.499
      vertex 49.6511 20.25 97.4991
      vertex 49.6511 20.25 103.499
    endloop
  endfacet
  facet normal 0.8491 -0.528232 0
    outer loop
      vertex 49.6511 20.25 97.4991
      vertex 49.5301 20.0555 103.499
      vertex 49.5301 20.0555 97.4991
    endloop
  endfacet
  facet normal -0.528232 0.8491 0
    outer loop
      vertex 44.87 25.0311 102.95
      vertex 44.6755 24.9101 103.499
      vertex 44.87 25.0311 103.499
    endloop
  endfacet
  facet normal -0.528232 0.8491 0
    outer loop
      vertex 44.6755 24.9101 103.499
      vertex 44.87 25.0311 102.95
      vertex 44.6755 24.9101 102.733
    endloop
  endfacet
  facet normal -0.582394 0.812907 0
    outer loop
      vertex 44.6755 24.9101 102.733
      vertex 44.4893 24.7767 103.499
      vertex 44.6755 24.9101 103.499
    endloop
  endfacet
  facet normal -0.582394 0.812907 0
    outer loop
      vertex 44.4893 24.7767 103.499
      vertex 44.6755 24.9101 102.733
      vertex 44.4893 24.7767 102.494
    endloop
  endfacet
  facet normal -0.471494 -0.881869 0
    outer loop
      vertex 44.87 18.9689 97.4991
      vertex 45.072 18.8609 103.499
      vertex 44.87 18.9689 103.499
    endloop
  endfacet
  facet normal -0.471494 -0.881869 -0
    outer loop
      vertex 45.072 18.8609 103.499
      vertex 44.87 18.9689 97.4991
      vertex 45.072 18.8609 97.4991
    endloop
  endfacet
  facet normal 0.812907 -0.582394 0
    outer loop
      vertex 49.3967 19.8693 103.499
      vertex 49.5301 20.0555 97.4991
      vertex 49.5301 20.0555 103.499
    endloop
  endfacet
  facet normal 0.812907 -0.582394 0
    outer loop
      vertex 49.5301 20.0555 97.4991
      vertex 49.3967 19.8693 103.499
      vertex 49.3967 19.8693 97.4991
    endloop
  endfacet
  facet normal 0 0 -1
    outer loop
      vertex 50.0901 21.5432 97.4991
      vertex 50.1198 21.9944 97.4991
      vertex 50.1125 21.7711 97.4991
    endloop
  endfacet
  facet normal 0 0 -1
    outer loop
      vertex 50.0527 21.3172 97.4991
      vertex 50.1198 21.9944 97.4991
      vertex 50.0901 21.5432 97.4991
    endloop
  endfacet
  facet normal 0 0 -1
    outer loop
      vertex 50.0007 21.0941 97.4991
      vertex 50.1198 21.9944 97.4991
      vertex 50.0527 21.3172 97.4991
    endloop
  endfacet
  facet normal 0 0 -1
    outer loop
      vertex 49.9343 20.875 97.4991
      vertex 50.1198 21.9944 97.4991
      vertex 50.0007 21.0941 97.4991
    endloop
  endfacet
  facet normal 0 0 -1
    outer loop
      vertex 49.8536 20.6606 97.4991
      vertex 50.1198 21.9944 97.4991
      vertex 49.9343 20.875 97.4991
    endloop
  endfacet
  facet normal 0 0 -1
    outer loop
      vertex 49.7591 20.452 97.4991
      vertex 50.1198 21.9944 97.4991
      vertex 49.8536 20.6606 97.4991
    endloop
  endfacet
  facet normal 0 0 -1
    outer loop
      vertex 49.6511 20.25 97.4991
      vertex 50.1198 21.9944 97.4991
      vertex 49.7591 20.452 97.4991
    endloop
  endfacet
  facet normal 0 0 -1
    outer loop
      vertex 49.5301 20.0555 97.4991
      vertex 50.1198 21.9944 97.4991
      vertex 49.6511 20.25 97.4991
    endloop
  endfacet
  facet normal 0 0 -1
    outer loop
      vertex 49.3967 19.8693 97.4991
      vertex 50.1198 21.9944 97.4991
      vertex 49.5301 20.0555 97.4991
    endloop
  endfacet
  facet normal 0 0 -1
    outer loop
      vertex 49.2514 19.6923 97.4991
      vertex 50.1198 21.9944 97.4991
      vertex 49.3967 19.8693 97.4991
    endloop
  endfacet
  facet normal 0 0 -1
    outer loop
      vertex 49.0949 19.5251 97.4991
      vertex 50.1198 21.9944 97.4991
      vertex 49.2514 19.6923 97.4991
    endloop
  endfacet
  facet normal 0 0 -1
    outer loop
      vertex 48.9277 19.3686 97.4991
      vertex 50.1198 21.9944 97.4991
      vertex 49.0949 19.5251 97.4991
    endloop
  endfacet
  facet normal 0 0 -1
    outer loop
      vertex 48.7507 19.2233 97.4991
      vertex 50.1198 21.9944 97.4991
      vertex 48.9277 19.3686 97.4991
    endloop
  endfacet
  facet normal 0 0 -1
    outer loop
      vertex 48.5645 19.0899 97.4991
      vertex 50.1198 21.9944 97.4991
      vertex 48.7507 19.2233 97.4991
    endloop
  endfacet
  facet normal 0 0 -1
    outer loop
      vertex 48.37 18.9689 97.4991
      vertex 50.1198 21.9944 97.4991
      vertex 48.5645 19.0899 97.4991
    endloop
  endfacet
  facet normal 0 0 -1
    outer loop
      vertex 48.168 18.8609 97.4991
      vertex 50.1198 21.9944 97.4991
      vertex 48.37 18.9689 97.4991
    endloop
  endfacet
  facet normal 0 0 -1
    outer loop
      vertex 47.9594 18.7664 97.4991
      vertex 50.1198 21.9944 97.4991
      vertex 48.168 18.8609 97.4991
    endloop
  endfacet
  facet normal 0 0 -1
    outer loop
      vertex 47.745 18.6857 97.4991
      vertex 50.1198 21.9944 97.4991
      vertex 47.9594 18.7664 97.4991
    endloop
  endfacet
  facet normal 0 0 -1
    outer loop
      vertex 47.5259 18.6193 97.4991
      vertex 50.1198 21.9944 97.4991
      vertex 47.745 18.6857 97.4991
    endloop
  endfacet
  facet normal 0 0 -1
    outer loop
      vertex 47.3028 18.5673 97.4991
      vertex 50.1198 21.9944 97.4991
      vertex 47.5259 18.6193 97.4991
    endloop
  endfacet
  facet normal 0 0 -1
    outer loop
      vertex 47.0768 18.5299 97.4991
      vertex 50.1198 21.9944 97.4991
      vertex 47.3028 18.5673 97.4991
    endloop
  endfacet
  facet normal 0 0 -1
    outer loop
      vertex 46.8489 18.5075 97.4991
      vertex 50.1198 21.9944 97.4991
      vertex 47.0768 18.5299 97.4991
    endloop
  endfacet
  facet normal 0 0 -1
    outer loop
      vertex 46.62 18.5 97.4991
      vertex 50.1198 21.9944 97.4991
      vertex 46.8489 18.5075 97.4991
    endloop
  endfacet
  facet normal 0 0 -1
    outer loop
      vertex 46.3911 18.5075 97.4991
      vertex 50.1198 21.9944 97.4991
      vertex 46.62 18.5 97.4991
    endloop
  endfacet
  facet normal 0 0 -1
    outer loop
      vertex 46.1632 18.5299 97.4991
      vertex 50.1198 21.9944 97.4991
      vertex 46.3911 18.5075 97.4991
    endloop
  endfacet
  facet normal 0 0 -1
    outer loop
      vertex 45.9372 18.5673 97.4991
      vertex 50.1198 21.9944 97.4991
      vertex 46.1632 18.5299 97.4991
    endloop
  endfacet
  facet normal 0 0 -1
    outer loop
      vertex 45.7141 18.6193 97.4991
      vertex 50.1198 21.9944 97.4991
      vertex 45.9372 18.5673 97.4991
    endloop
  endfacet
  facet normal 0 0 -1
    outer loop
      vertex 45.495 18.6857 97.4991
      vertex 50.1198 21.9944 97.4991
      vertex 45.7141 18.6193 97.4991
    endloop
  endfacet
  facet normal 0 0 -1
    outer loop
      vertex 45.2806 18.7664 97.4991
      vertex 50.1198 21.9944 97.4991
      vertex 45.495 18.6857 97.4991
    endloop
  endfacet
  facet normal 0 0 -1
    outer loop
      vertex 45.072 18.8609 97.4991
      vertex 50.1198 21.9944 97.4991
      vertex 45.2806 18.7664 97.4991
    endloop
  endfacet
  facet normal 0 0 -1
    outer loop
      vertex 44.87 18.9689 97.4991
      vertex 50.1198 21.9944 97.4991
      vertex 45.072 18.8609 97.4991
    endloop
  endfacet
  facet normal 0 0 -1
    outer loop
      vertex 44.6755 19.0899 97.4991
      vertex 50.1198 21.9944 97.4991
      vertex 44.87 18.9689 97.4991
    endloop
  endfacet
  facet normal 0 0 -1
    outer loop
      vertex 44.4893 19.2233 97.4991
      vertex 50.1198 21.9944 97.4991
      vertex 44.6755 19.0899 97.4991
    endloop
  endfacet
  facet normal 0 0 -1
    outer loop
      vertex 44.3123 19.3686 97.4991
      vertex 50.1198 21.9944 97.4991
      vertex 44.4893 19.2233 97.4991
    endloop
  endfacet
  facet normal 0 0 -1
    outer loop
      vertex 44.1451 19.5251 97.4991
      vertex 50.1198 21.9944 97.4991
      vertex 44.3123 19.3686 97.4991
    endloop
  endfacet
  facet normal 0 0 -1
    outer loop
      vertex 43.9886 19.6923 97.4991
      vertex 50.1198 21.9944 97.4991
      vertex 44.1451 19.5251 97.4991
    endloop
  endfacet
  facet normal 0 0 -1
    outer loop
      vertex 43.8433 19.8693 97.4991
      vertex 50.1198 21.9944 97.4991
      vertex 43.9886 19.6923 97.4991
    endloop
  endfacet
  facet normal 0 0 -1
    outer loop
      vertex 43.7099 20.0555 97.4991
      vertex 50.1198 21.9944 97.4991
      vertex 43.8433 19.8693 97.4991
    endloop
  endfacet
  facet normal 0 0 -1
    outer loop
      vertex 43.5889 20.25 97.4991
      vertex 50.1198 21.9944 97.4991
      vertex 43.7099 20.0555 97.4991
    endloop
  endfacet
  facet normal 0 0 -1
    outer loop
      vertex 43.4809 20.452 97.4991
      vertex 50.1198 21.9944 97.4991
      vertex 43.5889 20.25 97.4991
    endloop
  endfacet
  facet normal 0 0 -1
    outer loop
      vertex 43.3864 20.6606 97.4991
      vertex 50.1198 21.9944 97.4991
      vertex 43.4809 20.452 97.4991
    endloop
  endfacet
  facet normal 0 0 -1
    outer loop
      vertex 43.3057 20.875 97.4991
      vertex 50.1198 21.9944 97.4991
      vertex 43.3864 20.6606 97.4991
    endloop
  endfacet
  facet normal 0 0 -1
    outer loop
      vertex 43.2393 21.0941 97.4991
      vertex 50.1198 21.9944 97.4991
      vertex 43.3057 20.875 97.4991
    endloop
  endfacet
  facet normal 0 0 -1
    outer loop
      vertex 43.1873 21.3172 97.4991
      vertex 50.1198 21.9944 97.4991
      vertex 43.2393 21.0941 97.4991
    endloop
  endfacet
  facet normal 0 0 -1
    outer loop
      vertex 43.1499 21.5432 97.4991
      vertex 50.1198 21.9944 97.4991
      vertex 43.1873 21.3172 97.4991
    endloop
  endfacet
  facet normal 0 0 -1
    outer loop
      vertex 43.1275 21.7711 97.4991
      vertex 50.1198 21.9944 97.4991
      vertex 43.1499 21.5432 97.4991
    endloop
  endfacet
  facet normal -0 0 -1
    outer loop
      vertex 50.1198 21.9944 97.4991
      vertex 43.1275 21.7711 97.4991
      vertex 43.1202 21.9944 97.4991
    endloop
  endfacet
  facet normal 0.986582 -0.163266 0
    outer loop
      vertex 50.0527 21.3172 103.499
      vertex 50.0901 21.5432 97.4991
      vertex 50.0901 21.5432 103.499
    endloop
  endfacet
  facet normal 0.986582 -0.163266 0
    outer loop
      vertex 50.0901 21.5432 97.4991
      vertex 50.0527 21.3172 103.499
      vertex 50.0527 21.3172 97.4991
    endloop
  endfacet
  facet normal 0.881869 -0.471494 0
    outer loop
      vertex 49.6511 20.25 103.499
      vertex 49.7591 20.452 97.4991
      vertex 49.7591 20.452 103.499
    endloop
  endfacet
  facet normal 0.881869 -0.471494 0
    outer loop
      vertex 49.7591 20.452 97.4991
      vertex 49.6511 20.25 103.499
      vertex 49.6511 20.25 97.4991
    endloop
  endfacet
  facet normal 0.910889 -0.412651 0
    outer loop
      vertex 49.7591 20.452 103.499
      vertex 49.8536 20.6606 97.4991
      vertex 49.8536 20.6606 103.499
    endloop
  endfacet
  facet normal 0.910889 -0.412651 0
    outer loop
      vertex 49.8536 20.6606 97.4991
      vertex 49.7591 20.452 103.499
      vertex 49.7591 20.452 97.4991
    endloop
  endfacet
  facet normal -0.289936 0.957046 0
    outer loop
      vertex 45.5696 25.3369 103.499
      vertex 45.495 25.3143 103.458
      vertex 45.495 25.3143 103.499
    endloop
  endfacet
  facet normal -0.986582 0.163266 0
    outer loop
      vertex 43.1499 22.4568 103.499
      vertex 43.1873 22.6828 98.7348
      vertex 43.1499 22.4568 98.3292
    endloop
  endfacet
  facet normal -0.986582 0.163266 0
    outer loop
      vertex 43.1873 22.6828 98.7348
      vertex 43.1499 22.4568 103.499
      vertex 43.1873 22.6828 103.499
    endloop
  endfacet
  facet normal 0.730082 -0.68336 0
    outer loop
      vertex 49.0949 19.5251 103.499
      vertex 49.2514 19.6923 97.4991
      vertex 49.2514 19.6923 103.499
    endloop
  endfacet
  facet normal 0.730082 -0.68336 0
    outer loop
      vertex 49.2514 19.6923 97.4991
      vertex 49.0949 19.5251 103.499
      vertex 49.0949 19.5251 97.4991
    endloop
  endfacet
  facet normal 0.471494 -0.881869 0
    outer loop
      vertex 48.168 18.8609 97.4991
      vertex 48.37 18.9689 103.499
      vertex 48.168 18.8609 103.499
    endloop
  endfacet
  facet normal 0.471494 -0.881869 0
    outer loop
      vertex 48.37 18.9689 103.499
      vertex 48.168 18.8609 97.4991
      vertex 48.37 18.9689 97.4991
    endloop
  endfacet
  facet normal 0.289936 0.957046 -0
    outer loop
      vertex 47.745 25.3143 103.458
      vertex 47.6704 25.3369 103.499
      vertex 47.745 25.3143 103.499
    endloop
  endfacet
  facet normal -0.8491 0.528232 0
    outer loop
      vertex 43.5889 23.75 103.499
      vertex 43.7099 23.9445 101
      vertex 43.5889 23.75 100.651
    endloop
  endfacet
  facet normal -0.8491 0.528232 0
    outer loop
      vertex 43.7099 23.9445 101
      vertex 43.5889 23.75 103.499
      vertex 43.7099 23.9445 103.499
    endloop
  endfacet
  facet normal 0.226995 -0.973896 0
    outer loop
      vertex 47.3028 18.5673 97.4991
      vertex 47.5259 18.6193 103.499
      vertex 47.3028 18.5673 103.499
    endloop
  endfacet
  facet normal 0.226995 -0.973896 0
    outer loop
      vertex 47.5259 18.6193 103.499
      vertex 47.3028 18.5673 97.4991
      vertex 47.5259 18.6193 97.4991
    endloop
  endfacet
  facet normal 0.163266 -0.986582 0
    outer loop
      vertex 47.0768 18.5299 97.4991
      vertex 47.3028 18.5673 103.499
      vertex 47.0768 18.5299 103.499
    endloop
  endfacet
  facet normal 0.163266 -0.986582 0
    outer loop
      vertex 47.3028 18.5673 103.499
      vertex 47.0768 18.5299 97.4991
      vertex 47.3028 18.5673 97.4991
    endloop
  endfacet
  facet normal -0.772925 0.634497 0
    outer loop
      vertex 43.8433 24.1307 103.499
      vertex 43.9886 24.3077 101.652
      vertex 43.8433 24.1307 101.334
    endloop
  endfacet
  facet normal -0.772925 0.634497 0
    outer loop
      vertex 43.9886 24.3077 101.652
      vertex 43.8433 24.1307 103.499
      vertex 43.9886 24.3077 103.499
    endloop
  endfacet
  facet normal -0.0978174 -0.995204 0
    outer loop
      vertex 46.1632 18.5299 97.4991
      vertex 46.3911 18.5075 103.499
      vertex 46.1632 18.5299 103.499
    endloop
  endfacet
  facet normal -0.0978174 -0.995204 -0
    outer loop
      vertex 46.3911 18.5075 103.499
      vertex 46.1632 18.5299 97.4991
      vertex 46.3911 18.5075 97.4991
    endloop
  endfacet
  facet normal -0.412651 -0.910889 0
    outer loop
      vertex 45.072 18.8609 97.4991
      vertex 45.2806 18.7664 103.499
      vertex 45.072 18.8609 103.499
    endloop
  endfacet
  facet normal -0.412651 -0.910889 -0
    outer loop
      vertex 45.2806 18.7664 103.499
      vertex 45.072 18.8609 97.4991
      vertex 45.2806 18.7664 97.4991
    endloop
  endfacet
  facet normal -0.910889 0.412651 0
    outer loop
      vertex 43.3864 23.3394 103.499
      vertex 43.4809 23.548 100.288
      vertex 43.3864 23.3394 99.9134
    endloop
  endfacet
  facet normal -0.910889 0.412651 0
    outer loop
      vertex 43.4809 23.548 100.288
      vertex 43.3864 23.3394 103.499
      vertex 43.4809 23.548 103.499
    endloop
  endfacet
  facet normal -0.582394 -0.812907 0
    outer loop
      vertex 44.4893 19.2233 97.4991
      vertex 44.6755 19.0899 103.499
      vertex 44.4893 19.2233 103.499
    endloop
  endfacet
  facet normal -0.582394 -0.812907 -0
    outer loop
      vertex 44.6755 19.0899 103.499
      vertex 44.4893 19.2233 97.4991
      vertex 44.6755 19.0899 97.4991
    endloop
  endfacet
  facet normal 0.352271 -0.935898 0
    outer loop
      vertex 47.745 18.6857 97.4991
      vertex 47.9594 18.7664 103.499
      vertex 47.745 18.6857 103.499
    endloop
  endfacet
  facet normal 0.352271 -0.935898 0
    outer loop
      vertex 47.9594 18.7664 103.499
      vertex 47.745 18.6857 97.4991
      vertex 47.9594 18.7664 97.4991
    endloop
  endfacet
  facet normal 0.730082 0.68336 0
    outer loop
      vertex 49.2514 24.3077 103.499
      vertex 49.0949 24.4749 101.952
      vertex 49.0949 24.4749 103.499
    endloop
  endfacet
  facet normal 0.730082 0.68336 0
    outer loop
      vertex 49.0949 24.4749 101.952
      vertex 49.2514 24.3077 103.499
      vertex 49.2514 24.3077 101.652
    endloop
  endfacet
  facet normal 0.994946 0.100411 0
    outer loop
      vertex 112.273 22.2289 103.499
      vertex 112.25 22.4568 98.3292
      vertex 112.25 22.4568 103.499
    endloop
  endfacet
  facet normal 0.994946 0.100411 0
    outer loop
      vertex 112.25 22.4568 98.3292
      vertex 112.273 22.2289 103.499
      vertex 112.273 22.2289 97.92
    endloop
  endfacet
  facet normal 0.999533 0.0305668 0
    outer loop
      vertex 112.28 22 103.499
      vertex 112.273 22.2289 97.92
      vertex 112.273 22.2289 103.499
    endloop
  endfacet
  facet normal 0.999533 0.0305668 0
    outer loop
      vertex 112.273 22.2289 97.92
      vertex 112.28 22 103.499
      vertex 112.28 22 97.5091
    endloop
  endfacet
  facet normal -0.813733 0.581238 0
    outer loop
      vertex 105.87 23.9445 103.499
      vertex 106.003 24.1307 101.334
      vertex 105.87 23.9445 101
    endloop
  endfacet
  facet normal -0.813733 0.581238 0
    outer loop
      vertex 106.003 24.1307 101.334
      vertex 105.87 23.9445 103.499
      vertex 106.003 24.1307 103.499
    endloop
  endfacet
  facet normal 0.227092 -0.973873 0
    outer loop
      vertex 109.463 18.5673 97.4991
      vertex 109.686 18.6193 103.499
      vertex 109.463 18.5673 103.499
    endloop
  endfacet
  facet normal 0.227092 -0.973873 0
    outer loop
      vertex 109.686 18.6193 103.499
      vertex 109.463 18.5673 97.4991
      vertex 109.686 18.6193 97.4991
    endloop
  endfacet
  facet normal 0.411996 -0.911186 0
    outer loop
      vertex 110.119 18.7664 97.4991
      vertex 110.328 18.8609 103.499
      vertex 110.119 18.7664 103.499
    endloop
  endfacet
  facet normal 0.411996 -0.911186 0
    outer loop
      vertex 110.328 18.8609 103.499
      vertex 110.119 18.7664 97.4991
      vertex 110.328 18.8609 97.4991
    endloop
  endfacet
  facet normal -0.288519 0.957474 0
    outer loop
      vertex 107.73 25.3369 103.499
      vertex 107.655 25.3143 103.458
      vertex 107.655 25.3143 103.499
    endloop
  endfacet
  facet normal -0.683796 0.729673 0
    outer loop
      vertex 106.472 24.6314 102.233
      vertex 106.305 24.4749 103.499
      vertex 106.472 24.6314 103.499
    endloop
  endfacet
  facet normal -0.683796 0.729673 0
    outer loop
      vertex 106.305 24.4749 103.499
      vertex 106.472 24.6314 102.233
      vertex 106.305 24.4749 101.952
    endloop
  endfacet
  facet normal 0.813733 -0.581238 0
    outer loop
      vertex 111.557 19.8693 103.499
      vertex 111.69 20.0555 97.4991
      vertex 111.69 20.0555 103.499
    endloop
  endfacet
  facet normal 0.813733 -0.581238 0
    outer loop
      vertex 111.69 20.0555 97.4991
      vertex 111.557 19.8693 103.499
      vertex 111.557 19.8693 97.4991
    endloop
  endfacet
  facet normal 0.973896 0.226995 0
    outer loop
      vertex 112.213 22.6828 103.499
      vertex 112.161 22.9059 99.1352
      vertex 112.161 22.9059 103.499
    endloop
  endfacet
  facet normal 0.973896 0.226995 0
    outer loop
      vertex 112.161 22.9059 99.1352
      vertex 112.213 22.6828 103.499
      vertex 112.213 22.6828 98.7348
    endloop
  endfacet
  facet normal -0.580744 -0.814086 0
    outer loop
      vertex 106.649 19.2233 97.4991
      vertex 106.836 19.0899 103.499
      vertex 106.649 19.2233 103.499
    endloop
  endfacet
  facet normal -0.580744 -0.814086 -0
    outer loop
      vertex 106.836 19.0899 103.499
      vertex 106.649 19.2233 97.4991
      vertex 106.836 19.0899 97.4991
    endloop
  endfacet
  facet normal 0.999533 -0.0305668 0
    outer loop
      vertex 112.273 21.7711 103.499
      vertex 112.28 22 97.5091
      vertex 112.28 22 103.499
    endloop
  endfacet
  facet normal 0.999533 -0.0305668 0
    outer loop
      vertex 112.273 21.7711 97.4991
      vertex 112.28 22 97.5091
      vertex 112.273 21.7711 103.499
    endloop
  endfacet
  facet normal 0.999355 -0.0313277 0.0175435
    outer loop
      vertex 112.28 22 97.5091
      vertex 112.273 21.7711 97.4991
      vertex 112.28 21.9944 97.4991
    endloop
  endfacet
  facet normal -0.956287 0.292429 0
    outer loop
      vertex 105.399 22.9059 103.499
      vertex 105.466 23.125 99.5286
      vertex 105.399 22.9059 99.1352
    endloop
  endfacet
  facet normal -0.956287 0.292429 0
    outer loop
      vertex 105.466 23.125 99.5286
      vertex 105.399 22.9059 103.499
      vertex 105.466 23.125 103.499
    endloop
  endfacet
  facet normal -0.936903 -0.349591 0
    outer loop
      vertex 105.546 20.6606 97.4991
      vertex 105.466 20.875 103.499
      vertex 105.466 20.875 97.4991
    endloop
  endfacet
  facet normal -0.936903 -0.349591 0
    outer loop
      vertex 105.466 20.875 103.499
      vertex 105.546 20.6606 97.4991
      vertex 105.546 20.6606 103.499
    endloop
  endfacet
  facet normal 0.529212 0.848489 0
    outer loop
      vertex 110.724 24.9101 103.499
      vertex 110.53 25.0311 102.95
      vertex 110.53 25.0311 103.499
    endloop
  endfacet
  facet normal 0.529212 0.848489 0
    outer loop
      vertex 110.53 25.0311 102.95
      vertex 110.724 24.9101 103.499
      vertex 110.724 24.9101 102.733
    endloop
  endfacet
  facet normal -0.973896 -0.226995 0
    outer loop
      vertex 105.399 21.0941 97.4991
      vertex 105.347 21.3172 103.499
      vertex 105.347 21.3172 97.4991
    endloop
  endfacet
  facet normal -0.973896 -0.226995 0
    outer loop
      vertex 105.347 21.3172 103.499
      vertex 105.399 21.0941 97.4991
      vertex 105.399 21.0941 103.499
    endloop
  endfacet
  facet normal -0.994946 0.100411 0
    outer loop
      vertex 105.287 22.2289 103.499
      vertex 105.31 22.4568 98.3292
      vertex 105.287 22.2289 97.92
    endloop
  endfacet
  facet normal -0.994946 0.100411 0
    outer loop
      vertex 105.31 22.4568 98.3292
      vertex 105.287 22.2289 103.499
      vertex 105.31 22.4568 103.499
    endloop
  endfacet
  facet normal -0.529212 -0.848489 0
    outer loop
      vertex 106.836 19.0899 97.4991
      vertex 107.03 18.9689 103.499
      vertex 106.836 19.0899 103.499
    endloop
  endfacet
  facet normal -0.529212 -0.848489 -0
    outer loop
      vertex 107.03 18.9689 103.499
      vertex 106.836 19.0899 97.4991
      vertex 107.03 18.9689 97.4991
    endloop
  endfacet
  facet normal 0.956287 0.292429 0
    outer loop
      vertex 112.161 22.9059 103.499
      vertex 112.094 23.125 99.5286
      vertex 112.094 23.125 103.499
    endloop
  endfacet
  facet normal 0.956287 0.292429 0
    outer loop
      vertex 112.094 23.125 99.5286
      vertex 112.161 22.9059 103.499
      vertex 112.161 22.9059 99.1352
    endloop
  endfacet
  facet normal -0.0977749 -0.995209 0
    outer loop
      vertex 108.323 18.5299 97.4991
      vertex 108.551 18.5075 103.499
      vertex 108.323 18.5299 103.499
    endloop
  endfacet
  facet normal -0.0977749 -0.995209 -0
    outer loop
      vertex 108.551 18.5075 103.499
      vertex 108.323 18.5299 97.4991
      vertex 108.551 18.5075 97.4991
    endloop
  endfacet
  facet normal -0.986862 -0.161566 0
    outer loop
      vertex 105.347 21.3172 97.4991
      vertex 105.31 21.5432 103.499
      vertex 105.31 21.5432 97.4991
    endloop
  endfacet
  facet normal -0.986862 -0.161566 0
    outer loop
      vertex 105.31 21.5432 103.499
      vertex 105.347 21.3172 97.4991
      vertex 105.347 21.3172 103.499
    endloop
  endfacet
  facet normal -0.529212 0.848489 0
    outer loop
      vertex 107.03 25.0311 102.95
      vertex 106.836 24.9101 103.499
      vertex 107.03 25.0311 103.499
    endloop
  endfacet
  facet normal -0.529212 0.848489 0
    outer loop
      vertex 106.836 24.9101 103.499
      vertex 107.03 25.0311 102.95
      vertex 106.836 24.9101 102.733
    endloop
  endfacet
  facet normal 0.813733 0.581238 0
    outer loop
      vertex 111.69 23.9445 103.499
      vertex 111.557 24.1307 101.334
      vertex 111.557 24.1307 103.499
    endloop
  endfacet
  facet normal 0.813733 0.581238 0
    outer loop
      vertex 111.557 24.1307 101.334
      vertex 111.69 23.9445 103.499
      vertex 111.69 23.9445 101
    endloop
  endfacet
  facet normal 0.956287 -0.292429 0
    outer loop
      vertex 112.094 20.875 103.499
      vertex 112.161 21.0941 97.4991
      vertex 112.161 21.0941 103.499
    endloop
  endfacet
  facet normal 0.956287 -0.292429 0
    outer loop
      vertex 112.161 21.0941 97.4991
      vertex 112.094 20.875 103.499
      vertex 112.094 20.875 97.4991
    endloop
  endfacet
  facet normal 0.634497 0.772925 0
    outer loop
      vertex 111.088 24.6314 103.499
      vertex 110.911 24.7767 102.494
      vertex 110.911 24.7767 103.499
    endloop
  endfacet
  facet normal 0.634497 0.772925 0
    outer loop
      vertex 110.911 24.7767 102.494
      vertex 111.088 24.6314 103.499
      vertex 111.088 24.6314 102.233
    endloop
  endfacet
  facet normal 0.411996 0.911186 0
    outer loop
      vertex 110.328 25.1391 103.499
      vertex 110.119 25.2336 103.314
      vertex 110.119 25.2336 103.499
    endloop
  endfacet
  facet normal 0.411996 0.911186 0
    outer loop
      vertex 110.119 25.2336 103.314
      vertex 110.328 25.1391 103.499
      vertex 110.328 25.1391 103.144
    endloop
  endfacet
  facet normal 0.290153 -0.95698 0
    outer loop
      vertex 109.686 18.6193 97.4991
      vertex 109.905 18.6857 103.499
      vertex 109.686 18.6193 103.499
    endloop
  endfacet
  facet normal 0.290153 -0.95698 0
    outer loop
      vertex 109.905 18.6857 103.499
      vertex 109.686 18.6193 97.4991
      vertex 109.905 18.6857 97.4991
    endloop
  endfacet
  facet normal 0.580744 0.814086 0
    outer loop
      vertex 110.911 24.7767 103.499
      vertex 110.724 24.9101 102.733
      vertex 110.724 24.9101 103.499
    endloop
  endfacet
  facet normal 0.580744 0.814086 0
    outer loop
      vertex 110.724 24.9101 102.733
      vertex 110.911 24.7767 103.499
      vertex 110.911 24.7767 102.494
    endloop
  endfacet
  facet normal -0.634497 0.772925 0
    outer loop
      vertex 106.649 24.7767 102.494
      vertex 106.472 24.6314 103.499
      vertex 106.649 24.7767 103.499
    endloop
  endfacet
  facet normal -0.634497 0.772925 0
    outer loop
      vertex 106.472 24.6314 103.499
      vertex 106.649 24.7767 102.494
      vertex 106.472 24.6314 102.233
    endloop
  endfacet
  facet normal -0.771427 0.636318 0
    outer loop
      vertex 106.003 24.1307 103.499
      vertex 106.149 24.3077 101.652
      vertex 106.003 24.1307 101.334
    endloop
  endfacet
  facet normal -0.771427 0.636318 0
    outer loop
      vertex 106.149 24.3077 101.652
      vertex 106.003 24.1307 103.499
      vertex 106.149 24.3077 103.499
    endloop
  endfacet
  facet normal 0.8491 0.528232 0
    outer loop
      vertex 111.811 23.75 103.499
      vertex 111.69 23.9445 101
      vertex 111.69 23.9445 103.499
    endloop
  endfacet
  facet normal 0.8491 0.528232 0
    outer loop
      vertex 111.69 23.9445 101
      vertex 111.811 23.75 103.499
      vertex 111.811 23.75 100.651
    endloop
  endfacet
  facet normal 0.771427 -0.636318 0
    outer loop
      vertex 111.411 19.6923 103.499
      vertex 111.557 19.8693 97.4991
      vertex 111.557 19.8693 103.499
    endloop
  endfacet
  facet normal 0.771427 -0.636318 0
    outer loop
      vertex 111.557 19.8693 97.4991
      vertex 111.411 19.6923 103.499
      vertex 111.411 19.6923 97.4991
    endloop
  endfacet
  facet normal -0.986862 0.161566 0
    outer loop
      vertex 105.31 22.4568 103.499
      vertex 105.347 22.6828 98.7348
      vertex 105.31 22.4568 98.3292
    endloop
  endfacet
  facet normal -0.986862 0.161566 0
    outer loop
      vertex 105.347 22.6828 98.7348
      vertex 105.31 22.4568 103.499
      vertex 105.347 22.6828 103.499
    endloop
  endfacet
  facet normal 0.529212 -0.848489 0
    outer loop
      vertex 110.53 18.9689 97.4991
      vertex 110.724 19.0899 103.499
      vertex 110.53 18.9689 103.499
    endloop
  endfacet
  facet normal 0.529212 -0.848489 0
    outer loop
      vertex 110.724 19.0899 103.499
      vertex 110.53 18.9689 97.4991
      vertex 110.724 19.0899 97.4991
    endloop
  endfacet
  facet normal 0.471494 0.881869 0
    outer loop
      vertex 110.53 25.0311 103.499
      vertex 110.328 25.1391 103.144
      vertex 110.328 25.1391 103.499
    endloop
  endfacet
  facet normal 0.471494 0.881869 0
    outer loop
      vertex 110.328 25.1391 103.144
      vertex 110.53 25.0311 103.499
      vertex 110.53 25.0311 102.95
    endloop
  endfacet
  facet normal 0.0327335 -0.999464 0
    outer loop
      vertex 108.78 18.5 97.4991
      vertex 109.009 18.5075 103.499
      vertex 108.78 18.5 103.499
    endloop
  endfacet
  facet normal 0.0327335 -0.999464 0
    outer loop
      vertex 109.009 18.5075 103.499
      vertex 108.78 18.5 97.4991
      vertex 109.009 18.5075 97.4991
    endloop
  endfacet
  facet normal 0.731172 0.682194 0
    outer loop
      vertex 111.411 24.3077 103.499
      vertex 111.255 24.4749 101.952
      vertex 111.255 24.4749 103.499
    endloop
  endfacet
  facet normal 0.731172 0.682194 0
    outer loop
      vertex 111.255 24.4749 101.952
      vertex 111.411 24.3077 103.499
      vertex 111.411 24.3077 101.652
    endloop
  endfacet
  facet normal 0.580744 -0.814086 0
    outer loop
      vertex 110.724 19.0899 97.4991
      vertex 110.911 19.2233 103.499
      vertex 110.724 19.0899 103.499
    endloop
  endfacet
  facet normal 0.580744 -0.814086 0
    outer loop
      vertex 110.911 19.2233 103.499
      vertex 110.724 19.0899 97.4991
      vertex 110.911 19.2233 97.4991
    endloop
  endfacet
  facet normal 0.163266 -0.986582 0
    outer loop
      vertex 109.237 18.5299 97.4991
      vertex 109.463 18.5673 103.499
      vertex 109.237 18.5299 103.499
    endloop
  endfacet
  facet normal 0.163266 -0.986582 0
    outer loop
      vertex 109.463 18.5673 103.499
      vertex 109.237 18.5299 97.4991
      vertex 109.463 18.5673 97.4991
    endloop
  endfacet
  facet normal -0.411996 0.911186 0
    outer loop
      vertex 107.441 25.2336 103.314
      vertex 107.232 25.1391 103.499
      vertex 107.441 25.2336 103.499
    endloop
  endfacet
  facet normal -0.411996 0.911186 0
    outer loop
      vertex 107.232 25.1391 103.499
      vertex 107.441 25.2336 103.314
      vertex 107.232 25.1391 103.144
    endloop
  endfacet
  facet normal -0.0327335 -0.999464 0
    outer loop
      vertex 108.551 18.5075 97.4991
      vertex 108.78 18.5 103.499
      vertex 108.551 18.5075 103.499
    endloop
  endfacet
  facet normal -0.0327335 -0.999464 -0
    outer loop
      vertex 108.78 18.5 103.499
      vertex 108.551 18.5075 97.4991
      vertex 108.78 18.5 97.4991
    endloop
  endfacet
  facet normal -0.910067 -0.41446 0
    outer loop
      vertex 105.641 20.452 97.4991
      vertex 105.546 20.6606 103.499
      vertex 105.546 20.6606 97.4991
    endloop
  endfacet
  facet normal -0.910067 -0.41446 0
    outer loop
      vertex 105.546 20.6606 103.499
      vertex 105.641 20.452 97.4991
      vertex 105.641 20.452 103.499
    endloop
  endfacet
  facet normal 0.881869 0.471494 0
    outer loop
      vertex 111.919 23.548 103.499
      vertex 111.811 23.75 100.651
      vertex 111.811 23.75 103.499
    endloop
  endfacet
  facet normal 0.881869 0.471494 0
    outer loop
      vertex 111.811 23.75 100.651
      vertex 111.919 23.548 103.499
      vertex 111.919 23.548 100.288
    endloop
  endfacet
  facet normal -0.999355 -0.0313277 0.0175435
    outer loop
      vertex 105.287 21.7711 97.4991
      vertex 105.28 22 97.5091
      vertex 105.28 21.9944 97.4991
    endloop
  endfacet
  facet normal -0.999533 -0.0305668 -0
    outer loop
      vertex 105.287 21.7711 103.499
      vertex 105.28 22 97.5091
      vertex 105.287 21.7711 97.4991
    endloop
  endfacet
  facet normal -0.999533 -0.0305668 0
    outer loop
      vertex 105.28 22 97.5091
      vertex 105.287 21.7711 103.499
      vertex 105.28 22 103.499
    endloop
  endfacet
  facet normal 0.471494 -0.881869 0
    outer loop
      vertex 110.328 18.8609 97.4991
      vertex 110.53 18.9689 103.499
      vertex 110.328 18.8609 103.499
    endloop
  endfacet
  facet normal 0.471494 -0.881869 0
    outer loop
      vertex 110.53 18.9689 103.499
      vertex 110.328 18.8609 97.4991
      vertex 110.53 18.9689 97.4991
    endloop
  endfacet
  facet normal -0.471494 0.881869 0
    outer loop
      vertex 107.232 25.1391 103.144
      vertex 107.03 25.0311 103.499
      vertex 107.232 25.1391 103.499
    endloop
  endfacet
  facet normal -0.471494 0.881869 0
    outer loop
      vertex 107.03 25.0311 103.499
      vertex 107.232 25.1391 103.144
      vertex 107.03 25.0311 102.95
    endloop
  endfacet
  facet normal 0.352848 -0.935681 0
    outer loop
      vertex 109.905 18.6857 97.4991
      vertex 110.119 18.7664 103.499
      vertex 109.905 18.6857 103.499
    endloop
  endfacet
  facet normal 0.352848 -0.935681 0
    outer loop
      vertex 110.119 18.7664 103.499
      vertex 109.905 18.6857 97.4991
      vertex 110.119 18.7664 97.4991
    endloop
  endfacet
  facet normal -0.813733 -0.581238 0
    outer loop
      vertex 106.003 19.8693 97.4991
      vertex 105.87 20.0555 103.499
      vertex 105.87 20.0555 97.4991
    endloop
  endfacet
  facet normal -0.813733 -0.581238 0
    outer loop
      vertex 105.87 20.0555 103.499
      vertex 106.003 19.8693 97.4991
      vertex 106.003 19.8693 103.499
    endloop
  endfacet
  facet normal -0.580744 0.814086 0
    outer loop
      vertex 106.836 24.9101 102.733
      vertex 106.649 24.7767 103.499
      vertex 106.836 24.9101 103.499
    endloop
  endfacet
  facet normal -0.580744 0.814086 0
    outer loop
      vertex 106.649 24.7767 103.499
      vertex 106.836 24.9101 102.733
      vertex 106.649 24.7767 102.494
    endloop
  endfacet
  facet normal 0.731172 -0.682194 0
    outer loop
      vertex 111.255 19.5251 103.499
      vertex 111.411 19.6923 97.4991
      vertex 111.411 19.6923 103.499
    endloop
  endfacet
  facet normal 0.731172 -0.682194 0
    outer loop
      vertex 111.411 19.6923 97.4991
      vertex 111.255 19.5251 103.499
      vertex 111.255 19.5251 97.4991
    endloop
  endfacet
  facet normal -0.352848 0.935681 0
    outer loop
      vertex 107.655 25.3143 103.458
      vertex 107.441 25.2336 103.499
      vertex 107.655 25.3143 103.499
    endloop
  endfacet
  facet normal -0.352848 0.935681 0
    outer loop
      vertex 107.441 25.2336 103.499
      vertex 107.655 25.3143 103.458
      vertex 107.441 25.2336 103.314
    endloop
  endfacet
  facet normal 0.288519 0.957474 -0
    outer loop
      vertex 109.905 25.3143 103.458
      vertex 109.83 25.3369 103.499
      vertex 109.905 25.3143 103.499
    endloop
  endfacet
  facet normal -0.731172 -0.682194 0
    outer loop
      vertex 106.305 19.5251 97.4991
      vertex 106.149 19.6923 103.499
      vertex 106.149 19.6923 97.4991
    endloop
  endfacet
  facet normal -0.731172 -0.682194 0
    outer loop
      vertex 106.149 19.6923 103.499
      vertex 106.305 19.5251 97.4991
      vertex 106.305 19.5251 103.499
    endloop
  endfacet
  facet normal 0.994946 -0.100411 0
    outer loop
      vertex 112.25 21.5432 103.499
      vertex 112.273 21.7711 97.4991
      vertex 112.273 21.7711 103.499
    endloop
  endfacet
  facet normal 0.994946 -0.100411 0
    outer loop
      vertex 112.273 21.7711 97.4991
      vertex 112.25 21.5432 103.499
      vertex 112.25 21.5432 97.4991
    endloop
  endfacet
  facet normal 0.8491 -0.528232 0
    outer loop
      vertex 111.69 20.0555 103.499
      vertex 111.811 20.25 97.4991
      vertex 111.811 20.25 103.499
    endloop
  endfacet
  facet normal 0.8491 -0.528232 0
    outer loop
      vertex 111.811 20.25 97.4991
      vertex 111.69 20.0555 103.499
      vertex 111.69 20.0555 97.4991
    endloop
  endfacet
  facet normal 0.771427 0.636318 0
    outer loop
      vertex 111.557 24.1307 103.499
      vertex 111.411 24.3077 101.652
      vertex 111.411 24.3077 103.499
    endloop
  endfacet
  facet normal 0.771427 0.636318 0
    outer loop
      vertex 111.411 24.3077 101.652
      vertex 111.557 24.1307 103.499
      vertex 111.557 24.1307 101.334
    endloop
  endfacet
  facet normal -0.683796 -0.729673 0
    outer loop
      vertex 106.305 19.5251 97.4991
      vertex 106.472 19.3686 103.499
      vertex 106.305 19.5251 103.499
    endloop
  endfacet
  facet normal -0.683796 -0.729673 -0
    outer loop
      vertex 106.472 19.3686 103.499
      vertex 106.305 19.5251 97.4991
      vertex 106.472 19.3686 97.4991
    endloop
  endfacet
  facet normal -0.163266 -0.986582 0
    outer loop
      vertex 108.097 18.5673 97.4991
      vertex 108.323 18.5299 103.499
      vertex 108.097 18.5673 103.499
    endloop
  endfacet
  facet normal -0.163266 -0.986582 -0
    outer loop
      vertex 108.323 18.5299 103.499
      vertex 108.097 18.5673 97.4991
      vertex 108.323 18.5299 97.4991
    endloop
  endfacet
  facet normal 0.910067 0.41446 0
    outer loop
      vertex 112.014 23.3394 103.499
      vertex 111.919 23.548 100.288
      vertex 111.919 23.548 103.499
    endloop
  endfacet
  facet normal 0.910067 0.41446 0
    outer loop
      vertex 111.919 23.548 100.288
      vertex 112.014 23.3394 103.499
      vertex 112.014 23.3394 99.9134
    endloop
  endfacet
  facet normal -0.8491 0.528232 0
    outer loop
      vertex 105.749 23.75 103.499
      vertex 105.87 23.9445 101
      vertex 105.749 23.75 100.651
    endloop
  endfacet
  facet normal -0.8491 0.528232 0
    outer loop
      vertex 105.87 23.9445 101
      vertex 105.749 23.75 103.499
      vertex 105.87 23.9445 103.499
    endloop
  endfacet
  facet normal 0.973896 -0.226995 0
    outer loop
      vertex 112.161 21.0941 103.499
      vertex 112.213 21.3172 97.4991
      vertex 112.213 21.3172 103.499
    endloop
  endfacet
  facet normal 0.973896 -0.226995 0
    outer loop
      vertex 112.213 21.3172 97.4991
      vertex 112.161 21.0941 103.499
      vertex 112.161 21.0941 97.4991
    endloop
  endfacet
  facet normal 0.881869 -0.471494 0
    outer loop
      vertex 111.811 20.25 103.499
      vertex 111.919 20.452 97.4991
      vertex 111.919 20.452 103.499
    endloop
  endfacet
  facet normal 0.881869 -0.471494 0
    outer loop
      vertex 111.919 20.452 97.4991
      vertex 111.811 20.25 103.499
      vertex 111.811 20.25 97.4991
    endloop
  endfacet
  facet normal 0.352848 0.935681 0
    outer loop
      vertex 110.119 25.2336 103.499
      vertex 109.905 25.3143 103.458
      vertex 109.905 25.3143 103.499
    endloop
  endfacet
  facet normal 0.352848 0.935681 0
    outer loop
      vertex 109.905 25.3143 103.458
      vertex 110.119 25.2336 103.499
      vertex 110.119 25.2336 103.314
    endloop
  endfacet
  facet normal -0.910067 0.41446 0
    outer loop
      vertex 105.546 23.3394 103.499
      vertex 105.641 23.548 100.288
      vertex 105.546 23.3394 99.9134
    endloop
  endfacet
  facet normal -0.910067 0.41446 0
    outer loop
      vertex 105.641 23.548 100.288
      vertex 105.546 23.3394 103.499
      vertex 105.641 23.548 103.499
    endloop
  endfacet
  facet normal -0.936903 0.349591 0
    outer loop
      vertex 105.466 23.125 103.499
      vertex 105.546 23.3394 99.9134
      vertex 105.466 23.125 99.5286
    endloop
  endfacet
  facet normal -0.936903 0.349591 0
    outer loop
      vertex 105.546 23.3394 99.9134
      vertex 105.466 23.125 103.499
      vertex 105.546 23.3394 103.499
    endloop
  endfacet
  facet normal 0.0977749 -0.995209 0
    outer loop
      vertex 109.009 18.5075 97.4991
      vertex 109.237 18.5299 103.499
      vertex 109.009 18.5075 103.499
    endloop
  endfacet
  facet normal 0.0977749 -0.995209 0
    outer loop
      vertex 109.237 18.5299 103.499
      vertex 109.009 18.5075 97.4991
      vertex 109.237 18.5299 97.4991
    endloop
  endfacet
  facet normal 0.936903 0.349591 0
    outer loop
      vertex 112.094 23.125 103.499
      vertex 112.014 23.3394 99.9134
      vertex 112.014 23.3394 103.499
    endloop
  endfacet
  facet normal 0.936903 0.349591 0
    outer loop
      vertex 112.014 23.3394 99.9134
      vertex 112.094 23.125 103.499
      vertex 112.094 23.125 99.5286
    endloop
  endfacet
  facet normal 0.683796 0.729673 0
    outer loop
      vertex 111.255 24.4749 103.499
      vertex 111.088 24.6314 102.233
      vertex 111.088 24.6314 103.499
    endloop
  endfacet
  facet normal 0.683796 0.729673 0
    outer loop
      vertex 111.088 24.6314 102.233
      vertex 111.255 24.4749 103.499
      vertex 111.255 24.4749 101.952
    endloop
  endfacet
  facet normal 0.986862 0.161566 0
    outer loop
      vertex 112.25 22.4568 103.499
      vertex 112.213 22.6828 98.7348
      vertex 112.213 22.6828 103.499
    endloop
  endfacet
  facet normal 0.986862 0.161566 0
    outer loop
      vertex 112.213 22.6828 98.7348
      vertex 112.25 22.4568 103.499
      vertex 112.25 22.4568 98.3292
    endloop
  endfacet
  facet normal 0.986862 -0.161566 0
    outer loop
      vertex 112.213 21.3172 103.499
      vertex 112.25 21.5432 97.4991
      vertex 112.25 21.5432 103.499
    endloop
  endfacet
  facet normal 0.986862 -0.161566 0
    outer loop
      vertex 112.25 21.5432 97.4991
      vertex 112.213 21.3172 103.499
      vertex 112.213 21.3172 97.4991
    endloop
  endfacet
  facet normal -0.956287 -0.292429 0
    outer loop
      vertex 105.466 20.875 97.4991
      vertex 105.399 21.0941 103.499
      vertex 105.399 21.0941 97.4991
    endloop
  endfacet
  facet normal -0.956287 -0.292429 0
    outer loop
      vertex 105.399 21.0941 103.499
      vertex 105.466 20.875 97.4991
      vertex 105.466 20.875 103.499
    endloop
  endfacet
  facet normal -0.731172 0.682194 0
    outer loop
      vertex 106.149 24.3077 103.499
      vertex 106.305 24.4749 101.952
      vertex 106.149 24.3077 101.652
    endloop
  endfacet
  facet normal -0.731172 0.682194 0
    outer loop
      vertex 106.305 24.4749 101.952
      vertex 106.149 24.3077 103.499
      vertex 106.305 24.4749 103.499
    endloop
  endfacet
  facet normal -0.881869 0.471494 0
    outer loop
      vertex 105.641 23.548 103.499
      vertex 105.749 23.75 100.651
      vertex 105.641 23.548 100.288
    endloop
  endfacet
  facet normal -0.881869 0.471494 0
    outer loop
      vertex 105.749 23.75 100.651
      vertex 105.641 23.548 103.499
      vertex 105.749 23.75 103.499
    endloop
  endfacet
  facet normal -0.227092 -0.973873 0
    outer loop
      vertex 107.874 18.6193 97.4991
      vertex 108.097 18.5673 103.499
      vertex 107.874 18.6193 103.499
    endloop
  endfacet
  facet normal -0.227092 -0.973873 -0
    outer loop
      vertex 108.097 18.5673 103.499
      vertex 107.874 18.6193 97.4991
      vertex 108.097 18.5673 97.4991
    endloop
  endfacet
  facet normal -0.881869 -0.471494 0
    outer loop
      vertex 105.749 20.25 97.4991
      vertex 105.641 20.452 103.499
      vertex 105.641 20.452 97.4991
    endloop
  endfacet
  facet normal -0.881869 -0.471494 0
    outer loop
      vertex 105.641 20.452 103.499
      vertex 105.749 20.25 97.4991
      vertex 105.749 20.25 103.499
    endloop
  endfacet
  facet normal -0.771427 -0.636318 0
    outer loop
      vertex 106.149 19.6923 97.4991
      vertex 106.003 19.8693 103.499
      vertex 106.003 19.8693 97.4991
    endloop
  endfacet
  facet normal -0.771427 -0.636318 0
    outer loop
      vertex 106.003 19.8693 103.499
      vertex 106.149 19.6923 97.4991
      vertex 106.149 19.6923 103.499
    endloop
  endfacet
  facet normal -0.994946 -0.100411 0
    outer loop
      vertex 105.31 21.5432 97.4991
      vertex 105.287 21.7711 103.499
      vertex 105.287 21.7711 97.4991
    endloop
  endfacet
  facet normal -0.994946 -0.100411 0
    outer loop
      vertex 105.287 21.7711 103.499
      vertex 105.31 21.5432 97.4991
      vertex 105.31 21.5432 103.499
    endloop
  endfacet
  facet normal -0.8491 -0.528232 0
    outer loop
      vertex 105.87 20.0555 97.4991
      vertex 105.749 20.25 103.499
      vertex 105.749 20.25 97.4991
    endloop
  endfacet
  facet normal -0.8491 -0.528232 0
    outer loop
      vertex 105.749 20.25 103.499
      vertex 105.87 20.0555 97.4991
      vertex 105.87 20.0555 103.499
    endloop
  endfacet
  facet normal 0 0 -1
    outer loop
      vertex 112.25 21.5432 97.4991
      vertex 112.28 21.9944 97.4991
      vertex 112.273 21.7711 97.4991
    endloop
  endfacet
  facet normal 0 0 -1
    outer loop
      vertex 112.213 21.3172 97.4991
      vertex 112.28 21.9944 97.4991
      vertex 112.25 21.5432 97.4991
    endloop
  endfacet
  facet normal 0 0 -1
    outer loop
      vertex 112.161 21.0941 97.4991
      vertex 112.28 21.9944 97.4991
      vertex 112.213 21.3172 97.4991
    endloop
  endfacet
  facet normal 0 0 -1
    outer loop
      vertex 112.094 20.875 97.4991
      vertex 112.28 21.9944 97.4991
      vertex 112.161 21.0941 97.4991
    endloop
  endfacet
  facet normal 0 0 -1
    outer loop
      vertex 112.014 20.6606 97.4991
      vertex 112.28 21.9944 97.4991
      vertex 112.094 20.875 97.4991
    endloop
  endfacet
  facet normal 0 0 -1
    outer loop
      vertex 111.919 20.452 97.4991
      vertex 112.28 21.9944 97.4991
      vertex 112.014 20.6606 97.4991
    endloop
  endfacet
  facet normal 0 0 -1
    outer loop
      vertex 111.811 20.25 97.4991
      vertex 112.28 21.9944 97.4991
      vertex 111.919 20.452 97.4991
    endloop
  endfacet
  facet normal 0 0 -1
    outer loop
      vertex 111.69 20.0555 97.4991
      vertex 112.28 21.9944 97.4991
      vertex 111.811 20.25 97.4991
    endloop
  endfacet
  facet normal 0 0 -1
    outer loop
      vertex 111.557 19.8693 97.4991
      vertex 112.28 21.9944 97.4991
      vertex 111.69 20.0555 97.4991
    endloop
  endfacet
  facet normal 0 0 -1
    outer loop
      vertex 111.411 19.6923 97.4991
      vertex 112.28 21.9944 97.4991
      vertex 111.557 19.8693 97.4991
    endloop
  endfacet
  facet normal 0 0 -1
    outer loop
      vertex 111.255 19.5251 97.4991
      vertex 112.28 21.9944 97.4991
      vertex 111.411 19.6923 97.4991
    endloop
  endfacet
  facet normal 0 0 -1
    outer loop
      vertex 111.088 19.3686 97.4991
      vertex 112.28 21.9944 97.4991
      vertex 111.255 19.5251 97.4991
    endloop
  endfacet
  facet normal 0 0 -1
    outer loop
      vertex 110.911 19.2233 97.4991
      vertex 112.28 21.9944 97.4991
      vertex 111.088 19.3686 97.4991
    endloop
  endfacet
  facet normal 0 0 -1
    outer loop
      vertex 110.724 19.0899 97.4991
      vertex 112.28 21.9944 97.4991
      vertex 110.911 19.2233 97.4991
    endloop
  endfacet
  facet normal 0 0 -1
    outer loop
      vertex 110.53 18.9689 97.4991
      vertex 112.28 21.9944 97.4991
      vertex 110.724 19.0899 97.4991
    endloop
  endfacet
  facet normal 0 0 -1
    outer loop
      vertex 110.328 18.8609 97.4991
      vertex 112.28 21.9944 97.4991
      vertex 110.53 18.9689 97.4991
    endloop
  endfacet
  facet normal 0 0 -1
    outer loop
      vertex 110.119 18.7664 97.4991
      vertex 112.28 21.9944 97.4991
      vertex 110.328 18.8609 97.4991
    endloop
  endfacet
  facet normal 0 0 -1
    outer loop
      vertex 109.905 18.6857 97.4991
      vertex 112.28 21.9944 97.4991
      vertex 110.119 18.7664 97.4991
    endloop
  endfacet
  facet normal 0 0 -1
    outer loop
      vertex 109.686 18.6193 97.4991
      vertex 112.28 21.9944 97.4991
      vertex 109.905 18.6857 97.4991
    endloop
  endfacet
  facet normal 0 0 -1
    outer loop
      vertex 109.463 18.5673 97.4991
      vertex 112.28 21.9944 97.4991
      vertex 109.686 18.6193 97.4991
    endloop
  endfacet
  facet normal 0 0 -1
    outer loop
      vertex 109.237 18.5299 97.4991
      vertex 112.28 21.9944 97.4991
      vertex 109.463 18.5673 97.4991
    endloop
  endfacet
  facet normal 0 0 -1
    outer loop
      vertex 109.009 18.5075 97.4991
      vertex 112.28 21.9944 97.4991
      vertex 109.237 18.5299 97.4991
    endloop
  endfacet
  facet normal 0 0 -1
    outer loop
      vertex 108.78 18.5 97.4991
      vertex 112.28 21.9944 97.4991
      vertex 109.009 18.5075 97.4991
    endloop
  endfacet
  facet normal 0 0 -1
    outer loop
      vertex 108.551 18.5075 97.4991
      vertex 112.28 21.9944 97.4991
      vertex 108.78 18.5 97.4991
    endloop
  endfacet
  facet normal 0 0 -1
    outer loop
      vertex 108.323 18.5299 97.4991
      vertex 112.28 21.9944 97.4991
      vertex 108.551 18.5075 97.4991
    endloop
  endfacet
  facet normal 0 0 -1
    outer loop
      vertex 108.097 18.5673 97.4991
      vertex 112.28 21.9944 97.4991
      vertex 108.323 18.5299 97.4991
    endloop
  endfacet
  facet normal 0 0 -1
    outer loop
      vertex 107.874 18.6193 97.4991
      vertex 112.28 21.9944 97.4991
      vertex 108.097 18.5673 97.4991
    endloop
  endfacet
  facet normal 0 0 -1
    outer loop
      vertex 107.655 18.6857 97.4991
      vertex 112.28 21.9944 97.4991
      vertex 107.874 18.6193 97.4991
    endloop
  endfacet
  facet normal 0 0 -1
    outer loop
      vertex 107.441 18.7664 97.4991
      vertex 112.28 21.9944 97.4991
      vertex 107.655 18.6857 97.4991
    endloop
  endfacet
  facet normal 0 0 -1
    outer loop
      vertex 107.232 18.8609 97.4991
      vertex 112.28 21.9944 97.4991
      vertex 107.441 18.7664 97.4991
    endloop
  endfacet
  facet normal 0 0 -1
    outer loop
      vertex 107.03 18.9689 97.4991
      vertex 112.28 21.9944 97.4991
      vertex 107.232 18.8609 97.4991
    endloop
  endfacet
  facet normal 0 0 -1
    outer loop
      vertex 106.836 19.0899 97.4991
      vertex 112.28 21.9944 97.4991
      vertex 107.03 18.9689 97.4991
    endloop
  endfacet
  facet normal 0 0 -1
    outer loop
      vertex 106.649 19.2233 97.4991
      vertex 112.28 21.9944 97.4991
      vertex 106.836 19.0899 97.4991
    endloop
  endfacet
  facet normal 0 0 -1
    outer loop
      vertex 106.472 19.3686 97.4991
      vertex 112.28 21.9944 97.4991
      vertex 106.649 19.2233 97.4991
    endloop
  endfacet
  facet normal 0 0 -1
    outer loop
      vertex 106.305 19.5251 97.4991
      vertex 112.28 21.9944 97.4991
      vertex 106.472 19.3686 97.4991
    endloop
  endfacet
  facet normal 0 0 -1
    outer loop
      vertex 106.149 19.6923 97.4991
      vertex 112.28 21.9944 97.4991
      vertex 106.305 19.5251 97.4991
    endloop
  endfacet
  facet normal 0 0 -1
    outer loop
      vertex 106.003 19.8693 97.4991
      vertex 112.28 21.9944 97.4991
      vertex 106.149 19.6923 97.4991
    endloop
  endfacet
  facet normal 0 0 -1
    outer loop
      vertex 105.87 20.0555 97.4991
      vertex 112.28 21.9944 97.4991
      vertex 106.003 19.8693 97.4991
    endloop
  endfacet
  facet normal 0 0 -1
    outer loop
      vertex 105.749 20.25 97.4991
      vertex 112.28 21.9944 97.4991
      vertex 105.87 20.0555 97.4991
    endloop
  endfacet
  facet normal 0 0 -1
    outer loop
      vertex 105.641 20.452 97.4991
      vertex 112.28 21.9944 97.4991
      vertex 105.749 20.25 97.4991
    endloop
  endfacet
  facet normal 0 0 -1
    outer loop
      vertex 105.546 20.6606 97.4991
      vertex 112.28 21.9944 97.4991
      vertex 105.641 20.452 97.4991
    endloop
  endfacet
  facet normal 0 0 -1
    outer loop
      vertex 105.466 20.875 97.4991
      vertex 112.28 21.9944 97.4991
      vertex 105.546 20.6606 97.4991
    endloop
  endfacet
  facet normal 0 0 -1
    outer loop
      vertex 105.399 21.0941 97.4991
      vertex 112.28 21.9944 97.4991
      vertex 105.466 20.875 97.4991
    endloop
  endfacet
  facet normal 0 0 -1
    outer loop
      vertex 105.347 21.3172 97.4991
      vertex 112.28 21.9944 97.4991
      vertex 105.399 21.0941 97.4991
    endloop
  endfacet
  facet normal 0 0 -1
    outer loop
      vertex 105.31 21.5432 97.4991
      vertex 112.28 21.9944 97.4991
      vertex 105.347 21.3172 97.4991
    endloop
  endfacet
  facet normal 0 0 -1
    outer loop
      vertex 105.287 21.7711 97.4991
      vertex 112.28 21.9944 97.4991
      vertex 105.31 21.5432 97.4991
    endloop
  endfacet
  facet normal -0 0 -1
    outer loop
      vertex 112.28 21.9944 97.4991
      vertex 105.287 21.7711 97.4991
      vertex 105.28 21.9944 97.4991
    endloop
  endfacet
  facet normal 0 0 1
    outer loop
      vertex 112.273 22.2289 103.499
      vertex 112.273 21.7711 103.499
      vertex 112.28 22 103.499
    endloop
  endfacet
  facet normal 0 0 1
    outer loop
      vertex 112.25 22.4568 103.499
      vertex 112.273 21.7711 103.499
      vertex 112.273 22.2289 103.499
    endloop
  endfacet
  facet normal 0 0 1
    outer loop
      vertex 112.25 22.4568 103.499
      vertex 112.25 21.5432 103.499
      vertex 112.273 21.7711 103.499
    endloop
  endfacet
  facet normal 0 0 1
    outer loop
      vertex 112.213 22.6828 103.499
      vertex 112.25 21.5432 103.499
      vertex 112.25 22.4568 103.499
    endloop
  endfacet
  facet normal 0 0 1
    outer loop
      vertex 112.213 22.6828 103.499
      vertex 112.213 21.3172 103.499
      vertex 112.25 21.5432 103.499
    endloop
  endfacet
  facet normal 0 0 1
    outer loop
      vertex 112.161 22.9059 103.499
      vertex 112.213 21.3172 103.499
      vertex 112.213 22.6828 103.499
    endloop
  endfacet
  facet normal 0 0 1
    outer loop
      vertex 112.161 22.9059 103.499
      vertex 112.161 21.0941 103.499
      vertex 112.213 21.3172 103.499
    endloop
  endfacet
  facet normal 0 0 1
    outer loop
      vertex 112.094 23.125 103.499
      vertex 112.161 21.0941 103.499
      vertex 112.161 22.9059 103.499
    endloop
  endfacet
  facet normal 0 0 1
    outer loop
      vertex 112.094 23.125 103.499
      vertex 112.094 20.875 103.499
      vertex 112.161 21.0941 103.499
    endloop
  endfacet
  facet normal 0 0 1
    outer loop
      vertex 112.014 23.3394 103.499
      vertex 112.094 20.875 103.499
      vertex 112.094 23.125 103.499
    endloop
  endfacet
  facet normal 0 0 1
    outer loop
      vertex 112.014 23.3394 103.499
      vertex 112.014 20.6606 103.499
      vertex 112.094 20.875 103.499
    endloop
  endfacet
  facet normal 0 0 1
    outer loop
      vertex 111.919 23.548 103.499
      vertex 112.014 20.6606 103.499
      vertex 112.014 23.3394 103.499
    endloop
  endfacet
  facet normal 0 0 1
    outer loop
      vertex 111.919 23.548 103.499
      vertex 111.919 20.452 103.499
      vertex 112.014 20.6606 103.499
    endloop
  endfacet
  facet normal 0 0 1
    outer loop
      vertex 111.811 23.75 103.499
      vertex 111.919 20.452 103.499
      vertex 111.919 23.548 103.499
    endloop
  endfacet
  facet normal 0 0 1
    outer loop
      vertex 111.811 23.75 103.499
      vertex 111.811 20.25 103.499
      vertex 111.919 20.452 103.499
    endloop
  endfacet
  facet normal 0 0 1
    outer loop
      vertex 111.69 23.9445 103.499
      vertex 111.811 20.25 103.499
      vertex 111.811 23.75 103.499
    endloop
  endfacet
  facet normal 0 0 1
    outer loop
      vertex 111.69 23.9445 103.499
      vertex 111.69 20.0555 103.499
      vertex 111.811 20.25 103.499
    endloop
  endfacet
  facet normal 0 0 1
    outer loop
      vertex 111.557 24.1307 103.499
      vertex 111.69 20.0555 103.499
      vertex 111.69 23.9445 103.499
    endloop
  endfacet
  facet normal 0 0 1
    outer loop
      vertex 111.557 24.1307 103.499
      vertex 111.557 19.8693 103.499
      vertex 111.69 20.0555 103.499
    endloop
  endfacet
  facet normal 0 0 1
    outer loop
      vertex 111.411 24.3077 103.499
      vertex 111.557 19.8693 103.499
      vertex 111.557 24.1307 103.499
    endloop
  endfacet
  facet normal 0 0 1
    outer loop
      vertex 111.411 24.3077 103.499
      vertex 111.411 19.6923 103.499
      vertex 111.557 19.8693 103.499
    endloop
  endfacet
  facet normal 0 0 1
    outer loop
      vertex 111.255 24.4749 103.499
      vertex 111.411 19.6923 103.499
      vertex 111.411 24.3077 103.499
    endloop
  endfacet
  facet normal 0 0 1
    outer loop
      vertex 111.255 24.4749 103.499
      vertex 111.255 19.5251 103.499
      vertex 111.411 19.6923 103.499
    endloop
  endfacet
  facet normal 0 0 1
    outer loop
      vertex 111.088 24.6314 103.499
      vertex 111.255 19.5251 103.499
      vertex 111.255 24.4749 103.499
    endloop
  endfacet
  facet normal 0 0 1
    outer loop
      vertex 111.088 24.6314 103.499
      vertex 111.088 19.3686 103.499
      vertex 111.255 19.5251 103.499
    endloop
  endfacet
  facet normal 0 0 1
    outer loop
      vertex 110.911 24.7767 103.499
      vertex 111.088 19.3686 103.499
      vertex 111.088 24.6314 103.499
    endloop
  endfacet
  facet normal 0 0 1
    outer loop
      vertex 110.911 24.7767 103.499
      vertex 110.911 19.2233 103.499
      vertex 111.088 19.3686 103.499
    endloop
  endfacet
  facet normal 0 0 1
    outer loop
      vertex 110.724 24.9101 103.499
      vertex 110.911 19.2233 103.499
      vertex 110.911 24.7767 103.499
    endloop
  endfacet
  facet normal 0 0 1
    outer loop
      vertex 110.724 24.9101 103.499
      vertex 110.724 19.0899 103.499
      vertex 110.911 19.2233 103.499
    endloop
  endfacet
  facet normal 0 0 1
    outer loop
      vertex 110.53 25.0311 103.499
      vertex 110.724 19.0899 103.499
      vertex 110.724 24.9101 103.499
    endloop
  endfacet
  facet normal 0 0 1
    outer loop
      vertex 110.53 25.0311 103.499
      vertex 110.53 18.9689 103.499
      vertex 110.724 19.0899 103.499
    endloop
  endfacet
  facet normal 0 0 1
    outer loop
      vertex 110.328 25.1391 103.499
      vertex 110.53 18.9689 103.499
      vertex 110.53 25.0311 103.499
    endloop
  endfacet
  facet normal 0 0 1
    outer loop
      vertex 110.328 25.1391 103.499
      vertex 110.328 18.8609 103.499
      vertex 110.53 18.9689 103.499
    endloop
  endfacet
  facet normal 0 0 1
    outer loop
      vertex 110.119 25.2336 103.499
      vertex 110.328 18.8609 103.499
      vertex 110.328 25.1391 103.499
    endloop
  endfacet
  facet normal 0 0 1
    outer loop
      vertex 110.119 25.2336 103.499
      vertex 110.119 18.7664 103.499
      vertex 110.328 18.8609 103.499
    endloop
  endfacet
  facet normal 0 0 1
    outer loop
      vertex 109.83 25.3369 103.499
      vertex 110.119 25.2336 103.499
      vertex 109.905 25.3143 103.499
    endloop
  endfacet
  facet normal 0 0 1
    outer loop
      vertex 110.119 25.2336 103.499
      vertex 109.83 25.3369 103.499
      vertex 110.119 18.7664 103.499
    endloop
  endfacet
  facet normal 0 0 1
    outer loop
      vertex 110.119 18.7664 103.499
      vertex 109.83 25.3369 103.499
      vertex 109.905 18.6857 103.499
    endloop
  endfacet
  facet normal 0 0 1
    outer loop
      vertex 109.83 25.3369 103.499
      vertex 109.686 18.6193 103.499
      vertex 109.905 18.6857 103.499
    endloop
  endfacet
  facet normal 0 0 1
    outer loop
      vertex 109.83 25.3369 103.499
      vertex 109.463 18.5673 103.499
      vertex 109.686 18.6193 103.499
    endloop
  endfacet
  facet normal 0 0 1
    outer loop
      vertex 109.83 25.3369 103.499
      vertex 109.237 18.5299 103.499
      vertex 109.463 18.5673 103.499
    endloop
  endfacet
  facet normal 0 0 1
    outer loop
      vertex 109.83 25.3369 103.499
      vertex 109.009 18.5075 103.499
      vertex 109.237 18.5299 103.499
    endloop
  endfacet
  facet normal 0 0 1
    outer loop
      vertex 109.83 25.3369 103.499
      vertex 108.78 18.5 103.499
      vertex 109.009 18.5075 103.499
    endloop
  endfacet
  facet normal 0 0 1
    outer loop
      vertex 109.83 25.3369 103.499
      vertex 108.551 18.5075 103.499
      vertex 108.78 18.5 103.499
    endloop
  endfacet
  facet normal 0 0 1
    outer loop
      vertex 109.83 25.3369 103.499
      vertex 108.323 18.5299 103.499
      vertex 108.551 18.5075 103.499
    endloop
  endfacet
  facet normal 0 0 1
    outer loop
      vertex 109.83 25.3369 103.499
      vertex 108.097 18.5673 103.499
      vertex 108.323 18.5299 103.499
    endloop
  endfacet
  facet normal 0 0 1
    outer loop
      vertex 109.83 25.3369 103.499
      vertex 107.874 18.6193 103.499
      vertex 108.097 18.5673 103.499
    endloop
  endfacet
  facet normal -0 0 1
    outer loop
      vertex 107.73 25.3369 103.499
      vertex 107.874 18.6193 103.499
      vertex 109.83 25.3369 103.499
    endloop
  endfacet
  facet normal 0 0 1
    outer loop
      vertex 107.441 25.2336 103.499
      vertex 107.73 25.3369 103.499
      vertex 107.655 25.3143 103.499
    endloop
  endfacet
  facet normal 0 0 1
    outer loop
      vertex 107.73 25.3369 103.499
      vertex 107.655 18.6857 103.499
      vertex 107.874 18.6193 103.499
    endloop
  endfacet
  facet normal 0 0 1
    outer loop
      vertex 107.73 25.3369 103.499
      vertex 107.441 25.2336 103.499
      vertex 107.655 18.6857 103.499
    endloop
  endfacet
  facet normal 0 0 1
    outer loop
      vertex 107.441 25.2336 103.499
      vertex 107.441 18.7664 103.499
      vertex 107.655 18.6857 103.499
    endloop
  endfacet
  facet normal -0 0 1
    outer loop
      vertex 107.232 25.1391 103.499
      vertex 107.441 18.7664 103.499
      vertex 107.441 25.2336 103.499
    endloop
  endfacet
  facet normal 0 0 1
    outer loop
      vertex 107.232 25.1391 103.499
      vertex 107.232 18.8609 103.499
      vertex 107.441 18.7664 103.499
    endloop
  endfacet
  facet normal -0 0 1
    outer loop
      vertex 107.03 25.0311 103.499
      vertex 107.232 18.8609 103.499
      vertex 107.232 25.1391 103.499
    endloop
  endfacet
  facet normal 0 0 1
    outer loop
      vertex 107.03 25.0311 103.499
      vertex 107.03 18.9689 103.499
      vertex 107.232 18.8609 103.499
    endloop
  endfacet
  facet normal -0 0 1
    outer loop
      vertex 106.836 24.9101 103.499
      vertex 107.03 18.9689 103.499
      vertex 107.03 25.0311 103.499
    endloop
  endfacet
  facet normal 0 0 1
    outer loop
      vertex 106.836 24.9101 103.499
      vertex 106.836 19.0899 103.499
      vertex 107.03 18.9689 103.499
    endloop
  endfacet
  facet normal -0 0 1
    outer loop
      vertex 106.649 24.7767 103.499
      vertex 106.836 19.0899 103.499
      vertex 106.836 24.9101 103.499
    endloop
  endfacet
  facet normal 0 0 1
    outer loop
      vertex 106.649 24.7767 103.499
      vertex 106.649 19.2233 103.499
      vertex 106.836 19.0899 103.499
    endloop
  endfacet
  facet normal -0 0 1
    outer loop
      vertex 106.472 24.6314 103.499
      vertex 106.649 19.2233 103.499
      vertex 106.649 24.7767 103.499
    endloop
  endfacet
  facet normal 0 0 1
    outer loop
      vertex 106.472 24.6314 103.499
      vertex 106.472 19.3686 103.499
      vertex 106.649 19.2233 103.499
    endloop
  endfacet
  facet normal -0 0 1
    outer loop
      vertex 106.305 24.4749 103.499
      vertex 106.472 19.3686 103.499
      vertex 106.472 24.6314 103.499
    endloop
  endfacet
  facet normal 0 0 1
    outer loop
      vertex 106.305 24.4749 103.499
      vertex 106.305 19.5251 103.499
      vertex 106.472 19.3686 103.499
    endloop
  endfacet
  facet normal -0 0 1
    outer loop
      vertex 106.149 24.3077 103.499
      vertex 106.305 19.5251 103.499
      vertex 106.305 24.4749 103.499
    endloop
  endfacet
  facet normal 0 0 1
    outer loop
      vertex 106.149 24.3077 103.499
      vertex 106.149 19.6923 103.499
      vertex 106.305 19.5251 103.499
    endloop
  endfacet
  facet normal -0 0 1
    outer loop
      vertex 106.003 24.1307 103.499
      vertex 106.149 19.6923 103.499
      vertex 106.149 24.3077 103.499
    endloop
  endfacet
  facet normal 0 0 1
    outer loop
      vertex 106.003 24.1307 103.499
      vertex 106.003 19.8693 103.499
      vertex 106.149 19.6923 103.499
    endloop
  endfacet
  facet normal -0 0 1
    outer loop
      vertex 105.87 23.9445 103.499
      vertex 106.003 19.8693 103.499
      vertex 106.003 24.1307 103.499
    endloop
  endfacet
  facet normal 0 0 1
    outer loop
      vertex 105.87 23.9445 103.499
      vertex 105.87 20.0555 103.499
      vertex 106.003 19.8693 103.499
    endloop
  endfacet
  facet normal -0 0 1
    outer loop
      vertex 105.749 23.75 103.499
      vertex 105.87 20.0555 103.499
      vertex 105.87 23.9445 103.499
    endloop
  endfacet
  facet normal 0 0 1
    outer loop
      vertex 105.749 23.75 103.499
      vertex 105.749 20.25 103.499
      vertex 105.87 20.0555 103.499
    endloop
  endfacet
  facet normal -0 0 1
    outer loop
      vertex 105.641 23.548 103.499
      vertex 105.749 20.25 103.499
      vertex 105.749 23.75 103.499
    endloop
  endfacet
  facet normal 0 0 1
    outer loop
      vertex 105.641 23.548 103.499
      vertex 105.641 20.452 103.499
      vertex 105.749 20.25 103.499
    endloop
  endfacet
  facet normal -0 0 1
    outer loop
      vertex 105.546 23.3394 103.499
      vertex 105.641 20.452 103.499
      vertex 105.641 23.548 103.499
    endloop
  endfacet
  facet normal 0 0 1
    outer loop
      vertex 105.546 23.3394 103.499
      vertex 105.546 20.6606 103.499
      vertex 105.641 20.452 103.499
    endloop
  endfacet
  facet normal -0 0 1
    outer loop
      vertex 105.466 23.125 103.499
      vertex 105.546 20.6606 103.499
      vertex 105.546 23.3394 103.499
    endloop
  endfacet
  facet normal 0 0 1
    outer loop
      vertex 105.466 23.125 103.499
      vertex 105.466 20.875 103.499
      vertex 105.546 20.6606 103.499
    endloop
  endfacet
  facet normal -0 0 1
    outer loop
      vertex 105.399 22.9059 103.499
      vertex 105.466 20.875 103.499
      vertex 105.466 23.125 103.499
    endloop
  endfacet
  facet normal 0 0 1
    outer loop
      vertex 105.399 22.9059 103.499
      vertex 105.399 21.0941 103.499
      vertex 105.466 20.875 103.499
    endloop
  endfacet
  facet normal -0 0 1
    outer loop
      vertex 105.347 22.6828 103.499
      vertex 105.399 21.0941 103.499
      vertex 105.399 22.9059 103.499
    endloop
  endfacet
  facet normal 0 0 1
    outer loop
      vertex 105.347 22.6828 103.499
      vertex 105.347 21.3172 103.499
      vertex 105.399 21.0941 103.499
    endloop
  endfacet
  facet normal -0 0 1
    outer loop
      vertex 105.31 22.4568 103.499
      vertex 105.347 21.3172 103.499
      vertex 105.347 22.6828 103.499
    endloop
  endfacet
  facet normal 0 0 1
    outer loop
      vertex 105.31 22.4568 103.499
      vertex 105.31 21.5432 103.499
      vertex 105.347 21.3172 103.499
    endloop
  endfacet
  facet normal -0 0 1
    outer loop
      vertex 105.287 22.2289 103.499
      vertex 105.31 21.5432 103.499
      vertex 105.31 22.4568 103.499
    endloop
  endfacet
  facet normal 0 0 1
    outer loop
      vertex 105.287 22.2289 103.499
      vertex 105.287 21.7711 103.499
      vertex 105.31 21.5432 103.499
    endloop
  endfacet
  facet normal 0 -0 1
    outer loop
      vertex 105.287 21.7711 103.499
      vertex 105.287 22.2289 103.499
      vertex 105.28 22 103.499
    endloop
  endfacet
  facet normal 0.910067 -0.41446 0
    outer loop
      vertex 111.919 20.452 103.499
      vertex 112.014 20.6606 97.4991
      vertex 112.014 20.6606 103.499
    endloop
  endfacet
  facet normal 0.910067 -0.41446 0
    outer loop
      vertex 112.014 20.6606 97.4991
      vertex 111.919 20.452 103.499
      vertex 111.919 20.452 97.4991
    endloop
  endfacet
  facet normal 0.936903 -0.349591 0
    outer loop
      vertex 112.014 20.6606 103.499
      vertex 112.094 20.875 97.4991
      vertex 112.094 20.875 103.499
    endloop
  endfacet
  facet normal 0.936903 -0.349591 0
    outer loop
      vertex 112.094 20.875 97.4991
      vertex 112.014 20.6606 103.499
      vertex 112.014 20.6606 97.4991
    endloop
  endfacet
  facet normal -0.973896 0.226995 0
    outer loop
      vertex 105.347 22.6828 103.499
      vertex 105.399 22.9059 99.1352
      vertex 105.347 22.6828 98.7348
    endloop
  endfacet
  facet normal -0.973896 0.226995 0
    outer loop
      vertex 105.399 22.9059 99.1352
      vertex 105.347 22.6828 103.499
      vertex 105.399 22.9059 103.499
    endloop
  endfacet
  facet normal -0.999533 0.0305668 0
    outer loop
      vertex 105.28 22 103.499
      vertex 105.287 22.2289 97.92
      vertex 105.28 22 97.5091
    endloop
  endfacet
  facet normal -0.999533 0.0305668 0
    outer loop
      vertex 105.287 22.2289 97.92
      vertex 105.28 22 103.499
      vertex 105.287 22.2289 103.499
    endloop
  endfacet
  facet normal -0.352848 -0.935681 0
    outer loop
      vertex 107.441 18.7664 97.4991
      vertex 107.655 18.6857 103.499
      vertex 107.441 18.7664 103.499
    endloop
  endfacet
  facet normal -0.352848 -0.935681 -0
    outer loop
      vertex 107.655 18.6857 103.499
      vertex 107.441 18.7664 97.4991
      vertex 107.655 18.6857 97.4991
    endloop
  endfacet
  facet normal -0.290153 -0.95698 0
    outer loop
      vertex 107.655 18.6857 97.4991
      vertex 107.874 18.6193 103.499
      vertex 107.655 18.6857 103.499
    endloop
  endfacet
  facet normal -0.290153 -0.95698 -0
    outer loop
      vertex 107.874 18.6193 103.499
      vertex 107.655 18.6857 97.4991
      vertex 107.874 18.6193 97.4991
    endloop
  endfacet
  facet normal -0.471494 -0.881869 0
    outer loop
      vertex 107.03 18.9689 97.4991
      vertex 107.232 18.8609 103.499
      vertex 107.03 18.9689 103.499
    endloop
  endfacet
  facet normal -0.471494 -0.881869 -0
    outer loop
      vertex 107.232 18.8609 103.499
      vertex 107.03 18.9689 97.4991
      vertex 107.232 18.8609 97.4991
    endloop
  endfacet
  facet normal 0.634497 -0.772925 0
    outer loop
      vertex 110.911 19.2233 97.4991
      vertex 111.088 19.3686 103.499
      vertex 110.911 19.2233 103.499
    endloop
  endfacet
  facet normal 0.634497 -0.772925 0
    outer loop
      vertex 111.088 19.3686 103.499
      vertex 110.911 19.2233 97.4991
      vertex 111.088 19.3686 97.4991
    endloop
  endfacet
  facet normal 0.683796 -0.729673 0
    outer loop
      vertex 111.088 19.3686 97.4991
      vertex 111.255 19.5251 103.499
      vertex 111.088 19.3686 103.499
    endloop
  endfacet
  facet normal 0.683796 -0.729673 0
    outer loop
      vertex 111.255 19.5251 103.499
      vertex 111.088 19.3686 97.4991
      vertex 111.255 19.5251 97.4991
    endloop
  endfacet
  facet normal -0.634497 -0.772925 0
    outer loop
      vertex 106.472 19.3686 97.4991
      vertex 106.649 19.2233 103.499
      vertex 106.472 19.3686 103.499
    endloop
  endfacet
  facet normal -0.634497 -0.772925 -0
    outer loop
      vertex 106.649 19.2233 103.499
      vertex 106.472 19.3686 97.4991
      vertex 106.649 19.2233 97.4991
    endloop
  endfacet
  facet normal -0.411996 -0.911186 0
    outer loop
      vertex 107.232 18.8609 97.4991
      vertex 107.441 18.7664 103.499
      vertex 107.232 18.8609 103.499
    endloop
  endfacet
  facet normal -0.411996 -0.911186 -0
    outer loop
      vertex 107.441 18.7664 103.499
      vertex 107.232 18.8609 97.4991
      vertex 107.441 18.7664 97.4991
    endloop
  endfacet
  facet normal 0 -0.634497 0.772925
    outer loop
      vertex 155.4 133.907 57.7767
      vertex 161.39 133.73 57.6314
      vertex 161.39 133.907 57.7767
    endloop
  endfacet
  facet normal 0 -0.634497 0.772925
    outer loop
      vertex 161.39 133.73 57.6314
      vertex 155.4 133.907 57.7767
      vertex 155.4 133.73 57.6314
    endloop
  endfacet
  facet normal 0 -0.994946 -0.100411
    outer loop
      vertex 155.4 132.568 54.5432
      vertex 161.39 132.545 54.7711
      vertex 155.4 132.545 54.7711
    endloop
  endfacet
  facet normal 0 -0.994946 -0.100411
    outer loop
      vertex 161.39 132.545 54.7711
      vertex 155.4 132.568 54.5432
      vertex 161.39 132.568 54.5432
    endloop
  endfacet
  facet normal 0 0.8491 -0.528232
    outer loop
      vertex 161.39 138.948 53.0555
      vertex 155.4 139.069 53.25
      vertex 161.39 139.069 53.25
    endloop
  endfacet
  facet normal 0 0.8491 -0.528232
    outer loop
      vertex 155.4 139.069 53.25
      vertex 161.39 138.948 53.0555
      vertex 155.4 138.948 53.0555
    endloop
  endfacet
  facet normal 0 0.811667 0.584121
    outer loop
      vertex 161.39 138.948 56.9445
      vertex 155.4 138.814 57.1307
      vertex 161.39 138.814 57.1307
    endloop
  endfacet
  facet normal 0 0.811667 0.584121
    outer loop
      vertex 155.4 138.814 57.1307
      vertex 161.39 138.948 56.9445
      vertex 155.4 138.948 56.9445
    endloop
  endfacet
  facet normal 0 0.731172 -0.682194
    outer loop
      vertex 161.39 138.513 52.5251
      vertex 155.4 138.669 52.6923
      vertex 161.39 138.669 52.6923
    endloop
  endfacet
  facet normal 0 0.731172 -0.682194
    outer loop
      vertex 155.4 138.669 52.6923
      vertex 161.39 138.513 52.5251
      vertex 155.4 138.513 52.5251
    endloop
  endfacet
  facet normal 0 0.0327335 -0.999464
    outer loop
      vertex 155.4 136.038 51.5
      vertex 161.39 136.267 51.5075
      vertex 161.39 136.038 51.5
    endloop
  endfacet
  facet normal 0 0.0327335 -0.999464
    outer loop
      vertex 161.39 136.267 51.5075
      vertex 155.4 136.038 51.5
      vertex 155.4 136.267 51.5075
    endloop
  endfacet
  facet normal 0 -0.634497 -0.772925
    outer loop
      vertex 155.4 133.73 52.3686
      vertex 161.39 133.907 52.2233
      vertex 161.39 133.73 52.3686
    endloop
  endfacet
  facet normal -0 -0.634497 -0.772925
    outer loop
      vertex 161.39 133.907 52.2233
      vertex 155.4 133.73 52.3686
      vertex 155.4 133.907 52.2233
    endloop
  endfacet
  facet normal 0 -0.728993 0.684521
    outer loop
      vertex 155.4 133.406 57.3077
      vertex 161.39 133.563 57.4749
      vertex 155.4 133.563 57.4749
    endloop
  endfacet
  facet normal 0 -0.728993 0.684521
    outer loop
      vertex 161.39 133.563 57.4749
      vertex 155.4 133.406 57.3077
      vertex 161.39 133.406 57.3077
    endloop
  endfacet
  facet normal 0 0.22613 -0.974097
    outer loop
      vertex 155.4 136.72 51.5673
      vertex 161.39 136.944 51.6193
      vertex 161.39 136.72 51.5673
    endloop
  endfacet
  facet normal 0 0.22613 -0.974097
    outer loop
      vertex 161.39 136.944 51.6193
      vertex 155.4 136.72 51.5673
      vertex 155.4 136.944 51.6193
    endloop
  endfacet
  facet normal 0 -0.527254 0.849707
    outer loop
      vertex 155.4 134.288 58.0311
      vertex 161.39 134.093 57.9101
      vertex 161.39 134.288 58.0311
    endloop
  endfacet
  facet normal 0 -0.527254 0.849707
    outer loop
      vertex 161.39 134.093 57.9101
      vertex 155.4 134.288 58.0311
      vertex 155.4 134.093 57.9101
    endloop
  endfacet
  facet normal 0 0.881869 -0.471494
    outer loop
      vertex 161.39 139.069 53.25
      vertex 155.4 139.177 53.452
      vertex 161.39 139.177 53.452
    endloop
  endfacet
  facet normal 0 0.881869 -0.471494
    outer loop
      vertex 155.4 139.177 53.452
      vertex 161.39 139.069 53.25
      vertex 155.4 139.069 53.25
    endloop
  endfacet
  facet normal 0 0.529212 -0.848489
    outer loop
      vertex 155.4 137.788 51.9689
      vertex 161.39 137.982 52.0899
      vertex 161.39 137.788 51.9689
    endloop
  endfacet
  facet normal 0 0.529212 -0.848489
    outer loop
      vertex 161.39 137.982 52.0899
      vertex 155.4 137.788 51.9689
      vertex 155.4 137.982 52.0899
    endloop
  endfacet
  facet normal 0 -0.999533 0.0305668
    outer loop
      vertex 155.4 132.538 55
      vertex 161.39 132.545 55.2289
      vertex 155.4 132.545 55.2289
    endloop
  endfacet
  facet normal 0 -0.999533 0.0305668
    outer loop
      vertex 161.39 132.545 55.2289
      vertex 155.4 132.538 55
      vertex 161.39 132.538 55
    endloop
  endfacet
  facet normal -0 0.634497 0.772925
    outer loop
      vertex 155.4 138.345 57.6314
      vertex 161.39 138.168 57.7767
      vertex 161.39 138.345 57.6314
    endloop
  endfacet
  facet normal 0 0.634497 0.772925
    outer loop
      vertex 161.39 138.168 57.7767
      vertex 155.4 138.345 57.6314
      vertex 155.4 138.168 57.7767
    endloop
  endfacet
  facet normal -0 0.352848 0.935681
    outer loop
      vertex 155.4 137.377 58.2336
      vertex 161.39 137.163 58.3143
      vertex 161.39 137.377 58.2336
    endloop
  endfacet
  facet normal 0 0.352848 0.935681
    outer loop
      vertex 161.39 137.163 58.3143
      vertex 155.4 137.377 58.2336
      vertex 155.4 137.163 58.3143
    endloop
  endfacet
  facet normal 0 0.995373 0.0960869
    outer loop
      vertex 161.39 139.53 55.2289
      vertex 155.4 139.508 55.4568
      vertex 161.39 139.508 55.4568
    endloop
  endfacet
  facet normal 0 0.995373 0.0960869
    outer loop
      vertex 155.4 139.508 55.4568
      vertex 161.39 139.53 55.2289
      vertex 155.4 139.53 55.2289
    endloop
  endfacet
  facet normal 0 0.773568 -0.633714
    outer loop
      vertex 161.39 138.669 52.6923
      vertex 155.4 138.814 52.8693
      vertex 161.39 138.814 52.8693
    endloop
  endfacet
  facet normal 0 0.773568 -0.633714
    outer loop
      vertex 155.4 138.814 52.8693
      vertex 161.39 138.669 52.6923
      vertex 155.4 138.669 52.6923
    endloop
  endfacet
  facet normal 0 -0.0327335 -0.999464
    outer loop
      vertex 155.4 135.809 51.5075
      vertex 161.39 136.038 51.5
      vertex 161.39 135.809 51.5075
    endloop
  endfacet
  facet normal -0 -0.0327335 -0.999464
    outer loop
      vertex 161.39 136.038 51.5
      vertex 155.4 135.809 51.5075
      vertex 155.4 136.038 51.5
    endloop
  endfacet
  facet normal 0 0.290153 -0.95698
    outer loop
      vertex 155.4 136.944 51.6193
      vertex 161.39 137.163 51.6857
      vertex 161.39 136.944 51.6193
    endloop
  endfacet
  facet normal 0 0.290153 -0.95698
    outer loop
      vertex 161.39 137.163 51.6857
      vertex 155.4 136.944 51.6193
      vertex 155.4 137.163 51.6857
    endloop
  endfacet
  facet normal 0 -0.881869 0.471494
    outer loop
      vertex 155.4 132.899 56.548
      vertex 161.39 133.007 56.75
      vertex 155.4 133.007 56.75
    endloop
  endfacet
  facet normal 0 -0.881869 0.471494
    outer loop
      vertex 161.39 133.007 56.75
      vertex 155.4 132.899 56.548
      vertex 161.39 132.899 56.548
    endloop
  endfacet
  facet normal 0 -0.0327335 0.999464
    outer loop
      vertex 155.4 136.038 58.5
      vertex 161.39 135.809 58.4925
      vertex 161.39 136.038 58.5
    endloop
  endfacet
  facet normal 0 -0.0327335 0.999464
    outer loop
      vertex 161.39 135.809 58.4925
      vertex 155.4 136.038 58.5
      vertex 155.4 135.809 58.4925
    endloop
  endfacet
  facet normal 0 -0.999533 -0.0305668
    outer loop
      vertex 155.4 132.545 54.7711
      vertex 161.39 132.538 55
      vertex 155.4 132.538 55
    endloop
  endfacet
  facet normal 0 -0.999533 -0.0305668
    outer loop
      vertex 161.39 132.538 55
      vertex 155.4 132.545 54.7711
      vertex 161.39 132.545 54.7711
    endloop
  endfacet
  facet normal 0 -0.471494 -0.881869
    outer loop
      vertex 155.4 134.288 51.9689
      vertex 161.39 134.49 51.8609
      vertex 161.39 134.288 51.9689
    endloop
  endfacet
  facet normal -0 -0.471494 -0.881869
    outer loop
      vertex 161.39 134.49 51.8609
      vertex 155.4 134.288 51.9689
      vertex 155.4 134.49 51.8609
    endloop
  endfacet
  facet normal 0 0.8491 0.528232
    outer loop
      vertex 161.39 139.069 56.75
      vertex 155.4 138.948 56.9445
      vertex 161.39 138.948 56.9445
    endloop
  endfacet
  facet normal 0 0.8491 0.528232
    outer loop
      vertex 155.4 138.948 56.9445
      vertex 161.39 139.069 56.75
      vertex 155.4 139.069 56.75
    endloop
  endfacet
  facet normal 0 0.0977749 -0.995209
    outer loop
      vertex 155.4 136.267 51.5075
      vertex 161.39 136.495 51.5299
      vertex 161.39 136.267 51.5075
    endloop
  endfacet
  facet normal 0 0.0977749 -0.995209
    outer loop
      vertex 161.39 136.495 51.5299
      vertex 155.4 136.267 51.5075
      vertex 155.4 136.495 51.5299
    endloop
  endfacet
  facet normal 0 0.811667 -0.584121
    outer loop
      vertex 161.39 138.814 52.8693
      vertex 155.4 138.948 53.0555
      vertex 161.39 138.948 53.0555
    endloop
  endfacet
  facet normal 0 0.811667 -0.584121
    outer loop
      vertex 155.4 138.948 53.0555
      vertex 161.39 138.814 52.8693
      vertex 155.4 138.814 52.8693
    endloop
  endfacet
  facet normal 0 -0.582808 0.81261
    outer loop
      vertex 155.4 134.093 57.9101
      vertex 161.39 133.907 57.7767
      vertex 161.39 134.093 57.9101
    endloop
  endfacet
  facet normal 0 -0.582808 0.81261
    outer loop
      vertex 161.39 133.907 57.7767
      vertex 155.4 134.093 57.9101
      vertex 155.4 133.907 57.7767
    endloop
  endfacet
  facet normal 0 0.411996 -0.911186
    outer loop
      vertex 155.4 137.377 51.7664
      vertex 161.39 137.586 51.8609
      vertex 161.39 137.377 51.7664
    endloop
  endfacet
  facet normal 0 0.411996 -0.911186
    outer loop
      vertex 161.39 137.586 51.8609
      vertex 155.4 137.377 51.7664
      vertex 155.4 137.586 51.8609
    endloop
  endfacet
  facet normal -0 0.0327335 0.999464
    outer loop
      vertex 155.4 136.267 58.4925
      vertex 161.39 136.038 58.5
      vertex 161.39 136.267 58.4925
    endloop
  endfacet
  facet normal 0 0.0327335 0.999464
    outer loop
      vertex 161.39 136.038 58.5
      vertex 155.4 136.267 58.4925
      vertex 155.4 136.038 58.5
    endloop
  endfacet
  facet normal 0 -0.935466 -0.353418
    outer loop
      vertex 155.4 132.804 53.6606
      vertex 161.39 132.723 53.875
      vertex 155.4 132.723 53.875
    endloop
  endfacet
  facet normal 0 -0.935466 -0.353418
    outer loop
      vertex 161.39 132.723 53.875
      vertex 155.4 132.804 53.6606
      vertex 161.39 132.804 53.6606
    endloop
  endfacet
  facet normal 0 0.582808 -0.81261
    outer loop
      vertex 155.4 137.982 52.0899
      vertex 161.39 138.168 52.2233
      vertex 161.39 137.982 52.0899
    endloop
  endfacet
  facet normal 0 0.582808 -0.81261
    outer loop
      vertex 161.39 138.168 52.2233
      vertex 155.4 137.982 52.0899
      vertex 155.4 138.168 52.2233
    endloop
  endfacet
  facet normal 0 -0.290153 0.95698
    outer loop
      vertex 155.4 135.132 58.3807
      vertex 161.39 134.913 58.3143
      vertex 161.39 135.132 58.3807
    endloop
  endfacet
  facet normal 0 -0.290153 0.95698
    outer loop
      vertex 161.39 134.913 58.3143
      vertex 155.4 135.132 58.3807
      vertex 155.4 134.913 58.3143
    endloop
  endfacet
  facet normal 0 -0.973896 0.226995
    outer loop
      vertex 155.4 132.605 55.6828
      vertex 161.39 132.657 55.9059
      vertex 155.4 132.657 55.9059
    endloop
  endfacet
  facet normal 0 -0.973896 0.226995
    outer loop
      vertex 161.39 132.657 55.9059
      vertex 155.4 132.605 55.6828
      vertex 161.39 132.605 55.6828
    endloop
  endfacet
  facet normal 0 -0.910067 -0.41446
    outer loop
      vertex 155.4 132.899 53.452
      vertex 161.39 132.804 53.6606
      vertex 155.4 132.804 53.6606
    endloop
  endfacet
  facet normal 0 -0.910067 -0.41446
    outer loop
      vertex 161.39 132.804 53.6606
      vertex 155.4 132.899 53.452
      vertex 161.39 132.899 53.452
    endloop
  endfacet
  facet normal 0 0.957501 0.28843
    outer loop
      vertex 161.39 139.418 55.9059
      vertex 155.4 139.352 56.125
      vertex 161.39 139.352 56.125
    endloop
  endfacet
  facet normal 0 0.957501 0.28843
    outer loop
      vertex 155.4 139.352 56.125
      vertex 161.39 139.418 55.9059
      vertex 155.4 139.418 55.9059
    endloop
  endfacet
  facet normal 0 -0.683796 0.729673
    outer loop
      vertex 155.4 133.73 57.6314
      vertex 161.39 133.563 57.4749
      vertex 161.39 133.73 57.6314
    endloop
  endfacet
  facet normal 0 -0.683796 0.729673
    outer loop
      vertex 161.39 133.563 57.4749
      vertex 155.4 133.73 57.6314
      vertex 155.4 133.563 57.4749
    endloop
  endfacet
  facet normal -0 0.290153 0.95698
    outer loop
      vertex 155.4 137.163 58.3143
      vertex 161.39 136.944 58.3807
      vertex 161.39 137.163 58.3143
    endloop
  endfacet
  facet normal 0 0.290153 0.95698
    outer loop
      vertex 161.39 136.944 58.3807
      vertex 155.4 137.163 58.3143
      vertex 155.4 136.944 58.3807
    endloop
  endfacet
  facet normal 0 -0.0977749 0.995209
    outer loop
      vertex 155.4 135.809 58.4925
      vertex 161.39 135.581 58.4701
      vertex 161.39 135.809 58.4925
    endloop
  endfacet
  facet normal 0 -0.0977749 0.995209
    outer loop
      vertex 161.39 135.581 58.4701
      vertex 155.4 135.809 58.4925
      vertex 155.4 135.581 58.4701
    endloop
  endfacet
  facet normal -0 0.471494 0.881869
    outer loop
      vertex 155.4 137.788 58.0311
      vertex 161.39 137.586 58.1391
      vertex 161.39 137.788 58.0311
    endloop
  endfacet
  facet normal 0 0.471494 0.881869
    outer loop
      vertex 161.39 137.586 58.1391
      vertex 155.4 137.788 58.0311
      vertex 155.4 137.586 58.1391
    endloop
  endfacet
  facet normal 0 0.634497 -0.772925
    outer loop
      vertex 155.4 138.168 52.2233
      vertex 161.39 138.345 52.3686
      vertex 161.39 138.168 52.2233
    endloop
  endfacet
  facet normal 0 0.634497 -0.772925
    outer loop
      vertex 161.39 138.345 52.3686
      vertex 155.4 138.168 52.2233
      vertex 155.4 138.345 52.3686
    endloop
  endfacet
  facet normal 0 -0.527254 -0.849707
    outer loop
      vertex 155.4 134.093 52.0899
      vertex 161.39 134.288 51.9689
      vertex 161.39 134.093 52.0899
    endloop
  endfacet
  facet normal -0 -0.527254 -0.849707
    outer loop
      vertex 161.39 134.288 51.9689
      vertex 155.4 134.093 52.0899
      vertex 155.4 134.288 51.9689
    endloop
  endfacet
  facet normal 0 0.995373 -0.0960869
    outer loop
      vertex 161.39 139.508 54.5432
      vertex 155.4 139.53 54.7711
      vertex 161.39 139.53 54.7711
    endloop
  endfacet
  facet normal 0 0.995373 -0.0960869
    outer loop
      vertex 155.4 139.53 54.7711
      vertex 161.39 139.508 54.5432
      vertex 155.4 139.508 54.5432
    endloop
  endfacet
  facet normal 0 0.471494 -0.881869
    outer loop
      vertex 155.4 137.586 51.8609
      vertex 161.39 137.788 51.9689
      vertex 161.39 137.586 51.8609
    endloop
  endfacet
  facet normal 0 0.471494 -0.881869
    outer loop
      vertex 161.39 137.788 51.9689
      vertex 155.4 137.586 51.8609
      vertex 155.4 137.788 51.9689
    endloop
  endfacet
  facet normal 0 0.973896 -0.226995
    outer loop
      vertex 161.39 139.418 54.0941
      vertex 155.4 139.47 54.3172
      vertex 161.39 139.47 54.3172
    endloop
  endfacet
  facet normal 0 0.973896 -0.226995
    outer loop
      vertex 155.4 139.47 54.3172
      vertex 161.39 139.418 54.0941
      vertex 155.4 139.418 54.0941
    endloop
  endfacet
  facet normal 0 -0.957501 -0.28843
    outer loop
      vertex 155.4 132.723 53.875
      vertex 161.39 132.657 54.0941
      vertex 155.4 132.657 54.0941
    endloop
  endfacet
  facet normal 0 -0.957501 -0.28843
    outer loop
      vertex 161.39 132.657 54.0941
      vertex 155.4 132.723 53.875
      vertex 161.39 132.723 53.875
    endloop
  endfacet
  facet normal 0 0.957501 -0.28843
    outer loop
      vertex 161.39 139.352 53.875
      vertex 155.4 139.418 54.0941
      vertex 161.39 139.418 54.0941
    endloop
  endfacet
  facet normal 0 0.957501 -0.28843
    outer loop
      vertex 155.4 139.418 54.0941
      vertex 161.39 139.352 53.875
      vertex 155.4 139.352 53.875
    endloop
  endfacet
  facet normal 0 -0.935466 0.353418
    outer loop
      vertex 155.4 132.723 56.125
      vertex 161.39 132.804 56.3394
      vertex 155.4 132.804 56.3394
    endloop
  endfacet
  facet normal 0 -0.935466 0.353418
    outer loop
      vertex 161.39 132.804 56.3394
      vertex 155.4 132.723 56.125
      vertex 161.39 132.723 56.125
    endloop
  endfacet
  facet normal 0 0.68162 -0.731707
    outer loop
      vertex 155.4 138.345 52.3686
      vertex 161.39 138.513 52.5251
      vertex 161.39 138.345 52.3686
    endloop
  endfacet
  facet normal 0 0.68162 -0.731707
    outer loop
      vertex 161.39 138.513 52.5251
      vertex 155.4 138.345 52.3686
      vertex 155.4 138.513 52.5251
    endloop
  endfacet
  facet normal 0 -0.163266 0.986582
    outer loop
      vertex 155.4 135.581 58.4701
      vertex 161.39 135.355 58.4327
      vertex 161.39 135.581 58.4701
    endloop
  endfacet
  facet normal 0 -0.163266 0.986582
    outer loop
      vertex 161.39 135.355 58.4327
      vertex 155.4 135.581 58.4701
      vertex 155.4 135.355 58.4327
    endloop
  endfacet
  facet normal 0 0.881869 0.471494
    outer loop
      vertex 161.39 139.177 56.548
      vertex 155.4 139.069 56.75
      vertex 161.39 139.069 56.75
    endloop
  endfacet
  facet normal 0 0.881869 0.471494
    outer loop
      vertex 155.4 139.069 56.75
      vertex 161.39 139.177 56.548
      vertex 155.4 139.177 56.548
    endloop
  endfacet
  facet normal 0 0.99939 0.0349284
    outer loop
      vertex 161.39 139.538 55
      vertex 155.4 139.53 55.2289
      vertex 161.39 139.53 55.2289
    endloop
  endfacet
  facet normal 0 0.99939 0.0349284
    outer loop
      vertex 155.4 139.53 55.2289
      vertex 161.39 139.538 55
      vertex 155.4 139.538 55
    endloop
  endfacet
  facet normal 0 0.973896 0.226995
    outer loop
      vertex 161.39 139.47 55.6828
      vertex 155.4 139.418 55.9059
      vertex 161.39 139.418 55.9059
    endloop
  endfacet
  facet normal 0 0.973896 0.226995
    outer loop
      vertex 155.4 139.418 55.9059
      vertex 161.39 139.47 55.6828
      vertex 155.4 139.47 55.6828
    endloop
  endfacet
  facet normal 0 -0.290153 -0.95698
    outer loop
      vertex 155.4 134.913 51.6857
      vertex 161.39 135.132 51.6193
      vertex 161.39 134.913 51.6857
    endloop
  endfacet
  facet normal -0 -0.290153 -0.95698
    outer loop
      vertex 161.39 135.132 51.6193
      vertex 155.4 134.913 51.6857
      vertex 155.4 135.132 51.6193
    endloop
  endfacet
  facet normal 0 -0.471494 0.881869
    outer loop
      vertex 155.4 134.49 58.1391
      vertex 161.39 134.288 58.0311
      vertex 161.39 134.49 58.1391
    endloop
  endfacet
  facet normal 0 -0.471494 0.881869
    outer loop
      vertex 161.39 134.288 58.0311
      vertex 155.4 134.49 58.1391
      vertex 155.4 134.288 58.0311
    endloop
  endfacet
  facet normal 0 -0.0977749 -0.995209
    outer loop
      vertex 155.4 135.581 51.5299
      vertex 161.39 135.809 51.5075
      vertex 161.39 135.581 51.5299
    endloop
  endfacet
  facet normal -0 -0.0977749 -0.995209
    outer loop
      vertex 161.39 135.809 51.5075
      vertex 155.4 135.581 51.5299
      vertex 155.4 135.809 51.5075
    endloop
  endfacet
  facet normal -0 0.0977749 0.995209
    outer loop
      vertex 155.4 136.495 58.4701
      vertex 161.39 136.267 58.4925
      vertex 161.39 136.495 58.4701
    endloop
  endfacet
  facet normal 0 0.0977749 0.995209
    outer loop
      vertex 161.39 136.267 58.4925
      vertex 155.4 136.495 58.4701
      vertex 155.4 136.267 58.4925
    endloop
  endfacet
  facet normal 0 0.99939 -0.0349284
    outer loop
      vertex 161.39 139.53 54.7711
      vertex 155.4 139.538 55
      vertex 161.39 139.538 55
    endloop
  endfacet
  facet normal 0 0.99939 -0.0349284
    outer loop
      vertex 155.4 139.538 55
      vertex 161.39 139.53 54.7711
      vertex 155.4 139.53 54.7711
    endloop
  endfacet
  facet normal -0 0.582808 0.81261
    outer loop
      vertex 155.4 138.168 57.7767
      vertex 161.39 137.982 57.9101
      vertex 161.39 138.168 57.7767
    endloop
  endfacet
  facet normal 0 0.582808 0.81261
    outer loop
      vertex 161.39 137.982 57.9101
      vertex 155.4 138.168 57.7767
      vertex 155.4 137.982 57.9101
    endloop
  endfacet
  facet normal 1 0 0
    outer loop
      vertex 161.39 139.53 55.2289
      vertex 161.39 139.53 54.7711
      vertex 161.39 139.538 55
    endloop
  endfacet
  facet normal 1 0 0
    outer loop
      vertex 161.39 139.508 55.4568
      vertex 161.39 139.53 54.7711
      vertex 161.39 139.53 55.2289
    endloop
  endfacet
  facet normal 1 0 0
    outer loop
      vertex 161.39 139.508 55.4568
      vertex 161.39 139.508 54.5432
      vertex 161.39 139.53 54.7711
    endloop
  endfacet
  facet normal 1 0 0
    outer loop
      vertex 161.39 139.47 55.6828
      vertex 161.39 139.508 54.5432
      vertex 161.39 139.508 55.4568
    endloop
  endfacet
  facet normal 1 0 0
    outer loop
      vertex 161.39 139.47 55.6828
      vertex 161.39 139.47 54.3172
      vertex 161.39 139.508 54.5432
    endloop
  endfacet
  facet normal 1 0 0
    outer loop
      vertex 161.39 139.418 55.9059
      vertex 161.39 139.47 54.3172
      vertex 161.39 139.47 55.6828
    endloop
  endfacet
  facet normal 1 0 0
    outer loop
      vertex 161.39 139.418 55.9059
      vertex 161.39 139.418 54.0941
      vertex 161.39 139.47 54.3172
    endloop
  endfacet
  facet normal 1 0 0
    outer loop
      vertex 161.39 139.352 56.125
      vertex 161.39 139.418 54.0941
      vertex 161.39 139.418 55.9059
    endloop
  endfacet
  facet normal 1 0 0
    outer loop
      vertex 161.39 139.352 56.125
      vertex 161.39 139.352 53.875
      vertex 161.39 139.418 54.0941
    endloop
  endfacet
  facet normal 1 0 0
    outer loop
      vertex 161.39 139.271 56.3394
      vertex 161.39 139.352 53.875
      vertex 161.39 139.352 56.125
    endloop
  endfacet
  facet normal 1 0 0
    outer loop
      vertex 161.39 139.271 56.3394
      vertex 161.39 139.271 53.6606
      vertex 161.39 139.352 53.875
    endloop
  endfacet
  facet normal 1 0 0
    outer loop
      vertex 161.39 139.177 56.548
      vertex 161.39 139.271 53.6606
      vertex 161.39 139.271 56.3394
    endloop
  endfacet
  facet normal 1 0 0
    outer loop
      vertex 161.39 139.177 56.548
      vertex 161.39 139.177 53.452
      vertex 161.39 139.271 53.6606
    endloop
  endfacet
  facet normal 1 0 0
    outer loop
      vertex 161.39 139.069 56.75
      vertex 161.39 139.177 53.452
      vertex 161.39 139.177 56.548
    endloop
  endfacet
  facet normal 1 0 0
    outer loop
      vertex 161.39 139.069 56.75
      vertex 161.39 139.069 53.25
      vertex 161.39 139.177 53.452
    endloop
  endfacet
  facet normal 1 0 0
    outer loop
      vertex 161.39 138.948 56.9445
      vertex 161.39 139.069 53.25
      vertex 161.39 139.069 56.75
    endloop
  endfacet
  facet normal 1 0 0
    outer loop
      vertex 161.39 138.948 56.9445
      vertex 161.39 138.948 53.0555
      vertex 161.39 139.069 53.25
    endloop
  endfacet
  facet normal 1 0 0
    outer loop
      vertex 161.39 138.814 57.1307
      vertex 161.39 138.948 53.0555
      vertex 161.39 138.948 56.9445
    endloop
  endfacet
  facet normal 1 0 0
    outer loop
      vertex 161.39 138.814 57.1307
      vertex 161.39 138.814 52.8693
      vertex 161.39 138.948 53.0555
    endloop
  endfacet
  facet normal 1 0 0
    outer loop
      vertex 161.39 138.669 57.3077
      vertex 161.39 138.814 52.8693
      vertex 161.39 138.814 57.1307
    endloop
  endfacet
  facet normal 1 0 0
    outer loop
      vertex 161.39 138.669 57.3077
      vertex 161.39 138.669 52.6923
      vertex 161.39 138.814 52.8693
    endloop
  endfacet
  facet normal 1 0 0
    outer loop
      vertex 161.39 138.513 57.4749
      vertex 161.39 138.669 52.6923
      vertex 161.39 138.669 57.3077
    endloop
  endfacet
  facet normal 1 0 0
    outer loop
      vertex 161.39 138.513 57.4749
      vertex 161.39 138.513 52.5251
      vertex 161.39 138.669 52.6923
    endloop
  endfacet
  facet normal 1 0 0
    outer loop
      vertex 161.39 138.345 57.6314
      vertex 161.39 138.513 52.5251
      vertex 161.39 138.513 57.4749
    endloop
  endfacet
  facet normal 1 0 0
    outer loop
      vertex 161.39 138.345 57.6314
      vertex 161.39 138.345 52.3686
      vertex 161.39 138.513 52.5251
    endloop
  endfacet
  facet normal 1 0 0
    outer loop
      vertex 161.39 138.168 57.7767
      vertex 161.39 138.345 52.3686
      vertex 161.39 138.345 57.6314
    endloop
  endfacet
  facet normal 1 0 0
    outer loop
      vertex 161.39 138.168 57.7767
      vertex 161.39 138.168 52.2233
      vertex 161.39 138.345 52.3686
    endloop
  endfacet
  facet normal 1 0 0
    outer loop
      vertex 161.39 137.982 57.9101
      vertex 161.39 138.168 52.2233
      vertex 161.39 138.168 57.7767
    endloop
  endfacet
  facet normal 1 0 0
    outer loop
      vertex 161.39 137.982 57.9101
      vertex 161.39 137.982 52.0899
      vertex 161.39 138.168 52.2233
    endloop
  endfacet
  facet normal 1 0 0
    outer loop
      vertex 161.39 137.788 58.0311
      vertex 161.39 137.982 52.0899
      vertex 161.39 137.982 57.9101
    endloop
  endfacet
  facet normal 1 0 0
    outer loop
      vertex 161.39 137.788 58.0311
      vertex 161.39 137.788 51.9689
      vertex 161.39 137.982 52.0899
    endloop
  endfacet
  facet normal 1 0 0
    outer loop
      vertex 161.39 137.586 58.1391
      vertex 161.39 137.788 51.9689
      vertex 161.39 137.788 58.0311
    endloop
  endfacet
  facet normal 1 0 0
    outer loop
      vertex 161.39 137.586 58.1391
      vertex 161.39 137.586 51.8609
      vertex 161.39 137.788 51.9689
    endloop
  endfacet
  facet normal 1 0 0
    outer loop
      vertex 161.39 137.377 58.2336
      vertex 161.39 137.586 51.8609
      vertex 161.39 137.586 58.1391
    endloop
  endfacet
  facet normal 1 0 0
    outer loop
      vertex 161.39 137.377 58.2336
      vertex 161.39 137.377 51.7664
      vertex 161.39 137.586 51.8609
    endloop
  endfacet
  facet normal 1 0 0
    outer loop
      vertex 161.39 137.163 58.3143
      vertex 161.39 137.377 51.7664
      vertex 161.39 137.377 58.2336
    endloop
  endfacet
  facet normal 1 0 0
    outer loop
      vertex 161.39 137.163 58.3143
      vertex 161.39 137.163 51.6857
      vertex 161.39 137.377 51.7664
    endloop
  endfacet
  facet normal 1 0 0
    outer loop
      vertex 161.39 136.944 58.3807
      vertex 161.39 137.163 51.6857
      vertex 161.39 137.163 58.3143
    endloop
  endfacet
  facet normal 1 0 0
    outer loop
      vertex 161.39 136.944 58.3807
      vertex 161.39 136.944 51.6193
      vertex 161.39 137.163 51.6857
    endloop
  endfacet
  facet normal 1 0 0
    outer loop
      vertex 161.39 136.72 58.4327
      vertex 161.39 136.944 51.6193
      vertex 161.39 136.944 58.3807
    endloop
  endfacet
  facet normal 1 0 0
    outer loop
      vertex 161.39 136.72 58.4327
      vertex 161.39 136.72 51.5673
      vertex 161.39 136.944 51.6193
    endloop
  endfacet
  facet normal 1 0 0
    outer loop
      vertex 161.39 136.495 58.4701
      vertex 161.39 136.72 51.5673
      vertex 161.39 136.72 58.4327
    endloop
  endfacet
  facet normal 1 0 0
    outer loop
      vertex 161.39 136.495 58.4701
      vertex 161.39 136.495 51.5299
      vertex 161.39 136.72 51.5673
    endloop
  endfacet
  facet normal 1 0 0
    outer loop
      vertex 161.39 136.267 58.4925
      vertex 161.39 136.495 51.5299
      vertex 161.39 136.495 58.4701
    endloop
  endfacet
  facet normal 1 0 0
    outer loop
      vertex 161.39 136.267 58.4925
      vertex 161.39 136.267 51.5075
      vertex 161.39 136.495 51.5299
    endloop
  endfacet
  facet normal 1 0 0
    outer loop
      vertex 161.39 136.038 58.5
      vertex 161.39 136.267 51.5075
      vertex 161.39 136.267 58.4925
    endloop
  endfacet
  facet normal 1 0 0
    outer loop
      vertex 161.39 136.038 58.5
      vertex 161.39 136.038 51.5
      vertex 161.39 136.267 51.5075
    endloop
  endfacet
  facet normal 1 -0 0
    outer loop
      vertex 161.39 135.809 58.4925
      vertex 161.39 136.038 51.5
      vertex 161.39 136.038 58.5
    endloop
  endfacet
  facet normal 1 0 0
    outer loop
      vertex 161.39 135.809 58.4925
      vertex 161.39 135.809 51.5075
      vertex 161.39 136.038 51.5
    endloop
  endfacet
  facet normal 1 -0 0
    outer loop
      vertex 161.39 135.581 58.4701
      vertex 161.39 135.809 51.5075
      vertex 161.39 135.809 58.4925
    endloop
  endfacet
  facet normal 1 0 0
    outer loop
      vertex 161.39 135.581 58.4701
      vertex 161.39 135.581 51.5299
      vertex 161.39 135.809 51.5075
    endloop
  endfacet
  facet normal 1 -0 0
    outer loop
      vertex 161.39 135.355 58.4327
      vertex 161.39 135.581 51.5299
      vertex 161.39 135.581 58.4701
    endloop
  endfacet
  facet normal 1 0 0
    outer loop
      vertex 161.39 135.355 58.4327
      vertex 161.39 135.355 51.5673
      vertex 161.39 135.581 51.5299
    endloop
  endfacet
  facet normal 1 -0 0
    outer loop
      vertex 161.39 135.132 58.3807
      vertex 161.39 135.355 51.5673
      vertex 161.39 135.355 58.4327
    endloop
  endfacet
  facet normal 1 0 0
    outer loop
      vertex 161.39 135.132 58.3807
      vertex 161.39 135.132 51.6193
      vertex 161.39 135.355 51.5673
    endloop
  endfacet
  facet normal 1 -0 0
    outer loop
      vertex 161.39 134.913 58.3143
      vertex 161.39 135.132 51.6193
      vertex 161.39 135.132 58.3807
    endloop
  endfacet
  facet normal 1 0 0
    outer loop
      vertex 161.39 134.913 58.3143
      vertex 161.39 134.913 51.6857
      vertex 161.39 135.132 51.6193
    endloop
  endfacet
  facet normal 1 -0 0
    outer loop
      vertex 161.39 134.698 58.2336
      vertex 161.39 134.913 51.6857
      vertex 161.39 134.913 58.3143
    endloop
  endfacet
  facet normal 1 0 0
    outer loop
      vertex 161.39 134.698 58.2336
      vertex 161.39 134.698 51.7664
      vertex 161.39 134.913 51.6857
    endloop
  endfacet
  facet normal 1 -0 0
    outer loop
      vertex 161.39 134.49 58.1391
      vertex 161.39 134.698 51.7664
      vertex 161.39 134.698 58.2336
    endloop
  endfacet
  facet normal 1 0 0
    outer loop
      vertex 161.39 134.49 58.1391
      vertex 161.39 134.49 51.8609
      vertex 161.39 134.698 51.7664
    endloop
  endfacet
  facet normal 1 -0 0
    outer loop
      vertex 161.39 134.288 58.0311
      vertex 161.39 134.49 51.8609
      vertex 161.39 134.49 58.1391
    endloop
  endfacet
  facet normal 1 0 0
    outer loop
      vertex 161.39 134.288 58.0311
      vertex 161.39 134.288 51.9689
      vertex 161.39 134.49 51.8609
    endloop
  endfacet
  facet normal 1 -0 0
    outer loop
      vertex 161.39 134.093 57.9101
      vertex 161.39 134.288 51.9689
      vertex 161.39 134.288 58.0311
    endloop
  endfacet
  facet normal 1 0 0
    outer loop
      vertex 161.39 134.093 57.9101
      vertex 161.39 134.093 52.0899
      vertex 161.39 134.288 51.9689
    endloop
  endfacet
  facet normal 1 -0 0
    outer loop
      vertex 161.39 133.907 57.7767
      vertex 161.39 134.093 52.0899
      vertex 161.39 134.093 57.9101
    endloop
  endfacet
  facet normal 1 0 0
    outer loop
      vertex 161.39 133.907 57.7767
      vertex 161.39 133.907 52.2233
      vertex 161.39 134.093 52.0899
    endloop
  endfacet
  facet normal 1 -0 0
    outer loop
      vertex 161.39 133.73 57.6314
      vertex 161.39 133.907 52.2233
      vertex 161.39 133.907 57.7767
    endloop
  endfacet
  facet normal 1 0 0
    outer loop
      vertex 161.39 133.73 57.6314
      vertex 161.39 133.73 52.3686
      vertex 161.39 133.907 52.2233
    endloop
  endfacet
  facet normal 1 -0 0
    outer loop
      vertex 161.39 133.563 57.4749
      vertex 161.39 133.73 52.3686
      vertex 161.39 133.73 57.6314
    endloop
  endfacet
  facet normal 1 0 0
    outer loop
      vertex 161.39 133.563 57.4749
      vertex 161.39 133.563 52.5251
      vertex 161.39 133.73 52.3686
    endloop
  endfacet
  facet normal 1 -0 0
    outer loop
      vertex 161.39 133.406 57.3077
      vertex 161.39 133.563 52.5251
      vertex 161.39 133.563 57.4749
    endloop
  endfacet
  facet normal 1 0 0
    outer loop
      vertex 161.39 133.406 57.3077
      vertex 161.39 133.406 52.6923
      vertex 161.39 133.563 52.5251
    endloop
  endfacet
  facet normal 1 -0 0
    outer loop
      vertex 161.39 133.261 57.1307
      vertex 161.39 133.406 52.6923
      vertex 161.39 133.406 57.3077
    endloop
  endfacet
  facet normal 1 0 0
    outer loop
      vertex 161.39 133.261 57.1307
      vertex 161.39 133.261 52.8693
      vertex 161.39 133.406 52.6923
    endloop
  endfacet
  facet normal 1 -0 0
    outer loop
      vertex 161.39 133.128 56.9445
      vertex 161.39 133.261 52.8693
      vertex 161.39 133.261 57.1307
    endloop
  endfacet
  facet normal 1 0 0
    outer loop
      vertex 161.39 133.128 56.9445
      vertex 161.39 133.128 53.0555
      vertex 161.39 133.261 52.8693
    endloop
  endfacet
  facet normal 1 -0 0
    outer loop
      vertex 161.39 133.007 56.75
      vertex 161.39 133.128 53.0555
      vertex 161.39 133.128 56.9445
    endloop
  endfacet
  facet normal 1 0 0
    outer loop
      vertex 161.39 133.007 56.75
      vertex 161.39 133.007 53.25
      vertex 161.39 133.128 53.0555
    endloop
  endfacet
  facet normal 1 -0 0
    outer loop
      vertex 161.39 132.899 56.548
      vertex 161.39 133.007 53.25
      vertex 161.39 133.007 56.75
    endloop
  endfacet
  facet normal 1 0 0
    outer loop
      vertex 161.39 132.899 56.548
      vertex 161.39 132.899 53.452
      vertex 161.39 133.007 53.25
    endloop
  endfacet
  facet normal 1 -0 0
    outer loop
      vertex 161.39 132.804 56.3394
      vertex 161.39 132.899 53.452
      vertex 161.39 132.899 56.548
    endloop
  endfacet
  facet normal 1 0 0
    outer loop
      vertex 161.39 132.804 56.3394
      vertex 161.39 132.804 53.6606
      vertex 161.39 132.899 53.452
    endloop
  endfacet
  facet normal 1 -0 0
    outer loop
      vertex 161.39 132.723 56.125
      vertex 161.39 132.804 53.6606
      vertex 161.39 132.804 56.3394
    endloop
  endfacet
  facet normal 1 0 0
    outer loop
      vertex 161.39 132.723 56.125
      vertex 161.39 132.723 53.875
      vertex 161.39 132.804 53.6606
    endloop
  endfacet
  facet normal 1 -0 0
    outer loop
      vertex 161.39 132.657 55.9059
      vertex 161.39 132.723 53.875
      vertex 161.39 132.723 56.125
    endloop
  endfacet
  facet normal 1 0 0
    outer loop
      vertex 161.39 132.657 55.9059
      vertex 161.39 132.657 54.0941
      vertex 161.39 132.723 53.875
    endloop
  endfacet
  facet normal 1 -0 0
    outer loop
      vertex 161.39 132.605 55.6828
      vertex 161.39 132.657 54.0941
      vertex 161.39 132.657 55.9059
    endloop
  endfacet
  facet normal 1 0 0
    outer loop
      vertex 161.39 132.605 55.6828
      vertex 161.39 132.605 54.3172
      vertex 161.39 132.657 54.0941
    endloop
  endfacet
  facet normal 1 -0 0
    outer loop
      vertex 161.39 132.568 55.4568
      vertex 161.39 132.605 54.3172
      vertex 161.39 132.605 55.6828
    endloop
  endfacet
  facet normal 1 0 0
    outer loop
      vertex 161.39 132.568 55.4568
      vertex 161.39 132.568 54.5432
      vertex 161.39 132.605 54.3172
    endloop
  endfacet
  facet normal 1 -0 0
    outer loop
      vertex 161.39 132.545 55.2289
      vertex 161.39 132.568 54.5432
      vertex 161.39 132.568 55.4568
    endloop
  endfacet
  facet normal 1 0 0
    outer loop
      vertex 161.39 132.545 55.2289
      vertex 161.39 132.545 54.7711
      vertex 161.39 132.568 54.5432
    endloop
  endfacet
  facet normal 1 0 -0
    outer loop
      vertex 161.39 132.545 54.7711
      vertex 161.39 132.545 55.2289
      vertex 161.39 132.538 55
    endloop
  endfacet
  facet normal 0 -0.994946 0.100411
    outer loop
      vertex 155.4 132.545 55.2289
      vertex 161.39 132.568 55.4568
      vertex 155.4 132.568 55.4568
    endloop
  endfacet
  facet normal 0 -0.994946 0.100411
    outer loop
      vertex 161.39 132.568 55.4568
      vertex 155.4 132.545 55.2289
      vertex 161.39 132.545 55.2289
    endloop
  endfacet
  facet normal 0 -0.227092 0.973873
    outer loop
      vertex 155.4 135.355 58.4327
      vertex 161.39 135.132 58.3807
      vertex 161.39 135.355 58.4327
    endloop
  endfacet
  facet normal 0 -0.227092 0.973873
    outer loop
      vertex 161.39 135.132 58.3807
      vertex 155.4 135.355 58.4327
      vertex 155.4 135.132 58.3807
    endloop
  endfacet
  facet normal -0 0.529212 0.848489
    outer loop
      vertex 155.4 137.982 57.9101
      vertex 161.39 137.788 58.0311
      vertex 161.39 137.982 57.9101
    endloop
  endfacet
  facet normal 0 0.529212 0.848489
    outer loop
      vertex 161.39 137.788 58.0311
      vertex 155.4 137.982 57.9101
      vertex 155.4 137.788 58.0311
    endloop
  endfacet
  facet normal 0 -0.881869 -0.471494
    outer loop
      vertex 155.4 133.007 53.25
      vertex 161.39 132.899 53.452
      vertex 155.4 132.899 53.452
    endloop
  endfacet
  facet normal 0 -0.881869 -0.471494
    outer loop
      vertex 161.39 132.899 53.452
      vertex 155.4 133.007 53.25
      vertex 161.39 133.007 53.25
    endloop
  endfacet
  facet normal 0 0.911709 -0.410837
    outer loop
      vertex 161.39 139.177 53.452
      vertex 155.4 139.271 53.6606
      vertex 161.39 139.271 53.6606
    endloop
  endfacet
  facet normal 0 0.911709 -0.410837
    outer loop
      vertex 155.4 139.271 53.6606
      vertex 161.39 139.177 53.452
      vertex 155.4 139.177 53.452
    endloop
  endfacet
  facet normal 0 -0.8491 -0.528232
    outer loop
      vertex 155.4 133.128 53.0555
      vertex 161.39 133.007 53.25
      vertex 155.4 133.007 53.25
    endloop
  endfacet
  facet normal 0 -0.8491 -0.528232
    outer loop
      vertex 161.39 133.007 53.25
      vertex 155.4 133.128 53.0555
      vertex 161.39 133.128 53.0555
    endloop
  endfacet
  facet normal 0 0.986157 0.165814
    outer loop
      vertex 161.39 139.508 55.4568
      vertex 155.4 139.47 55.6828
      vertex 161.39 139.47 55.6828
    endloop
  endfacet
  facet normal 0 0.986157 0.165814
    outer loop
      vertex 155.4 139.47 55.6828
      vertex 161.39 139.508 55.4568
      vertex 155.4 139.508 55.4568
    endloop
  endfacet
  facet normal 0 0.352848 -0.935681
    outer loop
      vertex 155.4 137.163 51.6857
      vertex 161.39 137.377 51.7664
      vertex 161.39 137.163 51.6857
    endloop
  endfacet
  facet normal 0 0.352848 -0.935681
    outer loop
      vertex 161.39 137.377 51.7664
      vertex 155.4 137.163 51.6857
      vertex 155.4 137.377 51.7664
    endloop
  endfacet
  facet normal 0 0.163972 -0.986465
    outer loop
      vertex 155.4 136.495 51.5299
      vertex 161.39 136.72 51.5673
      vertex 161.39 136.495 51.5299
    endloop
  endfacet
  facet normal 0 0.163972 -0.986465
    outer loop
      vertex 161.39 136.72 51.5673
      vertex 155.4 136.495 51.5299
      vertex 155.4 136.72 51.5673
    endloop
  endfacet
  facet normal 0 -0.35141 0.936222
    outer loop
      vertex 155.4 134.913 58.3143
      vertex 161.39 134.698 58.2336
      vertex 161.39 134.913 58.3143
    endloop
  endfacet
  facet normal 0 -0.35141 0.936222
    outer loop
      vertex 161.39 134.698 58.2336
      vertex 155.4 134.913 58.3143
      vertex 155.4 134.698 58.2336
    endloop
  endfacet
  facet normal 0 0.773568 0.633714
    outer loop
      vertex 161.39 138.814 57.1307
      vertex 155.4 138.669 57.3077
      vertex 161.39 138.669 57.3077
    endloop
  endfacet
  facet normal 0 0.773568 0.633714
    outer loop
      vertex 155.4 138.669 57.3077
      vertex 161.39 138.814 57.1307
      vertex 155.4 138.814 57.1307
    endloop
  endfacet
  facet normal 0 -0.986862 -0.161566
    outer loop
      vertex 155.4 132.605 54.3172
      vertex 161.39 132.568 54.5432
      vertex 155.4 132.568 54.5432
    endloop
  endfacet
  facet normal 0 -0.986862 -0.161566
    outer loop
      vertex 161.39 132.568 54.5432
      vertex 155.4 132.605 54.3172
      vertex 161.39 132.605 54.3172
    endloop
  endfacet
  facet normal 0 0.911709 0.410837
    outer loop
      vertex 161.39 139.271 56.3394
      vertex 155.4 139.177 56.548
      vertex 161.39 139.177 56.548
    endloop
  endfacet
  facet normal 0 0.911709 0.410837
    outer loop
      vertex 155.4 139.177 56.548
      vertex 161.39 139.271 56.3394
      vertex 155.4 139.271 56.3394
    endloop
  endfacet
  facet normal 0 -0.683796 -0.729673
    outer loop
      vertex 155.4 133.563 52.5251
      vertex 161.39 133.73 52.3686
      vertex 161.39 133.563 52.5251
    endloop
  endfacet
  facet normal -0 -0.683796 -0.729673
    outer loop
      vertex 161.39 133.73 52.3686
      vertex 155.4 133.563 52.5251
      vertex 155.4 133.73 52.3686
    endloop
  endfacet
  facet normal -0 0.22613 0.974097
    outer loop
      vertex 155.4 136.944 58.3807
      vertex 161.39 136.72 58.4327
      vertex 161.39 136.944 58.3807
    endloop
  endfacet
  facet normal 0 0.22613 0.974097
    outer loop
      vertex 161.39 136.72 58.4327
      vertex 155.4 136.944 58.3807
      vertex 155.4 136.72 58.4327
    endloop
  endfacet
  facet normal 0 -0.413638 0.910441
    outer loop
      vertex 155.4 134.698 58.2336
      vertex 161.39 134.49 58.1391
      vertex 161.39 134.698 58.2336
    endloop
  endfacet
  facet normal 0 -0.413638 0.910441
    outer loop
      vertex 161.39 134.49 58.1391
      vertex 155.4 134.698 58.2336
      vertex 155.4 134.49 58.1391
    endloop
  endfacet
  facet normal 0 0.935466 0.353418
    outer loop
      vertex 161.39 139.352 56.125
      vertex 155.4 139.271 56.3394
      vertex 161.39 139.271 56.3394
    endloop
  endfacet
  facet normal 0 0.935466 0.353418
    outer loop
      vertex 155.4 139.271 56.3394
      vertex 161.39 139.352 56.125
      vertex 155.4 139.352 56.125
    endloop
  endfacet
  facet normal 0 0.986157 -0.165814
    outer loop
      vertex 161.39 139.47 54.3172
      vertex 155.4 139.508 54.5432
      vertex 161.39 139.508 54.5432
    endloop
  endfacet
  facet normal 0 0.986157 -0.165814
    outer loop
      vertex 155.4 139.508 54.5432
      vertex 161.39 139.47 54.3172
      vertex 155.4 139.47 54.3172
    endloop
  endfacet
  facet normal 0 0.731172 0.682194
    outer loop
      vertex 161.39 138.669 57.3077
      vertex 155.4 138.513 57.4749
      vertex 161.39 138.513 57.4749
    endloop
  endfacet
  facet normal 0 0.731172 0.682194
    outer loop
      vertex 155.4 138.513 57.4749
      vertex 161.39 138.669 57.3077
      vertex 155.4 138.669 57.3077
    endloop
  endfacet
  facet normal 0 -0.910067 0.41446
    outer loop
      vertex 155.4 132.804 56.3394
      vertex 161.39 132.899 56.548
      vertex 155.4 132.899 56.548
    endloop
  endfacet
  facet normal 0 -0.910067 0.41446
    outer loop
      vertex 161.39 132.899 56.548
      vertex 155.4 132.804 56.3394
      vertex 161.39 132.804 56.3394
    endloop
  endfacet
  facet normal -0 0.411996 0.911186
    outer loop
      vertex 155.4 137.586 58.1391
      vertex 161.39 137.377 58.2336
      vertex 161.39 137.586 58.1391
    endloop
  endfacet
  facet normal 0 0.411996 0.911186
    outer loop
      vertex 161.39 137.377 58.2336
      vertex 155.4 137.586 58.1391
      vertex 155.4 137.377 58.2336
    endloop
  endfacet
  facet normal 0 -0.227092 -0.973873
    outer loop
      vertex 155.4 135.132 51.6193
      vertex 161.39 135.355 51.5673
      vertex 161.39 135.132 51.6193
    endloop
  endfacet
  facet normal -0 -0.227092 -0.973873
    outer loop
      vertex 161.39 135.355 51.5673
      vertex 155.4 135.132 51.6193
      vertex 155.4 135.355 51.5673
    endloop
  endfacet
  facet normal 0 -0.8491 0.528232
    outer loop
      vertex 155.4 133.007 56.75
      vertex 161.39 133.128 56.9445
      vertex 155.4 133.128 56.9445
    endloop
  endfacet
  facet normal 0 -0.8491 0.528232
    outer loop
      vertex 161.39 133.128 56.9445
      vertex 155.4 133.007 56.75
      vertex 161.39 133.007 56.75
    endloop
  endfacet
  facet normal 0 -0.957501 0.28843
    outer loop
      vertex 155.4 132.657 55.9059
      vertex 161.39 132.723 56.125
      vertex 155.4 132.723 56.125
    endloop
  endfacet
  facet normal 0 -0.957501 0.28843
    outer loop
      vertex 161.39 132.723 56.125
      vertex 155.4 132.657 55.9059
      vertex 161.39 132.657 55.9059
    endloop
  endfacet
  facet normal 0 -0.813733 -0.581238
    outer loop
      vertex 155.4 133.261 52.8693
      vertex 161.39 133.128 53.0555
      vertex 155.4 133.128 53.0555
    endloop
  endfacet
  facet normal 0 -0.813733 -0.581238
    outer loop
      vertex 161.39 133.128 53.0555
      vertex 155.4 133.261 52.8693
      vertex 161.39 133.261 52.8693
    endloop
  endfacet
  facet normal 0 -0.163266 -0.986582
    outer loop
      vertex 155.4 135.355 51.5673
      vertex 161.39 135.581 51.5299
      vertex 161.39 135.355 51.5673
    endloop
  endfacet
  facet normal -0 -0.163266 -0.986582
    outer loop
      vertex 161.39 135.581 51.5299
      vertex 155.4 135.355 51.5673
      vertex 155.4 135.581 51.5299
    endloop
  endfacet
  facet normal 0 -0.986862 0.161566
    outer loop
      vertex 155.4 132.568 55.4568
      vertex 161.39 132.605 55.6828
      vertex 155.4 132.605 55.6828
    endloop
  endfacet
  facet normal 0 -0.986862 0.161566
    outer loop
      vertex 161.39 132.605 55.6828
      vertex 155.4 132.568 55.4568
      vertex 161.39 132.568 55.4568
    endloop
  endfacet
  facet normal 0 -0.973896 -0.226995
    outer loop
      vertex 155.4 132.657 54.0941
      vertex 161.39 132.605 54.3172
      vertex 155.4 132.605 54.3172
    endloop
  endfacet
  facet normal 0 -0.973896 -0.226995
    outer loop
      vertex 161.39 132.605 54.3172
      vertex 155.4 132.657 54.0941
      vertex 161.39 132.657 54.0941
    endloop
  endfacet
  facet normal 0 -0.35141 -0.936222
    outer loop
      vertex 155.4 134.698 51.7664
      vertex 161.39 134.913 51.6857
      vertex 161.39 134.698 51.7664
    endloop
  endfacet
  facet normal -0 -0.35141 -0.936222
    outer loop
      vertex 161.39 134.913 51.6857
      vertex 155.4 134.698 51.7664
      vertex 155.4 134.913 51.6857
    endloop
  endfacet
  facet normal 0 -0.813733 0.581238
    outer loop
      vertex 155.4 133.128 56.9445
      vertex 161.39 133.261 57.1307
      vertex 155.4 133.261 57.1307
    endloop
  endfacet
  facet normal 0 -0.813733 0.581238
    outer loop
      vertex 161.39 133.261 57.1307
      vertex 155.4 133.128 56.9445
      vertex 161.39 133.128 56.9445
    endloop
  endfacet
  facet normal -0 0.68162 0.731707
    outer loop
      vertex 155.4 138.513 57.4749
      vertex 161.39 138.345 57.6314
      vertex 161.39 138.513 57.4749
    endloop
  endfacet
  facet normal 0 0.68162 0.731707
    outer loop
      vertex 161.39 138.345 57.6314
      vertex 155.4 138.513 57.4749
      vertex 155.4 138.345 57.6314
    endloop
  endfacet
  facet normal 0 0.935466 -0.353418
    outer loop
      vertex 161.39 139.271 53.6606
      vertex 155.4 139.352 53.875
      vertex 161.39 139.352 53.875
    endloop
  endfacet
  facet normal 0 0.935466 -0.353418
    outer loop
      vertex 155.4 139.352 53.875
      vertex 161.39 139.271 53.6606
      vertex 155.4 139.271 53.6606
    endloop
  endfacet
  facet normal 0 -0.582808 -0.81261
    outer loop
      vertex 155.4 133.907 52.2233
      vertex 161.39 134.093 52.0899
      vertex 161.39 133.907 52.2233
    endloop
  endfacet
  facet normal -0 -0.582808 -0.81261
    outer loop
      vertex 161.39 134.093 52.0899
      vertex 155.4 133.907 52.2233
      vertex 155.4 134.093 52.0899
    endloop
  endfacet
  facet normal 0 -0.413638 -0.910441
    outer loop
      vertex 155.4 134.49 51.8609
      vertex 161.39 134.698 51.7664
      vertex 161.39 134.49 51.8609
    endloop
  endfacet
  facet normal -0 -0.413638 -0.910441
    outer loop
      vertex 161.39 134.698 51.7664
      vertex 155.4 134.49 51.8609
      vertex 155.4 134.698 51.7664
    endloop
  endfacet
  facet normal -0 0.163972 0.986465
    outer loop
      vertex 155.4 136.72 58.4327
      vertex 161.39 136.495 58.4701
      vertex 161.39 136.72 58.4327
    endloop
  endfacet
  facet normal 0 0.163972 0.986465
    outer loop
      vertex 161.39 136.495 58.4701
      vertex 155.4 136.72 58.4327
      vertex 155.4 136.495 58.4701
    endloop
  endfacet
  facet normal 0 -0.773568 -0.633714
    outer loop
      vertex 155.4 133.406 52.6923
      vertex 161.39 133.261 52.8693
      vertex 155.4 133.261 52.8693
    endloop
  endfacet
  facet normal 0 -0.773568 -0.633714
    outer loop
      vertex 161.39 133.261 52.8693
      vertex 155.4 133.406 52.6923
      vertex 161.39 133.406 52.6923
    endloop
  endfacet
  facet normal 0 -0.728993 -0.684521
    outer loop
      vertex 155.4 133.563 52.5251
      vertex 161.39 133.406 52.6923
      vertex 155.4 133.406 52.6923
    endloop
  endfacet
  facet normal 0 -0.728993 -0.684521
    outer loop
      vertex 161.39 133.406 52.6923
      vertex 155.4 133.563 52.5251
      vertex 161.39 133.563 52.5251
    endloop
  endfacet
  facet normal 0 -0.773568 0.633714
    outer loop
      vertex 155.4 133.261 57.1307
      vertex 161.39 133.406 57.3077
      vertex 155.4 133.406 57.3077
    endloop
  endfacet
  facet normal 0 -0.773568 0.633714
    outer loop
      vertex 161.39 133.406 57.3077
      vertex 155.4 133.261 57.1307
      vertex 161.39 133.261 57.1307
    endloop
  endfacet
  facet normal 0 -0.636318 0.771427
    outer loop
      vertex 155.4 133.907 112.777
      vertex 161.39 133.73 112.631
      vertex 161.39 133.907 112.777
    endloop
  endfacet
  facet normal 0 -0.636318 0.771427
    outer loop
      vertex 161.39 133.73 112.631
      vertex 155.4 133.907 112.777
      vertex 155.4 133.73 112.631
    endloop
  endfacet
  facet normal 0 0.350164 -0.936688
    outer loop
      vertex 155.4 137.163 106.686
      vertex 161.39 137.377 106.766
      vertex 161.39 137.163 106.686
    endloop
  endfacet
  facet normal 0 0.350164 -0.936688
    outer loop
      vertex 161.39 137.377 106.766
      vertex 155.4 137.163 106.686
      vertex 155.4 137.377 106.766
    endloop
  endfacet
  facet normal 0 -0.99495 -0.100368
    outer loop
      vertex 155.4 132.568 109.543
      vertex 161.39 132.545 109.771
      vertex 155.4 132.545 109.771
    endloop
  endfacet
  facet normal 0 -0.99495 -0.100368
    outer loop
      vertex 161.39 132.545 109.771
      vertex 155.4 132.568 109.543
      vertex 161.39 132.568 109.543
    endloop
  endfacet
  facet normal 0 0.848489 -0.529212
    outer loop
      vertex 161.39 138.948 108.056
      vertex 155.4 139.069 108.25
      vertex 161.39 139.069 108.25
    endloop
  endfacet
  facet normal 0 0.848489 -0.529212
    outer loop
      vertex 155.4 139.069 108.25
      vertex 161.39 138.948 108.056
      vertex 155.4 138.948 108.056
    endloop
  endfacet
  facet normal 0 0.812851 0.582471
    outer loop
      vertex 161.39 138.948 111.944
      vertex 155.4 138.814 112.131
      vertex 161.39 138.814 112.131
    endloop
  endfacet
  facet normal 0 0.812851 0.582471
    outer loop
      vertex 155.4 138.814 112.131
      vertex 161.39 138.948 111.944
      vertex 155.4 138.948 111.944
    endloop
  endfacet
  facet normal 0 0.730764 -0.68263
    outer loop
      vertex 161.39 138.513 107.525
      vertex 155.4 138.669 107.692
      vertex 161.39 138.669 107.692
    endloop
  endfacet
  facet normal 0 0.730764 -0.68263
    outer loop
      vertex 155.4 138.669 107.692
      vertex 161.39 138.513 107.525
      vertex 155.4 138.513 107.525
    endloop
  endfacet
  facet normal 0 0.0305534 -0.999533
    outer loop
      vertex 155.4 136.038 106.5
      vertex 161.39 136.267 106.507
      vertex 161.39 136.038 106.5
    endloop
  endfacet
  facet normal 0 0.0305534 -0.999533
    outer loop
      vertex 161.39 136.267 106.507
      vertex 155.4 136.038 106.5
      vertex 155.4 136.267 106.507
    endloop
  endfacet
  facet normal 0 -0.636318 -0.771427
    outer loop
      vertex 155.4 133.73 107.369
      vertex 161.39 133.907 107.223
      vertex 161.39 133.73 107.369
    endloop
  endfacet
  facet normal -0 -0.636318 -0.771427
    outer loop
      vertex 161.39 133.907 107.223
      vertex 155.4 133.73 107.369
      vertex 155.4 133.907 107.223
    endloop
  endfacet
  facet normal 0 -0.728584 0.684956
    outer loop
      vertex 155.4 133.406 112.308
      vertex 161.39 133.563 112.475
      vertex 155.4 133.563 112.475
    endloop
  endfacet
  facet normal 0 -0.728584 0.684956
    outer loop
      vertex 161.39 133.563 112.475
      vertex 155.4 133.406 112.308
      vertex 161.39 133.406 112.308
    endloop
  endfacet
  facet normal 0 0.22613 -0.974097
    outer loop
      vertex 155.4 136.72 106.567
      vertex 161.39 136.944 106.619
      vertex 161.39 136.72 106.567
    endloop
  endfacet
  facet normal 0 0.22613 -0.974097
    outer loop
      vertex 161.39 136.944 106.619
      vertex 155.4 136.72 106.567
      vertex 155.4 136.944 106.619
    endloop
  endfacet
  facet normal 0 -0.527254 0.849707
    outer loop
      vertex 155.4 134.288 113.031
      vertex 161.39 134.093 112.91
      vertex 161.39 134.288 113.031
    endloop
  endfacet
  facet normal 0 -0.527254 0.849707
    outer loop
      vertex 161.39 134.093 112.91
      vertex 155.4 134.288 113.031
      vertex 155.4 134.093 112.91
    endloop
  endfacet
  facet normal 0 0.881869 -0.471494
    outer loop
      vertex 161.39 139.069 108.25
      vertex 155.4 139.177 108.452
      vertex 161.39 139.177 108.452
    endloop
  endfacet
  facet normal 0 0.881869 -0.471494
    outer loop
      vertex 155.4 139.177 108.452
      vertex 161.39 139.069 108.25
      vertex 155.4 139.069 108.25
    endloop
  endfacet
  facet normal 0 0.529212 -0.848489
    outer loop
      vertex 155.4 137.788 106.969
      vertex 161.39 137.982 107.09
      vertex 161.39 137.788 106.969
    endloop
  endfacet
  facet normal 0 0.529212 -0.848489
    outer loop
      vertex 161.39 137.982 107.09
      vertex 155.4 137.788 106.969
      vertex 155.4 137.982 107.09
    endloop
  endfacet
  facet normal 0 -0.999533 0.0305534
    outer loop
      vertex 155.4 132.538 110
      vertex 161.39 132.545 110.229
      vertex 155.4 132.545 110.229
    endloop
  endfacet
  facet normal 0 -0.999533 0.0305534
    outer loop
      vertex 161.39 132.545 110.229
      vertex 155.4 132.538 110
      vertex 161.39 132.538 110
    endloop
  endfacet
  facet normal -0 0.636318 0.771427
    outer loop
      vertex 155.4 138.345 112.631
      vertex 161.39 138.168 112.777
      vertex 161.39 138.345 112.631
    endloop
  endfacet
  facet normal 0 0.636318 0.771427
    outer loop
      vertex 161.39 138.168 112.777
      vertex 155.4 138.345 112.631
      vertex 155.4 138.168 112.777
    endloop
  endfacet
  facet normal -0 0.350164 0.936688
    outer loop
      vertex 155.4 137.377 113.234
      vertex 161.39 137.163 113.314
      vertex 161.39 137.377 113.234
    endloop
  endfacet
  facet normal 0 0.350164 0.936688
    outer loop
      vertex 161.39 137.163 113.314
      vertex 155.4 137.377 113.234
      vertex 155.4 137.163 113.314
    endloop
  endfacet
  facet normal 0 0.995377 0.0960451
    outer loop
      vertex 161.39 139.53 110.229
      vertex 155.4 139.508 110.457
      vertex 161.39 139.508 110.457
    endloop
  endfacet
  facet normal 0 0.995377 0.0960451
    outer loop
      vertex 155.4 139.508 110.457
      vertex 161.39 139.53 110.229
      vertex 155.4 139.53 110.229
    endloop
  endfacet
  facet normal 0 0.773568 -0.633714
    outer loop
      vertex 161.39 138.669 107.692
      vertex 155.4 138.814 107.869
      vertex 161.39 138.814 107.869
    endloop
  endfacet
  facet normal 0 0.773568 -0.633714
    outer loop
      vertex 155.4 138.814 107.869
      vertex 161.39 138.669 107.692
      vertex 155.4 138.669 107.692
    endloop
  endfacet
  facet normal 0 -0.0305534 -0.999533
    outer loop
      vertex 155.4 135.809 106.507
      vertex 161.39 136.038 106.5
      vertex 161.39 135.809 106.507
    endloop
  endfacet
  facet normal -0 -0.0305534 -0.999533
    outer loop
      vertex 161.39 136.038 106.5
      vertex 155.4 135.809 106.507
      vertex 155.4 136.038 106.5
    endloop
  endfacet
  facet normal 0 0.292551 -0.95625
    outer loop
      vertex 155.4 136.944 106.619
      vertex 161.39 137.163 106.686
      vertex 161.39 136.944 106.619
    endloop
  endfacet
  facet normal 0 0.292551 -0.95625
    outer loop
      vertex 161.39 137.163 106.686
      vertex 155.4 136.944 106.619
      vertex 155.4 137.163 106.686
    endloop
  endfacet
  facet normal 0 -0.881869 0.471494
    outer loop
      vertex 155.4 132.899 111.548
      vertex 161.39 133.007 111.75
      vertex 155.4 133.007 111.75
    endloop
  endfacet
  facet normal 0 -0.881869 0.471494
    outer loop
      vertex 161.39 133.007 111.75
      vertex 155.4 132.899 111.548
      vertex 161.39 132.899 111.548
    endloop
  endfacet
  facet normal 0 -0.0305534 0.999533
    outer loop
      vertex 155.4 136.038 113.5
      vertex 161.39 135.809 113.493
      vertex 161.39 136.038 113.5
    endloop
  endfacet
  facet normal 0 -0.0305534 0.999533
    outer loop
      vertex 161.39 135.809 113.493
      vertex 155.4 136.038 113.5
      vertex 155.4 135.809 113.493
    endloop
  endfacet
  facet normal 0 -0.999533 -0.0305534
    outer loop
      vertex 155.4 132.545 109.771
      vertex 161.39 132.538 110
      vertex 155.4 132.538 110
    endloop
  endfacet
  facet normal 0 -0.999533 -0.0305534
    outer loop
      vertex 161.39 132.538 110
      vertex 155.4 132.545 109.771
      vertex 161.39 132.545 109.771
    endloop
  endfacet
  facet normal 0 -0.957465 0.288551
    outer loop
      vertex 155.4 132.657 110.906
      vertex 161.39 132.723 111.125
      vertex 155.4 132.723 111.125
    endloop
  endfacet
  facet normal 0 -0.957465 0.288551
    outer loop
      vertex 161.39 132.723 111.125
      vertex 155.4 132.657 110.906
      vertex 161.39 132.657 110.906
    endloop
  endfacet
  facet normal 0 -0.471494 -0.881869
    outer loop
      vertex 155.4 134.288 106.969
      vertex 161.39 134.49 106.861
      vertex 161.39 134.288 106.969
    endloop
  endfacet
  facet normal -0 -0.471494 -0.881869
    outer loop
      vertex 161.39 134.49 106.861
      vertex 155.4 134.288 106.969
      vertex 155.4 134.49 106.861
    endloop
  endfacet
  facet normal 0 -0.41545 0.909616
    outer loop
      vertex 155.4 134.698 113.234
      vertex 161.39 134.49 113.139
      vertex 161.39 134.698 113.234
    endloop
  endfacet
  facet normal 0 -0.41545 0.909616
    outer loop
      vertex 161.39 134.49 113.139
      vertex 155.4 134.698 113.234
      vertex 155.4 134.49 113.139
    endloop
  endfacet
  facet normal 0 0.848489 0.529212
    outer loop
      vertex 161.39 139.069 111.75
      vertex 155.4 138.948 111.944
      vertex 161.39 138.948 111.944
    endloop
  endfacet
  facet normal 0 0.848489 0.529212
    outer loop
      vertex 155.4 138.948 111.944
      vertex 161.39 139.069 111.75
      vertex 155.4 139.069 111.75
    endloop
  endfacet
  facet normal 0 0.100368 -0.99495
    outer loop
      vertex 155.4 136.267 106.507
      vertex 161.39 136.495 106.53
      vertex 161.39 136.267 106.507
    endloop
  endfacet
  facet normal 0 0.100368 -0.99495
    outer loop
      vertex 161.39 136.495 106.53
      vertex 155.4 136.267 106.507
      vertex 155.4 136.495 106.53
    endloop
  endfacet
  facet normal 0 0.812851 -0.582471
    outer loop
      vertex 161.39 138.814 107.869
      vertex 155.4 138.948 108.056
      vertex 161.39 138.948 108.056
    endloop
  endfacet
  facet normal 0 0.812851 -0.582471
    outer loop
      vertex 155.4 138.948 108.056
      vertex 161.39 138.814 107.869
      vertex 155.4 138.814 107.869
    endloop
  endfacet
  facet normal 0 0.413803 -0.910366
    outer loop
      vertex 155.4 137.377 106.766
      vertex 161.39 137.586 106.861
      vertex 161.39 137.377 106.766
    endloop
  endfacet
  facet normal 0 0.413803 -0.910366
    outer loop
      vertex 161.39 137.586 106.861
      vertex 155.4 137.377 106.766
      vertex 155.4 137.586 106.861
    endloop
  endfacet
  facet normal -0 0.0305534 0.999533
    outer loop
      vertex 155.4 136.267 113.493
      vertex 161.39 136.038 113.5
      vertex 161.39 136.267 113.493
    endloop
  endfacet
  facet normal 0 0.0305534 0.999533
    outer loop
      vertex 161.39 136.038 113.5
      vertex 155.4 136.267 113.493
      vertex 155.4 136.038 113.5
    endloop
  endfacet
  facet normal 0 -0.935247 -0.353995
    outer loop
      vertex 155.4 132.804 108.661
      vertex 161.39 132.723 108.875
      vertex 155.4 132.723 108.875
    endloop
  endfacet
  facet normal 0 -0.935247 -0.353995
    outer loop
      vertex 161.39 132.723 108.875
      vertex 155.4 132.804 108.661
      vertex 161.39 132.804 108.661
    endloop
  endfacet
  facet normal 0 0.581652 -0.813438
    outer loop
      vertex 155.4 137.982 107.09
      vertex 161.39 138.168 107.223
      vertex 161.39 137.982 107.09
    endloop
  endfacet
  facet normal 0 0.581652 -0.813438
    outer loop
      vertex 161.39 138.168 107.223
      vertex 155.4 137.982 107.09
      vertex 155.4 138.168 107.223
    endloop
  endfacet
  facet normal 0 -0.292551 0.95625
    outer loop
      vertex 155.4 135.132 113.381
      vertex 161.39 134.913 113.314
      vertex 161.39 135.132 113.381
    endloop
  endfacet
  facet normal 0 -0.292551 0.95625
    outer loop
      vertex 161.39 134.913 113.314
      vertex 155.4 135.132 113.381
      vertex 155.4 134.913 113.314
    endloop
  endfacet
  facet normal 0 -0.973873 0.227092
    outer loop
      vertex 155.4 132.605 110.683
      vertex 161.39 132.657 110.906
      vertex 155.4 132.657 110.906
    endloop
  endfacet
  facet normal 0 -0.973873 0.227092
    outer loop
      vertex 161.39 132.657 110.906
      vertex 155.4 132.605 110.683
      vertex 161.39 132.605 110.683
    endloop
  endfacet
  facet normal 0 -0.910366 -0.413803
    outer loop
      vertex 155.4 132.899 108.452
      vertex 161.39 132.804 108.661
      vertex 155.4 132.804 108.661
    endloop
  endfacet
  facet normal 0 -0.910366 -0.413803
    outer loop
      vertex 161.39 132.804 108.661
      vertex 155.4 132.899 108.452
      vertex 161.39 132.899 108.452
    endloop
  endfacet
  facet normal 0 0.957465 0.288551
    outer loop
      vertex 161.39 139.418 110.906
      vertex 155.4 139.352 111.125
      vertex 161.39 139.352 111.125
    endloop
  endfacet
  facet normal 0 0.957465 0.288551
    outer loop
      vertex 155.4 139.352 111.125
      vertex 161.39 139.418 110.906
      vertex 155.4 139.418 110.906
    endloop
  endfacet
  facet normal 0 -0.68263 0.730764
    outer loop
      vertex 155.4 133.73 112.631
      vertex 161.39 133.563 112.475
      vertex 161.39 133.73 112.631
    endloop
  endfacet
  facet normal 0 -0.68263 0.730764
    outer loop
      vertex 161.39 133.563 112.475
      vertex 155.4 133.73 112.631
      vertex 155.4 133.563 112.475
    endloop
  endfacet
  facet normal -0 0.292551 0.95625
    outer loop
      vertex 155.4 137.163 113.314
      vertex 161.39 136.944 113.381
      vertex 161.39 137.163 113.314
    endloop
  endfacet
  facet normal 0 0.292551 0.95625
    outer loop
      vertex 161.39 136.944 113.381
      vertex 155.4 137.163 113.314
      vertex 155.4 136.944 113.381
    endloop
  endfacet
  facet normal 0 -0.100368 0.99495
    outer loop
      vertex 155.4 135.809 113.493
      vertex 161.39 135.581 113.47
      vertex 161.39 135.809 113.493
    endloop
  endfacet
  facet normal 0 -0.100368 0.99495
    outer loop
      vertex 161.39 135.581 113.47
      vertex 155.4 135.809 113.493
      vertex 155.4 135.581 113.47
    endloop
  endfacet
  facet normal -0 0.471494 0.881869
    outer loop
      vertex 155.4 137.788 113.031
      vertex 161.39 137.586 113.139
      vertex 161.39 137.788 113.031
    endloop
  endfacet
  facet normal 0 0.471494 0.881869
    outer loop
      vertex 161.39 137.586 113.139
      vertex 155.4 137.788 113.031
      vertex 155.4 137.586 113.139
    endloop
  endfacet
  facet normal 0 0.636318 -0.771427
    outer loop
      vertex 155.4 138.168 107.223
      vertex 161.39 138.345 107.369
      vertex 161.39 138.168 107.223
    endloop
  endfacet
  facet normal 0 0.636318 -0.771427
    outer loop
      vertex 161.39 138.345 107.369
      vertex 155.4 138.168 107.223
      vertex 155.4 138.345 107.369
    endloop
  endfacet
  facet normal 0 -0.527254 -0.849707
    outer loop
      vertex 155.4 134.093 107.09
      vertex 161.39 134.288 106.969
      vertex 161.39 134.093 107.09
    endloop
  endfacet
  facet normal -0 -0.527254 -0.849707
    outer loop
      vertex 161.39 134.288 106.969
      vertex 155.4 134.093 107.09
      vertex 155.4 134.288 106.969
    endloop
  endfacet
  facet normal 0 0.995377 -0.0960451
    outer loop
      vertex 161.39 139.508 109.543
      vertex 155.4 139.53 109.771
      vertex 161.39 139.53 109.771
    endloop
  endfacet
  facet normal 0 0.995377 -0.0960451
    outer loop
      vertex 155.4 139.53 109.771
      vertex 161.39 139.508 109.543
      vertex 155.4 139.508 109.543
    endloop
  endfacet
  facet normal 0 0.471494 -0.881869
    outer loop
      vertex 155.4 137.586 106.861
      vertex 161.39 137.788 106.969
      vertex 161.39 137.586 106.861
    endloop
  endfacet
  facet normal 0 0.471494 -0.881869
    outer loop
      vertex 161.39 137.788 106.969
      vertex 155.4 137.586 106.861
      vertex 155.4 137.788 106.969
    endloop
  endfacet
  facet normal 0 0.973873 -0.227092
    outer loop
      vertex 161.39 139.418 109.094
      vertex 155.4 139.47 109.317
      vertex 161.39 139.47 109.317
    endloop
  endfacet
  facet normal 0 0.973873 -0.227092
    outer loop
      vertex 155.4 139.47 109.317
      vertex 161.39 139.418 109.094
      vertex 155.4 139.418 109.094
    endloop
  endfacet
  facet normal 0 -0.957465 -0.288551
    outer loop
      vertex 155.4 132.723 108.875
      vertex 161.39 132.657 109.094
      vertex 155.4 132.657 109.094
    endloop
  endfacet
  facet normal 0 -0.957465 -0.288551
    outer loop
      vertex 161.39 132.657 109.094
      vertex 155.4 132.723 108.875
      vertex 161.39 132.723 108.875
    endloop
  endfacet
  facet normal 0 0.957465 -0.288551
    outer loop
      vertex 161.39 139.352 108.875
      vertex 155.4 139.418 109.094
      vertex 161.39 139.418 109.094
    endloop
  endfacet
  facet normal 0 0.957465 -0.288551
    outer loop
      vertex 155.4 139.418 109.094
      vertex 161.39 139.352 108.875
      vertex 155.4 139.352 108.875
    endloop
  endfacet
  facet normal 0 -0.935247 0.353995
    outer loop
      vertex 155.4 132.723 111.125
      vertex 161.39 132.804 111.339
      vertex 155.4 132.804 111.339
    endloop
  endfacet
  facet normal 0 -0.935247 0.353995
    outer loop
      vertex 161.39 132.804 111.339
      vertex 155.4 132.723 111.125
      vertex 161.39 132.723 111.125
    endloop
  endfacet
  facet normal 0 0.680451 -0.732793
    outer loop
      vertex 155.4 138.345 107.369
      vertex 161.39 138.513 107.525
      vertex 161.39 138.345 107.369
    endloop
  endfacet
  facet normal 0 0.680451 -0.732793
    outer loop
      vertex 161.39 138.513 107.525
      vertex 155.4 138.345 107.369
      vertex 155.4 138.513 107.525
    endloop
  endfacet
  facet normal 0 -0.161566 0.986862
    outer loop
      vertex 155.4 135.581 113.47
      vertex 161.39 135.355 113.433
      vertex 161.39 135.581 113.47
    endloop
  endfacet
  facet normal 0 -0.161566 0.986862
    outer loop
      vertex 161.39 135.355 113.433
      vertex 155.4 135.581 113.47
      vertex 155.4 135.355 113.433
    endloop
  endfacet
  facet normal 0 0.881869 0.471494
    outer loop
      vertex 161.39 139.177 111.548
      vertex 155.4 139.069 111.75
      vertex 161.39 139.069 111.75
    endloop
  endfacet
  facet normal 0 0.881869 0.471494
    outer loop
      vertex 155.4 139.069 111.75
      vertex 161.39 139.177 111.548
      vertex 155.4 139.177 111.548
    endloop
  endfacet
  facet normal 0 0.99939 0.0349132
    outer loop
      vertex 161.39 139.538 110
      vertex 155.4 139.53 110.229
      vertex 161.39 139.53 110.229
    endloop
  endfacet
  facet normal 0 0.99939 0.0349132
    outer loop
      vertex 155.4 139.53 110.229
      vertex 161.39 139.538 110
      vertex 155.4 139.538 110
    endloop
  endfacet
  facet normal 0 0.973873 0.227092
    outer loop
      vertex 161.39 139.47 110.683
      vertex 155.4 139.418 110.906
      vertex 161.39 139.418 110.906
    endloop
  endfacet
  facet normal 0 0.973873 0.227092
    outer loop
      vertex 155.4 139.418 110.906
      vertex 161.39 139.47 110.683
      vertex 155.4 139.47 110.683
    endloop
  endfacet
  facet normal 0 -0.292551 -0.95625
    outer loop
      vertex 155.4 134.913 106.686
      vertex 161.39 135.132 106.619
      vertex 161.39 134.913 106.686
    endloop
  endfacet
  facet normal -0 -0.292551 -0.95625
    outer loop
      vertex 161.39 135.132 106.619
      vertex 155.4 134.913 106.686
      vertex 155.4 135.132 106.619
    endloop
  endfacet
  facet normal 0 -0.471494 0.881869
    outer loop
      vertex 155.4 134.49 113.139
      vertex 161.39 134.288 113.031
      vertex 161.39 134.49 113.139
    endloop
  endfacet
  facet normal 0 -0.471494 0.881869
    outer loop
      vertex 161.39 134.288 113.031
      vertex 155.4 134.49 113.139
      vertex 155.4 134.288 113.031
    endloop
  endfacet
  facet normal 0 -0.100368 -0.99495
    outer loop
      vertex 155.4 135.581 106.53
      vertex 161.39 135.809 106.507
      vertex 161.39 135.581 106.53
    endloop
  endfacet
  facet normal -0 -0.100368 -0.99495
    outer loop
      vertex 161.39 135.809 106.507
      vertex 155.4 135.581 106.53
      vertex 155.4 135.809 106.507
    endloop
  endfacet
  facet normal -0 0.100368 0.99495
    outer loop
      vertex 155.4 136.495 113.47
      vertex 161.39 136.267 113.493
      vertex 161.39 136.495 113.47
    endloop
  endfacet
  facet normal 0 0.100368 0.99495
    outer loop
      vertex 161.39 136.267 113.493
      vertex 155.4 136.495 113.47
      vertex 155.4 136.267 113.493
    endloop
  endfacet
  facet normal 0 0.99939 -0.0349132
    outer loop
      vertex 161.39 139.53 109.771
      vertex 155.4 139.538 110
      vertex 161.39 139.538 110
    endloop
  endfacet
  facet normal 0 0.99939 -0.0349132
    outer loop
      vertex 155.4 139.538 110
      vertex 161.39 139.53 109.771
      vertex 155.4 139.53 109.771
    endloop
  endfacet
  facet normal -0 0.581652 0.813438
    outer loop
      vertex 155.4 138.168 112.777
      vertex 161.39 137.982 112.91
      vertex 161.39 138.168 112.777
    endloop
  endfacet
  facet normal 0 0.581652 0.813438
    outer loop
      vertex 161.39 137.982 112.91
      vertex 155.4 138.168 112.777
      vertex 155.4 137.982 112.91
    endloop
  endfacet
  facet normal 1 0 0
    outer loop
      vertex 161.39 139.53 110.229
      vertex 161.39 139.53 109.771
      vertex 161.39 139.538 110
    endloop
  endfacet
  facet normal 1 0 0
    outer loop
      vertex 161.39 139.508 110.457
      vertex 161.39 139.53 109.771
      vertex 161.39 139.53 110.229
    endloop
  endfacet
  facet normal 1 0 0
    outer loop
      vertex 161.39 139.508 110.457
      vertex 161.39 139.508 109.543
      vertex 161.39 139.53 109.771
    endloop
  endfacet
  facet normal 1 0 0
    outer loop
      vertex 161.39 139.47 110.683
      vertex 161.39 139.508 109.543
      vertex 161.39 139.508 110.457
    endloop
  endfacet
  facet normal 1 0 0
    outer loop
      vertex 161.39 139.47 110.683
      vertex 161.39 139.47 109.317
      vertex 161.39 139.508 109.543
    endloop
  endfacet
  facet normal 1 0 0
    outer loop
      vertex 161.39 139.418 110.906
      vertex 161.39 139.47 109.317
      vertex 161.39 139.47 110.683
    endloop
  endfacet
  facet normal 1 0 0
    outer loop
      vertex 161.39 139.418 110.906
      vertex 161.39 139.418 109.094
      vertex 161.39 139.47 109.317
    endloop
  endfacet
  facet normal 1 0 0
    outer loop
      vertex 161.39 139.352 111.125
      vertex 161.39 139.418 109.094
      vertex 161.39 139.418 110.906
    endloop
  endfacet
  facet normal 1 0 0
    outer loop
      vertex 161.39 139.352 111.125
      vertex 161.39 139.352 108.875
      vertex 161.39 139.418 109.094
    endloop
  endfacet
  facet normal 1 0 0
    outer loop
      vertex 161.39 139.271 111.339
      vertex 161.39 139.352 108.875
      vertex 161.39 139.352 111.125
    endloop
  endfacet
  facet normal 1 0 0
    outer loop
      vertex 161.39 139.271 111.339
      vertex 161.39 139.271 108.661
      vertex 161.39 139.352 108.875
    endloop
  endfacet
  facet normal 1 0 0
    outer loop
      vertex 161.39 139.177 111.548
      vertex 161.39 139.271 108.661
      vertex 161.39 139.271 111.339
    endloop
  endfacet
  facet normal 1 0 0
    outer loop
      vertex 161.39 139.177 111.548
      vertex 161.39 139.177 108.452
      vertex 161.39 139.271 108.661
    endloop
  endfacet
  facet normal 1 0 0
    outer loop
      vertex 161.39 139.069 111.75
      vertex 161.39 139.177 108.452
      vertex 161.39 139.177 111.548
    endloop
  endfacet
  facet normal 1 0 0
    outer loop
      vertex 161.39 139.069 111.75
      vertex 161.39 139.069 108.25
      vertex 161.39 139.177 108.452
    endloop
  endfacet
  facet normal 1 0 0
    outer loop
      vertex 161.39 138.948 111.944
      vertex 161.39 139.069 108.25
      vertex 161.39 139.069 111.75
    endloop
  endfacet
  facet normal 1 0 0
    outer loop
      vertex 161.39 138.948 111.944
      vertex 161.39 138.948 108.056
      vertex 161.39 139.069 108.25
    endloop
  endfacet
  facet normal 1 0 0
    outer loop
      vertex 161.39 138.814 112.131
      vertex 161.39 138.948 108.056
      vertex 161.39 138.948 111.944
    endloop
  endfacet
  facet normal 1 0 0
    outer loop
      vertex 161.39 138.814 112.131
      vertex 161.39 138.814 107.869
      vertex 161.39 138.948 108.056
    endloop
  endfacet
  facet normal 1 0 0
    outer loop
      vertex 161.39 138.669 112.308
      vertex 161.39 138.814 107.869
      vertex 161.39 138.814 112.131
    endloop
  endfacet
  facet normal 1 0 0
    outer loop
      vertex 161.39 138.669 112.308
      vertex 161.39 138.669 107.692
      vertex 161.39 138.814 107.869
    endloop
  endfacet
  facet normal 1 0 0
    outer loop
      vertex 161.39 138.513 112.475
      vertex 161.39 138.669 107.692
      vertex 161.39 138.669 112.308
    endloop
  endfacet
  facet normal 1 0 0
    outer loop
      vertex 161.39 138.513 112.475
      vertex 161.39 138.513 107.525
      vertex 161.39 138.669 107.692
    endloop
  endfacet
  facet normal 1 0 0
    outer loop
      vertex 161.39 138.345 112.631
      vertex 161.39 138.513 107.525
      vertex 161.39 138.513 112.475
    endloop
  endfacet
  facet normal 1 0 0
    outer loop
      vertex 161.39 138.345 112.631
      vertex 161.39 138.345 107.369
      vertex 161.39 138.513 107.525
    endloop
  endfacet
  facet normal 1 0 0
    outer loop
      vertex 161.39 138.168 112.777
      vertex 161.39 138.345 107.369
      vertex 161.39 138.345 112.631
    endloop
  endfacet
  facet normal 1 0 0
    outer loop
      vertex 161.39 138.168 112.777
      vertex 161.39 138.168 107.223
      vertex 161.39 138.345 107.369
    endloop
  endfacet
  facet normal 1 0 0
    outer loop
      vertex 161.39 137.982 112.91
      vertex 161.39 138.168 107.223
      vertex 161.39 138.168 112.777
    endloop
  endfacet
  facet normal 1 0 0
    outer loop
      vertex 161.39 137.982 112.91
      vertex 161.39 137.982 107.09
      vertex 161.39 138.168 107.223
    endloop
  endfacet
  facet normal 1 0 0
    outer loop
      vertex 161.39 137.788 113.031
      vertex 161.39 137.982 107.09
      vertex 161.39 137.982 112.91
    endloop
  endfacet
  facet normal 1 0 0
    outer loop
      vertex 161.39 137.788 113.031
      vertex 161.39 137.788 106.969
      vertex 161.39 137.982 107.09
    endloop
  endfacet
  facet normal 1 0 0
    outer loop
      vertex 161.39 137.586 113.139
      vertex 161.39 137.788 106.969
      vertex 161.39 137.788 113.031
    endloop
  endfacet
  facet normal 1 0 0
    outer loop
      vertex 161.39 137.586 113.139
      vertex 161.39 137.586 106.861
      vertex 161.39 137.788 106.969
    endloop
  endfacet
  facet normal 1 0 0
    outer loop
      vertex 161.39 137.377 113.234
      vertex 161.39 137.586 106.861
      vertex 161.39 137.586 113.139
    endloop
  endfacet
  facet normal 1 0 0
    outer loop
      vertex 161.39 137.377 113.234
      vertex 161.39 137.377 106.766
      vertex 161.39 137.586 106.861
    endloop
  endfacet
  facet normal 1 0 0
    outer loop
      vertex 161.39 137.163 113.314
      vertex 161.39 137.377 106.766
      vertex 161.39 137.377 113.234
    endloop
  endfacet
  facet normal 1 0 0
    outer loop
      vertex 161.39 137.163 113.314
      vertex 161.39 137.163 106.686
      vertex 161.39 137.377 106.766
    endloop
  endfacet
  facet normal 1 0 0
    outer loop
      vertex 161.39 136.944 113.381
      vertex 161.39 137.163 106.686
      vertex 161.39 137.163 113.314
    endloop
  endfacet
  facet normal 1 0 0
    outer loop
      vertex 161.39 136.944 113.381
      vertex 161.39 136.944 106.619
      vertex 161.39 137.163 106.686
    endloop
  endfacet
  facet normal 1 0 0
    outer loop
      vertex 161.39 136.72 113.433
      vertex 161.39 136.944 106.619
      vertex 161.39 136.944 113.381
    endloop
  endfacet
  facet normal 1 0 0
    outer loop
      vertex 161.39 136.72 113.433
      vertex 161.39 136.72 106.567
      vertex 161.39 136.944 106.619
    endloop
  endfacet
  facet normal 1 0 0
    outer loop
      vertex 161.39 136.495 113.47
      vertex 161.39 136.72 106.567
      vertex 161.39 136.72 113.433
    endloop
  endfacet
  facet normal 1 0 0
    outer loop
      vertex 161.39 136.495 113.47
      vertex 161.39 136.495 106.53
      vertex 161.39 136.72 106.567
    endloop
  endfacet
  facet normal 1 0 0
    outer loop
      vertex 161.39 136.267 113.493
      vertex 161.39 136.495 106.53
      vertex 161.39 136.495 113.47
    endloop
  endfacet
  facet normal 1 0 0
    outer loop
      vertex 161.39 136.267 113.493
      vertex 161.39 136.267 106.507
      vertex 161.39 136.495 106.53
    endloop
  endfacet
  facet normal 1 0 0
    outer loop
      vertex 161.39 136.038 113.5
      vertex 161.39 136.267 106.507
      vertex 161.39 136.267 113.493
    endloop
  endfacet
  facet normal 1 0 0
    outer loop
      vertex 161.39 136.038 113.5
      vertex 161.39 136.038 106.5
      vertex 161.39 136.267 106.507
    endloop
  endfacet
  facet normal 1 -0 0
    outer loop
      vertex 161.39 135.809 113.493
      vertex 161.39 136.038 106.5
      vertex 161.39 136.038 113.5
    endloop
  endfacet
  facet normal 1 0 0
    outer loop
      vertex 161.39 135.809 113.493
      vertex 161.39 135.809 106.507
      vertex 161.39 136.038 106.5
    endloop
  endfacet
  facet normal 1 -0 0
    outer loop
      vertex 161.39 135.581 113.47
      vertex 161.39 135.809 106.507
      vertex 161.39 135.809 113.493
    endloop
  endfacet
  facet normal 1 0 0
    outer loop
      vertex 161.39 135.581 113.47
      vertex 161.39 135.581 106.53
      vertex 161.39 135.809 106.507
    endloop
  endfacet
  facet normal 1 -0 0
    outer loop
      vertex 161.39 135.355 113.433
      vertex 161.39 135.581 106.53
      vertex 161.39 135.581 113.47
    endloop
  endfacet
  facet normal 1 0 0
    outer loop
      vertex 161.39 135.355 113.433
      vertex 161.39 135.355 106.567
      vertex 161.39 135.581 106.53
    endloop
  endfacet
  facet normal 1 -0 0
    outer loop
      vertex 161.39 135.132 113.381
      vertex 161.39 135.355 106.567
      vertex 161.39 135.355 113.433
    endloop
  endfacet
  facet normal 1 0 0
    outer loop
      vertex 161.39 135.132 113.381
      vertex 161.39 135.132 106.619
      vertex 161.39 135.355 106.567
    endloop
  endfacet
  facet normal 1 -0 0
    outer loop
      vertex 161.39 134.913 113.314
      vertex 161.39 135.132 106.619
      vertex 161.39 135.132 113.381
    endloop
  endfacet
  facet normal 1 0 0
    outer loop
      vertex 161.39 134.913 113.314
      vertex 161.39 134.913 106.686
      vertex 161.39 135.132 106.619
    endloop
  endfacet
  facet normal 1 -0 0
    outer loop
      vertex 161.39 134.698 113.234
      vertex 161.39 134.913 106.686
      vertex 161.39 134.913 113.314
    endloop
  endfacet
  facet normal 1 0 0
    outer loop
      vertex 161.39 134.698 113.234
      vertex 161.39 134.698 106.766
      vertex 161.39 134.913 106.686
    endloop
  endfacet
  facet normal 1 -0 0
    outer loop
      vertex 161.39 134.49 113.139
      vertex 161.39 134.698 106.766
      vertex 161.39 134.698 113.234
    endloop
  endfacet
  facet normal 1 0 0
    outer loop
      vertex 161.39 134.49 113.139
      vertex 161.39 134.49 106.861
      vertex 161.39 134.698 106.766
    endloop
  endfacet
  facet normal 1 -0 0
    outer loop
      vertex 161.39 134.288 113.031
      vertex 161.39 134.49 106.861
      vertex 161.39 134.49 113.139
    endloop
  endfacet
  facet normal 1 0 0
    outer loop
      vertex 161.39 134.288 113.031
      vertex 161.39 134.288 106.969
      vertex 161.39 134.49 106.861
    endloop
  endfacet
  facet normal 1 -0 0
    outer loop
      vertex 161.39 134.093 112.91
      vertex 161.39 134.288 106.969
      vertex 161.39 134.288 113.031
    endloop
  endfacet
  facet normal 1 0 0
    outer loop
      vertex 161.39 134.093 112.91
      vertex 161.39 134.093 107.09
      vertex 161.39 134.288 106.969
    endloop
  endfacet
  facet normal 1 -0 0
    outer loop
      vertex 161.39 133.907 112.777
      vertex 161.39 134.093 107.09
      vertex 161.39 134.093 112.91
    endloop
  endfacet
  facet normal 1 0 0
    outer loop
      vertex 161.39 133.907 112.777
      vertex 161.39 133.907 107.223
      vertex 161.39 134.093 107.09
    endloop
  endfacet
  facet normal 1 -0 0
    outer loop
      vertex 161.39 133.73 112.631
      vertex 161.39 133.907 107.223
      vertex 161.39 133.907 112.777
    endloop
  endfacet
  facet normal 1 0 0
    outer loop
      vertex 161.39 133.73 112.631
      vertex 161.39 133.73 107.369
      vertex 161.39 133.907 107.223
    endloop
  endfacet
  facet normal 1 -0 0
    outer loop
      vertex 161.39 133.563 112.475
      vertex 161.39 133.73 107.369
      vertex 161.39 133.73 112.631
    endloop
  endfacet
  facet normal 1 0 0
    outer loop
      vertex 161.39 133.563 112.475
      vertex 161.39 133.563 107.525
      vertex 161.39 133.73 107.369
    endloop
  endfacet
  facet normal 1 -0 0
    outer loop
      vertex 161.39 133.406 112.308
      vertex 161.39 133.563 107.525
      vertex 161.39 133.563 112.475
    endloop
  endfacet
  facet normal 1 0 0
    outer loop
      vertex 161.39 133.406 112.308
      vertex 161.39 133.406 107.692
      vertex 161.39 133.563 107.525
    endloop
  endfacet
  facet normal 1 -0 0
    outer loop
      vertex 161.39 133.261 112.131
      vertex 161.39 133.406 107.692
      vertex 161.39 133.406 112.308
    endloop
  endfacet
  facet normal 1 0 0
    outer loop
      vertex 161.39 133.261 112.131
      vertex 161.39 133.261 107.869
      vertex 161.39 133.406 107.692
    endloop
  endfacet
  facet normal 1 -0 0
    outer loop
      vertex 161.39 133.128 111.944
      vertex 161.39 133.261 107.869
      vertex 161.39 133.261 112.131
    endloop
  endfacet
  facet normal 1 0 0
    outer loop
      vertex 161.39 133.128 111.944
      vertex 161.39 133.128 108.056
      vertex 161.39 133.261 107.869
    endloop
  endfacet
  facet normal 1 -0 0
    outer loop
      vertex 161.39 133.007 111.75
      vertex 161.39 133.128 108.056
      vertex 161.39 133.128 111.944
    endloop
  endfacet
  facet normal 1 0 0
    outer loop
      vertex 161.39 133.007 111.75
      vertex 161.39 133.007 108.25
      vertex 161.39 133.128 108.056
    endloop
  endfacet
  facet normal 1 -0 0
    outer loop
      vertex 161.39 132.899 111.548
      vertex 161.39 133.007 108.25
      vertex 161.39 133.007 111.75
    endloop
  endfacet
  facet normal 1 0 0
    outer loop
      vertex 161.39 132.899 111.548
      vertex 161.39 132.899 108.452
      vertex 161.39 133.007 108.25
    endloop
  endfacet
  facet normal 1 -0 0
    outer loop
      vertex 161.39 132.804 111.339
      vertex 161.39 132.899 108.452
      vertex 161.39 132.899 111.548
    endloop
  endfacet
  facet normal 1 0 0
    outer loop
      vertex 161.39 132.804 111.339
      vertex 161.39 132.804 108.661
      vertex 161.39 132.899 108.452
    endloop
  endfacet
  facet normal 1 -0 0
    outer loop
      vertex 161.39 132.723 111.125
      vertex 161.39 132.804 108.661
      vertex 161.39 132.804 111.339
    endloop
  endfacet
  facet normal 1 0 0
    outer loop
      vertex 161.39 132.723 111.125
      vertex 161.39 132.723 108.875
      vertex 161.39 132.804 108.661
    endloop
  endfacet
  facet normal 1 -0 0
    outer loop
      vertex 161.39 132.657 110.906
      vertex 161.39 132.723 108.875
      vertex 161.39 132.723 111.125
    endloop
  endfacet
  facet normal 1 0 0
    outer loop
      vertex 161.39 132.657 110.906
      vertex 161.39 132.657 109.094
      vertex 161.39 132.723 108.875
    endloop
  endfacet
  facet normal 1 -0 0
    outer loop
      vertex 161.39 132.605 110.683
      vertex 161.39 132.657 109.094
      vertex 161.39 132.657 110.906
    endloop
  endfacet
  facet normal 1 0 0
    outer loop
      vertex 161.39 132.605 110.683
      vertex 161.39 132.605 109.317
      vertex 161.39 132.657 109.094
    endloop
  endfacet
  facet normal 1 -0 0
    outer loop
      vertex 161.39 132.568 110.457
      vertex 161.39 132.605 109.317
      vertex 161.39 132.605 110.683
    endloop
  endfacet
  facet normal 1 0 0
    outer loop
      vertex 161.39 132.568 110.457
      vertex 161.39 132.568 109.543
      vertex 161.39 132.605 109.317
    endloop
  endfacet
  facet normal 1 -0 0
    outer loop
      vertex 161.39 132.545 110.229
      vertex 161.39 132.568 109.543
      vertex 161.39 132.568 110.457
    endloop
  endfacet
  facet normal 1 0 0
    outer loop
      vertex 161.39 132.545 110.229
      vertex 161.39 132.545 109.771
      vertex 161.39 132.568 109.543
    endloop
  endfacet
  facet normal 1 0 -0
    outer loop
      vertex 161.39 132.545 109.771
      vertex 161.39 132.545 110.229
      vertex 161.39 132.538 110
    endloop
  endfacet
  facet normal 0 -0.99495 0.100368
    outer loop
      vertex 155.4 132.545 110.229
      vertex 161.39 132.568 110.457
      vertex 155.4 132.568 110.457
    endloop
  endfacet
  facet normal 0 -0.99495 0.100368
    outer loop
      vertex 161.39 132.568 110.457
      vertex 155.4 132.545 110.229
      vertex 161.39 132.545 110.229
    endloop
  endfacet
  facet normal 0 -0.227092 0.973873
    outer loop
      vertex 155.4 135.355 113.433
      vertex 161.39 135.132 113.381
      vertex 161.39 135.355 113.433
    endloop
  endfacet
  facet normal 0 -0.227092 0.973873
    outer loop
      vertex 161.39 135.132 113.381
      vertex 155.4 135.355 113.433
      vertex 155.4 135.132 113.381
    endloop
  endfacet
  facet normal 0 -0.581652 0.813438
    outer loop
      vertex 155.4 134.093 112.91
      vertex 161.39 133.907 112.777
      vertex 161.39 134.093 112.91
    endloop
  endfacet
  facet normal 0 -0.581652 0.813438
    outer loop
      vertex 161.39 133.907 112.777
      vertex 155.4 134.093 112.91
      vertex 155.4 133.907 112.777
    endloop
  endfacet
  facet normal -0 0.529212 0.848489
    outer loop
      vertex 155.4 137.982 112.91
      vertex 161.39 137.788 113.031
      vertex 161.39 137.982 112.91
    endloop
  endfacet
  facet normal 0 0.529212 0.848489
    outer loop
      vertex 161.39 137.788 113.031
      vertex 155.4 137.982 112.91
      vertex 155.4 137.788 113.031
    endloop
  endfacet
  facet normal 0 -0.881869 -0.471494
    outer loop
      vertex 155.4 133.007 108.25
      vertex 161.39 132.899 108.452
      vertex 155.4 132.899 108.452
    endloop
  endfacet
  facet normal 0 -0.881869 -0.471494
    outer loop
      vertex 161.39 132.899 108.452
      vertex 155.4 133.007 108.25
      vertex 161.39 133.007 108.25
    endloop
  endfacet
  facet normal 0 0.912003 -0.410183
    outer loop
      vertex 161.39 139.177 108.452
      vertex 155.4 139.271 108.661
      vertex 161.39 139.271 108.661
    endloop
  endfacet
  facet normal 0 0.912003 -0.410183
    outer loop
      vertex 155.4 139.271 108.661
      vertex 161.39 139.177 108.452
      vertex 155.4 139.177 108.452
    endloop
  endfacet
  facet normal 0 -0.848489 -0.529212
    outer loop
      vertex 155.4 133.128 108.056
      vertex 161.39 133.007 108.25
      vertex 155.4 133.007 108.25
    endloop
  endfacet
  facet normal 0 -0.848489 -0.529212
    outer loop
      vertex 161.39 133.007 108.25
      vertex 155.4 133.128 108.056
      vertex 161.39 133.128 108.056
    endloop
  endfacet
  facet normal 0 0.986157 0.165814
    outer loop
      vertex 161.39 139.508 110.457
      vertex 155.4 139.47 110.683
      vertex 161.39 139.47 110.683
    endloop
  endfacet
  facet normal 0 0.986157 0.165814
    outer loop
      vertex 155.4 139.47 110.683
      vertex 161.39 139.508 110.457
      vertex 155.4 139.508 110.457
    endloop
  endfacet
  facet normal 0 0.162265 -0.986747
    outer loop
      vertex 155.4 136.495 106.53
      vertex 161.39 136.72 106.567
      vertex 161.39 136.495 106.53
    endloop
  endfacet
  facet normal 0 0.162265 -0.986747
    outer loop
      vertex 161.39 136.72 106.567
      vertex 155.4 136.495 106.53
      vertex 155.4 136.72 106.567
    endloop
  endfacet
  facet normal 0 -0.348734 0.937222
    outer loop
      vertex 155.4 134.913 113.314
      vertex 161.39 134.698 113.234
      vertex 161.39 134.913 113.314
    endloop
  endfacet
  facet normal 0 -0.348734 0.937222
    outer loop
      vertex 161.39 134.698 113.234
      vertex 155.4 134.913 113.314
      vertex 155.4 134.698 113.234
    endloop
  endfacet
  facet normal 0 0.773568 0.633714
    outer loop
      vertex 161.39 138.814 112.131
      vertex 155.4 138.669 112.308
      vertex 161.39 138.669 112.308
    endloop
  endfacet
  facet normal 0 0.773568 0.633714
    outer loop
      vertex 155.4 138.669 112.308
      vertex 161.39 138.814 112.131
      vertex 155.4 138.814 112.131
    endloop
  endfacet
  facet normal 0 -0.986862 -0.161566
    outer loop
      vertex 155.4 132.605 109.317
      vertex 161.39 132.568 109.543
      vertex 155.4 132.568 109.543
    endloop
  endfacet
  facet normal 0 -0.986862 -0.161566
    outer loop
      vertex 161.39 132.568 109.543
      vertex 155.4 132.605 109.317
      vertex 161.39 132.605 109.317
    endloop
  endfacet
  facet normal 0 0.912003 0.410183
    outer loop
      vertex 161.39 139.271 111.339
      vertex 155.4 139.177 111.548
      vertex 161.39 139.177 111.548
    endloop
  endfacet
  facet normal 0 0.912003 0.410183
    outer loop
      vertex 155.4 139.177 111.548
      vertex 161.39 139.271 111.339
      vertex 155.4 139.271 111.339
    endloop
  endfacet
  facet normal 0 -0.68263 -0.730764
    outer loop
      vertex 155.4 133.563 107.525
      vertex 161.39 133.73 107.369
      vertex 161.39 133.563 107.525
    endloop
  endfacet
  facet normal -0 -0.68263 -0.730764
    outer loop
      vertex 161.39 133.73 107.369
      vertex 155.4 133.563 107.525
      vertex 155.4 133.73 107.369
    endloop
  endfacet
  facet normal -0 0.22613 0.974097
    outer loop
      vertex 155.4 136.944 113.381
      vertex 161.39 136.72 113.433
      vertex 161.39 136.944 113.381
    endloop
  endfacet
  facet normal 0 0.22613 0.974097
    outer loop
      vertex 161.39 136.72 113.433
      vertex 155.4 136.944 113.381
      vertex 155.4 136.72 113.433
    endloop
  endfacet
  facet normal 0 0.935247 0.353995
    outer loop
      vertex 161.39 139.352 111.125
      vertex 155.4 139.271 111.339
      vertex 161.39 139.271 111.339
    endloop
  endfacet
  facet normal 0 0.935247 0.353995
    outer loop
      vertex 155.4 139.271 111.339
      vertex 161.39 139.352 111.125
      vertex 155.4 139.352 111.125
    endloop
  endfacet
  facet normal 0 0.986157 -0.165814
    outer loop
      vertex 161.39 139.47 109.317
      vertex 155.4 139.508 109.543
      vertex 161.39 139.508 109.543
    endloop
  endfacet
  facet normal 0 0.986157 -0.165814
    outer loop
      vertex 155.4 139.508 109.543
      vertex 161.39 139.47 109.317
      vertex 155.4 139.47 109.317
    endloop
  endfacet
  facet normal 0 0.730764 0.68263
    outer loop
      vertex 161.39 138.669 112.308
      vertex 155.4 138.513 112.475
      vertex 161.39 138.513 112.475
    endloop
  endfacet
  facet normal 0 0.730764 0.68263
    outer loop
      vertex 155.4 138.513 112.475
      vertex 161.39 138.669 112.308
      vertex 155.4 138.669 112.308
    endloop
  endfacet
  facet normal 0 -0.910366 0.413803
    outer loop
      vertex 155.4 132.804 111.339
      vertex 161.39 132.899 111.548
      vertex 155.4 132.899 111.548
    endloop
  endfacet
  facet normal 0 -0.910366 0.413803
    outer loop
      vertex 161.39 132.899 111.548
      vertex 155.4 132.804 111.339
      vertex 161.39 132.804 111.339
    endloop
  endfacet
  facet normal -0 0.413803 0.910366
    outer loop
      vertex 155.4 137.586 113.139
      vertex 161.39 137.377 113.234
      vertex 161.39 137.586 113.139
    endloop
  endfacet
  facet normal 0 0.413803 0.910366
    outer loop
      vertex 161.39 137.377 113.234
      vertex 155.4 137.586 113.139
      vertex 155.4 137.377 113.234
    endloop
  endfacet
  facet normal 0 -0.227092 -0.973873
    outer loop
      vertex 155.4 135.132 106.619
      vertex 161.39 135.355 106.567
      vertex 161.39 135.132 106.619
    endloop
  endfacet
  facet normal -0 -0.227092 -0.973873
    outer loop
      vertex 161.39 135.355 106.567
      vertex 155.4 135.132 106.619
      vertex 155.4 135.355 106.567
    endloop
  endfacet
  facet normal 0 -0.848489 0.529212
    outer loop
      vertex 155.4 133.007 111.75
      vertex 161.39 133.128 111.944
      vertex 155.4 133.128 111.944
    endloop
  endfacet
  facet normal 0 -0.848489 0.529212
    outer loop
      vertex 161.39 133.128 111.944
      vertex 155.4 133.007 111.75
      vertex 161.39 133.007 111.75
    endloop
  endfacet
  facet normal 0 -0.81491 -0.579588
    outer loop
      vertex 155.4 133.261 107.869
      vertex 161.39 133.128 108.056
      vertex 155.4 133.128 108.056
    endloop
  endfacet
  facet normal 0 -0.81491 -0.579588
    outer loop
      vertex 161.39 133.128 108.056
      vertex 155.4 133.261 107.869
      vertex 161.39 133.261 107.869
    endloop
  endfacet
  facet normal 0 -0.161566 -0.986862
    outer loop
      vertex 155.4 135.355 106.567
      vertex 161.39 135.581 106.53
      vertex 161.39 135.355 106.567
    endloop
  endfacet
  facet normal -0 -0.161566 -0.986862
    outer loop
      vertex 161.39 135.581 106.53
      vertex 155.4 135.355 106.567
      vertex 155.4 135.581 106.53
    endloop
  endfacet
  facet normal 0 -0.986862 0.161566
    outer loop
      vertex 155.4 132.568 110.457
      vertex 161.39 132.605 110.683
      vertex 155.4 132.605 110.683
    endloop
  endfacet
  facet normal 0 -0.986862 0.161566
    outer loop
      vertex 161.39 132.605 110.683
      vertex 155.4 132.568 110.457
      vertex 161.39 132.568 110.457
    endloop
  endfacet
  facet normal 0 -0.973873 -0.227092
    outer loop
      vertex 155.4 132.657 109.094
      vertex 161.39 132.605 109.317
      vertex 155.4 132.605 109.317
    endloop
  endfacet
  facet normal 0 -0.973873 -0.227092
    outer loop
      vertex 161.39 132.605 109.317
      vertex 155.4 132.657 109.094
      vertex 161.39 132.657 109.094
    endloop
  endfacet
  facet normal 0 -0.81491 0.579588
    outer loop
      vertex 155.4 133.128 111.944
      vertex 161.39 133.261 112.131
      vertex 155.4 133.261 112.131
    endloop
  endfacet
  facet normal 0 -0.81491 0.579588
    outer loop
      vertex 161.39 133.261 112.131
      vertex 155.4 133.128 111.944
      vertex 161.39 133.128 111.944
    endloop
  endfacet
  facet normal -0 0.680451 0.732793
    outer loop
      vertex 155.4 138.513 112.475
      vertex 161.39 138.345 112.631
      vertex 161.39 138.513 112.475
    endloop
  endfacet
  facet normal 0 0.680451 0.732793
    outer loop
      vertex 161.39 138.345 112.631
      vertex 155.4 138.513 112.475
      vertex 155.4 138.345 112.631
    endloop
  endfacet
  facet normal 0 0.935247 -0.353995
    outer loop
      vertex 161.39 139.271 108.661
      vertex 155.4 139.352 108.875
      vertex 161.39 139.352 108.875
    endloop
  endfacet
  facet normal 0 0.935247 -0.353995
    outer loop
      vertex 155.4 139.352 108.875
      vertex 161.39 139.271 108.661
      vertex 155.4 139.271 108.661
    endloop
  endfacet
  facet normal 0 -0.581652 -0.813438
    outer loop
      vertex 155.4 133.907 107.223
      vertex 161.39 134.093 107.09
      vertex 161.39 133.907 107.223
    endloop
  endfacet
  facet normal -0 -0.581652 -0.813438
    outer loop
      vertex 161.39 134.093 107.09
      vertex 155.4 133.907 107.223
      vertex 155.4 134.093 107.09
    endloop
  endfacet
  facet normal 0 -0.41545 -0.909616
    outer loop
      vertex 155.4 134.49 106.861
      vertex 161.39 134.698 106.766
      vertex 161.39 134.49 106.861
    endloop
  endfacet
  facet normal -0 -0.41545 -0.909616
    outer loop
      vertex 161.39 134.698 106.766
      vertex 155.4 134.49 106.861
      vertex 155.4 134.698 106.766
    endloop
  endfacet
  facet normal 0 -0.348734 -0.937222
    outer loop
      vertex 155.4 134.698 106.766
      vertex 161.39 134.913 106.686
      vertex 161.39 134.698 106.766
    endloop
  endfacet
  facet normal -0 -0.348734 -0.937222
    outer loop
      vertex 161.39 134.913 106.686
      vertex 155.4 134.698 106.766
      vertex 155.4 134.913 106.686
    endloop
  endfacet
  facet normal -0 0.162265 0.986747
    outer loop
      vertex 155.4 136.72 113.433
      vertex 161.39 136.495 113.47
      vertex 161.39 136.72 113.433
    endloop
  endfacet
  facet normal 0 0.162265 0.986747
    outer loop
      vertex 161.39 136.495 113.47
      vertex 155.4 136.72 113.433
      vertex 155.4 136.495 113.47
    endloop
  endfacet
  facet normal 0 -0.773568 -0.633714
    outer loop
      vertex 155.4 133.406 107.692
      vertex 161.39 133.261 107.869
      vertex 155.4 133.261 107.869
    endloop
  endfacet
  facet normal 0 -0.773568 -0.633714
    outer loop
      vertex 161.39 133.261 107.869
      vertex 155.4 133.406 107.692
      vertex 161.39 133.406 107.692
    endloop
  endfacet
  facet normal 0 -0.728584 -0.684956
    outer loop
      vertex 155.4 133.563 107.525
      vertex 161.39 133.406 107.692
      vertex 155.4 133.406 107.692
    endloop
  endfacet
  facet normal 0 -0.728584 -0.684956
    outer loop
      vertex 161.39 133.406 107.692
      vertex 155.4 133.563 107.525
      vertex 161.39 133.563 107.525
    endloop
  endfacet
  facet normal 0 -0.773568 0.633714
    outer loop
      vertex 155.4 133.261 112.131
      vertex 161.39 133.406 112.308
      vertex 155.4 133.406 112.308
    endloop
  endfacet
  facet normal 0 -0.773568 0.633714
    outer loop
      vertex 161.39 133.406 112.308
      vertex 155.4 133.261 112.131
      vertex 161.39 133.261 112.131
    endloop
  endfacet
  facet normal -0.97387 0.227107 0
    outer loop
      vertex 70.7364 90.7876 2.6
      vertex 70.8419 91.24 10.59
      vertex 70.8419 91.24 2.6
    endloop
  endfacet
  facet normal -0.97387 0.227107 0
    outer loop
      vertex 70.8419 91.24 10.59
      vertex 70.7364 90.7876 2.6
      vertex 70.7364 90.7876 10.59
    endloop
  endfacet
  facet normal 0.995194 0.0979267 0
    outer loop
      vertex 84.7848 89.8668 10.59
      vertex 84.7393 90.3292 2.6
      vertex 84.7393 90.3292 10.59
    endloop
  endfacet
  facet normal 0.995194 0.0979267 0
    outer loop
      vertex 84.7393 90.3292 2.6
      vertex 84.7848 89.8668 10.59
      vertex 84.7848 89.8668 2.6
    endloop
  endfacet
  facet normal 0.999465 0.0327129 0
    outer loop
      vertex 84.8 89.4024 10.59
      vertex 84.7848 89.8668 2.6
      vertex 84.7848 89.8668 10.59
    endloop
  endfacet
  facet normal 0.999465 0.0327129 0
    outer loop
      vertex 84.7848 89.8668 2.6
      vertex 84.8 89.4024 10.59
      vertex 84.8 89.4024 2.6
    endloop
  endfacet
  facet normal 0.986637 0.162933 0
    outer loop
      vertex 84.7393 90.3292 10.59
      vertex 84.6636 90.7876 2.6
      vertex 84.6636 90.7876 10.59
    endloop
  endfacet
  facet normal 0.986637 0.162933 0
    outer loop
      vertex 84.6636 90.7876 2.6
      vertex 84.7393 90.3292 10.59
      vertex 84.7393 90.3292 2.6
    endloop
  endfacet
  facet normal 0.97387 0.227107 0
    outer loop
      vertex 84.6636 90.7876 10.59
      vertex 84.5581 91.24 2.6
      vertex 84.5581 91.24 10.59
    endloop
  endfacet
  facet normal 0.97387 0.227107 0
    outer loop
      vertex 84.5581 91.24 2.6
      vertex 84.6636 90.7876 10.59
      vertex 84.6636 90.7876 2.6
    endloop
  endfacet
  facet normal -0.63428 0.773103 0
    outer loop
      vertex 73.3778 95.0352 2.6
      vertex 73.0186 94.7405 10.59
      vertex 73.3778 95.0352 10.59
    endloop
  endfacet
  facet normal -0.63428 0.773103 0
    outer loop
      vertex 73.0186 94.7405 10.59
      vertex 73.3778 95.0352 2.6
      vertex 73.0186 94.7405 2.6
    endloop
  endfacet
  facet normal -0.162933 0.986637 0
    outer loop
      vertex 76.7733 96.4417 2.6
      vertex 76.3149 96.366 10.59
      vertex 76.7733 96.4417 10.59
    endloop
  endfacet
  facet normal -0.162933 0.986637 0
    outer loop
      vertex 76.3149 96.366 10.59
      vertex 76.7733 96.4417 2.6
      vertex 76.3149 96.366 2.6
    endloop
  endfacet
  facet normal 0.35209 0.935966 -0
    outer loop
      vertex 80.4171 95.962 2.6
      vertex 79.9822 96.1256 10.59
      vertex 80.4171 95.962 10.59
    endloop
  endfacet
  facet normal 0.35209 0.935966 0
    outer loop
      vertex 79.9822 96.1256 10.59
      vertex 80.4171 95.962 2.6
      vertex 79.9822 96.1256 2.6
    endloop
  endfacet
  facet normal 0.849181 0.528102 0
    outer loop
      vertex 83.8488 92.9524 10.59
      vertex 83.6034 93.347 2.6
      vertex 83.6034 93.347 10.59
    endloop
  endfacet
  facet normal 0.849181 0.528102 0
    outer loop
      vertex 83.6034 93.347 2.6
      vertex 83.8488 92.9524 10.59
      vertex 83.8488 92.9524 2.6
    endloop
  endfacet
  facet normal 0.22706 0.973881 -0
    outer loop
      vertex 79.5376 96.2605 2.6
      vertex 79.0851 96.366 10.59
      vertex 79.5376 96.2605 10.59
    endloop
  endfacet
  facet normal 0.22706 0.973881 0
    outer loop
      vertex 79.0851 96.366 10.59
      vertex 79.5376 96.2605 2.6
      vertex 79.0851 96.366 2.6
    endloop
  endfacet
  facet normal -0.528102 -0.849181 0
    outer loop
      vertex 73.7554 83.499 2.6
      vertex 74.15 83.2536 10.59
      vertex 73.7554 83.499 10.59
    endloop
  endfacet
  facet normal -0.528102 -0.849181 -0
    outer loop
      vertex 74.15 83.2536 10.59
      vertex 73.7554 83.499 2.6
      vertex 74.15 83.2536 2.6
    endloop
  endfacet
  facet normal 0.290348 0.956921 -0
    outer loop
      vertex 79.9822 96.1256 2.6
      vertex 79.5376 96.2605 10.59
      vertex 79.9822 96.1256 10.59
    endloop
  endfacet
  facet normal 0.290348 0.956921 0
    outer loop
      vertex 79.5376 96.2605 10.59
      vertex 79.9822 96.1256 2.6
      vertex 79.5376 96.2605 2.6
    endloop
  endfacet
  facet normal -0.773017 -0.634386 0
    outer loop
      vertex 72.3619 84.7211 2.6
      vertex 72.0672 85.0802 10.59
      vertex 72.0672 85.0802 2.6
    endloop
  endfacet
  facet normal -0.773017 -0.634386 0
    outer loop
      vertex 72.0672 85.0802 10.59
      vertex 72.3619 84.7211 2.6
      vertex 72.3619 84.7211 10.59
    endloop
  endfacet
  facet normal 0.849121 -0.528198 0
    outer loop
      vertex 83.6034 85.4579 10.59
      vertex 83.8488 85.8524 2.6
      vertex 83.8488 85.8524 10.59
    endloop
  endfacet
  facet normal 0.849121 -0.528198 0
    outer loop
      vertex 83.8488 85.8524 2.6
      vertex 83.6034 85.4579 10.59
      vertex 83.6034 85.4579 2.6
    endloop
  endfacet
  facet normal 0.973881 -0.22706 0
    outer loop
      vertex 84.5581 87.5648 10.59
      vertex 84.6636 88.0173 2.6
      vertex 84.6636 88.0173 10.59
    endloop
  endfacet
  facet normal 0.973881 -0.22706 0
    outer loop
      vertex 84.6636 88.0173 2.6
      vertex 84.5581 87.5648 10.59
      vertex 84.5581 87.5648 2.6
    endloop
  endfacet
  facet normal 0.634409 -0.772998 0
    outer loop
      vertex 82.0222 83.7696 2.6
      vertex 82.3814 84.0644 10.59
      vertex 82.0222 83.7696 10.59
    endloop
  endfacet
  facet normal 0.634409 -0.772998 0
    outer loop
      vertex 82.3814 84.0644 10.59
      vertex 82.0222 83.7696 2.6
      vertex 82.3814 84.0644 2.6
    endloop
  endfacet
  facet normal -0.0979477 0.995192 0
    outer loop
      vertex 77.2356 96.4872 2.6
      vertex 76.7733 96.4417 10.59
      vertex 77.2356 96.4872 10.59
    endloop
  endfacet
  facet normal -0.0979477 0.995192 0
    outer loop
      vertex 76.7733 96.4417 10.59
      vertex 77.2356 96.4872 2.6
      vertex 76.7733 96.4417 2.6
    endloop
  endfacet
  facet normal -0.999465 -0.0327199 0
    outer loop
      vertex 70.6152 88.9381 2.6
      vertex 70.6 89.4024 10.59
      vertex 70.6 89.4024 2.6
    endloop
  endfacet
  facet normal -0.999465 -0.0327199 0
    outer loop
      vertex 70.6 89.4024 10.59
      vertex 70.6152 88.9381 2.6
      vertex 70.6152 88.9381 10.59
    endloop
  endfacet
  facet normal 0.0981609 -0.995171 0
    outer loop
      vertex 78.1644 82.3176 2.6
      vertex 78.6267 82.3632 10.59
      vertex 78.1644 82.3176 10.59
    endloop
  endfacet
  facet normal 0.0981609 -0.995171 0
    outer loop
      vertex 78.6267 82.3632 10.59
      vertex 78.1644 82.3176 2.6
      vertex 78.6267 82.3632 2.6
    endloop
  endfacet
  facet normal 0.995194 -0.0979267 0
    outer loop
      vertex 84.7393 88.4757 10.59
      vertex 84.7848 88.9381 2.6
      vertex 84.7848 88.9381 10.59
    endloop
  endfacet
  facet normal 0.995194 -0.0979267 0
    outer loop
      vertex 84.7848 88.9381 2.6
      vertex 84.7393 88.4757 10.59
      vertex 84.7393 88.4757 2.6
    endloop
  endfacet
  facet normal 0.528043 0.849217 -0
    outer loop
      vertex 81.6445 95.3059 2.6
      vertex 81.25 95.5512 10.59
      vertex 81.6445 95.3059 10.59
    endloop
  endfacet
  facet normal 0.528043 0.849217 0
    outer loop
      vertex 81.25 95.5512 10.59
      vertex 81.6445 95.3059 2.6
      vertex 81.25 95.5512 2.6
    endloop
  endfacet
  facet normal -0.412878 0.910786 0
    outer loop
      vertex 74.9829 95.962 2.6
      vertex 74.5598 95.7702 10.59
      vertex 74.9829 95.962 10.59
    endloop
  endfacet
  facet normal -0.412878 0.910786 0
    outer loop
      vertex 74.5598 95.7702 10.59
      vertex 74.9829 95.962 2.6
      vertex 74.5598 95.7702 2.6
    endloop
  endfacet
  facet normal 0.999465 -0.0327199 0
    outer loop
      vertex 84.7848 88.9381 10.59
      vertex 84.8 89.4024 2.6
      vertex 84.8 89.4024 10.59
    endloop
  endfacet
  facet normal 0.999465 -0.0327199 0
    outer loop
      vertex 84.8 89.4024 2.6
      vertex 84.7848 88.9381 10.59
      vertex 84.7848 88.9381 2.6
    endloop
  endfacet
  facet normal -0.582642 0.812729 0
    outer loop
      vertex 73.7554 95.3059 2.6
      vertex 73.3778 95.0352 10.59
      vertex 73.7554 95.3059 10.59
    endloop
  endfacet
  facet normal -0.582642 0.812729 0
    outer loop
      vertex 73.3778 95.0352 10.59
      vertex 73.7554 95.3059 2.6
      vertex 73.3778 95.0352 2.6
    endloop
  endfacet
  facet normal 0.528198 -0.849121 0
    outer loop
      vertex 81.25 83.2536 2.6
      vertex 81.6445 83.499 10.59
      vertex 81.25 83.2536 10.59
    endloop
  endfacet
  facet normal 0.528198 -0.849121 0
    outer loop
      vertex 81.6445 83.499 10.59
      vertex 81.25 83.2536 2.6
      vertex 81.6445 83.499 2.6
    endloop
  endfacet
  facet normal -0.0981609 -0.995171 0
    outer loop
      vertex 76.7733 82.3632 2.6
      vertex 77.2356 82.3176 10.59
      vertex 76.7733 82.3632 10.59
    endloop
  endfacet
  facet normal -0.0981609 -0.995171 -0
    outer loop
      vertex 77.2356 82.3176 10.59
      vertex 76.7733 82.3632 2.6
      vertex 77.2356 82.3176 2.6
    endloop
  endfacet
  facet normal -0.22706 0.973881 0
    outer loop
      vertex 76.3149 96.366 2.6
      vertex 75.8624 96.2605 10.59
      vertex 76.3149 96.366 10.59
    endloop
  endfacet
  facet normal -0.22706 0.973881 0
    outer loop
      vertex 75.8624 96.2605 10.59
      vertex 76.3149 96.366 2.6
      vertex 75.8624 96.2605 2.6
    endloop
  endfacet
  facet normal 0.68359 -0.729866 0
    outer loop
      vertex 82.3814 84.0644 2.6
      vertex 82.7205 84.382 10.59
      vertex 82.3814 84.0644 10.59
    endloop
  endfacet
  facet normal 0.68359 -0.729866 0
    outer loop
      vertex 82.7205 84.382 10.59
      vertex 82.3814 84.0644 2.6
      vertex 82.7205 84.382 2.6
    endloop
  endfacet
  facet normal 0.162933 0.986637 -0
    outer loop
      vertex 79.0851 96.366 2.6
      vertex 78.6267 96.4417 10.59
      vertex 79.0851 96.366 10.59
    endloop
  endfacet
  facet normal 0.162933 0.986637 0
    outer loop
      vertex 78.6267 96.4417 10.59
      vertex 79.0851 96.366 2.6
      vertex 78.6267 96.4417 2.6
    endloop
  endfacet
  facet normal -0.68359 0.729866 0
    outer loop
      vertex 73.0186 94.7405 2.6
      vertex 72.6795 94.4229 10.59
      vertex 73.0186 94.7405 10.59
    endloop
  endfacet
  facet normal -0.68359 0.729866 0
    outer loop
      vertex 72.6795 94.4229 10.59
      vertex 73.0186 94.7405 2.6
      vertex 72.6795 94.4229 2.6
    endloop
  endfacet
  facet normal 0.412878 0.910786 -0
    outer loop
      vertex 80.8402 95.7702 2.6
      vertex 80.4171 95.962 10.59
      vertex 80.8402 95.7702 10.59
    endloop
  endfacet
  facet normal 0.412878 0.910786 0
    outer loop
      vertex 80.4171 95.962 10.59
      vertex 80.8402 95.7702 2.6
      vertex 80.4171 95.962 2.6
    endloop
  endfacet
  facet normal -0.729866 -0.68359 0
    outer loop
      vertex 72.6795 84.382 2.6
      vertex 72.3619 84.7211 10.59
      vertex 72.3619 84.7211 2.6
    endloop
  endfacet
  facet normal -0.729866 -0.68359 0
    outer loop
      vertex 72.3619 84.7211 10.59
      vertex 72.6795 84.382 2.6
      vertex 72.6795 84.382 10.59
    endloop
  endfacet
  facet normal 0.226855 -0.973928 0
    outer loop
      vertex 79.0851 82.4389 2.6
      vertex 79.5376 82.5443 10.59
      vertex 79.0851 82.4389 10.59
    endloop
  endfacet
  facet normal 0.226855 -0.973928 0
    outer loop
      vertex 79.5376 82.5443 10.59
      vertex 79.0851 82.4389 2.6
      vertex 79.5376 82.5443 2.6
    endloop
  endfacet
  facet normal -0.0327129 -0.999465 0
    outer loop
      vertex 77.2356 82.3176 2.6
      vertex 77.7 82.3024 10.59
      vertex 77.2356 82.3176 10.59
    endloop
  endfacet
  facet normal -0.0327129 -0.999465 -0
    outer loop
      vertex 77.7 82.3024 10.59
      vertex 77.2356 82.3176 2.6
      vertex 77.7 82.3024 2.6
    endloop
  endfacet
  facet normal -0.956921 0.290348 0
    outer loop
      vertex 70.8419 91.24 2.6
      vertex 70.9768 91.6846 10.59
      vertex 70.9768 91.6846 2.6
    endloop
  endfacet
  facet normal -0.956921 0.290348 0
    outer loop
      vertex 70.9768 91.6846 10.59
      vertex 70.8419 91.24 2.6
      vertex 70.8419 91.24 10.59
    endloop
  endfacet
  facet normal 0.812831 0.5825 0
    outer loop
      vertex 83.6034 93.347 10.59
      vertex 83.3328 93.7246 2.6
      vertex 83.3328 93.7246 10.59
    endloop
  endfacet
  facet normal 0.812831 0.5825 0
    outer loop
      vertex 83.3328 93.7246 2.6
      vertex 83.6034 93.347 10.59
      vertex 83.6034 93.347 2.6
    endloop
  endfacet
  facet normal 0.63428 0.773103 -0
    outer loop
      vertex 82.3814 94.7405 2.6
      vertex 82.0222 95.0352 10.59
      vertex 82.3814 94.7405 10.59
    endloop
  endfacet
  facet normal 0.63428 0.773103 0
    outer loop
      vertex 82.0222 95.0352 10.59
      vertex 82.3814 94.7405 2.6
      vertex 82.0222 95.0352 2.6
    endloop
  endfacet
  facet normal -0.35209 0.935966 0
    outer loop
      vertex 75.4178 96.1256 2.6
      vertex 74.9829 95.962 10.59
      vertex 75.4178 96.1256 10.59
    endloop
  endfacet
  facet normal -0.35209 0.935966 0
    outer loop
      vertex 74.9829 95.962 10.59
      vertex 75.4178 96.1256 2.6
      vertex 74.9829 95.962 2.6
    endloop
  endfacet
  facet normal -0.352279 -0.935895 0
    outer loop
      vertex 74.9829 82.8429 2.6
      vertex 75.4178 82.6792 10.59
      vertex 74.9829 82.8429 10.59
    endloop
  endfacet
  facet normal -0.352279 -0.935895 -0
    outer loop
      vertex 75.4178 82.6792 10.59
      vertex 74.9829 82.8429 2.6
      vertex 75.4178 82.6792 2.6
    endloop
  endfacet
  facet normal -0.935868 -0.35235 0
    outer loop
      vertex 71.1405 86.6854 2.6
      vertex 70.9768 87.1202 10.59
      vertex 70.9768 87.1202 2.6
    endloop
  endfacet
  facet normal -0.935868 -0.35235 0
    outer loop
      vertex 70.9768 87.1202 10.59
      vertex 71.1405 86.6854 2.6
      vertex 71.1405 86.6854 10.59
    endloop
  endfacet
  facet normal 0.910904 0.412619 0
    outer loop
      vertex 84.2595 92.1195 10.59
      vertex 84.0678 92.5427 2.6
      vertex 84.0678 92.5427 10.59
    endloop
  endfacet
  facet normal 0.910904 0.412619 0
    outer loop
      vertex 84.0678 92.5427 2.6
      vertex 84.2595 92.1195 10.59
      vertex 84.2595 92.1195 2.6
    endloop
  endfacet
  facet normal 0.68359 0.729866 -0
    outer loop
      vertex 82.7205 94.4229 2.6
      vertex 82.3814 94.7405 10.59
      vertex 82.7205 94.4229 10.59
    endloop
  endfacet
  facet normal 0.68359 0.729866 0
    outer loop
      vertex 82.3814 94.7405 10.59
      vertex 82.7205 94.4229 2.6
      vertex 82.3814 94.7405 2.6
    endloop
  endfacet
  facet normal -0.986637 -0.162933 0
    outer loop
      vertex 70.7364 88.0173 2.6
      vertex 70.6607 88.4757 10.59
      vertex 70.6607 88.4757 2.6
    endloop
  endfacet
  facet normal -0.986637 -0.162933 0
    outer loop
      vertex 70.6607 88.4757 10.59
      vertex 70.7364 88.0173 2.6
      vertex 70.7364 88.0173 10.59
    endloop
  endfacet
  facet normal 0.956921 -0.290348 0
    outer loop
      vertex 84.4232 87.1202 10.59
      vertex 84.5581 87.5648 2.6
      vertex 84.5581 87.5648 10.59
    endloop
  endfacet
  facet normal 0.956921 -0.290348 0
    outer loop
      vertex 84.5581 87.5648 2.6
      vertex 84.4232 87.1202 10.59
      vertex 84.4232 87.1202 2.6
    endloop
  endfacet
  facet normal -0.290348 0.956921 0
    outer loop
      vertex 75.8624 96.2605 2.6
      vertex 75.4178 96.1256 10.59
      vertex 75.8624 96.2605 10.59
    endloop
  endfacet
  facet normal -0.290348 0.956921 0
    outer loop
      vertex 75.4178 96.1256 10.59
      vertex 75.8624 96.2605 2.6
      vertex 75.4178 96.1256 2.6
    endloop
  endfacet
  facet normal 0.881912 0.471415 0
    outer loop
      vertex 84.0678 92.5427 10.59
      vertex 83.8488 92.9524 2.6
      vertex 83.8488 92.9524 10.59
    endloop
  endfacet
  facet normal 0.881912 0.471415 0
    outer loop
      vertex 83.8488 92.9524 2.6
      vertex 84.0678 92.5427 10.59
      vertex 84.0678 92.5427 2.6
    endloop
  endfacet
  facet normal -0.881959 -0.471325 0
    outer loop
      vertex 71.5512 85.8524 2.6
      vertex 71.3322 86.2622 10.59
      vertex 71.3322 86.2622 2.6
    endloop
  endfacet
  facet normal -0.881959 -0.471325 0
    outer loop
      vertex 71.3322 86.2622 10.59
      vertex 71.5512 85.8524 2.6
      vertex 71.5512 85.8524 10.59
    endloop
  endfacet
  facet normal 0.0327129 -0.999465 0
    outer loop
      vertex 77.7 82.3024 2.6
      vertex 78.1644 82.3176 10.59
      vertex 77.7 82.3024 10.59
    endloop
  endfacet
  facet normal 0.0327129 -0.999465 0
    outer loop
      vertex 78.1644 82.3176 10.59
      vertex 77.7 82.3024 2.6
      vertex 78.1644 82.3176 2.6
    endloop
  endfacet
  facet normal -0.812904 -0.582398 0
    outer loop
      vertex 72.0672 85.0802 2.6
      vertex 71.7966 85.4579 10.59
      vertex 71.7966 85.4579 2.6
    endloop
  endfacet
  facet normal -0.812904 -0.582398 0
    outer loop
      vertex 71.7966 85.4579 10.59
      vertex 72.0672 85.0802 2.6
      vertex 72.0672 85.0802 10.59
    endloop
  endfacet
  facet normal 0.935895 0.352279 0
    outer loop
      vertex 84.4232 91.6846 10.59
      vertex 84.2595 92.1195 2.6
      vertex 84.2595 92.1195 10.59
    endloop
  endfacet
  facet normal 0.935895 0.352279 0
    outer loop
      vertex 84.2595 92.1195 2.6
      vertex 84.4232 91.6846 10.59
      vertex 84.4232 91.6846 2.6
    endloop
  endfacet
  facet normal 0.352279 -0.935895 0
    outer loop
      vertex 79.9822 82.6792 2.6
      vertex 80.4171 82.8429 10.59
      vertex 79.9822 82.6792 10.59
    endloop
  endfacet
  facet normal 0.352279 -0.935895 0
    outer loop
      vertex 80.4171 82.8429 10.59
      vertex 79.9822 82.6792 2.6
      vertex 80.4171 82.8429 2.6
    endloop
  endfacet
  facet normal -0.290348 -0.956921 0
    outer loop
      vertex 75.4178 82.6792 2.6
      vertex 75.8624 82.5443 10.59
      vertex 75.4178 82.6792 10.59
    endloop
  endfacet
  facet normal -0.290348 -0.956921 -0
    outer loop
      vertex 75.8624 82.5443 10.59
      vertex 75.4178 82.6792 2.6
      vertex 75.8624 82.5443 2.6
    endloop
  endfacet
  facet normal -0.973881 -0.22706 0
    outer loop
      vertex 70.8419 87.5648 2.6
      vertex 70.7364 88.0173 10.59
      vertex 70.7364 88.0173 2.6
    endloop
  endfacet
  facet normal -0.973881 -0.22706 0
    outer loop
      vertex 70.7364 88.0173 10.59
      vertex 70.8419 87.5648 2.6
      vertex 70.8419 87.5648 10.59
    endloop
  endfacet
  facet normal -0.162933 -0.986637 0
    outer loop
      vertex 76.3149 82.4389 2.6
      vertex 76.7733 82.3632 10.59
      vertex 76.3149 82.4389 10.59
    endloop
  endfacet
  facet normal -0.162933 -0.986637 -0
    outer loop
      vertex 76.7733 82.3632 10.59
      vertex 76.3149 82.4389 2.6
      vertex 76.7733 82.3632 2.6
    endloop
  endfacet
  facet normal 0.935868 -0.35235 0
    outer loop
      vertex 84.2595 86.6854 10.59
      vertex 84.4232 87.1202 2.6
      vertex 84.4232 87.1202 10.59
    endloop
  endfacet
  facet normal 0.935868 -0.35235 0
    outer loop
      vertex 84.4232 87.1202 2.6
      vertex 84.2595 86.6854 10.59
      vertex 84.2595 86.6854 2.6
    endloop
  endfacet
  facet normal -0.471325 -0.881959 0
    outer loop
      vertex 74.15 83.2536 2.6
      vertex 74.5598 83.0346 10.59
      vertex 74.15 83.2536 10.59
    endloop
  endfacet
  facet normal -0.471325 -0.881959 -0
    outer loop
      vertex 74.5598 83.0346 10.59
      vertex 74.15 83.2536 2.6
      vertex 74.5598 83.0346 2.6
    endloop
  endfacet
  facet normal 0.956921 0.290348 0
    outer loop
      vertex 84.5581 91.24 10.59
      vertex 84.4232 91.6846 2.6
      vertex 84.4232 91.6846 10.59
    endloop
  endfacet
  facet normal 0.956921 0.290348 0
    outer loop
      vertex 84.4232 91.6846 2.6
      vertex 84.5581 91.24 10.59
      vertex 84.5581 91.24 2.6
    endloop
  endfacet
  facet normal 0.162933 -0.986637 0
    outer loop
      vertex 78.6267 82.3632 2.6
      vertex 79.0851 82.4389 10.59
      vertex 78.6267 82.3632 10.59
    endloop
  endfacet
  facet normal 0.162933 -0.986637 0
    outer loop
      vertex 79.0851 82.4389 10.59
      vertex 78.6267 82.3632 2.6
      vertex 79.0851 82.4389 2.6
    endloop
  endfacet
  facet normal -0.956921 -0.290348 0
    outer loop
      vertex 70.9768 87.1202 2.6
      vertex 70.8419 87.5648 10.59
      vertex 70.8419 87.5648 2.6
    endloop
  endfacet
  facet normal -0.956921 -0.290348 0
    outer loop
      vertex 70.8419 87.5648 10.59
      vertex 70.9768 87.1202 2.6
      vertex 70.9768 87.1202 10.59
    endloop
  endfacet
  facet normal 0.0327129 0.999465 -0
    outer loop
      vertex 78.1644 96.4872 2.6
      vertex 77.7 96.5024 10.59
      vertex 78.1644 96.4872 10.59
    endloop
  endfacet
  facet normal 0.0327129 0.999465 0
    outer loop
      vertex 77.7 96.5024 10.59
      vertex 78.1644 96.4872 2.6
      vertex 77.7 96.5024 2.6
    endloop
  endfacet
  facet normal 0.0979477 0.995192 -0
    outer loop
      vertex 78.6267 96.4417 2.6
      vertex 78.1644 96.4872 10.59
      vertex 78.6267 96.4417 10.59
    endloop
  endfacet
  facet normal 0.0979477 0.995192 0
    outer loop
      vertex 78.1644 96.4872 10.59
      vertex 78.6267 96.4417 2.6
      vertex 78.1644 96.4872 2.6
    endloop
  endfacet
  facet normal 0.582398 -0.812904 0
    outer loop
      vertex 81.6445 83.499 2.6
      vertex 82.0222 83.7696 10.59
      vertex 81.6445 83.499 10.59
    endloop
  endfacet
  facet normal 0.582398 -0.812904 0
    outer loop
      vertex 82.0222 83.7696 10.59
      vertex 81.6445 83.499 2.6
      vertex 82.0222 83.7696 2.6
    endloop
  endfacet
  facet normal 0.4127 -0.910867 0
    outer loop
      vertex 80.4171 82.8429 2.6
      vertex 80.8402 83.0346 10.59
      vertex 80.4171 82.8429 10.59
    endloop
  endfacet
  facet normal 0.4127 -0.910867 0
    outer loop
      vertex 80.8402 83.0346 10.59
      vertex 80.4171 82.8429 2.6
      vertex 80.8402 83.0346 2.6
    endloop
  endfacet
  facet normal 0.58254 0.812802 -0
    outer loop
      vertex 82.0222 95.0352 2.6
      vertex 81.6445 95.3059 10.59
      vertex 82.0222 95.0352 10.59
    endloop
  endfacet
  facet normal 0.58254 0.812802 0
    outer loop
      vertex 81.6445 95.3059 10.59
      vertex 82.0222 95.0352 2.6
      vertex 81.6445 95.3059 2.6
    endloop
  endfacet
  facet normal 0.471325 0.881959 -0
    outer loop
      vertex 81.25 95.5512 2.6
      vertex 80.8402 95.7702 10.59
      vertex 81.25 95.5512 10.59
    endloop
  endfacet
  facet normal 0.471325 0.881959 0
    outer loop
      vertex 80.8402 95.7702 10.59
      vertex 81.25 95.5512 2.6
      vertex 80.8402 95.7702 2.6
    endloop
  endfacet
  facet normal 0.290348 -0.956921 0
    outer loop
      vertex 79.5376 82.5443 2.6
      vertex 79.9822 82.6792 10.59
      vertex 79.5376 82.5443 10.59
    endloop
  endfacet
  facet normal 0.290348 -0.956921 0
    outer loop
      vertex 79.9822 82.6792 10.59
      vertex 79.5376 82.5443 2.6
      vertex 79.9822 82.6792 2.6
    endloop
  endfacet
  facet normal -0.986637 0.162933 0
    outer loop
      vertex 70.6607 90.3292 2.6
      vertex 70.7364 90.7876 10.59
      vertex 70.7364 90.7876 2.6
    endloop
  endfacet
  facet normal -0.986637 0.162933 0
    outer loop
      vertex 70.7364 90.7876 10.59
      vertex 70.6607 90.3292 2.6
      vertex 70.6607 90.3292 10.59
    endloop
  endfacet
  facet normal -0.729866 0.68359 0
    outer loop
      vertex 72.3619 94.0838 2.6
      vertex 72.6795 94.4229 10.59
      vertex 72.6795 94.4229 2.6
    endloop
  endfacet
  facet normal -0.729866 0.68359 0
    outer loop
      vertex 72.6795 94.4229 10.59
      vertex 72.3619 94.0838 2.6
      vertex 72.3619 94.0838 10.59
    endloop
  endfacet
  facet normal -0.910904 -0.412619 0
    outer loop
      vertex 71.3322 86.2622 2.6
      vertex 71.1405 86.6854 10.59
      vertex 71.1405 86.6854 2.6
    endloop
  endfacet
  facet normal -0.910904 -0.412619 0
    outer loop
      vertex 71.1405 86.6854 10.59
      vertex 71.3322 86.2622 2.6
      vertex 71.3322 86.2622 10.59
    endloop
  endfacet
  facet normal -0.881912 0.471415 0
    outer loop
      vertex 71.3322 92.5427 2.6
      vertex 71.5512 92.9524 10.59
      vertex 71.5512 92.9524 2.6
    endloop
  endfacet
  facet normal -0.881912 0.471415 0
    outer loop
      vertex 71.5512 92.9524 10.59
      vertex 71.3322 92.5427 2.6
      vertex 71.3322 92.5427 10.59
    endloop
  endfacet
  facet normal 0.812904 -0.582398 0
    outer loop
      vertex 83.3328 85.0802 10.59
      vertex 83.6034 85.4579 2.6
      vertex 83.6034 85.4579 10.59
    endloop
  endfacet
  facet normal 0.812904 -0.582398 0
    outer loop
      vertex 83.6034 85.4579 2.6
      vertex 83.3328 85.0802 10.59
      vertex 83.3328 85.0802 2.6
    endloop
  endfacet
  facet normal 0.881959 -0.471325 0
    outer loop
      vertex 83.8488 85.8524 10.59
      vertex 84.0678 86.2622 2.6
      vertex 84.0678 86.2622 10.59
    endloop
  endfacet
  facet normal 0.881959 -0.471325 0
    outer loop
      vertex 84.0678 86.2622 2.6
      vertex 83.8488 85.8524 10.59
      vertex 83.8488 85.8524 2.6
    endloop
  endfacet
  facet normal 0.910904 -0.412619 0
    outer loop
      vertex 84.0678 86.2622 10.59
      vertex 84.2595 86.6854 2.6
      vertex 84.2595 86.6854 10.59
    endloop
  endfacet
  facet normal 0.910904 -0.412619 0
    outer loop
      vertex 84.2595 86.6854 2.6
      vertex 84.0678 86.2622 10.59
      vertex 84.0678 86.2622 2.6
    endloop
  endfacet
  facet normal 0.986637 -0.162933 0
    outer loop
      vertex 84.6636 88.0173 10.59
      vertex 84.7393 88.4757 2.6
      vertex 84.7393 88.4757 10.59
    endloop
  endfacet
  facet normal 0.986637 -0.162933 0
    outer loop
      vertex 84.7393 88.4757 2.6
      vertex 84.6636 88.0173 10.59
      vertex 84.6636 88.0173 2.6
    endloop
  endfacet
  facet normal -0.995194 0.0979267 0
    outer loop
      vertex 70.6152 89.8668 2.6
      vertex 70.6607 90.3292 10.59
      vertex 70.6607 90.3292 2.6
    endloop
  endfacet
  facet normal -0.995194 0.0979267 0
    outer loop
      vertex 70.6607 90.3292 10.59
      vertex 70.6152 89.8668 2.6
      vertex 70.6152 89.8668 10.59
    endloop
  endfacet
  facet normal -0.999465 0.0327129 0
    outer loop
      vertex 70.6 89.4024 2.6
      vertex 70.6152 89.8668 10.59
      vertex 70.6152 89.8668 2.6
    endloop
  endfacet
  facet normal -0.999465 0.0327129 0
    outer loop
      vertex 70.6152 89.8668 10.59
      vertex 70.6 89.4024 2.6
      vertex 70.6 89.4024 10.59
    endloop
  endfacet
  facet normal -0.935895 0.352279 0
    outer loop
      vertex 70.9768 91.6846 2.6
      vertex 71.1405 92.1195 10.59
      vertex 71.1405 92.1195 2.6
    endloop
  endfacet
  facet normal -0.935895 0.352279 0
    outer loop
      vertex 71.1405 92.1195 10.59
      vertex 70.9768 91.6846 2.6
      vertex 70.9768 91.6846 10.59
    endloop
  endfacet
  facet normal 0.471325 -0.881959 0
    outer loop
      vertex 80.8402 83.0346 2.6
      vertex 81.25 83.2536 10.59
      vertex 80.8402 83.0346 10.59
    endloop
  endfacet
  facet normal 0.471325 -0.881959 0
    outer loop
      vertex 81.25 83.2536 10.59
      vertex 80.8402 83.0346 2.6
      vertex 81.25 83.2536 2.6
    endloop
  endfacet
  facet normal -0.995194 -0.0979267 0
    outer loop
      vertex 70.6607 88.4757 2.6
      vertex 70.6152 88.9381 10.59
      vertex 70.6152 88.9381 2.6
    endloop
  endfacet
  facet normal -0.995194 -0.0979267 0
    outer loop
      vertex 70.6152 88.9381 10.59
      vertex 70.6607 88.4757 2.6
      vertex 70.6607 88.4757 10.59
    endloop
  endfacet
  facet normal -0.68359 -0.729866 0
    outer loop
      vertex 72.6795 84.382 2.6
      vertex 73.0186 84.0644 10.59
      vertex 72.6795 84.382 10.59
    endloop
  endfacet
  facet normal -0.68359 -0.729866 -0
    outer loop
      vertex 73.0186 84.0644 10.59
      vertex 72.6795 84.382 2.6
      vertex 73.0186 84.0644 2.6
    endloop
  endfacet
  facet normal -0.471325 0.881959 0
    outer loop
      vertex 74.5598 95.7702 2.6
      vertex 74.15 95.5512 10.59
      vertex 74.5598 95.7702 10.59
    endloop
  endfacet
  facet normal -0.471325 0.881959 0
    outer loop
      vertex 74.15 95.5512 10.59
      vertex 74.5598 95.7702 2.6
      vertex 74.15 95.5512 2.6
    endloop
  endfacet
  facet normal -0.634409 -0.772998 0
    outer loop
      vertex 73.0186 84.0644 2.6
      vertex 73.3778 83.7696 10.59
      vertex 73.0186 84.0644 10.59
    endloop
  endfacet
  facet normal -0.634409 -0.772998 -0
    outer loop
      vertex 73.3778 83.7696 10.59
      vertex 73.0186 84.0644 2.6
      vertex 73.3778 83.7696 2.6
    endloop
  endfacet
  facet normal -0.773103 0.63428 0
    outer loop
      vertex 72.0672 93.7246 2.6
      vertex 72.3619 94.0838 10.59
      vertex 72.3619 94.0838 2.6
    endloop
  endfacet
  facet normal -0.773103 0.63428 0
    outer loop
      vertex 72.3619 94.0838 10.59
      vertex 72.0672 93.7246 2.6
      vertex 72.0672 93.7246 10.59
    endloop
  endfacet
  facet normal -0.226855 -0.973928 0
    outer loop
      vertex 75.8624 82.5443 2.6
      vertex 76.3149 82.4389 10.59
      vertex 75.8624 82.5443 10.59
    endloop
  endfacet
  facet normal -0.226855 -0.973928 -0
    outer loop
      vertex 76.3149 82.4389 10.59
      vertex 75.8624 82.5443 2.6
      vertex 76.3149 82.4389 2.6
    endloop
  endfacet
  facet normal -0.0327129 0.999465 0
    outer loop
      vertex 77.7 96.5024 2.6
      vertex 77.2356 96.4872 10.59
      vertex 77.7 96.5024 10.59
    endloop
  endfacet
  facet normal -0.0327129 0.999465 0
    outer loop
      vertex 77.2356 96.4872 10.59
      vertex 77.7 96.5024 2.6
      vertex 77.2356 96.4872 2.6
    endloop
  endfacet
  facet normal -0.849181 0.528102 0
    outer loop
      vertex 71.5512 92.9524 2.6
      vertex 71.7966 93.347 10.59
      vertex 71.7966 93.347 2.6
    endloop
  endfacet
  facet normal -0.849181 0.528102 0
    outer loop
      vertex 71.7966 93.347 10.59
      vertex 71.5512 92.9524 2.6
      vertex 71.5512 92.9524 10.59
    endloop
  endfacet
  facet normal -0.812831 0.5825 0
    outer loop
      vertex 71.7966 93.347 2.6
      vertex 72.0672 93.7246 10.59
      vertex 72.0672 93.7246 2.6
    endloop
  endfacet
  facet normal -0.812831 0.5825 0
    outer loop
      vertex 72.0672 93.7246 10.59
      vertex 71.7966 93.347 2.6
      vertex 71.7966 93.347 10.59
    endloop
  endfacet
  facet normal -0.849121 -0.528198 0
    outer loop
      vertex 71.7966 85.4579 2.6
      vertex 71.5512 85.8524 10.59
      vertex 71.5512 85.8524 2.6
    endloop
  endfacet
  facet normal -0.849121 -0.528198 0
    outer loop
      vertex 71.5512 85.8524 10.59
      vertex 71.7966 85.4579 2.6
      vertex 71.7966 85.4579 10.59
    endloop
  endfacet
  facet normal 0.729866 0.68359 0
    outer loop
      vertex 83.0381 94.0838 10.59
      vertex 82.7205 94.4229 2.6
      vertex 82.7205 94.4229 10.59
    endloop
  endfacet
  facet normal 0.729866 0.68359 0
    outer loop
      vertex 82.7205 94.4229 2.6
      vertex 83.0381 94.0838 10.59
      vertex 83.0381 94.0838 2.6
    endloop
  endfacet
  facet normal 0.773103 0.63428 0
    outer loop
      vertex 83.3328 93.7246 10.59
      vertex 83.0381 94.0838 2.6
      vertex 83.0381 94.0838 10.59
    endloop
  endfacet
  facet normal 0.773103 0.63428 0
    outer loop
      vertex 83.0381 94.0838 2.6
      vertex 83.3328 93.7246 10.59
      vertex 83.3328 93.7246 2.6
    endloop
  endfacet
  facet normal 0.773017 -0.634386 0
    outer loop
      vertex 83.0381 84.7211 10.59
      vertex 83.3328 85.0802 2.6
      vertex 83.3328 85.0802 10.59
    endloop
  endfacet
  facet normal 0.773017 -0.634386 0
    outer loop
      vertex 83.3328 85.0802 2.6
      vertex 83.0381 84.7211 10.59
      vertex 83.0381 84.7211 2.6
    endloop
  endfacet
  facet normal 0.729866 -0.68359 0
    outer loop
      vertex 82.7205 84.382 10.59
      vertex 83.0381 84.7211 2.6
      vertex 83.0381 84.7211 10.59
    endloop
  endfacet
  facet normal 0.729866 -0.68359 0
    outer loop
      vertex 83.0381 84.7211 2.6
      vertex 82.7205 84.382 10.59
      vertex 82.7205 84.382 2.6
    endloop
  endfacet
  facet normal -0.910904 0.412619 0
    outer loop
      vertex 71.1405 92.1195 2.6
      vertex 71.3322 92.5427 10.59
      vertex 71.3322 92.5427 2.6
    endloop
  endfacet
  facet normal -0.910904 0.412619 0
    outer loop
      vertex 71.3322 92.5427 10.59
      vertex 71.1405 92.1195 2.6
      vertex 71.1405 92.1195 10.59
    endloop
  endfacet
  facet normal -0.527947 0.849278 0
    outer loop
      vertex 74.15 95.5512 2.6
      vertex 73.7554 95.3059 10.59
      vertex 74.15 95.5512 10.59
    endloop
  endfacet
  facet normal -0.527947 0.849278 0
    outer loop
      vertex 73.7554 95.3059 10.59
      vertex 74.15 95.5512 2.6
      vertex 73.7554 95.3059 2.6
    endloop
  endfacet
  facet normal 0 0 1
    outer loop
      vertex 82.2 89.4024 10.59
      vertex 84.8 89.4024 10.59
      vertex 84.7848 89.8668 10.59
    endloop
  endfacet
  facet normal 0 0 1
    outer loop
      vertex 82.1904 89.6967 10.59
      vertex 84.7848 89.8668 10.59
      vertex 84.7393 90.3292 10.59
    endloop
  endfacet
  facet normal 0 0 1
    outer loop
      vertex 84.8 89.4024 10.59
      vertex 82.2 89.4024 10.59
      vertex 84.7848 88.9381 10.59
    endloop
  endfacet
  facet normal 0 0 1
    outer loop
      vertex 82.1615 89.9898 10.59
      vertex 84.7393 90.3292 10.59
      vertex 84.6636 90.7876 10.59
    endloop
  endfacet
  facet normal -0 0 1
    outer loop
      vertex 82.1904 89.1081 10.59
      vertex 84.7848 88.9381 10.59
      vertex 82.2 89.4024 10.59
    endloop
  endfacet
  facet normal 0 0 1
    outer loop
      vertex 82.1135 90.2803 10.59
      vertex 84.6636 90.7876 10.59
      vertex 84.5581 91.24 10.59
    endloop
  endfacet
  facet normal 0 0 1
    outer loop
      vertex 84.7848 88.9381 10.59
      vertex 82.1904 89.1081 10.59
      vertex 84.7393 88.4757 10.59
    endloop
  endfacet
  facet normal 0 0 1
    outer loop
      vertex 82.0467 90.5671 10.59
      vertex 84.5581 91.24 10.59
      vertex 84.4232 91.6846 10.59
    endloop
  endfacet
  facet normal -0 0 1
    outer loop
      vertex 82.1615 88.8151 10.59
      vertex 84.7393 88.4757 10.59
      vertex 82.1904 89.1081 10.59
    endloop
  endfacet
  facet normal 0 0 1
    outer loop
      vertex 81.9612 90.8489 10.59
      vertex 84.4232 91.6846 10.59
      vertex 84.2595 92.1195 10.59
    endloop
  endfacet
  facet normal 0 0 1
    outer loop
      vertex 84.7393 88.4757 10.59
      vertex 82.1615 88.8151 10.59
      vertex 84.6636 88.0173 10.59
    endloop
  endfacet
  facet normal 0 0 1
    outer loop
      vertex 81.8575 91.1245 10.59
      vertex 84.2595 92.1195 10.59
      vertex 84.0678 92.5427 10.59
    endloop
  endfacet
  facet normal -0 0 1
    outer loop
      vertex 82.1135 88.5245 10.59
      vertex 84.6636 88.0173 10.59
      vertex 82.1615 88.8151 10.59
    endloop
  endfacet
  facet normal 0 0 1
    outer loop
      vertex 81.7359 91.3927 10.59
      vertex 84.0678 92.5427 10.59
      vertex 83.8488 92.9524 10.59
    endloop
  endfacet
  facet normal 0 0 1
    outer loop
      vertex 84.6636 88.0173 10.59
      vertex 82.1135 88.5245 10.59
      vertex 84.5581 87.5648 10.59
    endloop
  endfacet
  facet normal 0 0 1
    outer loop
      vertex 81.5971 91.6524 10.59
      vertex 83.8488 92.9524 10.59
      vertex 83.6034 93.347 10.59
    endloop
  endfacet
  facet normal -0 0 1
    outer loop
      vertex 82.0467 88.2377 10.59
      vertex 84.5581 87.5648 10.59
      vertex 82.1135 88.5245 10.59
    endloop
  endfacet
  facet normal 0 0 1
    outer loop
      vertex 81.4416 91.9025 10.59
      vertex 83.6034 93.347 10.59
      vertex 83.3328 93.7246 10.59
    endloop
  endfacet
  facet normal 0 0 1
    outer loop
      vertex 84.5581 87.5648 10.59
      vertex 82.0467 88.2377 10.59
      vertex 84.4232 87.1202 10.59
    endloop
  endfacet
  facet normal 0 0 1
    outer loop
      vertex 81.2701 92.1419 10.59
      vertex 83.3328 93.7246 10.59
      vertex 83.0381 94.0838 10.59
    endloop
  endfacet
  facet normal -0 0 1
    outer loop
      vertex 81.9612 87.9559 10.59
      vertex 84.4232 87.1202 10.59
      vertex 82.0467 88.2377 10.59
    endloop
  endfacet
  facet normal 0 0 1
    outer loop
      vertex 81.0833 92.3695 10.59
      vertex 83.0381 94.0838 10.59
      vertex 82.7205 94.4229 10.59
    endloop
  endfacet
  facet normal 0 0 1
    outer loop
      vertex 84.4232 87.1202 10.59
      vertex 81.9612 87.9559 10.59
      vertex 84.2595 86.6854 10.59
    endloop
  endfacet
  facet normal 0 0 1
    outer loop
      vertex 80.882 92.5844 10.59
      vertex 82.7205 94.4229 10.59
      vertex 82.3814 94.7405 10.59
    endloop
  endfacet
  facet normal -0 0 1
    outer loop
      vertex 81.8575 87.6804 10.59
      vertex 84.2595 86.6854 10.59
      vertex 81.9612 87.9559 10.59
    endloop
  endfacet
  facet normal 0 0 1
    outer loop
      vertex 84.2595 86.6854 10.59
      vertex 81.8575 87.6804 10.59
      vertex 84.0678 86.2622 10.59
    endloop
  endfacet
  facet normal 0 0 1
    outer loop
      vertex 84.7848 89.8668 10.59
      vertex 82.1904 89.6967 10.59
      vertex 82.2 89.4024 10.59
    endloop
  endfacet
  facet normal 0 0 1
    outer loop
      vertex 84.7393 90.3292 10.59
      vertex 82.1615 89.9898 10.59
      vertex 82.1904 89.6967 10.59
    endloop
  endfacet
  facet normal 0 0 1
    outer loop
      vertex 84.6636 90.7876 10.59
      vertex 82.1135 90.2803 10.59
      vertex 82.1615 89.9898 10.59
    endloop
  endfacet
  facet normal 0 0 1
    outer loop
      vertex 84.5581 91.24 10.59
      vertex 82.0467 90.5671 10.59
      vertex 82.1135 90.2803 10.59
    endloop
  endfacet
  facet normal 0 0 1
    outer loop
      vertex 80.6671 92.7857 10.59
      vertex 82.3814 94.7405 10.59
      vertex 82.0222 95.0352 10.59
    endloop
  endfacet
  facet normal 0 0 1
    outer loop
      vertex 84.4232 91.6846 10.59
      vertex 81.9612 90.8489 10.59
      vertex 82.0467 90.5671 10.59
    endloop
  endfacet
  facet normal 0 0 1
    outer loop
      vertex 84.2595 92.1195 10.59
      vertex 81.8575 91.1245 10.59
      vertex 81.9612 90.8489 10.59
    endloop
  endfacet
  facet normal 0 0 1
    outer loop
      vertex 84.0678 92.5427 10.59
      vertex 81.7359 91.3927 10.59
      vertex 81.8575 91.1245 10.59
    endloop
  endfacet
  facet normal 0 0 1
    outer loop
      vertex 80.4394 92.9725 10.59
      vertex 82.0222 95.0352 10.59
      vertex 81.6445 95.3059 10.59
    endloop
  endfacet
  facet normal 0 0 1
    outer loop
      vertex 83.8488 92.9524 10.59
      vertex 81.5971 91.6524 10.59
      vertex 81.7359 91.3927 10.59
    endloop
  endfacet
  facet normal 0 0 1
    outer loop
      vertex 83.6034 93.347 10.59
      vertex 81.4416 91.9025 10.59
      vertex 81.5971 91.6524 10.59
    endloop
  endfacet
  facet normal 0 0 1
    outer loop
      vertex 83.3328 93.7246 10.59
      vertex 81.2701 92.1419 10.59
      vertex 81.4416 91.9025 10.59
    endloop
  endfacet
  facet normal 0 0 1
    outer loop
      vertex 80.2001 93.144 10.59
      vertex 81.6445 95.3059 10.59
      vertex 81.25 95.5512 10.59
    endloop
  endfacet
  facet normal 0 0 1
    outer loop
      vertex 83.0381 94.0838 10.59
      vertex 81.0833 92.3695 10.59
      vertex 81.2701 92.1419 10.59
    endloop
  endfacet
  facet normal 0 0 1
    outer loop
      vertex 82.7205 94.4229 10.59
      vertex 80.882 92.5844 10.59
      vertex 81.0833 92.3695 10.59
    endloop
  endfacet
  facet normal 0 0 1
    outer loop
      vertex 79.95 93.2995 10.59
      vertex 81.25 95.5512 10.59
      vertex 80.8402 95.7702 10.59
    endloop
  endfacet
  facet normal 0 0 1
    outer loop
      vertex 82.3814 94.7405 10.59
      vertex 80.6671 92.7857 10.59
      vertex 80.882 92.5844 10.59
    endloop
  endfacet
  facet normal 0 0 1
    outer loop
      vertex 82.0222 95.0352 10.59
      vertex 80.4394 92.9725 10.59
      vertex 80.6671 92.7857 10.59
    endloop
  endfacet
  facet normal 0 0 1
    outer loop
      vertex 79.6903 93.4384 10.59
      vertex 80.8402 95.7702 10.59
      vertex 80.4171 95.962 10.59
    endloop
  endfacet
  facet normal 0 0 1
    outer loop
      vertex 81.6445 95.3059 10.59
      vertex 80.2001 93.144 10.59
      vertex 80.4394 92.9725 10.59
    endloop
  endfacet
  facet normal 0 0 1
    outer loop
      vertex 79.4221 93.5599 10.59
      vertex 80.4171 95.962 10.59
      vertex 79.9822 96.1256 10.59
    endloop
  endfacet
  facet normal 0 0 1
    outer loop
      vertex 81.25 95.5512 10.59
      vertex 79.95 93.2995 10.59
      vertex 80.2001 93.144 10.59
    endloop
  endfacet
  facet normal 0 0 1
    outer loop
      vertex 80.8402 95.7702 10.59
      vertex 79.6903 93.4384 10.59
      vertex 79.95 93.2995 10.59
    endloop
  endfacet
  facet normal 0 0 1
    outer loop
      vertex 79.1465 93.6636 10.59
      vertex 79.9822 96.1256 10.59
      vertex 79.5376 96.2605 10.59
    endloop
  endfacet
  facet normal 0 0 1
    outer loop
      vertex 80.4171 95.962 10.59
      vertex 79.4221 93.5599 10.59
      vertex 79.6903 93.4384 10.59
    endloop
  endfacet
  facet normal 0 0 1
    outer loop
      vertex 79.9822 96.1256 10.59
      vertex 79.1465 93.6636 10.59
      vertex 79.4221 93.5599 10.59
    endloop
  endfacet
  facet normal 0 0 1
    outer loop
      vertex 78.8647 93.7491 10.59
      vertex 79.5376 96.2605 10.59
      vertex 79.0851 96.366 10.59
    endloop
  endfacet
  facet normal 0 0 1
    outer loop
      vertex 79.5376 96.2605 10.59
      vertex 78.8647 93.7491 10.59
      vertex 79.1465 93.6636 10.59
    endloop
  endfacet
  facet normal 0 0 1
    outer loop
      vertex 78.5779 93.816 10.59
      vertex 79.0851 96.366 10.59
      vertex 78.6267 96.4417 10.59
    endloop
  endfacet
  facet normal 0 0 1
    outer loop
      vertex 79.0851 96.366 10.59
      vertex 78.5779 93.816 10.59
      vertex 78.8647 93.7491 10.59
    endloop
  endfacet
  facet normal 0 0 1
    outer loop
      vertex 78.6267 96.4417 10.59
      vertex 78.2874 93.8639 10.59
      vertex 78.5779 93.816 10.59
    endloop
  endfacet
  facet normal 0 0 1
    outer loop
      vertex 78.1644 96.4872 10.59
      vertex 78.2874 93.8639 10.59
      vertex 78.6267 96.4417 10.59
    endloop
  endfacet
  facet normal 0 0 1
    outer loop
      vertex 78.1644 96.4872 10.59
      vertex 77.9943 93.8928 10.59
      vertex 78.2874 93.8639 10.59
    endloop
  endfacet
  facet normal 0 0 1
    outer loop
      vertex 77.7 96.5024 10.59
      vertex 77.9943 93.8928 10.59
      vertex 78.1644 96.4872 10.59
    endloop
  endfacet
  facet normal 0 0 1
    outer loop
      vertex 77.7 96.5024 10.59
      vertex 77.7 93.9024 10.59
      vertex 77.9943 93.8928 10.59
    endloop
  endfacet
  facet normal 0 0 1
    outer loop
      vertex 77.7 96.5024 10.59
      vertex 77.4057 93.8928 10.59
      vertex 77.7 93.9024 10.59
    endloop
  endfacet
  facet normal -0 0 1
    outer loop
      vertex 77.2356 96.4872 10.59
      vertex 77.4057 93.8928 10.59
      vertex 77.7 96.5024 10.59
    endloop
  endfacet
  facet normal 0 0 1
    outer loop
      vertex 77.2356 96.4872 10.59
      vertex 77.1126 93.8639 10.59
      vertex 77.4057 93.8928 10.59
    endloop
  endfacet
  facet normal -0 0 1
    outer loop
      vertex 76.7733 96.4417 10.59
      vertex 77.1126 93.8639 10.59
      vertex 77.2356 96.4872 10.59
    endloop
  endfacet
  facet normal 0 0 1
    outer loop
      vertex 77.1126 93.8639 10.59
      vertex 76.7733 96.4417 10.59
      vertex 76.8221 93.816 10.59
    endloop
  endfacet
  facet normal -0 0 1
    outer loop
      vertex 76.3149 96.366 10.59
      vertex 76.8221 93.816 10.59
      vertex 76.7733 96.4417 10.59
    endloop
  endfacet
  facet normal 0 0 1
    outer loop
      vertex 76.8221 93.816 10.59
      vertex 76.3149 96.366 10.59
      vertex 76.5353 93.7491 10.59
    endloop
  endfacet
  facet normal -0 0 1
    outer loop
      vertex 75.8624 96.2605 10.59
      vertex 76.5353 93.7491 10.59
      vertex 76.3149 96.366 10.59
    endloop
  endfacet
  facet normal 0 0 1
    outer loop
      vertex 76.5353 93.7491 10.59
      vertex 75.8624 96.2605 10.59
      vertex 76.2535 93.6636 10.59
    endloop
  endfacet
  facet normal -0 0 1
    outer loop
      vertex 75.4178 96.1256 10.59
      vertex 76.2535 93.6636 10.59
      vertex 75.8624 96.2605 10.59
    endloop
  endfacet
  facet normal 0 0 1
    outer loop
      vertex 76.2535 93.6636 10.59
      vertex 75.4178 96.1256 10.59
      vertex 75.9779 93.5599 10.59
    endloop
  endfacet
  facet normal -0 0 1
    outer loop
      vertex 74.9829 95.962 10.59
      vertex 75.9779 93.5599 10.59
      vertex 75.4178 96.1256 10.59
    endloop
  endfacet
  facet normal 0 0 1
    outer loop
      vertex 75.9779 93.5599 10.59
      vertex 74.9829 95.962 10.59
      vertex 75.7097 93.4384 10.59
    endloop
  endfacet
  facet normal -0 0 1
    outer loop
      vertex 74.5598 95.7702 10.59
      vertex 75.7097 93.4384 10.59
      vertex 74.9829 95.962 10.59
    endloop
  endfacet
  facet normal 0 0 1
    outer loop
      vertex 75.7097 93.4384 10.59
      vertex 74.5598 95.7702 10.59
      vertex 75.45 93.2995 10.59
    endloop
  endfacet
  facet normal -0 0 1
    outer loop
      vertex 74.15 95.5512 10.59
      vertex 75.45 93.2995 10.59
      vertex 74.5598 95.7702 10.59
    endloop
  endfacet
  facet normal 0 0 1
    outer loop
      vertex 75.45 93.2995 10.59
      vertex 74.15 95.5512 10.59
      vertex 75.1999 93.144 10.59
    endloop
  endfacet
  facet normal -0 0 1
    outer loop
      vertex 73.7554 95.3059 10.59
      vertex 75.1999 93.144 10.59
      vertex 74.15 95.5512 10.59
    endloop
  endfacet
  facet normal 0 0 1
    outer loop
      vertex 75.1999 93.144 10.59
      vertex 73.7554 95.3059 10.59
      vertex 74.9606 92.9725 10.59
    endloop
  endfacet
  facet normal -0 0 1
    outer loop
      vertex 73.3778 95.0352 10.59
      vertex 74.9606 92.9725 10.59
      vertex 73.7554 95.3059 10.59
    endloop
  endfacet
  facet normal 0 0 1
    outer loop
      vertex 74.9606 92.9725 10.59
      vertex 73.3778 95.0352 10.59
      vertex 74.7329 92.7857 10.59
    endloop
  endfacet
  facet normal -0 0 1
    outer loop
      vertex 73.0186 94.7405 10.59
      vertex 74.7329 92.7857 10.59
      vertex 73.3778 95.0352 10.59
    endloop
  endfacet
  facet normal 0 0 1
    outer loop
      vertex 74.7329 92.7857 10.59
      vertex 73.0186 94.7405 10.59
      vertex 74.518 92.5844 10.59
    endloop
  endfacet
  facet normal -0 0 1
    outer loop
      vertex 72.6795 94.4229 10.59
      vertex 74.518 92.5844 10.59
      vertex 73.0186 94.7405 10.59
    endloop
  endfacet
  facet normal 0 0 1
    outer loop
      vertex 74.518 92.5844 10.59
      vertex 72.6795 94.4229 10.59
      vertex 74.3167 92.3695 10.59
    endloop
  endfacet
  facet normal -0 0 1
    outer loop
      vertex 72.3619 94.0838 10.59
      vertex 74.3167 92.3695 10.59
      vertex 72.6795 94.4229 10.59
    endloop
  endfacet
  facet normal 0 0 1
    outer loop
      vertex 74.3167 92.3695 10.59
      vertex 72.3619 94.0838 10.59
      vertex 74.1299 92.1419 10.59
    endloop
  endfacet
  facet normal -0 0 1
    outer loop
      vertex 72.0672 93.7246 10.59
      vertex 74.1299 92.1419 10.59
      vertex 72.3619 94.0838 10.59
    endloop
  endfacet
  facet normal 0 0 1
    outer loop
      vertex 74.1299 92.1419 10.59
      vertex 72.0672 93.7246 10.59
      vertex 73.9584 91.9025 10.59
    endloop
  endfacet
  facet normal -0 0 1
    outer loop
      vertex 71.7966 93.347 10.59
      vertex 73.9584 91.9025 10.59
      vertex 72.0672 93.7246 10.59
    endloop
  endfacet
  facet normal 0 0 1
    outer loop
      vertex 73.9584 91.9025 10.59
      vertex 71.7966 93.347 10.59
      vertex 73.8029 91.6524 10.59
    endloop
  endfacet
  facet normal -0 0 1
    outer loop
      vertex 71.5512 92.9524 10.59
      vertex 73.8029 91.6524 10.59
      vertex 71.7966 93.347 10.59
    endloop
  endfacet
  facet normal 0 0 1
    outer loop
      vertex 73.8029 91.6524 10.59
      vertex 71.5512 92.9524 10.59
      vertex 73.6641 91.3927 10.59
    endloop
  endfacet
  facet normal -0 0 1
    outer loop
      vertex 71.3322 92.5427 10.59
      vertex 73.6641 91.3927 10.59
      vertex 71.5512 92.9524 10.59
    endloop
  endfacet
  facet normal 0 0 1
    outer loop
      vertex 73.6641 91.3927 10.59
      vertex 71.3322 92.5427 10.59
      vertex 73.5425 91.1245 10.59
    endloop
  endfacet
  facet normal -0 0 1
    outer loop
      vertex 81.7359 87.4121 10.59
      vertex 84.0678 86.2622 10.59
      vertex 81.8575 87.6804 10.59
    endloop
  endfacet
  facet normal 0 0 1
    outer loop
      vertex 84.0678 86.2622 10.59
      vertex 81.7359 87.4121 10.59
      vertex 83.8488 85.8524 10.59
    endloop
  endfacet
  facet normal -0 0 1
    outer loop
      vertex 81.5971 87.1524 10.59
      vertex 83.8488 85.8524 10.59
      vertex 81.7359 87.4121 10.59
    endloop
  endfacet
  facet normal 0 0 1
    outer loop
      vertex 83.8488 85.8524 10.59
      vertex 81.5971 87.1524 10.59
      vertex 83.6034 85.4579 10.59
    endloop
  endfacet
  facet normal -0 0 1
    outer loop
      vertex 81.4416 86.9024 10.59
      vertex 83.6034 85.4579 10.59
      vertex 81.5971 87.1524 10.59
    endloop
  endfacet
  facet normal 0 0 1
    outer loop
      vertex 83.6034 85.4579 10.59
      vertex 81.4416 86.9024 10.59
      vertex 83.3328 85.0802 10.59
    endloop
  endfacet
  facet normal -0 0 1
    outer loop
      vertex 81.2701 86.663 10.59
      vertex 83.3328 85.0802 10.59
      vertex 81.4416 86.9024 10.59
    endloop
  endfacet
  facet normal 0 0 1
    outer loop
      vertex 83.3328 85.0802 10.59
      vertex 81.2701 86.663 10.59
      vertex 83.0381 84.7211 10.59
    endloop
  endfacet
  facet normal -0 0 1
    outer loop
      vertex 81.0833 86.4354 10.59
      vertex 83.0381 84.7211 10.59
      vertex 81.2701 86.663 10.59
    endloop
  endfacet
  facet normal 0 0 1
    outer loop
      vertex 83.0381 84.7211 10.59
      vertex 81.0833 86.4354 10.59
      vertex 82.7205 84.382 10.59
    endloop
  endfacet
  facet normal -0 0 1
    outer loop
      vertex 80.882 86.2204 10.59
      vertex 82.7205 84.382 10.59
      vertex 81.0833 86.4354 10.59
    endloop
  endfacet
  facet normal 0 0 1
    outer loop
      vertex 82.7205 84.382 10.59
      vertex 80.882 86.2204 10.59
      vertex 82.3814 84.0644 10.59
    endloop
  endfacet
  facet normal -0 0 1
    outer loop
      vertex 80.6671 86.0191 10.59
      vertex 82.3814 84.0644 10.59
      vertex 80.882 86.2204 10.59
    endloop
  endfacet
  facet normal 0 0 1
    outer loop
      vertex 82.3814 84.0644 10.59
      vertex 80.6671 86.0191 10.59
      vertex 82.0222 83.7696 10.59
    endloop
  endfacet
  facet normal -0 0 1
    outer loop
      vertex 80.4394 85.8323 10.59
      vertex 82.0222 83.7696 10.59
      vertex 80.6671 86.0191 10.59
    endloop
  endfacet
  facet normal 0 0 1
    outer loop
      vertex 82.0222 83.7696 10.59
      vertex 80.4394 85.8323 10.59
      vertex 81.6445 83.499 10.59
    endloop
  endfacet
  facet normal -0 0 1
    outer loop
      vertex 80.2001 85.6608 10.59
      vertex 81.6445 83.499 10.59
      vertex 80.4394 85.8323 10.59
    endloop
  endfacet
  facet normal 0 0 1
    outer loop
      vertex 81.6445 83.499 10.59
      vertex 80.2001 85.6608 10.59
      vertex 81.25 83.2536 10.59
    endloop
  endfacet
  facet normal -0 0 1
    outer loop
      vertex 79.95 85.5053 10.59
      vertex 81.25 83.2536 10.59
      vertex 80.2001 85.6608 10.59
    endloop
  endfacet
  facet normal 0 0 1
    outer loop
      vertex 81.25 83.2536 10.59
      vertex 79.95 85.5053 10.59
      vertex 80.8402 83.0346 10.59
    endloop
  endfacet
  facet normal -0 0 1
    outer loop
      vertex 79.6903 85.3665 10.59
      vertex 80.8402 83.0346 10.59
      vertex 79.95 85.5053 10.59
    endloop
  endfacet
  facet normal 0 0 1
    outer loop
      vertex 80.8402 83.0346 10.59
      vertex 79.6903 85.3665 10.59
      vertex 80.4171 82.8429 10.59
    endloop
  endfacet
  facet normal -0 0 1
    outer loop
      vertex 79.4221 85.245 10.59
      vertex 80.4171 82.8429 10.59
      vertex 79.6903 85.3665 10.59
    endloop
  endfacet
  facet normal 0 0 1
    outer loop
      vertex 80.4171 82.8429 10.59
      vertex 79.4221 85.245 10.59
      vertex 79.9822 82.6792 10.59
    endloop
  endfacet
  facet normal -0 0 1
    outer loop
      vertex 79.1465 85.1412 10.59
      vertex 79.9822 82.6792 10.59
      vertex 79.4221 85.245 10.59
    endloop
  endfacet
  facet normal 0 0 1
    outer loop
      vertex 79.9822 82.6792 10.59
      vertex 79.1465 85.1412 10.59
      vertex 79.5376 82.5443 10.59
    endloop
  endfacet
  facet normal -0 0 1
    outer loop
      vertex 78.8647 85.0558 10.59
      vertex 79.5376 82.5443 10.59
      vertex 79.1465 85.1412 10.59
    endloop
  endfacet
  facet normal 0 0 1
    outer loop
      vertex 79.5376 82.5443 10.59
      vertex 78.8647 85.0558 10.59
      vertex 79.0851 82.4389 10.59
    endloop
  endfacet
  facet normal -0 0 1
    outer loop
      vertex 78.5779 84.9889 10.59
      vertex 79.0851 82.4389 10.59
      vertex 78.8647 85.0558 10.59
    endloop
  endfacet
  facet normal 0 0 1
    outer loop
      vertex 79.0851 82.4389 10.59
      vertex 78.5779 84.9889 10.59
      vertex 78.6267 82.3632 10.59
    endloop
  endfacet
  facet normal -0 0 1
    outer loop
      vertex 78.2874 84.9409 10.59
      vertex 78.6267 82.3632 10.59
      vertex 78.5779 84.9889 10.59
    endloop
  endfacet
  facet normal 0 0 1
    outer loop
      vertex 78.2874 84.9409 10.59
      vertex 78.1644 82.3176 10.59
      vertex 78.6267 82.3632 10.59
    endloop
  endfacet
  facet normal -0 0 1
    outer loop
      vertex 77.9943 84.9121 10.59
      vertex 78.1644 82.3176 10.59
      vertex 78.2874 84.9409 10.59
    endloop
  endfacet
  facet normal -0 0 1
    outer loop
      vertex 77.7 84.9024 10.59
      vertex 78.1644 82.3176 10.59
      vertex 77.9943 84.9121 10.59
    endloop
  endfacet
  facet normal 0 0 1
    outer loop
      vertex 77.7 84.9024 10.59
      vertex 77.7 82.3024 10.59
      vertex 78.1644 82.3176 10.59
    endloop
  endfacet
  facet normal 0 0 1
    outer loop
      vertex 77.4057 84.9121 10.59
      vertex 77.7 82.3024 10.59
      vertex 77.7 84.9024 10.59
    endloop
  endfacet
  facet normal 0 0 1
    outer loop
      vertex 77.4057 84.9121 10.59
      vertex 77.2356 82.3176 10.59
      vertex 77.7 82.3024 10.59
    endloop
  endfacet
  facet normal 0 0 1
    outer loop
      vertex 77.1126 84.9409 10.59
      vertex 77.2356 82.3176 10.59
      vertex 77.4057 84.9121 10.59
    endloop
  endfacet
  facet normal 0 0 1
    outer loop
      vertex 76.7733 82.3632 10.59
      vertex 77.1126 84.9409 10.59
      vertex 76.8221 84.9889 10.59
    endloop
  endfacet
  facet normal 0 0 1
    outer loop
      vertex 77.1126 84.9409 10.59
      vertex 76.7733 82.3632 10.59
      vertex 77.2356 82.3176 10.59
    endloop
  endfacet
  facet normal 0 0 1
    outer loop
      vertex 76.3149 82.4389 10.59
      vertex 76.8221 84.9889 10.59
      vertex 76.5353 85.0558 10.59
    endloop
  endfacet
  facet normal 0 0 1
    outer loop
      vertex 76.8221 84.9889 10.59
      vertex 76.3149 82.4389 10.59
      vertex 76.7733 82.3632 10.59
    endloop
  endfacet
  facet normal 0 0 1
    outer loop
      vertex 75.8624 82.5443 10.59
      vertex 76.5353 85.0558 10.59
      vertex 76.2535 85.1412 10.59
    endloop
  endfacet
  facet normal 0 0 1
    outer loop
      vertex 75.4178 82.6792 10.59
      vertex 76.2535 85.1412 10.59
      vertex 75.9779 85.245 10.59
    endloop
  endfacet
  facet normal 0 0 1
    outer loop
      vertex 76.5353 85.0558 10.59
      vertex 75.8624 82.5443 10.59
      vertex 76.3149 82.4389 10.59
    endloop
  endfacet
  facet normal 0 0 1
    outer loop
      vertex 74.9829 82.8429 10.59
      vertex 75.9779 85.245 10.59
      vertex 75.7097 85.3665 10.59
    endloop
  endfacet
  facet normal 0 0 1
    outer loop
      vertex 74.5598 83.0346 10.59
      vertex 75.7097 85.3665 10.59
      vertex 75.45 85.5053 10.59
    endloop
  endfacet
  facet normal 0 0 1
    outer loop
      vertex 76.2535 85.1412 10.59
      vertex 75.4178 82.6792 10.59
      vertex 75.8624 82.5443 10.59
    endloop
  endfacet
  facet normal 0 0 1
    outer loop
      vertex 74.15 83.2536 10.59
      vertex 75.45 85.5053 10.59
      vertex 75.1999 85.6608 10.59
    endloop
  endfacet
  facet normal 0 0 1
    outer loop
      vertex 75.9779 85.245 10.59
      vertex 74.9829 82.8429 10.59
      vertex 75.4178 82.6792 10.59
    endloop
  endfacet
  facet normal 0 0 1
    outer loop
      vertex 73.7554 83.499 10.59
      vertex 75.1999 85.6608 10.59
      vertex 74.9606 85.8323 10.59
    endloop
  endfacet
  facet normal 0 0 1
    outer loop
      vertex 73.3778 83.7696 10.59
      vertex 74.9606 85.8323 10.59
      vertex 74.7329 86.0191 10.59
    endloop
  endfacet
  facet normal 0 0 1
    outer loop
      vertex 75.7097 85.3665 10.59
      vertex 74.5598 83.0346 10.59
      vertex 74.9829 82.8429 10.59
    endloop
  endfacet
  facet normal 0 0 1
    outer loop
      vertex 73.0186 84.0644 10.59
      vertex 74.7329 86.0191 10.59
      vertex 74.518 86.2204 10.59
    endloop
  endfacet
  facet normal 0 0 1
    outer loop
      vertex 72.6795 84.382 10.59
      vertex 74.518 86.2204 10.59
      vertex 74.3167 86.4354 10.59
    endloop
  endfacet
  facet normal 0 0 1
    outer loop
      vertex 75.45 85.5053 10.59
      vertex 74.15 83.2536 10.59
      vertex 74.5598 83.0346 10.59
    endloop
  endfacet
  facet normal 0 0 1
    outer loop
      vertex 72.3619 84.7211 10.59
      vertex 74.3167 86.4354 10.59
      vertex 74.1299 86.663 10.59
    endloop
  endfacet
  facet normal 0 0 1
    outer loop
      vertex 72.0672 85.0802 10.59
      vertex 74.1299 86.663 10.59
      vertex 73.9584 86.9024 10.59
    endloop
  endfacet
  facet normal 0 0 1
    outer loop
      vertex 71.7966 85.4579 10.59
      vertex 73.9584 86.9024 10.59
      vertex 73.8029 87.1524 10.59
    endloop
  endfacet
  facet normal 0 0 1
    outer loop
      vertex 75.1999 85.6608 10.59
      vertex 73.7554 83.499 10.59
      vertex 74.15 83.2536 10.59
    endloop
  endfacet
  facet normal 0 0 1
    outer loop
      vertex 71.5512 85.8524 10.59
      vertex 73.8029 87.1524 10.59
      vertex 73.6641 87.4121 10.59
    endloop
  endfacet
  facet normal 0 0 1
    outer loop
      vertex 71.3322 86.2622 10.59
      vertex 73.6641 87.4121 10.59
      vertex 73.5425 87.6804 10.59
    endloop
  endfacet
  facet normal 0 0 1
    outer loop
      vertex 71.1405 86.6854 10.59
      vertex 73.5425 87.6804 10.59
      vertex 73.4388 87.9559 10.59
    endloop
  endfacet
  facet normal 0 0 1
    outer loop
      vertex 74.9606 85.8323 10.59
      vertex 73.3778 83.7696 10.59
      vertex 73.7554 83.499 10.59
    endloop
  endfacet
  facet normal 0 0 1
    outer loop
      vertex 70.9768 87.1202 10.59
      vertex 73.4388 87.9559 10.59
      vertex 73.3533 88.2377 10.59
    endloop
  endfacet
  facet normal 0 0 1
    outer loop
      vertex 70.8419 87.5648 10.59
      vertex 73.3533 88.2377 10.59
      vertex 73.2865 88.5245 10.59
    endloop
  endfacet
  facet normal 0 0 1
    outer loop
      vertex 70.7364 88.0173 10.59
      vertex 73.2865 88.5245 10.59
      vertex 73.2385 88.8151 10.59
    endloop
  endfacet
  facet normal 0 0 1
    outer loop
      vertex 70.6607 88.4757 10.59
      vertex 73.2385 88.8151 10.59
      vertex 73.2096 89.1081 10.59
    endloop
  endfacet
  facet normal 0 0 1
    outer loop
      vertex 70.6152 88.9381 10.59
      vertex 73.2096 89.1081 10.59
      vertex 73.2 89.4024 10.59
    endloop
  endfacet
  facet normal -0 0 1
    outer loop
      vertex 71.1405 92.1195 10.59
      vertex 73.5425 91.1245 10.59
      vertex 71.3322 92.5427 10.59
    endloop
  endfacet
  facet normal 0 0 1
    outer loop
      vertex 74.7329 86.0191 10.59
      vertex 73.0186 84.0644 10.59
      vertex 73.3778 83.7696 10.59
    endloop
  endfacet
  facet normal 0 0 1
    outer loop
      vertex 73.5425 91.1245 10.59
      vertex 71.1405 92.1195 10.59
      vertex 73.4388 90.8489 10.59
    endloop
  endfacet
  facet normal 0 0 1
    outer loop
      vertex 74.518 86.2204 10.59
      vertex 72.6795 84.382 10.59
      vertex 73.0186 84.0644 10.59
    endloop
  endfacet
  facet normal -0 0 1
    outer loop
      vertex 70.9768 91.6846 10.59
      vertex 73.4388 90.8489 10.59
      vertex 71.1405 92.1195 10.59
    endloop
  endfacet
  facet normal 0 0 1
    outer loop
      vertex 74.3167 86.4354 10.59
      vertex 72.3619 84.7211 10.59
      vertex 72.6795 84.382 10.59
    endloop
  endfacet
  facet normal 0 0 1
    outer loop
      vertex 73.4388 90.8489 10.59
      vertex 70.9768 91.6846 10.59
      vertex 73.3533 90.5671 10.59
    endloop
  endfacet
  facet normal 0 0 1
    outer loop
      vertex 74.1299 86.663 10.59
      vertex 72.0672 85.0802 10.59
      vertex 72.3619 84.7211 10.59
    endloop
  endfacet
  facet normal -0 0 1
    outer loop
      vertex 70.8419 91.24 10.59
      vertex 73.3533 90.5671 10.59
      vertex 70.9768 91.6846 10.59
    endloop
  endfacet
  facet normal 0 0 1
    outer loop
      vertex 73.9584 86.9024 10.59
      vertex 71.7966 85.4579 10.59
      vertex 72.0672 85.0802 10.59
    endloop
  endfacet
  facet normal 0 0 1
    outer loop
      vertex 73.3533 90.5671 10.59
      vertex 70.8419 91.24 10.59
      vertex 73.2865 90.2803 10.59
    endloop
  endfacet
  facet normal 0 0 1
    outer loop
      vertex 73.8029 87.1524 10.59
      vertex 71.5512 85.8524 10.59
      vertex 71.7966 85.4579 10.59
    endloop
  endfacet
  facet normal -0 0 1
    outer loop
      vertex 70.7364 90.7876 10.59
      vertex 73.2865 90.2803 10.59
      vertex 70.8419 91.24 10.59
    endloop
  endfacet
  facet normal 0 0 1
    outer loop
      vertex 73.6641 87.4121 10.59
      vertex 71.3322 86.2622 10.59
      vertex 71.5512 85.8524 10.59
    endloop
  endfacet
  facet normal 0 0 1
    outer loop
      vertex 73.2865 90.2803 10.59
      vertex 70.7364 90.7876 10.59
      vertex 73.2385 89.9898 10.59
    endloop
  endfacet
  facet normal 0 0 1
    outer loop
      vertex 73.5425 87.6804 10.59
      vertex 71.1405 86.6854 10.59
      vertex 71.3322 86.2622 10.59
    endloop
  endfacet
  facet normal -0 0 1
    outer loop
      vertex 70.6607 90.3292 10.59
      vertex 73.2385 89.9898 10.59
      vertex 70.7364 90.7876 10.59
    endloop
  endfacet
  facet normal 0 0 1
    outer loop
      vertex 73.4388 87.9559 10.59
      vertex 70.9768 87.1202 10.59
      vertex 71.1405 86.6854 10.59
    endloop
  endfacet
  facet normal 0 0 1
    outer loop
      vertex 73.2385 89.9898 10.59
      vertex 70.6607 90.3292 10.59
      vertex 73.2096 89.6967 10.59
    endloop
  endfacet
  facet normal 0 0 1
    outer loop
      vertex 73.3533 88.2377 10.59
      vertex 70.8419 87.5648 10.59
      vertex 70.9768 87.1202 10.59
    endloop
  endfacet
  facet normal -0 0 1
    outer loop
      vertex 70.6152 89.8668 10.59
      vertex 73.2096 89.6967 10.59
      vertex 70.6607 90.3292 10.59
    endloop
  endfacet
  facet normal 0 0 1
    outer loop
      vertex 73.2865 88.5245 10.59
      vertex 70.7364 88.0173 10.59
      vertex 70.8419 87.5648 10.59
    endloop
  endfacet
  facet normal 0 0 1
    outer loop
      vertex 73.2096 89.6967 10.59
      vertex 70.6152 89.8668 10.59
      vertex 73.2 89.4024 10.59
    endloop
  endfacet
  facet normal 0 0 1
    outer loop
      vertex 73.2385 88.8151 10.59
      vertex 70.6607 88.4757 10.59
      vertex 70.7364 88.0173 10.59
    endloop
  endfacet
  facet normal 0 0 1
    outer loop
      vertex 70.6 89.4024 10.59
      vertex 73.2 89.4024 10.59
      vertex 70.6152 89.8668 10.59
    endloop
  endfacet
  facet normal 0 0 1
    outer loop
      vertex 73.2096 89.1081 10.59
      vertex 70.6152 88.9381 10.59
      vertex 70.6607 88.4757 10.59
    endloop
  endfacet
  facet normal 0 0 1
    outer loop
      vertex 73.2 89.4024 10.59
      vertex 70.6 89.4024 10.59
      vertex 70.6152 88.9381 10.59
    endloop
  endfacet
  facet normal -0.4127 -0.910867 0
    outer loop
      vertex 74.5598 83.0346 2.6
      vertex 74.9829 82.8429 10.59
      vertex 74.5598 83.0346 10.59
    endloop
  endfacet
  facet normal -0.4127 -0.910867 -0
    outer loop
      vertex 74.9829 82.8429 10.59
      vertex 74.5598 83.0346 2.6
      vertex 74.9829 82.8429 2.6
    endloop
  endfacet
  facet normal -0.5825 -0.812831 0
    outer loop
      vertex 73.3778 83.7696 2.6
      vertex 73.7554 83.499 10.59
      vertex 73.3778 83.7696 10.59
    endloop
  endfacet
  facet normal -0.5825 -0.812831 -0
    outer loop
      vertex 73.7554 83.499 10.59
      vertex 73.3778 83.7696 2.6
      vertex 73.7554 83.499 2.6
    endloop
  endfacet
  facet normal 0.471628 -0.881798 0
    outer loop
      vertex 75.45 93.2995 0
      vertex 75.7097 93.4384 10.59
      vertex 75.45 93.2995 10.59
    endloop
  endfacet
  facet normal 0.471628 -0.881798 0
    outer loop
      vertex 75.7097 93.4384 10.59
      vertex 75.45 93.2995 0
      vertex 75.7097 93.4384 0
    endloop
  endfacet
  facet normal -0.995174 -0.0981253 0
    outer loop
      vertex 82.1904 89.6967 0
      vertex 82.1615 89.9898 10.59
      vertex 82.1615 89.9898 0
    endloop
  endfacet
  facet normal -0.995174 -0.0981253 0
    outer loop
      vertex 82.1615 89.9898 10.59
      vertex 82.1904 89.6967 0
      vertex 82.1904 89.6967 10.59
    endloop
  endfacet
  facet normal -0.999468 -0.0326024 0
    outer loop
      vertex 82.2 89.4024 0
      vertex 82.1904 89.6967 10.59
      vertex 82.1904 89.6967 0
    endloop
  endfacet
  facet normal -0.999468 -0.0326024 0
    outer loop
      vertex 82.1904 89.6967 10.59
      vertex 82.2 89.4024 0
      vertex 82.2 89.4024 10.59
    endloop
  endfacet
  facet normal -0.986622 -0.163022 0
    outer loop
      vertex 82.1615 89.9898 0
      vertex 82.1135 90.2803 10.59
      vertex 82.1135 90.2803 0
    endloop
  endfacet
  facet normal -0.986622 -0.163022 0
    outer loop
      vertex 82.1135 90.2803 10.59
      vertex 82.1615 89.9898 0
      vertex 82.1615 89.9898 10.59
    endloop
  endfacet
  facet normal -0.973931 -0.226843 0
    outer loop
      vertex 82.1135 90.2803 0
      vertex 82.0467 90.5671 10.59
      vertex 82.0467 90.5671 0
    endloop
  endfacet
  facet normal -0.973931 -0.226843 0
    outer loop
      vertex 82.0467 90.5671 10.59
      vertex 82.1135 90.2803 0
      vertex 82.1135 90.2803 10.59
    endloop
  endfacet
  facet normal -0.352165 -0.935938 0
    outer loop
      vertex 79.1465 93.6636 0
      vertex 79.4221 93.5599 10.59
      vertex 79.1465 93.6636 10.59
    endloop
  endfacet
  facet normal -0.352165 -0.935938 -0
    outer loop
      vertex 79.4221 93.5599 10.59
      vertex 79.1465 93.6636 0
      vertex 79.4221 93.5599 0
    endloop
  endfacet
  facet normal 0.683636 0.729823 -0
    outer loop
      vertex 74.7329 86.0191 0
      vertex 74.518 86.2204 10.59
      vertex 74.7329 86.0191 10.59
    endloop
  endfacet
  facet normal 0.683636 0.729823 0
    outer loop
      vertex 74.518 86.2204 10.59
      vertex 74.7329 86.0191 0
      vertex 74.518 86.2204 0
    endloop
  endfacet
  facet normal 0.352463 0.935826 -0
    outer loop
      vertex 76.2535 85.1412 0
      vertex 75.9779 85.245 10.59
      vertex 76.2535 85.1412 10.59
    endloop
  endfacet
  facet normal 0.352463 0.935826 0
    outer loop
      vertex 75.9779 85.245 10.59
      vertex 76.2535 85.1412 0
      vertex 75.9779 85.245 0
    endloop
  endfacet
  facet normal -0.0329417 0.999457 0
    outer loop
      vertex 77.9943 84.9121 0
      vertex 77.7 84.9024 10.59
      vertex 77.9943 84.9121 10.59
    endloop
  endfacet
  facet normal -0.0329417 0.999457 0
    outer loop
      vertex 77.7 84.9024 10.59
      vertex 77.9943 84.9121 0
      vertex 77.7 84.9024 0
    endloop
  endfacet
  facet normal 0.528014 -0.849236 0
    outer loop
      vertex 75.1999 93.144 0
      vertex 75.45 93.2995 10.59
      vertex 75.1999 93.144 10.59
    endloop
  endfacet
  facet normal 0.528014 -0.849236 0
    outer loop
      vertex 75.45 93.2995 10.59
      vertex 75.1999 93.144 0
      vertex 75.45 93.2995 0
    endloop
  endfacet
  facet normal 0.412651 -0.910889 0
    outer loop
      vertex 75.7097 93.4384 0
      vertex 75.9779 93.5599 10.59
      vertex 75.7097 93.4384 10.59
    endloop
  endfacet
  facet normal 0.412651 -0.910889 0
    outer loop
      vertex 75.9779 93.5599 10.59
      vertex 75.7097 93.4384 0
      vertex 75.9779 93.5599 0
    endloop
  endfacet
  facet normal -0.352463 0.935826 0
    outer loop
      vertex 79.4221 85.245 0
      vertex 79.1465 85.1412 10.59
      vertex 79.4221 85.245 10.59
    endloop
  endfacet
  facet normal -0.352463 0.935826 0
    outer loop
      vertex 79.1465 85.1412 10.59
      vertex 79.4221 85.245 0
      vertex 79.1465 85.1412 0
    endloop
  endfacet
  facet normal -0.729982 0.683467 0
    outer loop
      vertex 80.882 86.2204 0
      vertex 81.0833 86.4354 10.59
      vertex 81.0833 86.4354 0
    endloop
  endfacet
  facet normal -0.729982 0.683467 0
    outer loop
      vertex 81.0833 86.4354 10.59
      vertex 80.882 86.2204 0
      vertex 80.882 86.2204 10.59
    endloop
  endfacet
  facet normal 0.81293 -0.582362 0
    outer loop
      vertex 73.9584 91.9025 10.59
      vertex 74.1299 92.1419 0
      vertex 74.1299 92.1419 10.59
    endloop
  endfacet
  facet normal 0.81293 -0.582362 0
    outer loop
      vertex 74.1299 92.1419 0
      vertex 73.9584 91.9025 10.59
      vertex 73.9584 91.9025 0
    endloop
  endfacet
  facet normal -0.973931 0.226843 0
    outer loop
      vertex 82.0467 88.2377 0
      vertex 82.1135 88.5245 10.59
      vertex 82.1135 88.5245 0
    endloop
  endfacet
  facet normal -0.973931 0.226843 0
    outer loop
      vertex 82.1135 88.5245 10.59
      vertex 82.0467 88.2377 0
      vertex 82.0467 88.2377 10.59
    endloop
  endfacet
  facet normal -0.772988 -0.634421 0
    outer loop
      vertex 81.2701 92.1419 0
      vertex 81.0833 92.3695 10.59
      vertex 81.0833 92.3695 0
    endloop
  endfacet
  facet normal -0.772988 -0.634421 0
    outer loop
      vertex 81.0833 92.3695 10.59
      vertex 81.2701 92.1419 0
      vertex 81.2701 92.1419 10.59
    endloop
  endfacet
  facet normal 0.582523 0.812814 -0
    outer loop
      vertex 75.1999 85.6608 0
      vertex 74.9606 85.8323 10.59
      vertex 75.1999 85.6608 10.59
    endloop
  endfacet
  facet normal 0.582523 0.812814 0
    outer loop
      vertex 74.9606 85.8323 10.59
      vertex 75.1999 85.6608 0
      vertex 74.9606 85.8323 0
    endloop
  endfacet
  facet normal -0.163022 0.986622 0
    outer loop
      vertex 78.5779 84.9889 0
      vertex 78.2874 84.9409 10.59
      vertex 78.5779 84.9889 10.59
    endloop
  endfacet
  facet normal -0.163022 0.986622 0
    outer loop
      vertex 78.2874 84.9409 10.59
      vertex 78.5779 84.9889 0
      vertex 78.2874 84.9409 0
    endloop
  endfacet
  facet normal -0.910761 -0.412933 0
    outer loop
      vertex 81.8575 91.1245 0
      vertex 81.7359 91.3927 10.59
      vertex 81.7359 91.3927 0
    endloop
  endfacet
  facet normal -0.910761 -0.412933 0
    outer loop
      vertex 81.7359 91.3927 10.59
      vertex 81.8575 91.1245 0
      vertex 81.8575 91.1245 10.59
    endloop
  endfacet
  facet normal 0.227165 -0.973856 0
    outer loop
      vertex 76.5353 93.7491 0
      vertex 76.8221 93.816 10.59
      vertex 76.5353 93.7491 10.59
    endloop
  endfacet
  facet normal 0.227165 -0.973856 0
    outer loop
      vertex 76.8221 93.816 10.59
      vertex 76.5353 93.7491 0
      vertex 76.8221 93.816 0
    endloop
  endfacet
  facet normal -0.471628 -0.881798 0
    outer loop
      vertex 79.6903 93.4384 0
      vertex 79.95 93.2995 10.59
      vertex 79.6903 93.4384 10.59
    endloop
  endfacet
  facet normal -0.471628 -0.881798 -0
    outer loop
      vertex 79.95 93.2995 10.59
      vertex 79.6903 93.4384 0
      vertex 79.95 93.2995 0
    endloop
  endfacet
  facet normal 0.162691 -0.986677 0
    outer loop
      vertex 76.8221 93.816 0
      vertex 77.1126 93.8639 10.59
      vertex 76.8221 93.816 10.59
    endloop
  endfacet
  facet normal 0.162691 -0.986677 0
    outer loop
      vertex 77.1126 93.8639 10.59
      vertex 76.8221 93.816 0
      vertex 77.1126 93.8639 0
    endloop
  endfacet
  facet normal 0.772988 -0.634421 0
    outer loop
      vertex 74.1299 92.1419 10.59
      vertex 74.3167 92.3695 0
      vertex 74.3167 92.3695 10.59
    endloop
  endfacet
  facet normal 0.772988 -0.634421 0
    outer loop
      vertex 74.3167 92.3695 0
      vertex 74.1299 92.1419 10.59
      vertex 74.1299 92.1419 0
    endloop
  endfacet
  facet normal -0.999468 0.0326024 0
    outer loop
      vertex 82.1904 89.1081 0
      vertex 82.2 89.4024 10.59
      vertex 82.2 89.4024 0
    endloop
  endfacet
  facet normal -0.999468 0.0326024 0
    outer loop
      vertex 82.2 89.4024 10.59
      vertex 82.1904 89.1081 0
      vertex 82.1904 89.1081 10.59
    endloop
  endfacet
  facet normal -0.528014 0.849236 0
    outer loop
      vertex 80.2001 85.6608 0
      vertex 79.95 85.5053 10.59
      vertex 80.2001 85.6608 10.59
    endloop
  endfacet
  facet normal -0.528014 0.849236 0
    outer loop
      vertex 79.95 85.5053 10.59
      vertex 80.2001 85.6608 0
      vertex 79.95 85.5053 0
    endloop
  endfacet
  facet normal 0.227165 0.973856 -0
    outer loop
      vertex 76.8221 84.9889 0
      vertex 76.5353 85.0558 10.59
      vertex 76.8221 84.9889 10.59
    endloop
  endfacet
  facet normal 0.227165 0.973856 0
    outer loop
      vertex 76.5353 85.0558 10.59
      vertex 76.8221 84.9889 0
      vertex 76.5353 85.0558 0
    endloop
  endfacet
  facet normal 0.973931 0.226843 0
    outer loop
      vertex 73.3533 88.2377 10.59
      vertex 73.2865 88.5245 0
      vertex 73.2865 88.5245 10.59
    endloop
  endfacet
  facet normal 0.973931 0.226843 0
    outer loop
      vertex 73.2865 88.5245 0
      vertex 73.3533 88.2377 10.59
      vertex 73.3533 88.2377 0
    endloop
  endfacet
  facet normal 0.986622 -0.163022 0
    outer loop
      vertex 73.2385 89.9898 10.59
      vertex 73.2865 90.2803 0
      vertex 73.2865 90.2803 10.59
    endloop
  endfacet
  facet normal 0.986622 -0.163022 0
    outer loop
      vertex 73.2865 90.2803 0
      vertex 73.2385 89.9898 10.59
      vertex 73.2385 89.9898 0
    endloop
  endfacet
  facet normal -0.81293 -0.582362 0
    outer loop
      vertex 81.4416 91.9025 0
      vertex 81.2701 92.1419 10.59
      vertex 81.2701 92.1419 0
    endloop
  endfacet
  facet normal -0.81293 -0.582362 0
    outer loop
      vertex 81.2701 92.1419 10.59
      vertex 81.4416 91.9025 0
      vertex 81.4416 91.9025 10.59
    endloop
  endfacet
  facet normal -0.412651 0.910889 0
    outer loop
      vertex 79.6903 85.3665 0
      vertex 79.4221 85.245 10.59
      vertex 79.6903 85.3665 10.59
    endloop
  endfacet
  facet normal -0.412651 0.910889 0
    outer loop
      vertex 79.4221 85.245 10.59
      vertex 79.6903 85.3665 0
      vertex 79.4221 85.245 0
    endloop
  endfacet
  facet normal 0.0326024 -0.999468 0
    outer loop
      vertex 77.4057 93.8928 0
      vertex 77.7 93.9024 10.59
      vertex 77.4057 93.8928 10.59
    endloop
  endfacet
  facet normal 0.0326024 -0.999468 0
    outer loop
      vertex 77.7 93.9024 10.59
      vertex 77.4057 93.8928 0
      vertex 77.7 93.9024 0
    endloop
  endfacet
  facet normal 0.956924 -0.290337 0
    outer loop
      vertex 73.3533 90.5671 10.59
      vertex 73.4388 90.8489 0
      vertex 73.4388 90.8489 10.59
    endloop
  endfacet
  facet normal 0.956924 -0.290337 0
    outer loop
      vertex 73.4388 90.8489 0
      vertex 73.3533 90.5671 10.59
      vertex 73.3533 90.5671 0
    endloop
  endfacet
  facet normal 0.634254 0.773125 -0
    outer loop
      vertex 74.9606 85.8323 0
      vertex 74.7329 86.0191 10.59
      vertex 74.9606 85.8323 10.59
    endloop
  endfacet
  facet normal 0.634254 0.773125 0
    outer loop
      vertex 74.7329 86.0191 10.59
      vertex 74.9606 85.8323 0
      vertex 74.7329 86.0191 0
    endloop
  endfacet
  facet normal 0.956924 0.290337 0
    outer loop
      vertex 73.4388 87.9559 10.59
      vertex 73.3533 88.2377 0
      vertex 73.3533 88.2377 10.59
    endloop
  endfacet
  facet normal 0.956924 0.290337 0
    outer loop
      vertex 73.3533 88.2377 0
      vertex 73.4388 87.9559 10.59
      vertex 73.4388 87.9559 0
    endloop
  endfacet
  facet normal -0.683636 0.729823 0
    outer loop
      vertex 80.882 86.2204 0
      vertex 80.6671 86.0191 10.59
      vertex 80.882 86.2204 10.59
    endloop
  endfacet
  facet normal -0.683636 0.729823 0
    outer loop
      vertex 80.6671 86.0191 10.59
      vertex 80.882 86.2204 0
      vertex 80.6671 86.0191 0
    endloop
  endfacet
  facet normal 0.849141 0.528166 0
    outer loop
      vertex 73.9584 86.9024 10.59
      vertex 73.8029 87.1524 0
      vertex 73.8029 87.1524 10.59
    endloop
  endfacet
  facet normal 0.849141 0.528166 0
    outer loop
      vertex 73.8029 87.1524 0
      vertex 73.9584 86.9024 10.59
      vertex 73.9584 86.9024 0
    endloop
  endfacet
  facet normal -0.849236 -0.528014 0
    outer loop
      vertex 81.5971 91.6524 0
      vertex 81.4416 91.9025 10.59
      vertex 81.4416 91.9025 0
    endloop
  endfacet
  facet normal -0.849236 -0.528014 0
    outer loop
      vertex 81.4416 91.9025 10.59
      vertex 81.5971 91.6524 0
      vertex 81.5971 91.6524 10.59
    endloop
  endfacet
  facet normal -0.956924 -0.290337 0
    outer loop
      vertex 82.0467 90.5671 0
      vertex 81.9612 90.8489 10.59
      vertex 81.9612 90.8489 0
    endloop
  endfacet
  facet normal -0.956924 -0.290337 0
    outer loop
      vertex 81.9612 90.8489 10.59
      vertex 82.0467 90.5671 0
      vertex 82.0467 90.5671 10.59
    endloop
  endfacet
  facet normal 0.097789 0.995207 -0
    outer loop
      vertex 77.4057 84.9121 0
      vertex 77.1126 84.9409 10.59
      vertex 77.4057 84.9121 10.59
    endloop
  endfacet
  facet normal 0.097789 0.995207 0
    outer loop
      vertex 77.1126 84.9409 10.59
      vertex 77.4057 84.9121 0
      vertex 77.1126 84.9409 0
    endloop
  endfacet
  facet normal -0.0326024 -0.999468 0
    outer loop
      vertex 77.7 93.9024 0
      vertex 77.9943 93.8928 10.59
      vertex 77.7 93.9024 10.59
    endloop
  endfacet
  facet normal -0.0326024 -0.999468 -0
    outer loop
      vertex 77.9943 93.8928 10.59
      vertex 77.7 93.9024 0
      vertex 77.9943 93.8928 0
    endloop
  endfacet
  facet normal -0.634254 -0.773125 0
    outer loop
      vertex 80.4394 92.9725 0
      vertex 80.6671 92.7857 10.59
      vertex 80.4394 92.9725 10.59
    endloop
  endfacet
  facet normal -0.634254 -0.773125 -0
    outer loop
      vertex 80.6671 92.7857 10.59
      vertex 80.4394 92.9725 0
      vertex 80.6671 92.7857 0
    endloop
  endfacet
  facet normal 0.881939 -0.471364 0
    outer loop
      vertex 73.6641 91.3927 10.59
      vertex 73.8029 91.6524 0
      vertex 73.8029 91.6524 10.59
    endloop
  endfacet
  facet normal 0.881939 -0.471364 0
    outer loop
      vertex 73.8029 91.6524 0
      vertex 73.6641 91.3927 10.59
      vertex 73.6641 91.3927 0
    endloop
  endfacet
  facet normal -0.956924 0.290337 0
    outer loop
      vertex 81.9612 87.9559 0
      vertex 82.0467 88.2377 10.59
      vertex 82.0467 88.2377 0
    endloop
  endfacet
  facet normal -0.956924 0.290337 0
    outer loop
      vertex 82.0467 88.2377 10.59
      vertex 81.9612 87.9559 0
      vertex 81.9612 87.9559 10.59
    endloop
  endfacet
  facet normal 0.973931 -0.226843 0
    outer loop
      vertex 73.2865 90.2803 10.59
      vertex 73.3533 90.5671 0
      vertex 73.3533 90.5671 10.59
    endloop
  endfacet
  facet normal 0.973931 -0.226843 0
    outer loop
      vertex 73.3533 90.5671 0
      vertex 73.2865 90.2803 10.59
      vertex 73.2865 90.2803 0
    endloop
  endfacet
  facet normal 0.683636 -0.729823 0
    outer loop
      vertex 74.518 92.5844 0
      vertex 74.7329 92.7857 10.59
      vertex 74.518 92.5844 10.59
    endloop
  endfacet
  facet normal 0.683636 -0.729823 0
    outer loop
      vertex 74.7329 92.7857 10.59
      vertex 74.518 92.5844 0
      vertex 74.7329 92.7857 0
    endloop
  endfacet
  facet normal 0.163022 0.986622 -0
    outer loop
      vertex 77.1126 84.9409 0
      vertex 76.8221 84.9889 10.59
      vertex 77.1126 84.9409 10.59
    endloop
  endfacet
  facet normal 0.163022 0.986622 0
    outer loop
      vertex 76.8221 84.9889 10.59
      vertex 77.1126 84.9409 0
      vertex 76.8221 84.9889 0
    endloop
  endfacet
  facet normal 0.290337 -0.956924 0
    outer loop
      vertex 76.2535 93.6636 0
      vertex 76.5353 93.7491 10.59
      vertex 76.2535 93.6636 10.59
    endloop
  endfacet
  facet normal 0.290337 -0.956924 0
    outer loop
      vertex 76.5353 93.7491 10.59
      vertex 76.2535 93.6636 0
      vertex 76.5353 93.7491 0
    endloop
  endfacet
  facet normal -0.849141 0.528166 0
    outer loop
      vertex 81.4416 86.9024 0
      vertex 81.5971 87.1524 10.59
      vertex 81.5971 87.1524 0
    endloop
  endfacet
  facet normal -0.849141 0.528166 0
    outer loop
      vertex 81.5971 87.1524 10.59
      vertex 81.4416 86.9024 0
      vertex 81.4416 86.9024 10.59
    endloop
  endfacet
  facet normal 0.772988 0.634421 0
    outer loop
      vertex 74.3167 86.4354 10.59
      vertex 74.1299 86.663 0
      vertex 74.1299 86.663 10.59
    endloop
  endfacet
  facet normal 0.772988 0.634421 0
    outer loop
      vertex 74.1299 86.663 0
      vertex 74.3167 86.4354 10.59
      vertex 74.3167 86.4354 0
    endloop
  endfacet
  facet normal -0.582523 -0.812814 0
    outer loop
      vertex 80.2001 93.144 0
      vertex 80.4394 92.9725 10.59
      vertex 80.2001 93.144 10.59
    endloop
  endfacet
  facet normal -0.582523 -0.812814 -0
    outer loop
      vertex 80.4394 92.9725 10.59
      vertex 80.2001 93.144 0
      vertex 80.4394 92.9725 0
    endloop
  endfacet
  facet normal 0.582523 -0.812814 0
    outer loop
      vertex 74.9606 92.9725 0
      vertex 75.1999 93.144 10.59
      vertex 74.9606 92.9725 10.59
    endloop
  endfacet
  facet normal 0.582523 -0.812814 0
    outer loop
      vertex 75.1999 93.144 10.59
      vertex 74.9606 92.9725 0
      vertex 75.1999 93.144 0
    endloop
  endfacet
  facet normal -0.772988 0.634421 0
    outer loop
      vertex 81.0833 86.4354 0
      vertex 81.2701 86.663 10.59
      vertex 81.2701 86.663 0
    endloop
  endfacet
  facet normal -0.772988 0.634421 0
    outer loop
      vertex 81.2701 86.663 10.59
      vertex 81.0833 86.4354 0
      vertex 81.0833 86.4354 10.59
    endloop
  endfacet
  facet normal -0.471364 0.881939 0
    outer loop
      vertex 79.95 85.5053 0
      vertex 79.6903 85.3665 10.59
      vertex 79.95 85.5053 10.59
    endloop
  endfacet
  facet normal -0.471364 0.881939 0
    outer loop
      vertex 79.6903 85.3665 10.59
      vertex 79.95 85.5053 0
      vertex 79.6903 85.3665 0
    endloop
  endfacet
  facet normal -0.995171 0.0981585 0
    outer loop
      vertex 82.1615 88.8151 0
      vertex 82.1904 89.1081 10.59
      vertex 82.1904 89.1081 0
    endloop
  endfacet
  facet normal -0.995171 0.0981585 0
    outer loop
      vertex 82.1904 89.1081 10.59
      vertex 82.1615 88.8151 0
      vertex 82.1615 88.8151 10.59
    endloop
  endfacet
  facet normal 0.729982 0.683467 0
    outer loop
      vertex 74.518 86.2204 10.59
      vertex 74.3167 86.4354 0
      vertex 74.3167 86.4354 10.59
    endloop
  endfacet
  facet normal 0.729982 0.683467 0
    outer loop
      vertex 74.3167 86.4354 0
      vertex 74.518 86.2204 10.59
      vertex 74.518 86.2204 0
    endloop
  endfacet
  facet normal 0.935938 -0.352165 0
    outer loop
      vertex 73.4388 90.8489 10.59
      vertex 73.5425 91.1245 0
      vertex 73.5425 91.1245 10.59
    endloop
  endfacet
  facet normal 0.935938 -0.352165 0
    outer loop
      vertex 73.5425 91.1245 0
      vertex 73.4388 90.8489 10.59
      vertex 73.4388 90.8489 0
    endloop
  endfacet
  facet normal 0.634254 -0.773125 0
    outer loop
      vertex 74.7329 92.7857 0
      vertex 74.9606 92.9725 10.59
      vertex 74.7329 92.7857 10.59
    endloop
  endfacet
  facet normal 0.634254 -0.773125 0
    outer loop
      vertex 74.9606 92.9725 10.59
      vertex 74.7329 92.7857 0
      vertex 74.9606 92.9725 0
    endloop
  endfacet
  facet normal -0.227165 0.973856 0
    outer loop
      vertex 78.8647 85.0558 0
      vertex 78.5779 84.9889 10.59
      vertex 78.8647 85.0558 10.59
    endloop
  endfacet
  facet normal -0.227165 0.973856 0
    outer loop
      vertex 78.5779 84.9889 10.59
      vertex 78.8647 85.0558 0
      vertex 78.5779 84.9889 0
    endloop
  endfacet
  facet normal 0.986631 0.162967 0
    outer loop
      vertex 73.2865 88.5245 10.59
      vertex 73.2385 88.8151 0
      vertex 73.2385 88.8151 10.59
    endloop
  endfacet
  facet normal 0.986631 0.162967 0
    outer loop
      vertex 73.2385 88.8151 0
      vertex 73.2865 88.5245 10.59
      vertex 73.2865 88.5245 0
    endloop
  endfacet
  facet normal -0.729823 -0.683636 0
    outer loop
      vertex 81.0833 92.3695 0
      vertex 80.882 92.5844 10.59
      vertex 80.882 92.5844 0
    endloop
  endfacet
  facet normal -0.729823 -0.683636 0
    outer loop
      vertex 80.882 92.5844 10.59
      vertex 81.0833 92.3695 0
      vertex 81.0833 92.3695 10.59
    endloop
  endfacet
  facet normal -0.81293 0.582362 0
    outer loop
      vertex 81.2701 86.663 0
      vertex 81.4416 86.9024 10.59
      vertex 81.4416 86.9024 0
    endloop
  endfacet
  facet normal -0.81293 0.582362 0
    outer loop
      vertex 81.4416 86.9024 10.59
      vertex 81.2701 86.663 0
      vertex 81.2701 86.663 10.59
    endloop
  endfacet
  facet normal 0.412651 0.910889 -0
    outer loop
      vertex 75.9779 85.245 0
      vertex 75.7097 85.3665 10.59
      vertex 75.9779 85.245 10.59
    endloop
  endfacet
  facet normal 0.412651 0.910889 0
    outer loop
      vertex 75.7097 85.3665 10.59
      vertex 75.9779 85.245 0
      vertex 75.7097 85.3665 0
    endloop
  endfacet
  facet normal 0.0981253 -0.995174 0
    outer loop
      vertex 77.1126 93.8639 0
      vertex 77.4057 93.8928 10.59
      vertex 77.1126 93.8639 10.59
    endloop
  endfacet
  facet normal 0.0981253 -0.995174 0
    outer loop
      vertex 77.4057 93.8928 10.59
      vertex 77.1126 93.8639 0
      vertex 77.4057 93.8928 0
    endloop
  endfacet
  facet normal 0.729823 -0.683636 0
    outer loop
      vertex 74.3167 92.3695 10.59
      vertex 74.518 92.5844 0
      vertex 74.518 92.5844 10.59
    endloop
  endfacet
  facet normal 0.729823 -0.683636 0
    outer loop
      vertex 74.518 92.5844 0
      vertex 74.3167 92.3695 10.59
      vertex 74.3167 92.3695 0
    endloop
  endfacet
  facet normal -0.528014 -0.849236 0
    outer loop
      vertex 79.95 93.2995 0
      vertex 80.2001 93.144 10.59
      vertex 79.95 93.2995 10.59
    endloop
  endfacet
  facet normal -0.528014 -0.849236 -0
    outer loop
      vertex 80.2001 93.144 10.59
      vertex 79.95 93.2995 0
      vertex 80.2001 93.144 0
    endloop
  endfacet
  facet normal -0.0981253 -0.995174 0
    outer loop
      vertex 77.9943 93.8928 0
      vertex 78.2874 93.8639 10.59
      vertex 77.9943 93.8928 10.59
    endloop
  endfacet
  facet normal -0.0981253 -0.995174 -0
    outer loop
      vertex 78.2874 93.8639 10.59
      vertex 77.9943 93.8928 0
      vertex 78.2874 93.8639 0
    endloop
  endfacet
  facet normal -0.290026 0.957019 0
    outer loop
      vertex 79.1465 85.1412 0
      vertex 78.8647 85.0558 10.59
      vertex 79.1465 85.1412 10.59
    endloop
  endfacet
  facet normal -0.290026 0.957019 0
    outer loop
      vertex 78.8647 85.0558 10.59
      vertex 79.1465 85.1412 0
      vertex 78.8647 85.0558 0
    endloop
  endfacet
  facet normal 0.881939 0.471364 0
    outer loop
      vertex 73.8029 87.1524 10.59
      vertex 73.6641 87.4121 0
      vertex 73.6641 87.4121 10.59
    endloop
  endfacet
  facet normal 0.881939 0.471364 0
    outer loop
      vertex 73.6641 87.4121 0
      vertex 73.8029 87.1524 10.59
      vertex 73.8029 87.1524 0
    endloop
  endfacet
  facet normal -0.935938 -0.352165 0
    outer loop
      vertex 81.9612 90.8489 0
      vertex 81.8575 91.1245 10.59
      vertex 81.8575 91.1245 0
    endloop
  endfacet
  facet normal -0.935938 -0.352165 0
    outer loop
      vertex 81.8575 91.1245 10.59
      vertex 81.9612 90.8489 0
      vertex 81.9612 90.8489 10.59
    endloop
  endfacet
  facet normal 0.290026 0.957019 -0
    outer loop
      vertex 76.5353 85.0558 0
      vertex 76.2535 85.1412 10.59
      vertex 76.5353 85.0558 10.59
    endloop
  endfacet
  facet normal 0.290026 0.957019 0
    outer loop
      vertex 76.2535 85.1412 10.59
      vertex 76.5353 85.0558 0
      vertex 76.2535 85.1412 0
    endloop
  endfacet
  facet normal -0.881939 0.471364 0
    outer loop
      vertex 81.5971 87.1524 0
      vertex 81.7359 87.4121 10.59
      vertex 81.7359 87.4121 0
    endloop
  endfacet
  facet normal -0.881939 0.471364 0
    outer loop
      vertex 81.7359 87.4121 10.59
      vertex 81.5971 87.1524 0
      vertex 81.5971 87.1524 10.59
    endloop
  endfacet
  facet normal -0.881939 -0.471364 0
    outer loop
      vertex 81.7359 91.3927 0
      vertex 81.5971 91.6524 10.59
      vertex 81.5971 91.6524 0
    endloop
  endfacet
  facet normal -0.881939 -0.471364 0
    outer loop
      vertex 81.5971 91.6524 10.59
      vertex 81.7359 91.3927 0
      vertex 81.7359 91.3927 10.59
    endloop
  endfacet
  facet normal 0.995174 -0.0981253 0
    outer loop
      vertex 73.2096 89.6967 10.59
      vertex 73.2385 89.9898 0
      vertex 73.2385 89.9898 10.59
    endloop
  endfacet
  facet normal 0.995174 -0.0981253 0
    outer loop
      vertex 73.2385 89.9898 0
      vertex 73.2096 89.6967 10.59
      vertex 73.2096 89.6967 0
    endloop
  endfacet
  facet normal 0.849236 -0.528014 0
    outer loop
      vertex 73.8029 91.6524 10.59
      vertex 73.9584 91.9025 0
      vertex 73.9584 91.9025 10.59
    endloop
  endfacet
  facet normal 0.849236 -0.528014 0
    outer loop
      vertex 73.9584 91.9025 0
      vertex 73.8029 91.6524 10.59
      vertex 73.8029 91.6524 0
    endloop
  endfacet
  facet normal -0.986631 0.162967 0
    outer loop
      vertex 82.1135 88.5245 0
      vertex 82.1615 88.8151 10.59
      vertex 82.1615 88.8151 0
    endloop
  endfacet
  facet normal -0.986631 0.162967 0
    outer loop
      vertex 82.1615 88.8151 10.59
      vertex 82.1135 88.5245 0
      vertex 82.1135 88.5245 10.59
    endloop
  endfacet
  facet normal -0.097789 0.995207 0
    outer loop
      vertex 78.2874 84.9409 0
      vertex 77.9943 84.9121 10.59
      vertex 78.2874 84.9409 10.59
    endloop
  endfacet
  facet normal -0.097789 0.995207 0
    outer loop
      vertex 77.9943 84.9121 10.59
      vertex 78.2874 84.9409 0
      vertex 77.9943 84.9121 0
    endloop
  endfacet
  facet normal 0.935896 0.352277 0
    outer loop
      vertex 73.5425 87.6804 10.59
      vertex 73.4388 87.9559 0
      vertex 73.4388 87.9559 10.59
    endloop
  endfacet
  facet normal 0.935896 0.352277 0
    outer loop
      vertex 73.4388 87.9559 0
      vertex 73.5425 87.6804 10.59
      vertex 73.5425 87.6804 0
    endloop
  endfacet
  facet normal -0.290337 -0.956924 0
    outer loop
      vertex 78.8647 93.7491 0
      vertex 79.1465 93.6636 10.59
      vertex 78.8647 93.7491 10.59
    endloop
  endfacet
  facet normal -0.290337 -0.956924 -0
    outer loop
      vertex 79.1465 93.6636 10.59
      vertex 78.8647 93.7491 0
      vertex 79.1465 93.6636 0
    endloop
  endfacet
  facet normal 0.910761 -0.412933 0
    outer loop
      vertex 73.5425 91.1245 10.59
      vertex 73.6641 91.3927 0
      vertex 73.6641 91.3927 10.59
    endloop
  endfacet
  facet normal 0.910761 -0.412933 0
    outer loop
      vertex 73.6641 91.3927 0
      vertex 73.5425 91.1245 10.59
      vertex 73.5425 91.1245 0
    endloop
  endfacet
  facet normal -0.683636 -0.729823 0
    outer loop
      vertex 80.6671 92.7857 0
      vertex 80.882 92.5844 10.59
      vertex 80.6671 92.7857 10.59
    endloop
  endfacet
  facet normal -0.683636 -0.729823 -0
    outer loop
      vertex 80.882 92.5844 10.59
      vertex 80.6671 92.7857 0
      vertex 80.882 92.5844 0
    endloop
  endfacet
  facet normal 0.999468 0.0326024 0
    outer loop
      vertex 73.2096 89.1081 10.59
      vertex 73.2 89.4024 0
      vertex 73.2 89.4024 10.59
    endloop
  endfacet
  facet normal 0.999468 0.0326024 0
    outer loop
      vertex 73.2 89.4024 0
      vertex 73.2096 89.1081 10.59
      vertex 73.2096 89.1081 0
    endloop
  endfacet
  facet normal 0.995171 0.0981585 0
    outer loop
      vertex 73.2385 88.8151 10.59
      vertex 73.2096 89.1081 0
      vertex 73.2096 89.1081 10.59
    endloop
  endfacet
  facet normal 0.995171 0.0981585 0
    outer loop
      vertex 73.2096 89.1081 0
      vertex 73.2385 88.8151 10.59
      vertex 73.2385 88.8151 0
    endloop
  endfacet
  facet normal 0.0329417 0.999457 -0
    outer loop
      vertex 77.7 84.9024 0
      vertex 77.4057 84.9121 10.59
      vertex 77.7 84.9024 10.59
    endloop
  endfacet
  facet normal 0.0329417 0.999457 0
    outer loop
      vertex 77.4057 84.9121 10.59
      vertex 77.7 84.9024 0
      vertex 77.4057 84.9121 0
    endloop
  endfacet
  facet normal -0.582523 0.812814 0
    outer loop
      vertex 80.4394 85.8323 0
      vertex 80.2001 85.6608 10.59
      vertex 80.4394 85.8323 10.59
    endloop
  endfacet
  facet normal -0.582523 0.812814 0
    outer loop
      vertex 80.2001 85.6608 10.59
      vertex 80.4394 85.8323 0
      vertex 80.2001 85.6608 0
    endloop
  endfacet
  facet normal -0.162691 -0.986677 0
    outer loop
      vertex 78.2874 93.8639 0
      vertex 78.5779 93.816 10.59
      vertex 78.2874 93.8639 10.59
    endloop
  endfacet
  facet normal -0.162691 -0.986677 -0
    outer loop
      vertex 78.5779 93.816 10.59
      vertex 78.2874 93.8639 0
      vertex 78.5779 93.816 0
    endloop
  endfacet
  facet normal -0.412651 -0.910889 0
    outer loop
      vertex 79.4221 93.5599 0
      vertex 79.6903 93.4384 10.59
      vertex 79.4221 93.5599 10.59
    endloop
  endfacet
  facet normal -0.412651 -0.910889 -0
    outer loop
      vertex 79.6903 93.4384 10.59
      vertex 79.4221 93.5599 0
      vertex 79.6903 93.4384 0
    endloop
  endfacet
  facet normal 0.528014 0.849236 -0
    outer loop
      vertex 75.45 85.5053 0
      vertex 75.1999 85.6608 10.59
      vertex 75.45 85.5053 10.59
    endloop
  endfacet
  facet normal 0.528014 0.849236 0
    outer loop
      vertex 75.1999 85.6608 10.59
      vertex 75.45 85.5053 0
      vertex 75.1999 85.6608 0
    endloop
  endfacet
  facet normal -0.227165 -0.973856 0
    outer loop
      vertex 78.5779 93.816 0
      vertex 78.8647 93.7491 10.59
      vertex 78.5779 93.816 10.59
    endloop
  endfacet
  facet normal -0.227165 -0.973856 -0
    outer loop
      vertex 78.8647 93.7491 10.59
      vertex 78.5779 93.816 0
      vertex 78.8647 93.7491 0
    endloop
  endfacet
  facet normal 0.471364 0.881939 -0
    outer loop
      vertex 75.7097 85.3665 0
      vertex 75.45 85.5053 10.59
      vertex 75.7097 85.3665 10.59
    endloop
  endfacet
  facet normal 0.471364 0.881939 0
    outer loop
      vertex 75.45 85.5053 10.59
      vertex 75.7097 85.3665 0
      vertex 75.45 85.5053 0
    endloop
  endfacet
  facet normal -0.634254 0.773125 0
    outer loop
      vertex 80.6671 86.0191 0
      vertex 80.4394 85.8323 10.59
      vertex 80.6671 86.0191 10.59
    endloop
  endfacet
  facet normal -0.634254 0.773125 0
    outer loop
      vertex 80.4394 85.8323 10.59
      vertex 80.6671 86.0191 0
      vertex 80.4394 85.8323 0
    endloop
  endfacet
  facet normal 0.81293 0.582362 0
    outer loop
      vertex 74.1299 86.663 10.59
      vertex 73.9584 86.9024 0
      vertex 73.9584 86.9024 10.59
    endloop
  endfacet
  facet normal 0.81293 0.582362 0
    outer loop
      vertex 73.9584 86.9024 0
      vertex 74.1299 86.663 10.59
      vertex 74.1299 86.663 0
    endloop
  endfacet
  facet normal 0.352165 -0.935938 0
    outer loop
      vertex 75.9779 93.5599 0
      vertex 76.2535 93.6636 10.59
      vertex 75.9779 93.5599 10.59
    endloop
  endfacet
  facet normal 0.352165 -0.935938 0
    outer loop
      vertex 76.2535 93.6636 10.59
      vertex 75.9779 93.5599 0
      vertex 76.2535 93.6636 0
    endloop
  endfacet
  facet normal -0.910819 0.412805 0
    outer loop
      vertex 81.7359 87.4121 0
      vertex 81.8575 87.6804 10.59
      vertex 81.8575 87.6804 0
    endloop
  endfacet
  facet normal -0.910819 0.412805 0
    outer loop
      vertex 81.8575 87.6804 10.59
      vertex 81.7359 87.4121 0
      vertex 81.7359 87.4121 10.59
    endloop
  endfacet
  facet normal 0.999468 -0.0326024 0
    outer loop
      vertex 73.2 89.4024 10.59
      vertex 73.2096 89.6967 0
      vertex 73.2096 89.6967 10.59
    endloop
  endfacet
  facet normal 0.999468 -0.0326024 0
    outer loop
      vertex 73.2096 89.6967 0
      vertex 73.2 89.4024 10.59
      vertex 73.2 89.4024 0
    endloop
  endfacet
  facet normal -0.935896 0.352277 0
    outer loop
      vertex 81.8575 87.6804 0
      vertex 81.9612 87.9559 10.59
      vertex 81.9612 87.9559 0
    endloop
  endfacet
  facet normal -0.935896 0.352277 0
    outer loop
      vertex 81.9612 87.9559 10.59
      vertex 81.8575 87.6804 0
      vertex 81.8575 87.6804 10.59
    endloop
  endfacet
  facet normal 0.910819 0.412805 0
    outer loop
      vertex 73.6641 87.4121 10.59
      vertex 73.5425 87.6804 0
      vertex 73.5425 87.6804 10.59
    endloop
  endfacet
  facet normal 0.910819 0.412805 0
    outer loop
      vertex 73.5425 87.6804 0
      vertex 73.6641 87.4121 10.59
      vertex 73.6641 87.4121 0
    endloop
  endfacet
endsolid OpenSCAD_Model
